event_id,timestamp,developer_id,event_type,repository
GH04949,2026-08-01 09:03:00,DEV219,code_review,data-pipeline
GH01786,2026-08-01 09:06:00,DEV388,pull_request,cognistream-dashboard
GH04725,2026-08-01 09:18:00,DEV034,pull_request,cognistream-api
GH01794,2026-08-01 09:27:00,DEV361,issue_closed,data-pipeline
GH03745,2026-08-01 09:27:00,DEV338,pull_request,cognistream-dashboard
GH01874,2026-08-01 09:28:00,DEV478,commit,analytics-service
GH03280,2026-08-01 09:32:00,DEV251,pull_request,analytics-service
GH00873,2026-08-01 09:35:00,DEV110,issue_created,cognistream-api
GH00257,2026-08-01 09:37:00,DEV337,issue_closed,analytics-service
GH01019,2026-08-01 09:41:00,DEV025,issue_created,analytics-service
GH04887,2026-08-01 09:47:00,DEV059,issue_created,developer-tools
GH02729,2026-08-01 09:51:00,DEV050,commit,analytics-service
GH02487,2026-08-01 10:04:00,DEV481,issue_created,cognistream-api
GH02206,2026-08-01 10:40:00,DEV206,pull_request,data-pipeline
GH02750,2026-08-01 10:41:00,DEV234,issue_created,cognistream-dashboard
GH00039,2026-08-01 10:46:00,DEV489,code_review,developer-tools
GH00668,2026-08-01 10:53:00,DEV388,commit,data-pipeline
GH01682,2026-08-01 10:55:00,DEV319,code_review,cognistream-api
GH02959,2026-08-01 10:57:00,DEV082,issue_closed,cognistream-dashboard
GH04341,2026-08-01 11:05:00,DEV222,pull_request,cognistream-dashboard
GH01742,2026-08-01 11:14:00,DEV160,commit,developer-tools
GH04808,2026-08-01 11:20:00,DEV272,pull_request,cognistream-api
GH01135,2026-08-01 11:32:00,DEV020,issue_closed,cognistream-dashboard
GH01305,2026-08-01 11:38:00,DEV161,pull_request,cognistream-dashboard
GH03228,2026-08-01 11:41:00,DEV479,commit,data-pipeline
GH03179,2026-08-01 11:44:00,DEV082,issue_closed,data-pipeline
GH02827,2026-08-01 11:54:00,DEV285,issue_created,data-pipeline
GH02237,2026-08-01 11:55:00,DEV130,issue_closed,developer-tools
GH03681,2026-08-01 12:03:00,DEV301,code_review,data-pipeline
GH01684,2026-08-01 12:08:00,DEV312,issue_created,cognistream-dashboard
GH02904,2026-08-01 12:10:00,DEV184,pull_request,cognistream-api
GH02302,2026-08-01 12:11:00,DEV203,commit,cognistream-api
GH04256,2026-08-01 12:13:00,DEV196,commit,developer-tools
GH03980,2026-08-01 12:28:00,DEV320,issue_created,cognistream-api
GH00718,2026-08-01 12:29:00,DEV212,pull_request,cognistream-dashboard
GH00008,2026-08-01 12:32:00,DEV389,pull_request,analytics-service
GH01423,2026-08-01 12:37:00,DEV392,issue_closed,cognistream-api
GH01371,2026-08-01 12:55:00,DEV193,pull_request,data-pipeline
GH02742,2026-08-01 12:56:00,DEV341,issue_closed,cognistream-api
GH04787,2026-08-01 13:03:00,DEV446,pull_request,data-pipeline
GH03729,2026-08-01 13:18:00,DEV082,issue_created,analytics-service
GH03090,2026-08-01 13:20:00,DEV080,commit,data-pipeline
GH03559,2026-08-01 13:21:00,DEV126,pull_request,developer-tools
GH03061,2026-08-01 13:37:00,DEV183,code_review,analytics-service
GH03981,2026-08-01 13:39:00,DEV116,code_review,analytics-service
GH04673,2026-08-01 13:46:00,DEV167,pull_request,data-pipeline
GH03469,2026-08-01 13:50:00,DEV239,commit,data-pipeline
GH03364,2026-08-01 13:58:00,DEV082,code_review,developer-tools
GH01487,2026-08-01 13:59:00,DEV393,issue_created,data-pipeline
GH01153,2026-08-01 14:04:00,DEV155,issue_created,cognistream-api
GH02991,2026-08-01 14:07:00,DEV491,commit,developer-tools
GH00939,2026-08-01 14:14:00,DEV487,code_review,cognistream-api
GH03913,2026-08-01 14:14:00,DEV298,issue_created,cognistream-api
GH03203,2026-08-01 14:15:00,DEV164,commit,data-pipeline
GH01444,2026-08-01 14:19:00,DEV091,issue_created,analytics-service
GH03114,2026-08-01 14:25:00,DEV288,issue_closed,cognistream-dashboard
GH04225,2026-08-01 14:35:00,DEV213,issue_created,analytics-service
GH02231,2026-08-01 14:38:00,DEV241,pull_request,data-pipeline
GH03225,2026-08-01 14:40:00,DEV072,commit,data-pipeline
GH00793,2026-08-01 14:45:00,DEV051,code_review,cognistream-dashboard
GH04519,2026-08-01 14:46:00,DEV358,issue_closed,data-pipeline
GH01320,2026-08-01 14:47:00,DEV340,pull_request,developer-tools
GH04323,2026-08-01 14:49:00,DEV377,issue_closed,cognistream-api
GH01392,2026-08-01 14:50:00,DEV104,issue_closed,data-pipeline
GH01820,2026-08-01 14:53:00,DEV241,issue_created,developer-tools
GH04411,2026-08-01 14:57:00,DEV153,code_review,cognistream-dashboard
GH02613,2026-08-01 15:01:00,DEV088,code_review,analytics-service
GH04708,2026-08-01 15:02:00,DEV052,pull_request,developer-tools
GH01017,2026-08-01 15:13:00,DEV136,pull_request,cognistream-dashboard
GH01585,2026-08-01 15:14:00,DEV325,issue_created,cognistream-api
GH00036,2026-08-01 15:16:00,DEV349,commit,developer-tools
GH03159,2026-08-01 15:18:00,DEV322,issue_closed,cognistream-dashboard
GH01802,2026-08-01 15:20:00,DEV037,commit,cognistream-dashboard
GH01189,2026-08-01 15:21:00,DEV330,pull_request,developer-tools
GH04939,2026-08-01 15:23:00,DEV471,issue_closed,analytics-service
GH02987,2026-08-01 15:26:00,DEV309,commit,analytics-service
GH01844,2026-08-01 15:28:00,DEV148,issue_created,analytics-service
GH00965,2026-08-01 15:31:00,DEV032,pull_request,cognistream-dashboard
GH01853,2026-08-01 15:31:00,DEV211,commit,developer-tools
GH03895,2026-08-01 15:39:00,DEV431,issue_closed,cognistream-dashboard
GH00762,2026-08-01 15:44:00,DEV150,issue_created,analytics-service
GH03466,2026-08-01 15:44:00,DEV064,code_review,developer-tools
GH01183,2026-08-01 15:45:00,DEV361,issue_closed,developer-tools
GH01957,2026-08-01 15:47:00,DEV355,issue_created,cognistream-dashboard
GH04177,2026-08-01 15:52:00,DEV003,code_review,analytics-service
GH00912,2026-08-01 15:55:00,DEV363,pull_request,cognistream-api
GH03276,2026-08-01 15:57:00,DEV342,issue_created,analytics-service
GH02708,2026-08-01 16:00:00,DEV442,issue_closed,data-pipeline
GH02057,2026-08-01 16:02:00,DEV071,issue_closed,data-pipeline
GH04336,2026-08-01 16:20:00,DEV378,code_review,developer-tools
GH02913,2026-08-01 16:27:00,DEV393,pull_request,cognistream-api
GH02937,2026-08-01 16:27:00,DEV350,issue_closed,cognistream-dashboard
GH00900,2026-08-01 16:31:00,DEV135,pull_request,cognistream-api
GH00321,2026-08-01 16:36:00,DEV136,issue_closed,cognistream-api
GH02221,2026-08-01 16:42:00,DEV368,issue_closed,analytics-service
GH03697,2026-08-01 16:44:00,DEV482,issue_created,analytics-service
GH04041,2026-08-01 16:49:00,DEV074,commit,cognistream-dashboard
GH03125,2026-08-01 16:50:00,DEV190,code_review,cognistream-api
GH02655,2026-08-01 16:57:00,DEV173,pull_request,cognistream-api
GH03077,2026-08-01 17:09:00,DEV074,code_review,developer-tools
GH02663,2026-08-01 17:11:00,DEV206,code_review,cognistream-api
GH00699,2026-08-01 17:22:00,DEV109,pull_request,cognistream-api
GH03307,2026-08-01 17:30:00,DEV233,commit,cognistream-dashboard
GH04008,2026-08-01 17:39:00,DEV488,code_review,data-pipeline
GH02464,2026-08-01 17:40:00,DEV468,pull_request,cognistream-api
GH04121,2026-08-01 17:41:00,DEV058,pull_request,developer-tools
GH03481,2026-08-01 17:48:00,DEV348,code_review,developer-tools
GH03968,2026-08-01 17:50:00,DEV290,issue_created,cognistream-api
GH00708,2026-08-01 17:51:00,DEV134,issue_closed,developer-tools
GH00866,2026-08-01 17:53:00,DEV064,pull_request,analytics-service
GH01891,2026-08-01 17:57:00,DEV019,code_review,cognistream-api
GH03135,2026-08-01 17:58:00,DEV316,issue_created,cognistream-api
GH03025,2026-08-01 18:22:00,DEV186,issue_closed,analytics-service
GH02120,2026-08-01 18:39:00,DEV488,commit,analytics-service
GH04389,2026-08-01 18:40:00,DEV229,code_review,analytics-service
GH04802,2026-08-01 18:47:00,DEV209,issue_closed,cognistream-api
GH03812,2026-08-01 18:52:00,DEV364,code_review,cognistream-dashboard
GH01614,2026-08-01 19:02:00,DEV193,issue_closed,developer-tools
GH01626,2026-08-01 19:02:00,DEV178,code_review,data-pipeline
GH02159,2026-08-01 19:09:00,DEV322,issue_closed,cognistream-dashboard
GH02423,2026-08-01 19:11:00,DEV062,issue_closed,cognistream-dashboard
GH03809,2026-08-01 19:13:00,DEV401,issue_created,cognistream-dashboard
GH00402,2026-08-01 19:14:00,DEV236,commit,data-pipeline
GH01873,2026-08-01 19:14:00,DEV460,issue_created,cognistream-dashboard
GH02072,2026-08-01 19:16:00,DEV397,issue_created,analytics-service
GH00595,2026-08-01 19:20:00,DEV226,code_review,analytics-service
GH02424,2026-08-01 19:21:00,DEV141,pull_request,cognistream-dashboard
GH02323,2026-08-01 19:23:00,DEV217,issue_closed,data-pipeline
GH01896,2026-08-01 19:24:00,DEV242,issue_closed,cognistream-api
GH04440,2026-08-01 19:30:00,DEV262,code_review,analytics-service
GH03942,2026-08-01 19:38:00,DEV420,pull_request,cognistream-dashboard
GH04922,2026-08-01 19:41:00,DEV168,issue_closed,analytics-service
GH01150,2026-08-01 19:46:00,DEV025,commit,analytics-service
GH04308,2026-08-01 19:50:00,DEV497,issue_created,developer-tools
GH02175,2026-08-01 19:52:00,DEV029,commit,data-pipeline
GH03597,2026-08-01 19:56:00,DEV387,issue_closed,cognistream-api
GH04971,2026-08-01 19:56:00,DEV101,issue_created,data-pipeline
GH01025,2026-08-01 19:57:00,DEV164,code_review,cognistream-api
GH03708,2026-08-01 19:58:00,DEV393,pull_request,cognistream-api
GH03604,2026-08-01 20:00:00,DEV008,issue_closed,developer-tools
GH04917,2026-08-01 20:05:00,DEV033,issue_closed,cognistream-api
GH02274,2026-08-01 20:12:00,DEV437,pull_request,cognistream-dashboard
GH00405,2026-08-01 20:23:00,DEV495,code_review,cognistream-dashboard
GH04268,2026-08-01 20:26:00,DEV222,code_review,cognistream-dashboard
GH02546,2026-08-01 20:27:00,DEV426,pull_request,analytics-service
GH02191,2026-08-01 20:30:00,DEV331,issue_closed,cognistream-api
GH02997,2026-08-01 20:34:00,DEV423,commit,cognistream-api
GH00339,2026-08-01 20:39:00,DEV026,code_review,cognistream-dashboard
GH03979,2026-08-01 20:43:00,DEV206,issue_closed,data-pipeline
GH02545,2026-08-01 20:44:00,DEV091,code_review,cognistream-api
GH04375,2026-08-01 20:50:00,DEV255,issue_created,cognistream-dashboard
GH04650,2026-08-01 20:56:00,DEV200,issue_closed,data-pipeline
GH01001,2026-08-01 20:58:00,DEV076,issue_closed,cognistream-dashboard
GH02143,2026-08-01 21:08:00,DEV163,issue_created,developer-tools
GH01343,2026-08-01 21:15:00,DEV125,commit,cognistream-dashboard
GH00805,2026-08-01 21:20:00,DEV435,code_review,cognistream-api
GH01986,2026-08-01 21:23:00,DEV151,issue_created,developer-tools
GH03848,2026-08-01 21:24:00,DEV381,issue_closed,analytics-service
GH04626,2026-08-01 21:32:00,DEV284,issue_closed,data-pipeline
GH04332,2026-08-01 21:33:00,DEV416,pull_request,cognistream-api
GH02485,2026-08-01 21:37:00,DEV497,issue_closed,developer-tools
GH00565,2026-08-01 21:39:00,DEV047,issue_created,developer-tools
GH02377,2026-08-01 21:47:00,DEV015,issue_closed,developer-tools
GH03827,2026-08-01 21:47:00,DEV385,code_review,developer-tools
GH04441,2026-08-01 21:50:00,DEV343,issue_created,developer-tools
GH04515,2026-08-01 21:50:00,DEV009,commit,data-pipeline
GH03786,2026-08-01 21:51:00,DEV278,code_review,cognistream-dashboard
GH00117,2026-08-01 21:55:00,DEV338,pull_request,analytics-service
GH02683,2026-08-01 21:56:00,DEV118,code_review,data-pipeline
GH03863,2026-08-01 21:57:00,DEV225,issue_created,cognistream-api
GH04203,2026-08-01 22:00:00,DEV252,commit,data-pipeline
GH04284,2026-08-01 22:01:00,DEV356,pull_request,analytics-service
GH00938,2026-08-01 22:03:00,DEV120,issue_closed,data-pipeline
GH03517,2026-08-01 22:04:00,DEV354,pull_request,cognistream-api
GH01711,2026-08-01 22:05:00,DEV239,commit,cognistream-dashboard
GH03000,2026-08-01 22:06:00,DEV117,issue_created,analytics-service
GH04557,2026-08-01 22:10:00,DEV083,commit,developer-tools
GH04711,2026-08-01 22:11:00,DEV230,issue_created,data-pipeline
GH04436,2026-08-01 22:13:00,DEV027,pull_request,analytics-service
GH00141,2026-08-01 22:20:00,DEV024,pull_request,analytics-service
GH04369,2026-08-01 22:22:00,DEV448,pull_request,data-pipeline
GH02418,2026-08-01 22:32:00,DEV293,code_review,developer-tools
GH03676,2026-08-01 22:48:00,DEV444,code_review,analytics-service
GH01888,2026-08-01 22:51:00,DEV369,issue_closed,cognistream-dashboard
GH01109,2026-08-01 22:54:00,DEV336,issue_created,data-pipeline
GH03492,2026-08-01 22:56:00,DEV055,issue_closed,cognistream-dashboard
GH02751,2026-08-01 23:01:00,DEV309,commit,developer-tools
GH00346,2026-08-01 23:04:00,DEV068,commit,data-pipeline
GH03877,2026-08-01 23:10:00,DEV114,code_review,developer-tools
GH01648,2026-08-01 23:14:00,DEV184,commit,analytics-service
GH01645,2026-08-01 23:18:00,DEV391,issue_closed,developer-tools
GH03031,2026-08-01 23:23:00,DEV357,issue_created,data-pipeline
GH04132,2026-08-01 23:23:00,DEV254,pull_request,cognistream-dashboard
GH03329,2026-08-01 23:25:00,DEV491,issue_created,cognistream-api
GH02309,2026-08-01 23:38:00,DEV108,issue_created,cognistream-dashboard
GH02609,2026-08-01 23:39:00,DEV096,pull_request,cognistream-api
GH02435,2026-08-01 23:50:00,DEV366,commit,data-pipeline
GH03992,2026-08-01 23:54:00,DEV071,issue_created,cognistream-api
GH04528,2026-08-01 23:55:00,DEV195,commit,analytics-service
GH04990,2026-08-01 23:55:00,DEV397,commit,cognistream-api
GH01411,2026-08-01 23:56:00,DEV247,commit,data-pipeline
GH01091,2026-08-01 23:59:00,DEV198,commit,cognistream-dashboard
GH03160,2026-08-02 00:11:00,DEV317,issue_closed,cognistream-api
GH03359,2026-08-02 00:16:00,DEV146,issue_created,cognistream-api
GH03054,2026-08-02 00:19:00,DEV123,code_review,cognistream-dashboard
GH00993,2026-08-02 00:24:00,DEV361,code_review,developer-tools
GH00547,2026-08-02 00:29:00,DEV042,commit,developer-tools
GH04107,2026-08-02 00:29:00,DEV374,issue_created,data-pipeline
GH04020,2026-08-02 00:33:00,DEV456,issue_created,cognistream-api
GH01475,2026-08-02 00:36:00,DEV018,code_review,data-pipeline
GH02228,2026-08-02 00:42:00,DEV149,code_review,cognistream-dashboard
GH01082,2026-08-02 00:48:00,DEV089,pull_request,cognistream-dashboard
GH01718,2026-08-02 00:54:00,DEV427,pull_request,cognistream-dashboard
GH00916,2026-08-02 01:01:00,DEV172,issue_created,data-pipeline
GH01629,2026-08-02 01:05:00,DEV484,issue_closed,data-pipeline
GH02112,2026-08-02 01:13:00,DEV051,commit,cognistream-api
GH00004,2026-08-02 01:16:00,DEV048,pull_request,cognistream-dashboard
GH02539,2026-08-02 01:23:00,DEV285,commit,cognistream-dashboard
GH03034,2026-08-02 01:29:00,DEV076,code_review,cognistream-dashboard
GH04185,2026-08-02 01:34:00,DEV319,commit,developer-tools
GH03490,2026-08-02 02:00:00,DEV083,code_review,cognistream-api
GH01727,2026-08-02 02:01:00,DEV174,issue_created,developer-tools
GH01313,2026-08-02 02:02:00,DEV417,issue_closed,developer-tools
GH04466,2026-08-02 02:02:00,DEV318,commit,cognistream-api
GH04782,2026-08-02 02:08:00,DEV431,code_review,analytics-service
GH03177,2026-08-02 02:10:00,DEV061,code_review,data-pipeline
GH04957,2026-08-02 02:11:00,DEV061,pull_request,data-pipeline
GH00662,2026-08-02 02:19:00,DEV147,issue_created,cognistream-dashboard
GH01546,2026-08-02 02:22:00,DEV293,issue_created,analytics-service
GH02608,2026-08-02 02:30:00,DEV424,issue_closed,analytics-service
GH00024,2026-08-02 02:31:00,DEV413,code_review,analytics-service
GH01941,2026-08-02 02:31:00,DEV355,issue_closed,cognistream-api
GH03407,2026-08-02 02:37:00,DEV174,issue_created,data-pipeline
GH03859,2026-08-02 02:39:00,DEV350,issue_created,developer-tools
GH00513,2026-08-02 02:41:00,DEV310,pull_request,analytics-service
GH04850,2026-08-02 02:44:00,DEV403,code_review,cognistream-dashboard
GH01965,2026-08-02 02:51:00,DEV152,issue_created,data-pipeline
GH02123,2026-08-02 02:56:00,DEV091,issue_closed,data-pipeline
GH00739,2026-08-02 02:58:00,DEV092,code_review,cognistream-api
GH01834,2026-08-02 03:04:00,DEV176,commit,cognistream-dashboard
GH03389,2026-08-02 03:09:00,DEV415,pull_request,cognistream-api
GH02505,2026-08-02 03:12:00,DEV194,code_review,cognistream-api
GH00675,2026-08-02 03:20:00,DEV229,issue_closed,cognistream-api
GH01954,2026-08-02 03:21:00,DEV218,issue_closed,analytics-service
GH04780,2026-08-02 03:28:00,DEV187,pull_request,analytics-service
GH03728,2026-08-02 03:29:00,DEV166,commit,data-pipeline
GH00511,2026-08-02 04:00:00,DEV065,commit,cognistream-dashboard
GH04961,2026-08-02 04:11:00,DEV273,pull_request,analytics-service
GH04291,2026-08-02 04:16:00,DEV347,commit,cognistream-api
GH02891,2026-08-02 04:20:00,DEV479,issue_created,developer-tools
GH03265,2026-08-02 04:29:00,DEV295,code_review,cognistream-dashboard
GH04237,2026-08-02 04:29:00,DEV241,issue_created,cognistream-api
GH04443,2026-08-02 04:39:00,DEV107,pull_request,developer-tools
GH00105,2026-08-02 04:40:00,DEV428,code_review,developer-tools
GH04689,2026-08-02 04:53:00,DEV106,commit,developer-tools
GH01315,2026-08-02 05:01:00,DEV283,code_review,developer-tools
GH02476,2026-08-02 05:05:00,DEV144,issue_created,developer-tools
GH02373,2026-08-02 05:11:00,DEV276,code_review,analytics-service
GH02172,2026-08-02 05:12:00,DEV104,pull_request,data-pipeline
GH02320,2026-08-02 05:12:00,DEV250,issue_created,analytics-service
GH03217,2026-08-02 05:12:00,DEV459,issue_closed,developer-tools
GH00281,2026-08-02 05:13:00,DEV065,issue_closed,developer-tools
GH04480,2026-08-02 05:17:00,DEV255,issue_created,analytics-service
GH00328,2026-08-02 05:19:00,DEV156,issue_created,cognistream-api
GH01148,2026-08-02 05:24:00,DEV193,code_review,developer-tools
GH00448,2026-08-02 05:36:00,DEV339,code_review,developer-tools
GH03689,2026-08-02 05:51:00,DEV190,commit,developer-tools
GH00122,2026-08-02 05:53:00,DEV056,issue_closed,analytics-service
GH00469,2026-08-02 05:55:00,DEV147,issue_created,cognistream-dashboard
GH04255,2026-08-02 05:59:00,DEV074,commit,cognistream-dashboard
GH04792,2026-08-02 05:59:00,DEV395,commit,data-pipeline
GH03464,2026-08-02 06:05:00,DEV316,code_review,data-pipeline
GH04852,2026-08-02 06:15:00,DEV440,commit,cognistream-api
GH02624,2026-08-02 06:20:00,DEV378,commit,data-pipeline
GH03218,2026-08-02 06:21:00,DEV173,commit,cognistream-api
GH01663,2026-08-02 06:26:00,DEV286,issue_created,developer-tools
GH04304,2026-08-02 06:30:00,DEV070,issue_created,analytics-service
GH00312,2026-08-02 06:31:00,DEV159,issue_created,cognistream-api
GH01168,2026-08-02 06:32:00,DEV437,code_review,data-pipeline
GH00696,2026-08-02 06:35:00,DEV448,commit,cognistream-dashboard
GH03074,2026-08-02 06:51:00,DEV457,issue_created,cognistream-dashboard
GH03903,2026-08-02 06:58:00,DEV312,code_review,developer-tools
GH00580,2026-08-02 06:59:00,DEV024,commit,cognistream-dashboard
GH02403,2026-08-02 06:59:00,DEV268,pull_request,cognistream-api
GH00958,2026-08-02 07:01:00,DEV111,code_review,cognistream-dashboard
GH01910,2026-08-02 07:13:00,DEV069,commit,developer-tools
GH01970,2026-08-02 07:19:00,DEV188,code_review,cognistream-dashboard
GH02932,2026-08-02 07:19:00,DEV001,commit,data-pipeline
GH04084,2026-08-02 07:22:00,DEV196,code_review,cognistream-api
GH00426,2026-08-02 07:24:00,DEV231,issue_closed,cognistream-dashboard
GH03415,2026-08-02 07:47:00,DEV054,commit,analytics-service
GH04228,2026-08-02 07:49:00,DEV357,issue_created,cognistream-dashboard
GH00107,2026-08-02 07:50:00,DEV158,code_review,cognistream-api
GH04523,2026-08-02 07:52:00,DEV348,issue_created,cognistream-api
GH04721,2026-08-02 07:52:00,DEV023,code_review,cognistream-api
GH04098,2026-08-02 07:59:00,DEV309,commit,developer-tools
GH04437,2026-08-02 08:09:00,DEV022,pull_request,cognistream-dashboard
GH02073,2026-08-02 08:13:00,DEV101,commit,cognistream-api
GH00736,2026-08-02 08:14:00,DEV118,pull_request,developer-tools
GH04269,2026-08-02 08:14:00,DEV236,issue_created,developer-tools
GH03362,2026-08-02 08:16:00,DEV465,code_review,cognistream-dashboard
GH03229,2026-08-02 08:31:00,DEV057,commit,data-pipeline
GH01926,2026-08-02 08:32:00,DEV028,code_review,data-pipeline
GH03006,2026-08-02 08:40:00,DEV310,pull_request,cognistream-dashboard
GH01615,2026-08-02 08:44:00,DEV131,pull_request,cognistream-api
GH00484,2026-08-02 08:46:00,DEV326,issue_created,data-pipeline
GH02989,2026-08-02 08:53:00,DEV068,pull_request,cognistream-api
GH00492,2026-08-02 08:55:00,DEV406,pull_request,cognistream-api
GH02267,2026-08-02 08:56:00,DEV336,issue_closed,analytics-service
GH04482,2026-08-02 09:02:00,DEV337,commit,data-pipeline
GH00923,2026-08-02 09:03:00,DEV440,commit,cognistream-dashboard
GH00101,2026-08-02 09:04:00,DEV002,code_review,cognistream-dashboard
GH02520,2026-08-02 09:04:00,DEV031,pull_request,data-pipeline
GH04486,2026-08-02 09:05:00,DEV448,issue_closed,analytics-service
GH01953,2026-08-02 09:09:00,DEV021,issue_created,developer-tools
GH03763,2026-08-02 09:09:00,DEV109,code_review,analytics-service
GH00488,2026-08-02 09:12:00,DEV181,issue_closed,data-pipeline
GH02410,2026-08-02 09:24:00,DEV214,issue_created,developer-tools
GH02838,2026-08-02 09:25:00,DEV122,commit,cognistream-dashboard
GH03482,2026-08-02 09:25:00,DEV308,pull_request,data-pipeline
GH03059,2026-08-02 09:30:00,DEV289,issue_created,cognistream-api
GH02427,2026-08-02 09:34:00,DEV252,commit,data-pipeline
GH04217,2026-08-02 09:42:00,DEV473,issue_created,cognistream-dashboard
GH04009,2026-08-02 09:46:00,DEV073,pull_request,cognistream-dashboard
GH00394,2026-08-02 09:48:00,DEV113,issue_created,developer-tools
GH02953,2026-08-02 09:49:00,DEV490,issue_closed,cognistream-api
GH02456,2026-08-02 09:50:00,DEV083,issue_closed,developer-tools
GH03585,2026-08-02 09:55:00,DEV158,issue_created,analytics-service
GH00707,2026-08-02 09:58:00,DEV289,pull_request,cognistream-dashboard
GH01141,2026-08-02 09:58:00,DEV153,code_review,analytics-service
GH01170,2026-08-02 10:03:00,DEV005,pull_request,cognistream-dashboard
GH00924,2026-08-02 10:06:00,DEV242,code_review,analytics-service
GH01182,2026-08-02 10:06:00,DEV033,code_review,data-pipeline
GH00292,2026-08-02 10:07:00,DEV167,commit,data-pipeline
GH03949,2026-08-02 10:07:00,DEV400,issue_created,analytics-service
GH02554,2026-08-02 10:13:00,DEV391,issue_closed,developer-tools
GH01328,2026-08-02 10:21:00,DEV021,code_review,cognistream-api
GH01240,2026-08-02 10:39:00,DEV475,issue_created,analytics-service
GH02337,2026-08-02 10:41:00,DEV010,code_review,data-pipeline
GH00032,2026-08-02 10:43:00,DEV441,commit,cognistream-dashboard
GH04488,2026-08-02 10:49:00,DEV147,code_review,cognistream-api
GH02290,2026-08-02 11:03:00,DEV283,commit,cognistream-api
GH04040,2026-08-02 11:13:00,DEV407,pull_request,cognistream-dashboard
GH03060,2026-08-02 11:14:00,DEV162,commit,data-pipeline
GH00865,2026-08-02 11:26:00,DEV024,commit,analytics-service
GH03782,2026-08-02 11:30:00,DEV238,code_review,cognistream-api
GH01149,2026-08-02 11:32:00,DEV305,commit,cognistream-api
GH02407,2026-08-02 11:34:00,DEV480,code_review,data-pipeline
GH01689,2026-08-02 11:42:00,DEV095,pull_request,cognistream-api
GH00308,2026-08-02 11:47:00,DEV467,issue_closed,analytics-service
GH01548,2026-08-02 11:48:00,DEV188,pull_request,developer-tools
GH03259,2026-08-02 11:50:00,DEV333,issue_created,analytics-service
GH01072,2026-08-02 11:55:00,DEV382,issue_created,data-pipeline
GH01664,2026-08-02 11:55:00,DEV098,code_review,analytics-service
GH01499,2026-08-02 12:06:00,DEV497,issue_closed,cognistream-api
GH04342,2026-08-02 12:18:00,DEV368,commit,analytics-service
GH00078,2026-08-02 12:23:00,DEV300,issue_created,developer-tools
GH00172,2026-08-02 12:27:00,DEV134,issue_created,data-pipeline
GH01589,2026-08-02 12:35:00,DEV345,issue_created,analytics-service
GH01084,2026-08-02 12:36:00,DEV471,code_review,cognistream-dashboard
GH00069,2026-08-02 12:37:00,DEV334,issue_closed,cognistream-api
GH00971,2026-08-02 12:39:00,DEV087,issue_closed,analytics-service
GH04979,2026-08-02 12:43:00,DEV261,issue_closed,developer-tools
GH00100,2026-08-02 12:44:00,DEV048,issue_created,data-pipeline
GH01252,2026-08-02 12:46:00,DEV397,issue_closed,data-pipeline
GH04614,2026-08-02 12:50:00,DEV219,issue_created,developer-tools
GH00572,2026-08-02 12:56:00,DEV292,issue_closed,cognistream-dashboard
GH04814,2026-08-02 12:57:00,DEV255,issue_closed,cognistream-dashboard
GH03499,2026-08-02 13:05:00,DEV311,issue_created,developer-tools
GH03151,2026-08-02 13:10:00,DEV411,issue_closed,analytics-service
GH00260,2026-08-02 13:11:00,DEV105,code_review,developer-tools
GH00176,2026-08-02 13:26:00,DEV488,code_review,cognistream-dashboard
GH02235,2026-08-02 13:27:00,DEV171,pull_request,analytics-service
GH04666,2026-08-02 13:28:00,DEV294,pull_request,data-pipeline
GH02509,2026-08-02 13:30:00,DEV151,issue_created,analytics-service
GH03452,2026-08-02 13:32:00,DEV339,code_review,cognistream-api
GH00435,2026-08-02 13:35:00,DEV405,code_review,cognistream-api
GH02651,2026-08-02 13:37:00,DEV307,commit,cognistream-api
GH04420,2026-08-02 13:37:00,DEV445,code_review,developer-tools
GH04211,2026-08-02 13:38:00,DEV422,issue_created,developer-tools
GH04977,2026-08-02 13:51:00,DEV266,pull_request,developer-tools
GH02867,2026-08-02 13:52:00,DEV471,code_review,cognistream-dashboard
GH04161,2026-08-02 13:55:00,DEV365,code_review,developer-tools
GH03340,2026-08-02 13:57:00,DEV360,pull_request,developer-tools
GH01924,2026-08-02 13:58:00,DEV100,commit,cognistream-dashboard
GH01617,2026-08-02 13:59:00,DEV239,commit,cognistream-api
GH03309,2026-08-02 14:03:00,DEV251,code_review,cognistream-api
GH04148,2026-08-02 14:03:00,DEV236,issue_closed,analytics-service
GH00465,2026-08-02 14:05:00,DEV203,issue_closed,data-pipeline
GH03712,2026-08-02 14:07:00,DEV195,code_review,cognistream-dashboard
GH01031,2026-08-02 14:14:00,DEV052,code_review,cognistream-dashboard
GH03333,2026-08-02 14:14:00,DEV387,issue_created,cognistream-dashboard
GH00829,2026-08-02 14:16:00,DEV444,code_review,cognistream-api
GH01242,2026-08-02 14:22:00,DEV007,code_review,cognistream-dashboard
GH01470,2026-08-02 14:23:00,DEV014,issue_created,developer-tools
GH03032,2026-08-02 14:32:00,DEV360,commit,developer-tools
GH02800,2026-08-02 14:33:00,DEV436,code_review,analytics-service
GH01428,2026-08-02 14:34:00,DEV270,issue_created,analytics-service
GH02501,2026-08-02 14:43:00,DEV421,code_review,developer-tools
GH01036,2026-08-02 14:46:00,DEV185,commit,analytics-service
GH03774,2026-08-02 14:46:00,DEV156,issue_created,data-pipeline
GH00893,2026-08-02 14:48:00,DEV402,pull_request,analytics-service
GH02192,2026-08-02 14:51:00,DEV354,pull_request,data-pipeline
GH03336,2026-08-02 14:52:00,DEV139,commit,data-pipeline
GH00395,2026-08-02 14:55:00,DEV004,pull_request,data-pipeline
GH00911,2026-08-02 15:03:00,DEV159,pull_request,cognistream-api
GH01881,2026-08-02 15:08:00,DEV324,commit,data-pipeline
GH03418,2026-08-02 15:13:00,DEV014,pull_request,developer-tools
GH00655,2026-08-02 15:23:00,DEV233,pull_request,developer-tools
GH02129,2026-08-02 15:26:00,DEV201,code_review,analytics-service
GH01346,2026-08-02 15:32:00,DEV086,code_review,cognistream-dashboard
GH00421,2026-08-02 15:40:00,DEV181,issue_closed,cognistream-api
GH02806,2026-08-02 15:45:00,DEV050,code_review,analytics-service
GH00678,2026-08-02 15:49:00,DEV072,issue_closed,data-pipeline
GH03405,2026-08-02 15:56:00,DEV280,commit,developer-tools
GH03429,2026-08-02 15:56:00,DEV065,issue_created,cognistream-dashboard
GH04090,2026-08-02 15:56:00,DEV327,commit,data-pipeline
GH00423,2026-08-02 16:04:00,DEV189,code_review,cognistream-api
GH04743,2026-08-02 16:04:00,DEV224,issue_created,analytics-service
GH03089,2026-08-02 16:09:00,DEV380,pull_request,developer-tools
GH03686,2026-08-02 16:15:00,DEV498,issue_closed,cognistream-api
GH04994,2026-08-02 16:15:00,DEV404,issue_closed,cognistream-api
GH00508,2026-08-02 16:19:00,DEV039,issue_created,data-pipeline
GH00690,2026-08-02 16:28:00,DEV288,issue_created,analytics-service
GH01083,2026-08-02 16:28:00,DEV128,commit,analytics-service
GH02715,2026-08-02 16:30:00,DEV334,issue_created,analytics-service
GH00909,2026-08-02 16:37:00,DEV126,commit,analytics-service
GH00046,2026-08-02 16:38:00,DEV124,issue_closed,cognistream-api
GH03425,2026-08-02 16:38:00,DEV122,pull_request,cognistream-api
GH01130,2026-08-02 16:40:00,DEV003,issue_created,data-pipeline
GH01552,2026-08-02 16:50:00,DEV422,issue_closed,data-pipeline
GH04257,2026-08-02 16:54:00,DEV417,issue_created,developer-tools
GH00986,2026-08-02 16:59:00,DEV415,issue_created,developer-tools
GH02791,2026-08-02 17:07:00,DEV415,code_review,cognistream-dashboard
GH02434,2026-08-02 17:10:00,DEV315,code_review,cognistream-dashboard
GH04881,2026-08-02 17:25:00,DEV221,pull_request,developer-tools
GH04903,2026-08-02 17:32:00,DEV384,issue_created,developer-tools
GH00240,2026-08-02 17:34:00,DEV085,code_review,developer-tools
GH04576,2026-08-02 17:35:00,DEV386,issue_created,cognistream-api
GH04621,2026-08-02 17:42:00,DEV006,commit,data-pipeline
GH01866,2026-08-02 17:48:00,DEV133,code_review,cognistream-dashboard
GH02453,2026-08-02 17:51:00,DEV478,issue_created,data-pipeline
GH00230,2026-08-02 17:53:00,DEV313,commit,cognistream-dashboard
GH00661,2026-08-02 17:54:00,DEV479,commit,analytics-service
GH04358,2026-08-02 17:59:00,DEV318,issue_created,cognistream-api
GH00721,2026-08-02 18:00:00,DEV317,issue_closed,analytics-service
GH00901,2026-08-02 18:01:00,DEV486,issue_created,developer-tools
GH02442,2026-08-02 18:06:00,DEV163,issue_created,developer-tools
GH03480,2026-08-02 18:12:00,DEV488,code_review,data-pipeline
GH00354,2026-08-02 18:13:00,DEV246,issue_created,analytics-service
GH04175,2026-08-02 18:15:00,DEV286,commit,data-pipeline
GH00683,2026-08-02 18:17:00,DEV286,issue_closed,cognistream-dashboard
GH00978,2026-08-02 18:18:00,DEV045,code_review,analytics-service
GH04012,2026-08-02 18:24:00,DEV306,pull_request,data-pipeline
GH02928,2026-08-02 18:30:00,DEV262,issue_created,cognistream-api
GH02132,2026-08-02 18:32:00,DEV015,issue_closed,cognistream-api
GH02364,2026-08-02 18:34:00,DEV202,commit,cognistream-dashboard
GH03698,2026-08-02 18:34:00,DEV034,pull_request,developer-tools
GH04357,2026-08-02 18:39:00,DEV033,issue_created,data-pipeline
GH00650,2026-08-02 18:43:00,DEV425,issue_closed,developer-tools
GH02780,2026-08-02 18:47:00,DEV303,issue_closed,cognistream-dashboard
GH01628,2026-08-02 18:51:00,DEV321,code_review,analytics-service
GH00640,2026-08-02 18:55:00,DEV342,commit,analytics-service
GH04432,2026-08-02 18:56:00,DEV269,issue_created,analytics-service
GH00598,2026-08-02 19:00:00,DEV362,pull_request,developer-tools
GH01865,2026-08-02 19:04:00,DEV196,issue_created,data-pipeline
GH01793,2026-08-02 19:05:00,DEV190,issue_closed,cognistream-api
GH00476,2026-08-02 19:18:00,DEV057,issue_created,developer-tools
GH02497,2026-08-02 19:19:00,DEV321,commit,cognistream-api
GH04593,2026-08-02 19:22:00,DEV129,code_review,data-pipeline
GH01902,2026-08-02 19:27:00,DEV412,pull_request,analytics-service
GH00326,2026-08-02 19:31:00,DEV326,issue_created,data-pipeline
GH04959,2026-08-02 19:33:00,DEV427,pull_request,analytics-service
GH02821,2026-08-02 19:40:00,DEV366,issue_closed,cognistream-dashboard
GH00034,2026-08-02 19:41:00,DEV198,issue_created,developer-tools
GH04163,2026-08-02 19:44:00,DEV272,issue_created,cognistream-dashboard
GH02604,2026-08-02 19:47:00,DEV274,issue_created,cognistream-dashboard
GH03813,2026-08-02 19:48:00,DEV314,code_review,developer-tools
GH04427,2026-08-02 19:53:00,DEV475,commit,cognistream-dashboard
GH00158,2026-08-02 20:04:00,DEV213,issue_created,data-pipeline
GH03196,2026-08-02 20:05:00,DEV231,pull_request,cognistream-api
GH03379,2026-08-02 20:09:00,DEV032,issue_closed,data-pipeline
GH03097,2026-08-02 20:12:00,DEV163,code_review,developer-tools
GH03891,2026-08-02 20:21:00,DEV176,pull_request,data-pipeline
GH02560,2026-08-02 20:25:00,DEV086,issue_closed,analytics-service
GH01699,2026-08-02 20:27:00,DEV150,issue_created,cognistream-dashboard
GH04334,2026-08-02 20:28:00,DEV079,issue_closed,cognistream-dashboard
GH04479,2026-08-02 20:35:00,DEV204,issue_created,cognistream-api
GH00357,2026-08-02 20:52:00,DEV065,code_review,developer-tools
GH03266,2026-08-02 20:57:00,DEV273,commit,data-pipeline
GH04361,2026-08-02 20:58:00,DEV292,code_review,data-pipeline
GH02852,2026-08-02 21:01:00,DEV169,commit,data-pipeline
GH02665,2026-08-02 21:03:00,DEV337,code_review,developer-tools
GH01776,2026-08-02 21:04:00,DEV175,pull_request,developer-tools
GH00908,2026-08-02 21:06:00,DEV159,issue_created,cognistream-dashboard
GH02031,2026-08-02 21:06:00,DEV478,issue_closed,analytics-service
GH01726,2026-08-02 21:09:00,DEV497,pull_request,data-pipeline
GH02076,2026-08-02 21:10:00,DEV155,commit,cognistream-api
GH02043,2026-08-02 21:26:00,DEV307,code_review,developer-tools
GH02631,2026-08-02 21:27:00,DEV358,pull_request,analytics-service
GH04665,2026-08-02 21:28:00,DEV119,commit,developer-tools
GH04554,2026-08-02 21:33:00,DEV034,commit,data-pipeline
GH04517,2026-08-02 21:36:00,DEV130,issue_created,cognistream-api
GH04682,2026-08-02 21:37:00,DEV194,pull_request,cognistream-api
GH03971,2026-08-02 21:39:00,DEV377,commit,developer-tools
GH00804,2026-08-02 21:41:00,DEV154,commit,cognistream-api
GH03898,2026-08-02 21:41:00,DEV139,issue_closed,developer-tools
GH04717,2026-08-02 21:44:00,DEV496,pull_request,analytics-service
GH03014,2026-08-02 21:45:00,DEV058,issue_closed,analytics-service
GH02672,2026-08-02 21:52:00,DEV172,commit,developer-tools
GH00486,2026-08-02 21:53:00,DEV177,pull_request,cognistream-api
GH01412,2026-08-02 21:53:00,DEV196,pull_request,cognistream-dashboard
GH02516,2026-08-02 21:53:00,DEV304,pull_request,developer-tools
GH01698,2026-08-02 21:57:00,DEV389,issue_created,developer-tools
GH02950,2026-08-02 21:58:00,DEV248,issue_created,developer-tools
GH04706,2026-08-02 22:00:00,DEV181,code_review,cognistream-dashboard
GH01018,2026-08-02 22:01:00,DEV180,code_review,cognistream-api
GH01715,2026-08-02 22:02:00,DEV158,code_review,developer-tools
GH04442,2026-08-02 22:06:00,DEV021,pull_request,developer-tools
GH00719,2026-08-02 22:07:00,DEV363,pull_request,cognistream-api
GH03080,2026-08-02 22:13:00,DEV144,issue_closed,data-pipeline
GH01256,2026-08-02 22:14:00,DEV403,issue_closed,cognistream-dashboard
GH00881,2026-08-02 22:21:00,DEV272,issue_closed,cognistream-api
GH00177,2026-08-02 22:28:00,DEV400,commit,cognistream-api
GH00341,2026-08-02 22:28:00,DEV425,issue_closed,cognistream-dashboard
GH03249,2026-08-02 22:29:00,DEV143,issue_created,cognistream-dashboard
GH04870,2026-08-02 22:32:00,DEV049,issue_closed,cognistream-api
GH00189,2026-08-02 22:39:00,DEV260,code_review,cognistream-api
GH04431,2026-08-02 22:59:00,DEV253,issue_created,developer-tools
GH02098,2026-08-02 23:00:00,DEV459,issue_created,data-pipeline
GH02362,2026-08-02 23:00:00,DEV044,code_review,data-pipeline
GH02457,2026-08-02 23:11:00,DEV154,commit,analytics-service
GH04618,2026-08-02 23:22:00,DEV143,commit,developer-tools
GH04337,2026-08-02 23:26:00,DEV080,issue_closed,analytics-service
GH01872,2026-08-02 23:27:00,DEV293,code_review,analytics-service
GH04076,2026-08-02 23:31:00,DEV116,code_review,cognistream-dashboard
GH01964,2026-08-02 23:36:00,DEV198,code_review,developer-tools
GH03412,2026-08-02 23:38:00,DEV487,issue_created,developer-tools
GH00058,2026-08-02 23:41:00,DEV264,pull_request,data-pipeline
GH01549,2026-08-02 23:42:00,DEV007,pull_request,analytics-service
GH00236,2026-08-02 23:52:00,DEV352,pull_request,data-pipeline
GH00020,2026-08-02 23:59:00,DEV312,pull_request,developer-tools
GH02797,2026-08-03 00:13:00,DEV271,code_review,data-pipeline
GH01895,2026-08-03 00:20:00,DEV019,pull_request,analytics-service
GH02985,2026-08-03 00:20:00,DEV219,pull_request,analytics-service
GH01273,2026-08-03 00:23:00,DEV383,pull_request,cognistream-api
GH01003,2026-08-03 00:36:00,DEV192,issue_created,developer-tools
GH00899,2026-08-03 00:51:00,DEV009,issue_closed,cognistream-api
GH03092,2026-08-03 00:51:00,DEV115,issue_created,analytics-service
GH02234,2026-08-03 00:53:00,DEV049,issue_closed,cognistream-api
GH03909,2026-08-03 00:53:00,DEV101,issue_created,cognistream-api
GH04963,2026-08-03 00:59:00,DEV079,issue_created,cognistream-api
GH00090,2026-08-03 01:00:00,DEV276,pull_request,developer-tools
GH03173,2026-08-03 01:10:00,DEV250,commit,cognistream-dashboard
GH00533,2026-08-03 01:16:00,DEV065,code_review,cognistream-api
GH03523,2026-08-03 01:16:00,DEV379,code_review,analytics-service
GH03033,2026-08-03 01:17:00,DEV245,issue_closed,cognistream-dashboard
GH00301,2026-08-03 01:20:00,DEV227,code_review,developer-tools
GH04980,2026-08-03 01:30:00,DEV124,issue_closed,developer-tools
GH01026,2026-08-03 01:31:00,DEV176,pull_request,analytics-service
GH03947,2026-08-03 01:38:00,DEV125,pull_request,data-pipeline
GH01246,2026-08-03 01:40:00,DEV096,pull_request,developer-tools
GH00951,2026-08-03 01:47:00,DEV484,pull_request,cognistream-dashboard
GH01191,2026-08-03 01:53:00,DEV385,issue_created,data-pipeline
GH02944,2026-08-03 01:53:00,DEV483,issue_closed,developer-tools
GH00968,2026-08-03 01:57:00,DEV012,commit,cognistream-dashboard
GH03230,2026-08-03 01:58:00,DEV136,code_review,developer-tools
GH01165,2026-08-03 01:59:00,DEV371,commit,data-pipeline
GH04856,2026-08-03 02:01:00,DEV256,code_review,data-pipeline
GH00104,2026-08-03 02:05:00,DEV484,pull_request,developer-tools
GH00319,2026-08-03 02:07:00,DEV073,pull_request,analytics-service
GH00068,2026-08-03 02:10:00,DEV227,issue_closed,cognistream-api
GH01312,2026-08-03 02:10:00,DEV457,commit,developer-tools
GH01416,2026-08-03 02:31:00,DEV284,pull_request,analytics-service
GH04471,2026-08-03 02:33:00,DEV144,issue_created,cognistream-api
GH04811,2026-08-03 02:33:00,DEV411,code_review,developer-tools
GH04825,2026-08-03 02:37:00,DEV080,commit,cognistream-api
GH03506,2026-08-03 02:44:00,DEV469,code_review,analytics-service
GH02116,2026-08-03 02:47:00,DEV339,issue_closed,analytics-service
GH03603,2026-08-03 02:47:00,DEV038,issue_closed,analytics-service
GH03796,2026-08-03 02:47:00,DEV168,code_review,cognistream-api
GH04543,2026-08-03 02:57:00,DEV102,issue_created,analytics-service
GH00741,2026-08-03 03:01:00,DEV154,pull_request,developer-tools
GH01983,2026-08-03 03:01:00,DEV056,pull_request,data-pipeline
GH03278,2026-08-03 03:02:00,DEV088,commit,developer-tools
GH04669,2026-08-03 03:04:00,DEV035,commit,data-pipeline
GH00918,2026-08-03 03:05:00,DEV255,issue_created,developer-tools
GH03049,2026-08-03 03:09:00,DEV419,issue_created,analytics-service
GH03656,2026-08-03 03:18:00,DEV304,pull_request,cognistream-api
GH02646,2026-08-03 03:22:00,DEV344,commit,data-pipeline
GH04465,2026-08-03 03:25:00,DEV316,commit,cognistream-api
GH03053,2026-08-03 03:29:00,DEV186,issue_closed,data-pipeline
GH03115,2026-08-03 03:29:00,DEV371,issue_closed,developer-tools
GH00928,2026-08-03 03:32:00,DEV293,code_review,cognistream-api
GH01779,2026-08-03 03:32:00,DEV379,issue_closed,analytics-service
GH01554,2026-08-03 03:33:00,DEV484,pull_request,developer-tools
GH03240,2026-08-03 03:36:00,DEV039,issue_created,cognistream-api
GH02392,2026-08-03 03:38:00,DEV190,issue_closed,analytics-service
GH00649,2026-08-03 03:39:00,DEV470,issue_closed,cognistream-api
GH03496,2026-08-03 03:50:00,DEV490,commit,cognistream-dashboard
GH01422,2026-08-03 03:51:00,DEV347,issue_created,developer-tools
GH01761,2026-08-03 03:53:00,DEV499,issue_created,developer-tools
GH02071,2026-08-03 03:55:00,DEV218,commit,cognistream-api
GH03821,2026-08-03 03:55:00,DEV324,issue_created,developer-tools
GH00409,2026-08-03 03:57:00,DEV203,code_review,data-pipeline
GH03035,2026-08-03 04:08:00,DEV126,commit,cognistream-api
GH00610,2026-08-03 04:09:00,DEV178,issue_created,data-pipeline
GH00693,2026-08-03 04:10:00,DEV473,issue_created,data-pipeline
GH00471,2026-08-03 04:16:00,DEV010,code_review,cognistream-dashboard
GH02677,2026-08-03 04:21:00,DEV031,pull_request,data-pipeline
GH04773,2026-08-03 04:23:00,DEV031,issue_closed,cognistream-api
GH02873,2026-08-03 04:24:00,DEV040,pull_request,cognistream-api
GH04348,2026-08-03 04:26:00,DEV091,pull_request,data-pipeline
GH03505,2026-08-03 04:31:00,DEV181,issue_closed,developer-tools
GH03221,2026-08-03 04:33:00,DEV285,code_review,analytics-service
GH01550,2026-08-03 04:40:00,DEV240,commit,data-pipeline
GH03779,2026-08-03 04:41:00,DEV077,commit,data-pipeline
GH00080,2026-08-03 04:45:00,DEV436,pull_request,cognistream-api
GH01982,2026-08-03 04:47:00,DEV201,pull_request,data-pipeline
GH01506,2026-08-03 04:48:00,DEV432,pull_request,cognistream-api
GH00665,2026-08-03 04:49:00,DEV350,issue_closed,cognistream-dashboard
GH00156,2026-08-03 05:00:00,DEV071,pull_request,cognistream-dashboard
GH00356,2026-08-03 05:07:00,DEV165,issue_closed,cognistream-dashboard
GH01967,2026-08-03 05:12:00,DEV318,code_review,cognistream-api
GH04992,2026-08-03 05:16:00,DEV043,pull_request,analytics-service
GH04340,2026-08-03 05:19:00,DEV096,commit,cognistream-api
GH03710,2026-08-03 05:23:00,DEV450,pull_request,data-pipeline
GH02758,2026-08-03 05:26:00,DEV179,issue_created,analytics-service
GH02559,2026-08-03 05:27:00,DEV402,issue_created,developer-tools
GH04173,2026-08-03 05:32:00,DEV174,issue_created,cognistream-api
GH00389,2026-08-03 05:33:00,DEV140,issue_created,analytics-service
GH04502,2026-08-03 05:38:00,DEV422,issue_created,cognistream-api
GH02294,2026-08-03 05:39:00,DEV394,issue_closed,cognistream-api
GH00175,2026-08-03 05:43:00,DEV241,commit,developer-tools
GH02390,2026-08-03 05:45:00,DEV048,commit,analytics-service
GH00084,2026-08-03 05:46:00,DEV215,issue_closed,developer-tools
GH01310,2026-08-03 05:46:00,DEV431,code_review,cognistream-dashboard
GH04875,2026-08-03 05:47:00,DEV172,pull_request,cognistream-dashboard
GH04752,2026-08-03 05:50:00,DEV043,commit,cognistream-dashboard
GH04759,2026-08-03 05:58:00,DEV021,issue_closed,cognistream-api
GH00870,2026-08-03 06:00:00,DEV191,pull_request,cognistream-api
GH02641,2026-08-03 06:04:00,DEV281,pull_request,analytics-service
GH00501,2026-08-03 06:07:00,DEV373,issue_created,cognistream-api
GH03691,2026-08-03 06:13:00,DEV215,commit,cognistream-api
GH03166,2026-08-03 06:18:00,DEV479,pull_request,cognistream-api
GH04093,2026-08-03 06:22:00,DEV007,commit,analytics-service
GH01471,2026-08-03 06:27:00,DEV054,code_review,developer-tools
GH02701,2026-08-03 06:27:00,DEV389,code_review,developer-tools
GH02297,2026-08-03 06:29:00,DEV214,code_review,data-pipeline
GH04330,2026-08-03 06:29:00,DEV468,issue_created,cognistream-api
GH04981,2026-08-03 06:38:00,DEV174,issue_closed,developer-tools
GH03022,2026-08-03 06:39:00,DEV298,issue_created,developer-tools
GH03106,2026-08-03 06:39:00,DEV073,commit,data-pipeline
GH04991,2026-08-03 06:40:00,DEV166,pull_request,developer-tools
GH03527,2026-08-03 06:45:00,DEV078,commit,developer-tools
GH02448,2026-08-03 06:49:00,DEV434,issue_closed,cognistream-dashboard
GH00967,2026-08-03 06:53:00,DEV299,issue_closed,data-pipeline
GH04007,2026-08-03 07:07:00,DEV334,issue_created,analytics-service
GH01804,2026-08-03 07:14:00,DEV071,issue_created,analytics-service
GH00763,2026-08-03 07:15:00,DEV372,issue_closed,cognistream-dashboard
GH00945,2026-08-03 07:22:00,DEV298,commit,developer-tools
GH02138,2026-08-03 07:23:00,DEV467,commit,data-pipeline
GH01291,2026-08-03 07:29:00,DEV157,pull_request,data-pipeline
GH00225,2026-08-03 07:31:00,DEV128,commit,developer-tools
GH00481,2026-08-03 07:45:00,DEV269,code_review,cognistream-api
GH00047,2026-08-03 07:46:00,DEV375,issue_created,cognistream-api
GH00751,2026-08-03 07:48:00,DEV396,issue_closed,data-pipeline
GH01349,2026-08-03 07:49:00,DEV111,issue_created,developer-tools
GH04292,2026-08-03 07:49:00,DEV011,commit,cognistream-api
GH01607,2026-08-03 07:51:00,DEV058,commit,cognistream-dashboard
GH03095,2026-08-03 07:52:00,DEV093,commit,analytics-service
GH03313,2026-08-03 07:58:00,DEV366,code_review,cognistream-dashboard
GH02029,2026-08-03 08:00:00,DEV074,pull_request,data-pipeline
GH02311,2026-08-03 08:01:00,DEV155,issue_created,cognistream-dashboard
GH02333,2026-08-03 08:04:00,DEV342,issue_created,cognistream-dashboard
GH01859,2026-08-03 08:10:00,DEV439,issue_closed,cognistream-dashboard
GH03707,2026-08-03 08:11:00,DEV096,code_review,developer-tools
GH04833,2026-08-03 08:11:00,DEV033,pull_request,cognistream-dashboard
GH01947,2026-08-03 08:13:00,DEV211,issue_closed,analytics-service
GH00885,2026-08-03 08:20:00,DEV460,commit,cognistream-dashboard
GH01397,2026-08-03 08:25:00,DEV142,issue_created,data-pipeline
GH04529,2026-08-03 08:25:00,DEV244,code_review,developer-tools
GH00003,2026-08-03 08:28:00,DEV303,issue_created,cognistream-api
GH01743,2026-08-03 08:33:00,DEV171,issue_created,cognistream-api
GH03078,2026-08-03 08:36:00,DEV256,commit,analytics-service
GH02941,2026-08-03 08:38:00,DEV455,commit,cognistream-dashboard
GH04335,2026-08-03 08:43:00,DEV443,commit,cognistream-api
GH01275,2026-08-03 08:47:00,DEV038,commit,cognistream-dashboard
GH04757,2026-08-03 08:47:00,DEV021,pull_request,data-pipeline
GH01037,2026-08-03 08:51:00,DEV151,issue_closed,analytics-service
GH01196,2026-08-03 09:04:00,DEV439,issue_created,analytics-service
GH01622,2026-08-03 09:04:00,DEV096,pull_request,developer-tools
GH01919,2026-08-03 09:04:00,DEV322,code_review,data-pipeline
GH01387,2026-08-03 09:08:00,DEV033,code_review,cognistream-dashboard
GH01817,2026-08-03 09:18:00,DEV126,issue_created,cognistream-api
GH02032,2026-08-03 09:18:00,DEV004,issue_created,data-pipeline
GH01016,2026-08-03 09:27:00,DEV421,code_review,analytics-service
GH02216,2026-08-03 09:35:00,DEV499,issue_created,cognistream-dashboard
GH04207,2026-08-03 09:42:00,DEV158,issue_closed,developer-tools
GH01077,2026-08-03 09:45:00,DEV097,issue_created,cognistream-dashboard
GH00878,2026-08-03 09:47:00,DEV375,commit,cognistream-api
GH04653,2026-08-03 09:51:00,DEV224,code_review,data-pipeline
GH02474,2026-08-03 10:08:00,DEV418,issue_closed,data-pipeline
GH04659,2026-08-03 10:08:00,DEV363,pull_request,cognistream-api
GH03748,2026-08-03 10:14:00,DEV371,pull_request,cognistream-dashboard
GH01673,2026-08-03 10:15:00,DEV129,code_review,cognistream-dashboard
GH03590,2026-08-03 10:17:00,DEV400,code_review,data-pipeline
GH00424,2026-08-03 10:18:00,DEV315,issue_closed,developer-tools
GH00290,2026-08-03 10:21:00,DEV223,commit,cognistream-api
GH03743,2026-08-03 10:22:00,DEV159,pull_request,data-pipeline
GH04116,2026-08-03 10:23:00,DEV328,issue_created,data-pipeline
GH01319,2026-08-03 10:27:00,DEV204,code_review,developer-tools
GH01959,2026-08-03 10:33:00,DEV009,issue_created,data-pipeline
GH04001,2026-08-03 10:35:00,DEV410,issue_closed,data-pipeline
GH02430,2026-08-03 10:42:00,DEV059,commit,developer-tools
GH04973,2026-08-03 10:42:00,DEV448,issue_closed,cognistream-api
GH01042,2026-08-03 10:46:00,DEV329,issue_closed,analytics-service
GH04629,2026-08-03 10:47:00,DEV293,issue_closed,data-pipeline
GH00959,2026-08-03 10:48:00,DEV365,pull_request,data-pipeline
GH00251,2026-08-03 10:49:00,DEV241,code_review,analytics-service
GH00367,2026-08-03 10:49:00,DEV426,commit,cognistream-api
GH02654,2026-08-03 10:54:00,DEV009,issue_created,cognistream-api
GH00755,2026-08-03 10:58:00,DEV003,code_review,analytics-service
GH02690,2026-08-03 11:06:00,DEV089,issue_closed,developer-tools
GH03238,2026-08-03 11:08:00,DEV136,code_review,cognistream-api
GH01258,2026-08-03 11:12:00,DEV179,pull_request,cognistream-dashboard
GH01857,2026-08-03 11:12:00,DEV030,issue_closed,cognistream-dashboard
GH02151,2026-08-03 11:13:00,DEV368,issue_closed,cognistream-api
GH04831,2026-08-03 11:15:00,DEV181,pull_request,analytics-service
GH04530,2026-08-03 11:16:00,DEV043,pull_request,cognistream-api
GH03972,2026-08-03 11:19:00,DEV499,issue_closed,cognistream-api
GH00694,2026-08-03 11:29:00,DEV275,pull_request,cognistream-api
GH02272,2026-08-03 11:32:00,DEV205,code_review,cognistream-dashboard
GH01735,2026-08-03 11:34:00,DEV228,issue_closed,cognistream-api
GH03764,2026-08-03 11:42:00,DEV174,issue_created,cognistream-dashboard
GH01028,2026-08-03 11:50:00,DEV174,issue_closed,developer-tools
GH00265,2026-08-03 11:54:00,DEV116,commit,analytics-service
GH03158,2026-08-03 11:55:00,DEV048,commit,analytics-service
GH00070,2026-08-03 11:56:00,DEV475,pull_request,cognistream-dashboard
GH03069,2026-08-03 11:56:00,DEV488,pull_request,cognistream-dashboard
GH00139,2026-08-03 12:00:00,DEV420,pull_request,data-pipeline
GH00732,2026-08-03 12:03:00,DEV208,issue_created,analytics-service
GH03093,2026-08-03 12:03:00,DEV179,issue_created,analytics-service
GH04982,2026-08-03 12:05:00,DEV133,code_review,data-pipeline
GH03682,2026-08-03 12:23:00,DEV467,code_review,data-pipeline
GH01574,2026-08-03 12:29:00,DEV020,issue_created,data-pipeline
GH00062,2026-08-03 12:30:00,DEV050,issue_created,data-pipeline
GH02818,2026-08-03 12:38:00,DEV407,issue_closed,cognistream-dashboard
GH03925,2026-08-03 12:38:00,DEV474,issue_created,data-pipeline
GH04373,2026-08-03 12:47:00,DEV009,issue_created,analytics-service
GH00634,2026-08-03 13:05:00,DEV095,pull_request,analytics-service
GH04176,2026-08-03 13:09:00,DEV087,commit,developer-tools
GH02629,2026-08-03 13:10:00,DEV202,commit,cognistream-dashboard
GH01469,2026-08-03 13:11:00,DEV033,issue_created,developer-tools
GH02510,2026-08-03 13:20:00,DEV317,issue_created,cognistream-dashboard
GH01543,2026-08-03 13:34:00,DEV268,commit,cognistream-api
GH01450,2026-08-03 13:35:00,DEV231,code_review,data-pipeline
GH03572,2026-08-03 13:43:00,DEV113,commit,data-pipeline
GH01047,2026-08-03 13:48:00,DEV044,code_review,developer-tools
GH00011,2026-08-03 13:49:00,DEV184,code_review,developer-tools
GH02743,2026-08-03 13:53:00,DEV109,issue_closed,cognistream-api
GH03346,2026-08-03 13:54:00,DEV127,pull_request,cognistream-api
GH03830,2026-08-03 13:57:00,DEV203,pull_request,cognistream-dashboard
GH04182,2026-08-03 13:57:00,DEV447,pull_request,developer-tools
GH01555,2026-08-03 14:02:00,DEV052,pull_request,developer-tools
GH00329,2026-08-03 14:04:00,DEV121,issue_closed,cognistream-dashboard
GH04469,2026-08-03 14:06:00,DEV028,code_review,cognistream-dashboard
GH01899,2026-08-03 14:08:00,DEV234,issue_closed,cognistream-dashboard
GH02799,2026-08-03 14:08:00,DEV068,code_review,developer-tools
GH02135,2026-08-03 14:09:00,DEV220,code_review,data-pipeline
GH01846,2026-08-03 14:10:00,DEV470,issue_closed,data-pipeline
GH03693,2026-08-03 14:14:00,DEV440,issue_closed,data-pipeline
GH04951,2026-08-03 14:15:00,DEV322,issue_closed,cognistream-api
GH00745,2026-08-03 14:20:00,DEV224,pull_request,cognistream-api
GH01366,2026-08-03 14:21:00,DEV218,pull_request,data-pipeline
GH02389,2026-08-03 14:30:00,DEV076,issue_created,analytics-service
GH01298,2026-08-03 14:37:00,DEV102,issue_closed,analytics-service
GH01739,2026-08-03 14:39:00,DEV421,issue_closed,cognistream-dashboard
GH04993,2026-08-03 14:39:00,DEV225,issue_closed,data-pipeline
GH00064,2026-08-03 14:44:00,DEV032,issue_created,data-pipeline
GH04099,2026-08-03 14:50:00,DEV295,commit,cognistream-api
GH04214,2026-08-03 14:52:00,DEV235,pull_request,cognistream-dashboard
GH02086,2026-08-03 14:53:00,DEV474,pull_request,developer-tools
GH04196,2026-08-03 14:56:00,DEV435,issue_closed,cognistream-api
GH03897,2026-08-03 14:58:00,DEV488,code_review,developer-tools
GH00332,2026-08-03 15:04:00,DEV427,issue_created,developer-tools
GH02083,2026-08-03 15:07:00,DEV420,issue_closed,cognistream-api
GH03134,2026-08-03 15:11:00,DEV045,commit,cognistream-api
GH03609,2026-08-03 15:26:00,DEV136,issue_closed,analytics-service
GH00283,2026-08-03 15:27:00,DEV270,issue_created,cognistream-api
GH03137,2026-08-03 15:27:00,DEV325,issue_created,developer-tools
GH01441,2026-08-03 15:32:00,DEV370,code_review,cognistream-dashboard
GH03911,2026-08-03 15:32:00,DEV278,issue_closed,cognistream-dashboard
GH03284,2026-08-03 15:36:00,DEV156,code_review,analytics-service
GH03355,2026-08-03 15:37:00,DEV492,issue_closed,analytics-service
GH01300,2026-08-03 15:38:00,DEV146,issue_closed,cognistream-api
GH04947,2026-08-03 15:39:00,DEV046,issue_closed,developer-tools
GH00616,2026-08-03 15:43:00,DEV212,code_review,analytics-service
GH04636,2026-08-03 15:48:00,DEV434,commit,analytics-service
GH02759,2026-08-03 15:51:00,DEV376,issue_created,data-pipeline
GH03557,2026-08-03 15:51:00,DEV478,issue_closed,data-pipeline
GH04867,2026-08-03 15:51:00,DEV459,issue_created,cognistream-api
GH02644,2026-08-03 15:53:00,DEV091,code_review,cognistream-api
GH00617,2026-08-03 15:54:00,DEV349,pull_request,cognistream-api
GH03172,2026-08-03 15:58:00,DEV252,commit,analytics-service
GH02741,2026-08-03 16:03:00,DEV005,commit,data-pipeline
GH03516,2026-08-03 16:09:00,DEV065,commit,analytics-service
GH01004,2026-08-03 16:10:00,DEV173,code_review,data-pipeline
GH02513,2026-08-03 16:18:00,DEV174,commit,analytics-service
GH03770,2026-08-03 16:22:00,DEV336,issue_created,cognistream-api
GH04548,2026-08-03 16:27:00,DEV085,pull_request,cognistream-dashboard
GH00814,2026-08-03 16:34:00,DEV410,issue_closed,cognistream-dashboard
GH02508,2026-08-03 16:36:00,DEV347,commit,developer-tools
GH02668,2026-08-03 16:36:00,DEV365,issue_closed,developer-tools
GH02347,2026-08-03 16:38:00,DEV422,issue_closed,cognistream-api
GH00186,2026-08-03 16:39:00,DEV357,code_review,developer-tools
GH00964,2026-08-03 16:39:00,DEV412,pull_request,cognistream-api
GH00219,2026-08-03 17:01:00,DEV447,commit,developer-tools
GH04936,2026-08-03 17:02:00,DEV349,issue_closed,analytics-service
GH01198,2026-08-03 17:03:00,DEV207,issue_created,cognistream-api
GH03224,2026-08-03 17:06:00,DEV015,pull_request,cognistream-api
GH02650,2026-08-03 17:08:00,DEV200,code_review,analytics-service
GH00921,2026-08-03 17:11:00,DEV458,issue_closed,cognistream-api
GH01744,2026-08-03 17:18:00,DEV267,code_review,cognistream-api
GH00429,2026-08-03 17:31:00,DEV416,code_review,cognistream-api
GH04837,2026-08-03 17:33:00,DEV414,issue_closed,analytics-service
GH00373,2026-08-03 17:34:00,DEV296,issue_closed,cognistream-dashboard
GH04504,2026-08-03 17:41:00,DEV295,commit,data-pipeline
GH01854,2026-08-03 17:44:00,DEV351,issue_created,data-pipeline
GH01272,2026-08-03 17:45:00,DEV106,issue_closed,analytics-service
GH03010,2026-08-03 17:45:00,DEV139,issue_created,data-pipeline
GH01560,2026-08-03 17:51:00,DEV086,pull_request,developer-tools
GH03439,2026-08-03 18:00:00,DEV028,code_review,analytics-service
GH02533,2026-08-03 18:15:00,DEV233,commit,analytics-service
GH02856,2026-08-03 18:20:00,DEV401,commit,cognistream-dashboard
GH03835,2026-08-03 18:41:00,DEV341,code_review,developer-tools
GH03246,2026-08-03 18:42:00,DEV469,pull_request,cognistream-dashboard
GH02346,2026-08-03 18:49:00,DEV401,issue_closed,developer-tools
GH02662,2026-08-03 18:49:00,DEV183,code_review,cognistream-dashboard
GH04380,2026-08-03 18:53:00,DEV035,code_review,analytics-service
GH03541,2026-08-03 18:57:00,DEV474,pull_request,data-pipeline
GH02301,2026-08-03 19:04:00,DEV223,issue_closed,cognistream-api
GH04552,2026-08-03 19:04:00,DEV215,issue_created,cognistream-api
GH04455,2026-08-03 19:17:00,DEV381,pull_request,cognistream-dashboard
GH04871,2026-08-03 19:20:00,DEV457,issue_created,cognistream-api
GH01209,2026-08-03 19:24:00,DEV131,issue_closed,cognistream-dashboard
GH04895,2026-08-03 19:24:00,DEV175,pull_request,analytics-service
GH00771,2026-08-03 19:25:00,DEV070,code_review,cognistream-api
GH01545,2026-08-03 19:27:00,DEV249,pull_request,cognistream-api
GH03169,2026-08-03 19:28:00,DEV073,code_review,data-pipeline
GH02894,2026-08-03 19:31:00,DEV003,code_review,cognistream-dashboard
GH01526,2026-08-03 19:39:00,DEV065,issue_created,cognistream-dashboard
GH03194,2026-08-03 19:44:00,DEV311,issue_created,analytics-service
GH02658,2026-08-03 19:48:00,DEV418,code_review,data-pipeline
GH04416,2026-08-03 19:50:00,DEV480,code_review,analytics-service
GH01212,2026-08-03 19:51:00,DEV388,issue_created,cognistream-api
GH04187,2026-08-03 19:51:00,DEV179,pull_request,developer-tools
GH02500,2026-08-03 19:53:00,DEV243,pull_request,data-pipeline
GH01619,2026-08-03 19:55:00,DEV010,code_review,analytics-service
GH00355,2026-08-03 19:57:00,DEV252,issue_created,cognistream-api
GH02515,2026-08-03 19:59:00,DEV053,commit,developer-tools
GH04615,2026-08-03 20:01:00,DEV244,issue_created,analytics-service
GH01104,2026-08-03 20:02:00,DEV247,commit,data-pipeline
GH00375,2026-08-03 20:06:00,DEV180,issue_closed,data-pipeline
GH01869,2026-08-03 20:13:00,DEV074,issue_closed,analytics-service
GH04962,2026-08-03 20:16:00,DEV044,pull_request,cognistream-dashboard
GH01356,2026-08-03 20:17:00,DEV009,pull_request,developer-tools
GH03927,2026-08-03 20:22:00,DEV391,pull_request,cognistream-dashboard
GH01693,2026-08-03 20:28:00,DEV214,pull_request,cognistream-dashboard
GH03263,2026-08-03 20:37:00,DEV349,commit,cognistream-dashboard
GH03483,2026-08-03 20:37:00,DEV040,issue_closed,analytics-service
GH02737,2026-08-03 20:38:00,DEV445,pull_request,cognistream-api
GH03457,2026-08-03 20:38:00,DEV284,issue_created,data-pipeline
GH00065,2026-08-03 20:40:00,DEV128,pull_request,cognistream-dashboard
GH02726,2026-08-03 20:40:00,DEV326,issue_closed,data-pipeline
GH01661,2026-08-03 20:42:00,DEV232,issue_created,cognistream-api
GH02126,2026-08-03 20:44:00,DEV292,issue_created,developer-tools
GH03281,2026-08-03 20:44:00,DEV024,commit,developer-tools
GH04016,2026-08-03 20:44:00,DEV403,pull_request,cognistream-api
GH01795,2026-08-03 20:54:00,DEV441,code_review,cognistream-api
GH02911,2026-08-03 20:55:00,DEV491,commit,cognistream-api
GH01163,2026-08-03 21:18:00,DEV428,issue_closed,analytics-service
GH03831,2026-08-03 21:25:00,DEV293,code_review,cognistream-dashboard
GH04894,2026-08-03 21:29:00,DEV425,commit,analytics-service
GH01861,2026-08-03 21:32:00,DEV357,pull_request,data-pipeline
GH01002,2026-08-03 21:34:00,DEV434,issue_closed,data-pipeline
GH02478,2026-08-03 21:35:00,DEV446,code_review,developer-tools
GH01969,2026-08-03 21:36:00,DEV197,code_review,analytics-service
GH02547,2026-08-03 21:36:00,DEV174,pull_request,data-pipeline
GH04312,2026-08-03 21:36:00,DEV479,pull_request,data-pipeline
GH03264,2026-08-03 21:39:00,DEV113,commit,cognistream-api
GH04054,2026-08-03 21:41:00,DEV062,issue_closed,data-pipeline
GH03040,2026-08-03 21:45:00,DEV080,commit,cognistream-api
GH00001,2026-08-03 21:48:00,DEV013,code_review,cognistream-dashboard
GH02776,2026-08-03 21:49:00,DEV046,code_review,developer-tools
GH04252,2026-08-03 21:49:00,DEV351,commit,analytics-service
GH04238,2026-08-03 21:50:00,DEV118,commit,analytics-service
GH03868,2026-08-03 22:02:00,DEV370,pull_request,data-pipeline
GH02308,2026-08-03 22:07:00,DEV418,commit,cognistream-dashboard
GH01984,2026-08-03 22:10:00,DEV357,pull_request,analytics-service
GH02012,2026-08-03 22:20:00,DEV375,issue_created,cognistream-api
GH01601,2026-08-03 22:27:00,DEV344,issue_created,analytics-service
GH04893,2026-08-03 22:30:00,DEV295,commit,cognistream-dashboard
GH04565,2026-08-03 22:34:00,DEV269,code_review,developer-tools
GH03484,2026-08-03 22:48:00,DEV262,commit,cognistream-dashboard
GH04827,2026-08-03 22:54:00,DEV392,issue_created,data-pipeline
GH03130,2026-08-03 22:55:00,DEV475,pull_request,analytics-service
GH00517,2026-08-03 22:57:00,DEV014,pull_request,analytics-service
GH02169,2026-08-03 23:01:00,DEV077,pull_request,cognistream-api
GH02295,2026-08-03 23:13:00,DEV380,issue_created,cognistream-dashboard
GH00816,2026-08-03 23:14:00,DEV135,issue_created,developer-tools
GH02063,2026-08-03 23:14:00,DEV214,issue_created,cognistream-api
GH01205,2026-08-03 23:16:00,DEV050,pull_request,cognistream-api
GH03445,2026-08-03 23:23:00,DEV011,issue_created,cognistream-api
GH04728,2026-08-03 23:23:00,DEV041,issue_created,data-pipeline
GH01780,2026-08-03 23:26:00,DEV304,issue_closed,analytics-service
GH00180,2026-08-03 23:28:00,DEV289,pull_request,analytics-service
GH00361,2026-08-03 23:29:00,DEV437,issue_closed,cognistream-dashboard
GH02139,2026-08-03 23:30:00,DEV173,pull_request,cognistream-api
GH03380,2026-08-03 23:31:00,DEV020,commit,analytics-service
GH02639,2026-08-03 23:37:00,DEV364,pull_request,data-pipeline
GH00238,2026-08-03 23:40:00,DEV279,pull_request,cognistream-dashboard
GH00376,2026-08-03 23:44:00,DEV391,code_review,developer-tools
GH04996,2026-08-03 23:53:00,DEV407,issue_closed,data-pipeline
GH03725,2026-08-03 23:58:00,DEV265,pull_request,analytics-service
GH01229,2026-08-04 00:01:00,DEV390,code_review,developer-tools
GH04816,2026-08-04 00:16:00,DEV438,pull_request,analytics-service
GH03775,2026-08-04 00:19:00,DEV310,issue_created,developer-tools
GH00910,2026-08-04 00:20:00,DEV233,issue_closed,developer-tools
GH02253,2026-08-04 00:21:00,DEV459,issue_created,cognistream-api
GH00653,2026-08-04 00:28:00,DEV349,pull_request,developer-tools
GH03706,2026-08-04 00:29:00,DEV471,commit,cognistream-dashboard
GH04218,2026-08-04 00:31:00,DEV474,code_review,cognistream-api
GH03552,2026-08-04 00:36:00,DEV496,code_review,cognistream-api
GH02064,2026-08-04 00:39:00,DEV420,pull_request,cognistream-api
GH02815,2026-08-04 00:41:00,DEV043,commit,analytics-service
GH03668,2026-08-04 01:03:00,DEV124,issue_closed,analytics-service
GH02826,2026-08-04 01:04:00,DEV093,issue_closed,cognistream-dashboard
GH00843,2026-08-04 01:06:00,DEV398,pull_request,cognistream-dashboard
GH00266,2026-08-04 01:09:00,DEV332,pull_request,analytics-service
GH01748,2026-08-04 01:15:00,DEV140,pull_request,cognistream-dashboard
GH01156,2026-08-04 01:17:00,DEV145,commit,cognistream-api
GH01121,2026-08-04 01:19:00,DEV241,commit,developer-tools
GH00822,2026-08-04 01:22:00,DEV123,code_review,cognistream-api
GH01893,2026-08-04 01:32:00,DEV109,issue_closed,analytics-service
GH02581,2026-08-04 01:45:00,DEV037,code_review,cognistream-api
GH02401,2026-08-04 01:51:00,DEV309,issue_created,cognistream-api
GH00576,2026-08-04 01:53:00,DEV066,commit,analytics-service
GH02075,2026-08-04 01:56:00,DEV466,code_review,cognistream-api
GH01381,2026-08-04 02:02:00,DEV383,pull_request,analytics-service
GH02121,2026-08-04 02:03:00,DEV197,issue_created,data-pipeline
GH02101,2026-08-04 02:06:00,DEV074,issue_created,analytics-service
GH01247,2026-08-04 02:10:00,DEV194,commit,analytics-service
GH02042,2026-08-04 02:11:00,DEV392,code_review,analytics-service
GH04258,2026-08-04 02:20:00,DEV439,pull_request,cognistream-api
GH04162,2026-08-04 02:21:00,DEV397,commit,developer-tools
GH01124,2026-08-04 02:26:00,DEV445,issue_created,developer-tools
GH00082,2026-08-04 02:28:00,DEV483,issue_closed,cognistream-dashboard
GH04186,2026-08-04 02:41:00,DEV414,code_review,data-pipeline
GH04940,2026-08-04 02:41:00,DEV144,issue_closed,analytics-service
GH01431,2026-08-04 02:44:00,DEV358,issue_closed,analytics-service
GH01584,2026-08-04 02:49:00,DEV446,pull_request,developer-tools
GH00876,2026-08-04 02:51:00,DEV441,issue_created,cognistream-dashboard
GH02341,2026-08-04 02:54:00,DEV288,pull_request,analytics-service
GH01907,2026-08-04 02:56:00,DEV141,pull_request,analytics-service
GH01904,2026-08-04 02:58:00,DEV500,issue_closed,developer-tools
GH02402,2026-08-04 03:00:00,DEV190,issue_closed,data-pipeline
GH03862,2026-08-04 03:04:00,DEV367,issue_closed,developer-tools
GH00187,2026-08-04 03:06:00,DEV408,issue_closed,cognistream-api
GH04516,2026-08-04 03:07:00,DEV107,pull_request,cognistream-api
GH01453,2026-08-04 03:12:00,DEV180,issue_closed,cognistream-dashboard
GH00148,2026-08-04 03:16:00,DEV234,pull_request,analytics-service
GH03339,2026-08-04 03:19:00,DEV380,issue_closed,developer-tools
GH04828,2026-08-04 03:19:00,DEV257,issue_closed,analytics-service
GH03783,2026-08-04 03:22:00,DEV445,issue_created,analytics-service
GH03180,2026-08-04 03:24:00,DEV099,issue_closed,cognistream-api
GH03998,2026-08-04 03:27:00,DEV084,pull_request,cognistream-api
GH02489,2026-08-04 03:28:00,DEV349,issue_closed,analytics-service
GH01510,2026-08-04 03:36:00,DEV499,pull_request,analytics-service
GH04339,2026-08-04 03:36:00,DEV029,pull_request,cognistream-dashboard
GH01700,2026-08-04 03:38:00,DEV356,code_review,data-pipeline
GH02194,2026-08-04 03:39:00,DEV274,pull_request,analytics-service
GH02409,2026-08-04 03:48:00,DEV281,code_review,cognistream-api
GH03433,2026-08-04 03:50:00,DEV337,commit,cognistream-api
GH03443,2026-08-04 04:02:00,DEV191,pull_request,cognistream-api
GH04617,2026-08-04 04:07:00,DEV186,commit,cognistream-api
GH02458,2026-08-04 04:09:00,DEV426,pull_request,developer-tools
GH03301,2026-08-04 04:09:00,DEV222,issue_created,developer-tools
GH02828,2026-08-04 04:11:00,DEV021,pull_request,developer-tools
GH02770,2026-08-04 04:13:00,DEV341,pull_request,developer-tools
GH00886,2026-08-04 04:15:00,DEV302,issue_created,data-pipeline
GH03351,2026-08-04 04:16:00,DEV222,pull_request,cognistream-api
GH01289,2026-08-04 04:18:00,DEV022,commit,developer-tools
GH02789,2026-08-04 04:25:00,DEV141,issue_closed,analytics-service
GH01674,2026-08-04 04:28:00,DEV047,commit,analytics-service
GH02256,2026-08-04 04:31:00,DEV179,commit,cognistream-dashboard
GH02077,2026-08-04 04:36:00,DEV472,issue_closed,cognistream-dashboard
GH02419,2026-08-04 04:36:00,DEV330,issue_closed,cognistream-api
GH02381,2026-08-04 04:37:00,DEV025,commit,analytics-service
GH02898,2026-08-04 04:38:00,DEV468,issue_created,cognistream-api
GH02040,2026-08-04 04:49:00,DEV335,code_review,analytics-service
GH00242,2026-08-04 04:54:00,DEV240,code_review,analytics-service
GH02712,2026-08-04 04:58:00,DEV198,issue_closed,cognistream-dashboard
GH00461,2026-08-04 05:05:00,DEV146,commit,cognistream-dashboard
GH02878,2026-08-04 05:05:00,DEV208,commit,developer-tools
GH02831,2026-08-04 05:06:00,DEV260,code_review,data-pipeline
GH03127,2026-08-04 05:07:00,DEV359,issue_created,analytics-service
GH02471,2026-08-04 05:08:00,DEV237,code_review,cognistream-dashboard
GH04082,2026-08-04 05:11:00,DEV278,issue_closed,analytics-service
GH02307,2026-08-04 05:18:00,DEV070,commit,cognistream-dashboard
GH00542,2026-08-04 05:21:00,DEV321,code_review,developer-tools
GH04032,2026-08-04 05:43:00,DEV113,issue_closed,cognistream-dashboard
GH00340,2026-08-04 05:46:00,DEV403,issue_closed,cognistream-dashboard
GH02374,2026-08-04 05:48:00,DEV267,issue_closed,data-pipeline
GH02517,2026-08-04 05:48:00,DEV327,issue_closed,data-pipeline
GH03792,2026-08-04 05:50:00,DEV373,pull_request,analytics-service
GH02912,2026-08-04 05:52:00,DEV080,code_review,developer-tools
GH01056,2026-08-04 05:54:00,DEV022,issue_created,cognistream-api
GH04053,2026-08-04 05:56:00,DEV049,pull_request,analytics-service
GH02782,2026-08-04 05:58:00,DEV267,issue_closed,developer-tools
GH04055,2026-08-04 05:58:00,DEV448,code_review,data-pipeline
GH03155,2026-08-04 05:59:00,DEV259,commit,developer-tools
GH01474,2026-08-04 06:02:00,DEV068,issue_closed,cognistream-dashboard
GH04974,2026-08-04 06:14:00,DEV462,commit,cognistream-dashboard
GH00852,2026-08-04 06:17:00,DEV360,pull_request,cognistream-dashboard
GH00131,2026-08-04 06:30:00,DEV099,issue_created,analytics-service
GH03633,2026-08-04 06:30:00,DEV388,commit,cognistream-dashboard
GH02506,2026-08-04 06:39:00,DEV032,issue_created,cognistream-api
GH03016,2026-08-04 06:39:00,DEV094,issue_created,data-pipeline
GH02947,2026-08-04 06:48:00,DEV099,issue_created,developer-tools
GH02762,2026-08-04 06:49:00,DEV255,commit,data-pipeline
GH02133,2026-08-04 07:00:00,DEV429,code_review,data-pipeline
GH04029,2026-08-04 07:00:00,DEV166,issue_closed,data-pipeline
GH02482,2026-08-04 07:02:00,DEV382,commit,cognistream-dashboard
GH00535,2026-08-04 07:05:00,DEV450,issue_closed,developer-tools
GH04535,2026-08-04 07:06:00,DEV304,commit,developer-tools
GH03754,2026-08-04 07:10:00,DEV163,pull_request,analytics-service
GH03881,2026-08-04 07:12:00,DEV076,issue_closed,data-pipeline
GH02069,2026-08-04 07:17:00,DEV439,pull_request,cognistream-dashboard
GH03152,2026-08-04 07:22:00,DEV481,issue_created,cognistream-dashboard
GH01139,2026-08-04 07:24:00,DEV053,issue_created,developer-tools
GH03086,2026-08-04 07:26:00,DEV226,code_review,developer-tools
GH00399,2026-08-04 07:33:00,DEV195,issue_closed,cognistream-dashboard
GH04386,2026-08-04 07:41:00,DEV272,code_review,data-pipeline
GH01707,2026-08-04 07:50:00,DEV315,issue_closed,analytics-service
GH03432,2026-08-04 07:50:00,DEV311,issue_created,analytics-service
GH01544,2026-08-04 07:52:00,DEV092,commit,cognistream-dashboard
GH03742,2026-08-04 07:56:00,DEV340,code_review,cognistream-api
GH02391,2026-08-04 08:01:00,DEV244,pull_request,analytics-service
GH02225,2026-08-04 08:06:00,DEV221,pull_request,developer-tools
GH04700,2026-08-04 08:13:00,DEV213,commit,cognistream-dashboard
GH04289,2026-08-04 08:18:00,DEV391,issue_created,data-pipeline
GH00948,2026-08-04 08:23:00,DEV122,code_review,data-pipeline
GH00087,2026-08-04 08:28:00,DEV344,code_review,analytics-service
GH00261,2026-08-04 08:33:00,DEV475,code_review,analytics-service
GH00449,2026-08-04 08:34:00,DEV306,issue_created,cognistream-dashboard
GH01146,2026-08-04 08:39:00,DEV109,commit,developer-tools
GH02278,2026-08-04 08:42:00,DEV184,commit,data-pipeline
GH03829,2026-08-04 08:55:00,DEV194,issue_closed,cognistream-api
GH04038,2026-08-04 08:55:00,DEV168,issue_created,data-pipeline
GH01762,2026-08-04 08:58:00,DEV048,issue_created,cognistream-api
GH03563,2026-08-04 08:58:00,DEV102,commit,developer-tools
GH00868,2026-08-04 09:02:00,DEV452,code_review,cognistream-dashboard
GH02242,2026-08-04 09:02:00,DEV046,code_review,developer-tools
GH01994,2026-08-04 09:03:00,DEV460,code_review,cognistream-dashboard
GH01987,2026-08-04 09:06:00,DEV243,code_review,analytics-service
GH02239,2026-08-04 09:13:00,DEV496,issue_closed,cognistream-api
GH03518,2026-08-04 09:17:00,DEV264,issue_closed,analytics-service
GH00757,2026-08-04 09:21:00,DEV045,pull_request,analytics-service
GH01829,2026-08-04 09:23:00,DEV316,code_review,data-pipeline
GH03905,2026-08-04 09:23:00,DEV268,code_review,cognistream-api
GH04955,2026-08-04 09:25:00,DEV152,issue_created,cognistream-api
GH03852,2026-08-04 09:26:00,DEV151,commit,cognistream-api
GH00874,2026-08-04 09:28:00,DEV304,pull_request,developer-tools
GH01958,2026-08-04 09:28:00,DEV184,code_review,cognistream-dashboard
GH04785,2026-08-04 09:34:00,DEV418,code_review,analytics-service
GH04722,2026-08-04 09:36:00,DEV100,issue_created,developer-tools
GH02966,2026-08-04 09:37:00,DEV139,commit,cognistream-dashboard
GH04128,2026-08-04 09:39:00,DEV472,issue_created,cognistream-api
GH03383,2026-08-04 09:45:00,DEV327,issue_closed,developer-tools
GH04563,2026-08-04 09:45:00,DEV383,issue_created,cognistream-api
GH02884,2026-08-04 09:48:00,DEV264,code_review,cognistream-api
GH00946,2026-08-04 09:54:00,DEV327,issue_created,cognistream-api
GH00644,2026-08-04 09:56:00,DEV245,pull_request,analytics-service
GH03026,2026-08-04 09:57:00,DEV472,commit,cognistream-api
GH02970,2026-08-04 09:58:00,DEV210,issue_closed,data-pipeline
GH01318,2026-08-04 10:07:00,DEV238,issue_closed,developer-tools
GH01649,2026-08-04 10:13:00,DEV258,issue_closed,analytics-service
GH02681,2026-08-04 10:19:00,DEV143,code_review,cognistream-api
GH02732,2026-08-04 10:21:00,DEV102,issue_created,cognistream-dashboard
GH04027,2026-08-04 10:24:00,DEV439,issue_closed,cognistream-api
GH01445,2026-08-04 10:26:00,DEV458,issue_closed,developer-tools
GH04143,2026-08-04 10:27:00,DEV165,pull_request,developer-tools
GH01529,2026-08-04 10:34:00,DEV129,commit,analytics-service
GH04676,2026-08-04 10:42:00,DEV086,commit,analytics-service
GH00663,2026-08-04 10:57:00,DEV393,issue_created,data-pipeline
GH03321,2026-08-04 11:06:00,DEV214,issue_closed,cognistream-dashboard
GH04937,2026-08-04 11:07:00,DEV114,pull_request,cognistream-dashboard
GH01939,2026-08-04 11:29:00,DEV235,pull_request,data-pipeline
GH02173,2026-08-04 11:30:00,DEV015,code_review,data-pipeline
GH01005,2026-08-04 11:31:00,DEV500,pull_request,analytics-service
GH01496,2026-08-04 11:36:00,DEV149,commit,analytics-service
GH02706,2026-08-04 11:37:00,DEV367,issue_created,cognistream-dashboard
GH03441,2026-08-04 11:53:00,DEV431,issue_closed,cognistream-dashboard
GH01155,2026-08-04 11:54:00,DEV215,commit,developer-tools
GH00979,2026-08-04 11:56:00,DEV215,pull_request,developer-tools
GH01631,2026-08-04 11:57:00,DEV045,issue_created,developer-tools
GH00613,2026-08-04 11:58:00,DEV056,issue_closed,developer-tools
GH01905,2026-08-04 12:00:00,DEV165,pull_request,cognistream-api
GH01126,2026-08-04 12:01:00,DEV103,code_review,analytics-service
GH03030,2026-08-04 12:15:00,DEV061,pull_request,analytics-service
GH01637,2026-08-04 12:25:00,DEV159,issue_closed,cognistream-dashboard
GH03510,2026-08-04 12:26:00,DEV311,code_review,data-pipeline
GH00031,2026-08-04 12:32:00,DEV261,issue_created,cognistream-api
GH02413,2026-08-04 12:39:00,DEV259,issue_created,analytics-service
GH01636,2026-08-04 12:40:00,DEV298,issue_closed,cognistream-dashboard
GH03325,2026-08-04 12:41:00,DEV270,issue_created,data-pipeline
GH01962,2026-08-04 12:42:00,DEV448,issue_created,cognistream-dashboard
GH00527,2026-08-04 12:50:00,DEV122,issue_created,cognistream-api
GH02066,2026-08-04 12:55:00,DEV419,issue_created,developer-tools
GH03320,2026-08-04 13:00:00,DEV350,pull_request,data-pipeline
GH02993,2026-08-04 13:02:00,DEV246,issue_closed,analytics-service
GH04600,2026-08-04 13:03:00,DEV411,code_review,cognistream-dashboard
GH02013,2026-08-04 13:08:00,DEV348,issue_closed,cognistream-api
GH04501,2026-08-04 13:11:00,DEV418,pull_request,analytics-service
GH00583,2026-08-04 13:20:00,DEV168,issue_closed,data-pipeline
GH03726,2026-08-04 13:21:00,DEV240,issue_closed,data-pipeline
GH02835,2026-08-04 13:22:00,DEV296,issue_created,data-pipeline
GH03941,2026-08-04 13:25:00,DEV500,issue_created,data-pipeline
GH00715,2026-08-04 13:26:00,DEV369,issue_closed,analytics-service
GH02386,2026-08-04 13:26:00,DEV366,issue_created,developer-tools
GH03876,2026-08-04 13:28:00,DEV076,issue_closed,data-pipeline
GH02642,2026-08-04 13:35:00,DEV242,code_review,cognistream-dashboard
GH03965,2026-08-04 13:36:00,DEV062,issue_created,analytics-service
GH00828,2026-08-04 13:37:00,DEV096,code_review,analytics-service
GH03960,2026-08-04 13:42:00,DEV396,commit,data-pipeline
GH02178,2026-08-04 13:45:00,DEV121,commit,developer-tools
GH03330,2026-08-04 13:46:00,DEV315,code_review,cognistream-dashboard
GH03070,2026-08-04 13:55:00,DEV394,pull_request,developer-tools
GH03542,2026-08-04 14:00:00,DEV050,pull_request,developer-tools
GH02689,2026-08-04 14:17:00,DEV481,pull_request,cognistream-dashboard
GH00800,2026-08-04 14:22:00,DEV179,code_review,data-pipeline
GH02839,2026-08-04 14:22:00,DEV154,pull_request,cognistream-dashboard
GH00383,2026-08-04 14:28:00,DEV380,commit,cognistream-api
GH02406,2026-08-04 14:37:00,DEV402,issue_closed,analytics-service
GH01668,2026-08-04 14:40:00,DEV238,issue_created,cognistream-api
GH02449,2026-08-04 14:45:00,DEV192,issue_closed,cognistream-dashboard
GH04033,2026-08-04 14:52:00,DEV116,commit,cognistream-api
GH02866,2026-08-04 14:55:00,DEV194,issue_closed,data-pipeline
GH01352,2026-08-04 14:56:00,DEV407,issue_closed,cognistream-dashboard
GH02727,2026-08-04 14:56:00,DEV138,pull_request,analytics-service
GH04241,2026-08-04 14:57:00,DEV227,issue_closed,cognistream-api
GH00510,2026-08-04 14:58:00,DEV435,issue_closed,analytics-service
GH03487,2026-08-04 15:08:00,DEV013,code_review,developer-tools
GH03535,2026-08-04 15:12:00,DEV022,pull_request,analytics-service
GH02845,2026-08-04 15:13:00,DEV275,pull_request,cognistream-api
GH03664,2026-08-04 15:16:00,DEV085,issue_created,cognistream-api
GH04251,2026-08-04 15:17:00,DEV281,code_review,cognistream-api
GH03619,2026-08-04 15:31:00,DEV415,commit,cognistream-api
GH04349,2026-08-04 15:35:00,DEV450,issue_closed,developer-tools
GH04719,2026-08-04 15:37:00,DEV073,pull_request,cognistream-api
GH04412,2026-08-04 15:40:00,DEV152,commit,cognistream-api
GH01287,2026-08-04 15:41:00,DEV153,code_review,cognistream-api
GH00284,2026-08-04 15:43:00,DEV210,pull_request,cognistream-api
GH03341,2026-08-04 15:43:00,DEV288,issue_created,cognistream-dashboard
GH04159,2026-08-04 15:46:00,DEV393,issue_closed,developer-tools
GH04021,2026-08-04 15:49:00,DEV468,issue_created,cognistream-api
GH04512,2026-08-04 15:50:00,DEV469,commit,data-pipeline
GH04266,2026-08-04 15:51:00,DEV147,pull_request,analytics-service
GH04896,2026-08-04 15:51:00,DEV076,commit,data-pipeline
GH02551,2026-08-04 15:52:00,DEV452,pull_request,cognistream-dashboard
GH01679,2026-08-04 15:58:00,DEV092,commit,analytics-service
GH03116,2026-08-04 15:58:00,DEV166,code_review,cognistream-api
GH02785,2026-08-04 16:01:00,DEV418,code_review,cognistream-dashboard
GH04914,2026-08-04 16:01:00,DEV057,code_review,data-pipeline
GH01458,2026-08-04 16:06:00,DEV445,pull_request,data-pipeline
GH04039,2026-08-04 16:18:00,DEV297,commit,analytics-service
GH01233,2026-08-04 16:22:00,DEV028,commit,cognistream-dashboard
GH01386,2026-08-04 16:22:00,DEV242,issue_closed,analytics-service
GH04572,2026-08-04 16:24:00,DEV441,commit,analytics-service
GH04701,2026-08-04 16:28:00,DEV460,commit,data-pipeline
GH02361,2026-08-04 16:30:00,DEV395,commit,developer-tools
GH01605,2026-08-04 16:38:00,DEV226,commit,cognistream-dashboard
GH01443,2026-08-04 16:39:00,DEV410,pull_request,analytics-service
GH03867,2026-08-04 16:43:00,DEV434,code_review,developer-tools
GH04571,2026-08-04 16:47:00,DEV342,pull_request,developer-tools
GH02048,2026-08-04 16:48:00,DEV164,issue_created,cognistream-dashboard
GH02924,2026-08-04 16:50:00,DEV219,commit,developer-tools
GH00853,2026-08-04 16:52:00,DEV365,code_review,cognistream-dashboard
GH04608,2026-08-04 16:55:00,DEV131,issue_closed,cognistream-api
GH00609,2026-08-04 16:59:00,DEV149,commit,data-pipeline
GH04303,2026-08-04 17:05:00,DEV466,issue_created,cognistream-api
GH03797,2026-08-04 17:08:00,DEV312,commit,analytics-service
GH02369,2026-08-04 17:12:00,DEV359,issue_created,analytics-service
GH03476,2026-08-04 17:13:00,DEV447,issue_closed,cognistream-api
GH03251,2026-08-04 17:26:00,DEV237,commit,cognistream-api
GH03001,2026-08-04 17:29:00,DEV181,code_review,cognistream-dashboard
GH02523,2026-08-04 17:30:00,DEV241,code_review,developer-tools
GH01054,2026-08-04 17:31:00,DEV062,issue_created,cognistream-dashboard
GH03699,2026-08-04 17:33:00,DEV374,code_review,cognistream-api
GH00145,2026-08-04 17:35:00,DEV336,commit,cognistream-api
GH00343,2026-08-04 17:35:00,DEV404,issue_closed,cognistream-api
GH02805,2026-08-04 17:36:00,DEV193,issue_created,cognistream-dashboard
GH04414,2026-08-04 17:37:00,DEV229,issue_created,developer-tools
GH00413,2026-08-04 17:39:00,DEV121,commit,cognistream-dashboard
GH01608,2026-08-04 17:39:00,DEV445,code_review,cognistream-api
GH04774,2026-08-04 17:39:00,DEV056,issue_created,cognistream-dashboard
GH02164,2026-08-04 17:41:00,DEV124,pull_request,data-pipeline
GH03013,2026-08-04 17:42:00,DEV200,issue_created,analytics-service
GH04986,2026-08-04 17:43:00,DEV320,issue_created,cognistream-api
GH04737,2026-08-04 17:48:00,DEV285,pull_request,cognistream-dashboard
GH01592,2026-08-04 17:50:00,DEV068,code_review,cognistream-api
GH04789,2026-08-04 17:55:00,DEV022,pull_request,cognistream-dashboard
GH02979,2026-08-04 18:00:00,DEV462,issue_created,cognistream-api
GH04398,2026-08-04 18:01:00,DEV320,code_review,cognistream-api
GH02556,2026-08-04 18:08:00,DEV168,pull_request,cognistream-api
GH02288,2026-08-04 18:09:00,DEV066,code_review,cognistream-dashboard
GH00975,2026-08-04 18:10:00,DEV018,issue_closed,developer-tools
GH03012,2026-08-04 18:10:00,DEV399,pull_request,data-pipeline
GH02922,2026-08-04 18:13:00,DEV118,commit,cognistream-dashboard
GH04772,2026-08-04 18:13:00,DEV361,pull_request,cognistream-api
GH00727,2026-08-04 18:19:00,DEV124,pull_request,developer-tools
GH04662,2026-08-04 18:23:00,DEV151,pull_request,analytics-service
GH01164,2026-08-04 18:27:00,DEV487,commit,developer-tools
GH00687,2026-08-04 18:29:00,DEV154,issue_created,cognistream-dashboard
GH04775,2026-08-04 18:33:00,DEV371,commit,data-pipeline
GH00472,2026-08-04 18:39:00,DEV281,issue_closed,developer-tools
GH04995,2026-08-04 18:47:00,DEV181,code_review,analytics-service
GH04374,2026-08-04 18:51:00,DEV139,code_review,cognistream-dashboard
GH01107,2026-08-04 18:52:00,DEV265,pull_request,cognistream-api
GH00925,2026-08-04 18:57:00,DEV092,commit,developer-tools
GH03304,2026-08-04 19:02:00,DEV268,code_review,developer-tools
GH01985,2026-08-04 19:11:00,DEV448,pull_request,developer-tools
GH03117,2026-08-04 19:11:00,DEV460,issue_created,cognistream-dashboard
GH03982,2026-08-04 19:11:00,DEV133,pull_request,developer-tools
GH00428,2026-08-04 19:23:00,DEV491,commit,analytics-service
GH04372,2026-08-04 19:29:00,DEV304,pull_request,cognistream-dashboard
GH04015,2026-08-04 19:40:00,DEV380,pull_request,data-pipeline
GH03367,2026-08-04 19:41:00,DEV181,issue_closed,data-pipeline
GH00596,2026-08-04 19:42:00,DEV212,pull_request,analytics-service
GH04428,2026-08-04 19:46:00,DEV053,issue_closed,cognistream-dashboard
GH00224,2026-08-04 19:51:00,DEV077,issue_closed,data-pipeline
GH03605,2026-08-04 19:55:00,DEV049,issue_closed,analytics-service
GH04754,2026-08-04 19:57:00,DEV027,commit,analytics-service
GH04299,2026-08-04 20:01:00,DEV084,issue_created,cognistream-api
GH04065,2026-08-04 20:02:00,DEV277,issue_closed,analytics-service
GH03182,2026-08-04 20:12:00,DEV111,code_review,cognistream-api
GH00179,2026-08-04 20:13:00,DEV123,pull_request,analytics-service
GH01303,2026-08-04 20:13:00,DEV290,issue_closed,data-pipeline
GH03076,2026-08-04 20:13:00,DEV291,issue_created,cognistream-api
GH00710,2026-08-04 20:14:00,DEV101,code_review,cognistream-dashboard
GH02917,2026-08-04 20:16:00,DEV374,issue_closed,cognistream-dashboard
GH03985,2026-08-04 20:20:00,DEV097,pull_request,cognistream-dashboard
GH00366,2026-08-04 20:21:00,DEV352,issue_created,cognistream-api
GH04438,2026-08-04 20:21:00,DEV489,pull_request,developer-tools
GH04368,2026-08-04 20:23:00,DEV073,issue_created,analytics-service
GH04244,2026-08-04 20:24:00,DEV175,code_review,cognistream-dashboard
GH04672,2026-08-04 20:24:00,DEV274,pull_request,cognistream-dashboard
GH00415,2026-08-04 20:29:00,DEV390,commit,cognistream-dashboard
GH00192,2026-08-04 20:33:00,DEV223,pull_request,developer-tools
GH03345,2026-08-04 20:34:00,DEV310,commit,developer-tools
GH03690,2026-08-04 20:39:00,DEV362,pull_request,cognistream-dashboard
GH03147,2026-08-04 20:45:00,DEV405,code_review,developer-tools
GH02647,2026-08-04 20:49:00,DEV226,code_review,cognistream-dashboard
GH04083,2026-08-04 20:55:00,DEV037,code_review,data-pipeline
GH01251,2026-08-04 20:56:00,DEV476,code_review,developer-tools
GH02601,2026-08-04 20:56:00,DEV488,code_review,developer-tools
GH02039,2026-08-04 21:07:00,DEV135,code_review,analytics-service
GH04744,2026-08-04 21:07:00,DEV213,issue_created,cognistream-api
GH02276,2026-08-04 21:10:00,DEV062,code_review,analytics-service
GH01801,2026-08-04 21:15:00,DEV148,pull_request,cognistream-dashboard
GH02995,2026-08-04 21:23:00,DEV125,commit,developer-tools
GH00110,2026-08-04 21:24:00,DEV474,pull_request,cognistream-dashboard
GH00374,2026-08-04 21:30:00,DEV337,issue_created,cognistream-dashboard
GH02707,2026-08-04 21:30:00,DEV470,pull_request,cognistream-api
GH00446,2026-08-04 21:37:00,DEV040,code_review,cognistream-api
GH04433,2026-08-04 21:38:00,DEV281,commit,cognistream-dashboard
GH02285,2026-08-04 21:41:00,DEV477,issue_created,developer-tools
GH01472,2026-08-04 21:48:00,DEV044,issue_created,data-pipeline
GH00097,2026-08-04 21:53:00,DEV140,code_review,developer-tools
GH02899,2026-08-04 21:59:00,DEV394,code_review,cognistream-dashboard
GH01483,2026-08-04 22:02:00,DEV156,commit,cognistream-api
GH03100,2026-08-04 22:03:00,DEV486,issue_created,cognistream-dashboard
GH04011,2026-08-04 22:03:00,DEV072,issue_created,cognistream-api
GH03887,2026-08-04 22:07:00,DEV301,issue_closed,data-pipeline
GH03825,2026-08-04 22:08:00,DEV320,issue_closed,cognistream-dashboard
GH04677,2026-08-04 22:08:00,DEV434,pull_request,cognistream-dashboard
GH01575,2026-08-04 22:15:00,DEV071,code_review,data-pipeline
GH01285,2026-08-04 22:22:00,DEV274,pull_request,cognistream-dashboard
GH00233,2026-08-04 22:29:00,DEV002,issue_created,analytics-service
GH03554,2026-08-04 22:35:00,DEV260,code_review,data-pipeline
GH01945,2026-08-04 22:37:00,DEV405,issue_closed,cognistream-dashboard
GH03045,2026-08-04 22:38:00,DEV140,commit,developer-tools
GH02400,2026-08-04 22:39:00,DEV484,issue_closed,data-pipeline
GH03599,2026-08-04 22:42:00,DEV145,code_review,cognistream-api
GH04415,2026-08-04 22:43:00,DEV305,issue_created,data-pipeline
GH03593,2026-08-04 22:44:00,DEV430,issue_closed,analytics-service
GH03933,2026-08-04 22:48:00,DEV167,issue_closed,analytics-service
GH02569,2026-08-04 22:51:00,DEV479,code_review,data-pipeline
GH04581,2026-08-04 22:53:00,DEV124,issue_closed,developer-tools
GH01339,2026-08-04 22:56:00,DEV186,issue_closed,cognistream-api
GH00388,2026-08-04 22:58:00,DEV387,issue_closed,cognistream-api
GH00525,2026-08-04 23:01:00,DEV365,pull_request,data-pipeline
GH00957,2026-08-04 23:04:00,DEV414,code_review,developer-tools
GH01523,2026-08-04 23:07:00,DEV256,commit,developer-tools
GH02208,2026-08-04 23:11:00,DEV128,issue_closed,cognistream-dashboard
GH03402,2026-08-04 23:12:00,DEV496,code_review,cognistream-api
GH02630,2026-08-04 23:15:00,DEV141,issue_closed,data-pipeline
GH01639,2026-08-04 23:18:00,DEV163,commit,developer-tools
GH04301,2026-08-04 23:26:00,DEV288,issue_closed,analytics-service
GH03879,2026-08-04 23:27:00,DEV291,code_review,analytics-service
GH01132,2026-08-04 23:31:00,DEV251,commit,cognistream-dashboard
GH03154,2026-08-04 23:31:00,DEV224,pull_request,cognistream-api
GH04384,2026-08-04 23:37:00,DEV174,code_review,developer-tools
GH02618,2026-08-04 23:42:00,DEV310,issue_closed,data-pipeline
GH04230,2026-08-04 23:47:00,DEV462,issue_created,cognistream-api
GH01080,2026-08-04 23:49:00,DEV034,code_review,developer-tools
GH03157,2026-08-04 23:51:00,DEV486,code_review,cognistream-dashboard
GH03832,2026-08-04 23:53:00,DEV393,issue_created,developer-tools
GH03375,2026-08-04 23:55:00,DEV119,commit,cognistream-api
GH04750,2026-08-04 23:56:00,DEV307,code_review,developer-tools
GH04120,2026-08-04 23:57:00,DEV492,pull_request,data-pipeline
GH00563,2026-08-05 00:01:00,DEV256,issue_closed,analytics-service
GH01177,2026-08-05 00:03:00,DEV054,issue_created,developer-tools
GH04074,2026-08-05 00:04:00,DEV331,issue_created,analytics-service
GH00988,2026-08-05 00:10:00,DEV052,pull_request,cognistream-dashboard
GH00033,2026-08-05 00:22:00,DEV406,issue_created,developer-tools
GH04073,2026-08-05 00:31:00,DEV392,pull_request,analytics-service
GH02907,2026-08-05 00:33:00,DEV342,pull_request,analytics-service
GH01534,2026-08-05 00:34:00,DEV036,issue_closed,cognistream-dashboard
GH03042,2026-08-05 00:34:00,DEV006,issue_created,analytics-service
GH01160,2026-08-05 00:35:00,DEV021,issue_closed,analytics-service
GH01998,2026-08-05 00:48:00,DEV365,issue_closed,data-pipeline
GH03771,2026-08-05 00:51:00,DEV164,pull_request,developer-tools
GH01027,2026-08-05 00:52:00,DEV375,commit,developer-tools
GH01249,2026-08-05 00:53:00,DEV300,code_review,cognistream-api
GH01293,2026-08-05 00:54:00,DEV095,pull_request,developer-tools
GH03175,2026-08-05 00:59:00,DEV093,code_review,cognistream-api
GH03068,2026-08-05 01:02:00,DEV078,issue_created,cognistream-api
GH02000,2026-08-05 01:03:00,DEV122,commit,cognistream-api
GH02327,2026-08-05 01:06:00,DEV148,pull_request,analytics-service
GH02720,2026-08-05 01:09:00,DEV007,commit,cognistream-api
GH01382,2026-08-05 01:21:00,DEV052,pull_request,developer-tools
GH01960,2026-08-05 01:21:00,DEV361,issue_created,developer-tools
GH02903,2026-08-05 01:22:00,DEV072,code_review,analytics-service
GH04042,2026-08-05 01:24:00,DEV204,code_review,cognistream-api
GH00539,2026-08-05 01:27:00,DEV166,pull_request,data-pipeline
GH01461,2026-08-05 01:28:00,DEV176,pull_request,data-pipeline
GH02332,2026-08-05 01:29:00,DEV319,pull_request,data-pipeline
GH04681,2026-08-05 01:31:00,DEV328,issue_closed,cognistream-api
GH00450,2026-08-05 01:36:00,DEV093,issue_closed,cognistream-dashboard
GH04352,2026-08-05 01:42:00,DEV203,issue_closed,data-pipeline
GH00584,2026-08-05 01:44:00,DEV202,issue_closed,data-pipeline
GH03460,2026-08-05 01:46:00,DEV492,issue_created,analytics-service
GH04541,2026-08-05 01:52:00,DEV021,code_review,developer-tools
GH02396,2026-08-05 01:56:00,DEV074,issue_closed,cognistream-dashboard
GH02994,2026-08-05 02:05:00,DEV158,code_review,analytics-service
GH03768,2026-08-05 02:18:00,DEV204,issue_closed,cognistream-api
GH02252,2026-08-05 02:19:00,DEV362,issue_created,analytics-service
GH02801,2026-08-05 02:23:00,DEV296,pull_request,analytics-service
GH00913,2026-08-05 02:28:00,DEV255,code_review,developer-tools
GH04823,2026-08-05 02:30:00,DEV186,commit,data-pipeline
GH02848,2026-08-05 02:35:00,DEV215,pull_request,data-pipeline
GH02124,2026-08-05 02:38:00,DEV252,issue_created,cognistream-dashboard
GH01208,2026-08-05 02:39:00,DEV253,pull_request,analytics-service
GH02693,2026-08-05 02:39:00,DEV370,pull_request,cognistream-dashboard
GH04446,2026-08-05 02:39:00,DEV204,pull_request,cognistream-dashboard
GH03645,2026-08-05 02:41:00,DEV269,issue_created,cognistream-api
GH00806,2026-08-05 02:45:00,DEV477,pull_request,developer-tools
GH00953,2026-08-05 02:46:00,DEV231,issue_created,data-pipeline
GH00652,2026-08-05 02:51:00,DEV168,issue_closed,analytics-service
GH03051,2026-08-05 03:00:00,DEV028,code_review,analytics-service
GH01030,2026-08-05 03:06:00,DEV311,issue_created,cognistream-dashboard
GH01909,2026-08-05 03:06:00,DEV225,pull_request,developer-tools
GH02248,2026-08-05 03:06:00,DEV162,issue_created,cognistream-dashboard
GH02874,2026-08-05 03:10:00,DEV295,commit,cognistream-api
GH04463,2026-08-05 03:15:00,DEV472,issue_created,analytics-service
GH02956,2026-08-05 03:23:00,DEV225,issue_closed,analytics-service
GH01337,2026-08-05 03:26:00,DEV118,commit,developer-tools
GH03538,2026-08-05 03:26:00,DEV061,code_review,data-pipeline
GH04064,2026-08-05 03:27:00,DEV326,issue_closed,cognistream-dashboard
GH02723,2026-08-05 03:33:00,DEV425,issue_created,data-pipeline
GH01321,2026-08-05 03:34:00,DEV388,issue_closed,cognistream-dashboard
GH03641,2026-08-05 03:37:00,DEV073,code_review,developer-tools
GH01728,2026-08-05 03:38:00,DEV293,issue_closed,analytics-service
GH02313,2026-08-05 03:42:00,DEV463,pull_request,analytics-service
GH03672,2026-08-05 03:43:00,DEV485,code_review,cognistream-dashboard
GH03740,2026-08-05 03:52:00,DEV473,code_review,developer-tools
GH04063,2026-08-05 04:04:00,DEV192,pull_request,cognistream-api
GH01176,2026-08-05 04:05:00,DEV058,pull_request,cognistream-api
GH00920,2026-08-05 04:08:00,DEV189,pull_request,data-pipeline
GH02657,2026-08-05 04:13:00,DEV023,issue_created,developer-tools
GH04945,2026-08-05 04:13:00,DEV337,commit,analytics-service
GH01055,2026-08-05 04:17:00,DEV498,pull_request,cognistream-dashboard
GH00767,2026-08-05 04:19:00,DEV223,code_review,analytics-service
GH00833,2026-08-05 04:20:00,DEV043,issue_closed,cognistream-api
GH01466,2026-08-05 04:22:00,DEV095,commit,cognistream-dashboard
GH01823,2026-08-05 04:28:00,DEV019,issue_closed,data-pipeline
GH01840,2026-08-05 04:31:00,DEV238,issue_created,analytics-service
GH01908,2026-08-05 04:46:00,DEV357,code_review,developer-tools
GH02431,2026-08-05 04:50:00,DEV147,pull_request,cognistream-dashboard
GH00714,2026-08-05 04:52:00,DEV376,code_review,cognistream-dashboard
GH03889,2026-08-05 05:21:00,DEV446,issue_closed,analytics-service
GH01604,2026-08-05 05:26:00,DEV180,issue_closed,analytics-service
GH01395,2026-08-05 05:33:00,DEV346,commit,data-pipeline
GH00765,2026-08-05 05:34:00,DEV072,code_review,data-pipeline
GH03003,2026-08-05 05:36:00,DEV057,pull_request,cognistream-api
GH04023,2026-08-05 05:42:00,DEV081,commit,cognistream-api
GH04254,2026-08-05 05:47:00,DEV371,code_review,data-pipeline
GH02220,2026-08-05 05:54:00,DEV485,issue_closed,cognistream-api
GH02766,2026-08-05 06:04:00,DEV386,commit,cognistream-api
GH02643,2026-08-05 06:09:00,DEV430,commit,developer-tools
GH02731,2026-08-05 06:11:00,DEV091,code_review,cognistream-dashboard
GH02861,2026-08-05 06:15:00,DEV163,issue_created,cognistream-dashboard
GH01039,2026-08-05 06:17:00,DEV327,code_review,cognistream-api
GH03213,2026-08-05 06:27:00,DEV308,code_review,developer-tools
GH00545,2026-08-05 06:29:00,DEV338,issue_closed,developer-tools
GH04150,2026-08-05 06:34:00,DEV012,issue_closed,analytics-service
GH00734,2026-08-05 06:35:00,DEV043,issue_created,analytics-service
GH02549,2026-08-05 06:35:00,DEV482,issue_closed,developer-tools
GH02607,2026-08-05 06:37:00,DEV054,issue_closed,cognistream-dashboard
GH02669,2026-08-05 06:38:00,DEV129,commit,developer-tools
GH02303,2026-08-05 06:47:00,DEV336,issue_created,analytics-service
GH02085,2026-08-05 06:48:00,DEV462,issue_closed,cognistream-api
GH03932,2026-08-05 06:48:00,DEV437,pull_request,developer-tools
GH03746,2026-08-05 06:58:00,DEV155,code_review,cognistream-api
GH04969,2026-08-05 07:00:00,DEV313,issue_created,data-pipeline
GH01898,2026-08-05 07:04:00,DEV324,commit,data-pipeline
GH02812,2026-08-05 07:12:00,DEV335,issue_created,cognistream-api
GH00820,2026-08-05 07:13:00,DEV417,code_review,developer-tools
GH03700,2026-08-05 07:15:00,DEV228,commit,data-pipeline
GH03702,2026-08-05 07:27:00,DEV326,commit,data-pipeline
GH02334,2026-08-05 07:38:00,DEV103,pull_request,developer-tools
GH01799,2026-08-05 07:42:00,DEV244,pull_request,cognistream-dashboard
GH02211,2026-08-05 07:44:00,DEV352,issue_closed,data-pipeline
GH02466,2026-08-05 07:46:00,DEV212,issue_closed,analytics-service
GH00991,2026-08-05 07:52:00,DEV091,pull_request,developer-tools
GH03688,2026-08-05 07:54:00,DEV243,issue_closed,cognistream-api
GH04540,2026-08-05 07:58:00,DEV462,issue_created,data-pipeline
GH03378,2026-08-05 08:01:00,DEV373,issue_created,analytics-service
GH00132,2026-08-05 08:02:00,DEV316,issue_closed,data-pipeline
GH00348,2026-08-05 08:09:00,DEV136,commit,cognistream-dashboard
GH00807,2026-08-05 08:16:00,DEV283,pull_request,data-pipeline
GH04475,2026-08-05 08:20:00,DEV008,commit,cognistream-api
GH01831,2026-08-05 08:21:00,DEV466,issue_closed,cognistream-dashboard
GH03297,2026-08-05 08:32:00,DEV136,code_review,data-pipeline
GH01404,2026-08-05 08:35:00,DEV209,issue_closed,cognistream-api
GH00622,2026-08-05 08:36:00,DEV214,pull_request,cognistream-api
GH00489,2026-08-05 08:37:00,DEV426,issue_created,analytics-service
GH03997,2026-08-05 08:37:00,DEV260,issue_closed,developer-tools
GH02185,2026-08-05 08:39:00,DEV110,code_review,analytics-service
GH04680,2026-08-05 08:39:00,DEV364,commit,cognistream-dashboard
GH03791,2026-08-05 08:42:00,DEV044,issue_closed,cognistream-api
GH01391,2026-08-05 08:43:00,DEV328,issue_created,analytics-service
GH03890,2026-08-05 08:47:00,DEV248,issue_created,cognistream-api
GH02981,2026-08-05 09:10:00,DEV097,issue_closed,analytics-service
GH01782,2026-08-05 09:12:00,DEV158,issue_created,cognistream-api
GH03575,2026-08-05 09:13:00,DEV238,code_review,cognistream-api
GH01884,2026-08-05 09:27:00,DEV284,commit,analytics-service
GH03261,2026-08-05 09:28:00,DEV305,code_review,developer-tools
GH00111,2026-08-05 09:41:00,DEV452,issue_created,cognistream-api
GH01478,2026-08-05 09:41:00,DEV303,issue_closed,analytics-service
GH04906,2026-08-05 09:41:00,DEV219,commit,analytics-service
GH01655,2026-08-05 09:42:00,DEV475,issue_created,developer-tools
GH01000,2026-08-05 09:55:00,DEV471,code_review,cognistream-api
GH04184,2026-08-05 09:56:00,DEV260,pull_request,analytics-service
GH04755,2026-08-05 09:58:00,DEV017,pull_request,data-pipeline
GH01010,2026-08-05 10:03:00,DEV374,commit,developer-tools
GH01228,2026-08-05 10:06:00,DEV258,issue_closed,data-pipeline
GH04124,2026-08-05 10:09:00,DEV204,issue_closed,cognistream-api
GH03566,2026-08-05 10:16:00,DEV020,issue_created,data-pipeline
GH00040,2026-08-05 10:34:00,DEV260,commit,data-pipeline
GH03176,2026-08-05 10:34:00,DEV338,issue_closed,developer-tools
GH01378,2026-08-05 10:36:00,DEV190,issue_closed,developer-tools
GH04670,2026-08-05 10:36:00,DEV274,commit,analytics-service
GH03924,2026-08-05 10:38:00,DEV034,issue_created,data-pipeline
GH03778,2026-08-05 10:40:00,DEV218,issue_closed,analytics-service
GH02793,2026-08-05 10:46:00,DEV439,issue_created,analytics-service
GH00726,2026-08-05 10:54:00,DEV055,commit,developer-tools
GH02099,2026-08-05 10:55:00,DEV007,issue_created,cognistream-api
GH00112,2026-08-05 10:57:00,DEV378,code_review,analytics-service
GH02041,2026-08-05 10:57:00,DEV252,pull_request,cognistream-api
GH01913,2026-08-05 10:59:00,DEV475,commit,developer-tools
GH02807,2026-08-05 11:06:00,DEV484,commit,cognistream-api
GH01806,2026-08-05 11:11:00,DEV233,issue_closed,analytics-service
GH03474,2026-08-05 11:11:00,DEV133,code_review,data-pipeline
GH01709,2026-08-05 11:15:00,DEV453,issue_closed,cognistream-dashboard
GH01918,2026-08-05 11:18:00,DEV368,issue_created,developer-tools
GH00295,2026-08-05 11:20:00,DEV088,pull_request,cognistream-api
GH00444,2026-08-05 11:26:00,DEV487,pull_request,data-pipeline
GH03371,2026-08-05 11:30:00,DEV295,issue_closed,developer-tools
GH00380,2026-08-05 11:31:00,DEV140,code_review,data-pipeline
GH02982,2026-08-05 11:31:00,DEV332,code_review,cognistream-api
GH03170,2026-08-05 11:38:00,DEV048,commit,analytics-service
GH01681,2026-08-05 11:41:00,DEV061,pull_request,cognistream-dashboard
GH04165,2026-08-05 11:58:00,DEV016,issue_created,cognistream-api
GH01179,2026-08-05 11:59:00,DEV313,issue_created,data-pipeline
GH03008,2026-08-05 12:02:00,DEV348,issue_created,cognistream-dashboard
GH00250,2026-08-05 12:07:00,DEV300,issue_created,analytics-service
GH04181,2026-08-05 12:16:00,DEV275,pull_request,data-pipeline
GH00199,2026-08-05 12:18:00,DEV250,pull_request,data-pipeline
GH00536,2026-08-05 12:22:00,DEV394,pull_request,analytics-service
GH01012,2026-08-05 12:26:00,DEV309,code_review,developer-tools
GH03922,2026-08-05 12:29:00,DEV250,commit,data-pipeline
GH02296,2026-08-05 12:30:00,DEV432,issue_created,cognistream-api
GH00490,2026-08-05 12:32:00,DEV416,pull_request,cognistream-api
GH01999,2026-08-05 12:32:00,DEV499,pull_request,cognistream-dashboard
GH03037,2026-08-05 12:37:00,DEV241,pull_request,developer-tools
GH00823,2026-08-05 12:58:00,DEV192,pull_request,developer-tools
GH01117,2026-08-05 12:58:00,DEV485,code_review,cognistream-api
GH04605,2026-08-05 12:59:00,DEV455,issue_created,data-pipeline
GH02251,2026-08-05 13:01:00,DEV019,issue_created,data-pipeline
GH01766,2026-08-05 13:08:00,DEV359,code_review,data-pipeline
GH03324,2026-08-05 13:08:00,DEV193,issue_created,cognistream-api
GH04231,2026-08-05 13:08:00,DEV275,code_review,cognistream-dashboard
GH03526,2026-08-05 13:11:00,DEV371,issue_closed,developer-tools
GH00067,2026-08-05 13:12:00,DEV143,issue_created,cognistream-dashboard
GH02205,2026-08-05 13:20:00,DEV323,issue_created,cognistream-dashboard
GH03800,2026-08-05 13:27:00,DEV487,code_review,cognistream-api
GH00716,2026-08-05 13:30:00,DEV470,issue_closed,cognistream-api
GH03109,2026-08-05 13:31:00,DEV426,commit,cognistream-api
GH03962,2026-08-05 13:33:00,DEV165,issue_created,cognistream-dashboard
GH04239,2026-08-05 13:44:00,DEV043,commit,cognistream-dashboard
GH03747,2026-08-05 13:48:00,DEV121,pull_request,analytics-service
GH03352,2026-08-05 13:55:00,DEV073,pull_request,cognistream-dashboard
GH04454,2026-08-05 13:56:00,DEV058,commit,analytics-service
GH01043,2026-08-05 13:58:00,DEV190,issue_created,data-pipeline
GH02300,2026-08-05 14:04:00,DEV041,issue_closed,data-pipeline
GH03272,2026-08-05 14:04:00,DEV258,issue_closed,analytics-service
GH00212,2026-08-05 14:06:00,DEV099,pull_request,analytics-service
GH03392,2026-08-05 14:12:00,DEV350,issue_closed,analytics-service
GH01500,2026-08-05 14:32:00,DEV498,commit,data-pipeline
GH02035,2026-08-05 14:35:00,DEV427,issue_created,data-pipeline
GH00630,2026-08-05 14:41:00,DEV008,code_review,data-pipeline
GH01044,2026-08-05 14:53:00,DEV229,commit,data-pipeline
GH04783,2026-08-05 14:53:00,DEV417,issue_created,analytics-service
GH04558,2026-08-05 15:00:00,DEV341,pull_request,analytics-service
GH03562,2026-08-05 15:11:00,DEV376,issue_created,data-pipeline
GH00974,2026-08-05 15:12:00,DEV141,code_review,analytics-service
GH01435,2026-08-05 15:12:00,DEV281,code_review,cognistream-dashboard
GH03275,2026-08-05 15:18:00,DEV171,issue_created,cognistream-dashboard
GH01729,2026-08-05 15:20:00,DEV305,commit,data-pipeline
GH01210,2026-08-05 15:25:00,DEV062,issue_created,cognistream-dashboard
GH04880,2026-08-05 15:25:00,DEV253,issue_closed,cognistream-dashboard
GH03122,2026-08-05 15:29:00,DEV216,issue_closed,cognistream-dashboard
GH03648,2026-08-05 15:29:00,DEV103,commit,developer-tools
GH04044,2026-08-05 15:32:00,DEV322,issue_closed,analytics-service
GH01498,2026-08-05 15:33:00,DEV165,commit,cognistream-dashboard
GH02593,2026-08-05 15:35:00,DEV220,issue_created,cognistream-dashboard
GH01644,2026-08-05 15:38:00,DEV055,pull_request,cognistream-dashboard
GH02777,2026-08-05 15:45:00,DEV382,commit,developer-tools
GH04351,2026-08-05 15:46:00,DEV096,code_review,cognistream-dashboard
GH01981,2026-08-05 15:51:00,DEV457,issue_created,cognistream-api
GH04194,2026-08-05 15:51:00,DEV407,issue_created,cognistream-api
GH02061,2026-08-05 15:54:00,DEV408,issue_closed,developer-tools
GH00672,2026-08-05 15:56:00,DEV480,commit,cognistream-api
GH04180,2026-08-05 15:56:00,DEV326,issue_closed,analytics-service
GH00892,2026-08-05 16:01:00,DEV383,issue_created,data-pipeline
GH02250,2026-08-05 16:10:00,DEV077,commit,cognistream-dashboard
GH01989,2026-08-05 16:15:00,DEV033,commit,cognistream-dashboard
GH02555,2026-08-05 16:16:00,DEV438,issue_closed,data-pipeline
GH04832,2026-08-05 16:22:00,DEV280,code_review,cognistream-api
GH02529,2026-08-05 16:24:00,DEV342,issue_created,analytics-service
GH04350,2026-08-05 16:24:00,DEV359,commit,cognistream-api
GH01887,2026-08-05 16:28:00,DEV072,commit,cognistream-dashboard
GH02905,2026-08-05 16:31:00,DEV146,commit,cognistream-dashboard
GH01032,2026-08-05 16:45:00,DEV210,issue_closed,developer-tools
GH03393,2026-08-05 16:50:00,DEV427,pull_request,developer-tools
GH02879,2026-08-05 16:51:00,DEV467,commit,analytics-service
GH01737,2026-08-05 16:52:00,DEV175,issue_created,developer-tools
GH02954,2026-08-05 16:52:00,DEV380,issue_created,analytics-service
GH03558,2026-08-05 16:58:00,DEV431,issue_closed,cognistream-api
GH02943,2026-08-05 17:00:00,DEV099,issue_created,cognistream-api
GH02584,2026-08-05 17:06:00,DEV362,issue_closed,cognistream-dashboard
GH04470,2026-08-05 17:11:00,DEV498,issue_created,data-pipeline
GH03975,2026-08-05 17:15:00,DEV385,commit,analytics-service
GH04276,2026-08-05 17:17:00,DEV292,pull_request,developer-tools
GH01885,2026-08-05 17:18:00,DEV154,issue_created,cognistream-api
GH00202,2026-08-05 17:20:00,DEV044,pull_request,analytics-service
GH03711,2026-08-05 17:21:00,DEV383,pull_request,data-pipeline
GH03227,2026-08-05 17:23:00,DEV371,code_review,developer-tools
GH04888,2026-08-05 17:24:00,DEV383,code_review,cognistream-dashboard
GH04781,2026-08-05 17:34:00,DEV177,commit,cognistream-api
GH02552,2026-08-05 17:41:00,DEV273,issue_created,data-pipeline
GH04597,2026-08-05 17:46:00,DEV423,code_review,developer-tools
GH01921,2026-08-05 17:48:00,DEV061,issue_closed,cognistream-api
GH04760,2026-08-05 17:59:00,DEV405,pull_request,analytics-service
GH02420,2026-08-05 18:05:00,DEV490,issue_closed,developer-tools
GH00211,2026-08-05 18:10:00,DEV162,commit,developer-tools
GH04578,2026-08-05 18:11:00,DEV344,code_review,analytics-service
GH04329,2026-08-05 18:21:00,DEV251,code_review,data-pipeline
GH01528,2026-08-05 18:23:00,DEV011,issue_created,data-pipeline
GH01856,2026-08-05 18:26:00,DEV018,commit,developer-tools
GH04189,2026-08-05 18:29:00,DEV309,pull_request,developer-tools
GH04401,2026-08-05 18:30:00,DEV406,code_review,cognistream-dashboard
GH04924,2026-08-05 18:37:00,DEV096,commit,data-pipeline
GH01245,2026-08-05 18:40:00,DEV151,issue_created,cognistream-dashboard
GH01301,2026-08-05 18:40:00,DEV163,issue_created,analytics-service
GH04723,2026-08-05 18:45:00,DEV214,pull_request,analytics-service
GH02480,2026-08-05 18:49:00,DEV338,issue_closed,developer-tools
GH03164,2026-08-05 18:51:00,DEV275,pull_request,analytics-service
GH03260,2026-08-05 18:54:00,DEV151,pull_request,analytics-service
GH00455,2026-08-05 18:57:00,DEV189,issue_closed,analytics-service
GH03694,2026-08-05 19:02:00,DEV336,issue_closed,cognistream-api
GH04835,2026-08-05 19:02:00,DEV246,code_review,cognistream-api
GH02713,2026-08-05 19:04:00,DEV391,issue_created,data-pipeline
GH03606,2026-08-05 19:06:00,DEV426,issue_closed,data-pipeline
GH04248,2026-08-05 19:08:00,DEV172,issue_created,cognistream-api
GH04393,2026-08-05 19:09:00,DEV462,pull_request,data-pipeline
GH04164,2026-08-05 19:17:00,DEV128,issue_closed,cognistream-dashboard
GH03052,2026-08-05 19:20:00,DEV139,commit,cognistream-api
GH01393,2026-08-05 19:21:00,DEV018,issue_closed,developer-tools
GH04058,2026-08-05 19:25:00,DEV073,pull_request,cognistream-api
GH04409,2026-08-05 19:27:00,DEV269,issue_closed,data-pipeline
GH03501,2026-08-05 19:30:00,DEV429,issue_closed,data-pipeline
GH02798,2026-08-05 19:32:00,DEV359,issue_closed,analytics-service
GH02018,2026-08-05 19:53:00,DEV012,commit,developer-tools
GH04954,2026-08-05 19:57:00,DEV424,pull_request,cognistream-dashboard
GH03314,2026-08-05 20:26:00,DEV222,issue_closed,cognistream-api
GH02496,2026-08-05 20:31:00,DEV085,code_review,data-pipeline
GH00127,2026-08-05 20:36:00,DEV187,issue_created,cognistream-api
GH02372,2026-08-05 20:44:00,DEV452,code_review,cognistream-api
GH00811,2026-08-05 20:45:00,DEV231,issue_closed,analytics-service
GH03635,2026-08-05 20:47:00,DEV225,commit,cognistream-api
GH02542,2026-08-05 21:02:00,DEV146,pull_request,cognistream-dashboard
GH04201,2026-08-05 21:09:00,DEV150,issue_created,analytics-service
GH00966,2026-08-05 21:12:00,DEV422,issue_created,data-pipeline
GH00185,2026-08-05 21:18:00,DEV039,issue_closed,cognistream-dashboard
GH03111,2026-08-05 21:27:00,DEV179,issue_created,analytics-service
GH04125,2026-08-05 21:28:00,DEV048,commit,developer-tools
GH04059,2026-08-05 21:30:00,DEV376,code_review,developer-tools
GH00006,2026-08-05 21:35:00,DEV367,issue_closed,analytics-service
GH04842,2026-08-05 21:44:00,DEV461,commit,cognistream-api
GH03715,2026-08-05 21:48:00,DEV091,code_review,data-pipeline
GH04926,2026-08-05 21:56:00,DEV322,issue_created,developer-tools
GH02925,2026-08-05 22:01:00,DEV047,commit,analytics-service
GH01038,2026-08-05 22:02:00,DEV050,commit,cognistream-dashboard
GH01419,2026-08-05 22:02:00,DEV121,pull_request,data-pipeline
GH00458,2026-08-05 22:03:00,DEV411,issue_closed,cognistream-dashboard
GH01606,2026-08-05 22:03:00,DEV351,code_review,cognistream-dashboard
GH03195,2026-08-05 22:04:00,DEV291,code_review,data-pipeline
GH03384,2026-08-05 22:04:00,DEV101,code_review,analytics-service
GH00780,2026-08-05 22:07:00,DEV304,issue_closed,cognistream-dashboard
GH01935,2026-08-05 22:12:00,DEV193,pull_request,cognistream-api
GH04407,2026-08-05 22:15:00,DEV422,pull_request,developer-tools
GH00521,2026-08-05 22:19:00,DEV063,pull_request,cognistream-api
GH02104,2026-08-05 22:22:00,DEV305,issue_created,cognistream-api
GH03408,2026-08-05 22:30:00,DEV172,commit,cognistream-dashboard
GH03344,2026-08-05 22:36:00,DEV059,commit,cognistream-api
GH00315,2026-08-05 22:39:00,DEV068,issue_closed,data-pipeline
GH04909,2026-08-05 22:43:00,DEV353,code_review,analytics-service
GH02735,2026-08-05 22:44:00,DEV031,pull_request,cognistream-dashboard
GH01714,2026-08-05 22:52:00,DEV354,code_review,data-pipeline
GH03386,2026-08-05 22:52:00,DEV380,pull_request,analytics-service
GH02528,2026-08-05 22:54:00,DEV403,commit,data-pipeline
GH02696,2026-08-05 22:59:00,DEV140,issue_created,cognistream-api
GH03990,2026-08-05 23:09:00,DEV156,pull_request,analytics-service
GH02148,2026-08-05 23:11:00,DEV255,commit,developer-tools
GH02353,2026-08-05 23:15:00,DEV225,issue_created,cognistream-api
GH04235,2026-08-05 23:23:00,DEV487,commit,developer-tools
GH00651,2026-08-05 23:24:00,DEV294,issue_closed,cognistream-dashboard
GH04118,2026-08-05 23:24:00,DEV136,issue_created,data-pipeline
GH04066,2026-08-05 23:25:00,DEV143,commit,analytics-service
GH04791,2026-08-05 23:27:00,DEV370,pull_request,analytics-service
GH03896,2026-08-05 23:36:00,DEV187,commit,analytics-service
GH02439,2026-08-05 23:37:00,DEV123,issue_closed,developer-tools
GH01654,2026-08-05 23:46:00,DEV388,pull_request,cognistream-api
GH00706,2026-08-05 23:56:00,DEV190,code_review,analytics-service
GH03547,2026-08-05 23:56:00,DEV145,issue_closed,analytics-service
GH02166,2026-08-06 00:10:00,DEV434,issue_created,data-pipeline
GH03270,2026-08-06 00:10:00,DEV178,code_review,developer-tools
GH01612,2026-08-06 00:18:00,DEV280,issue_closed,data-pipeline
GH01236,2026-08-06 00:24:00,DEV386,issue_closed,cognistream-api
GH00554,2026-08-06 00:25:00,DEV175,issue_closed,cognistream-dashboard
GH03485,2026-08-06 00:26:00,DEV167,issue_closed,data-pipeline
GH03409,2026-08-06 00:32:00,DEV281,code_review,cognistream-api
GH02691,2026-08-06 00:36:00,DEV121,issue_closed,cognistream-api
GH03642,2026-08-06 00:39:00,DEV412,issue_closed,data-pipeline
GH00701,2026-08-06 00:41:00,DEV204,pull_request,developer-tools
GH04474,2026-08-06 00:46:00,DEV062,commit,analytics-service
GH01972,2026-08-06 00:48:00,DEV071,code_review,cognistream-dashboard
GH04224,2026-08-06 00:53:00,DEV482,code_review,analytics-service
GH02370,2026-08-06 01:01:00,DEV455,issue_closed,developer-tools
GH00941,2026-08-06 01:03:00,DEV272,pull_request,analytics-service
GH01740,2026-08-06 01:03:00,DEV371,commit,analytics-service
GH02537,2026-08-06 01:07:00,DEV205,pull_request,cognistream-api
GH02349,2026-08-06 01:10:00,DEV467,code_review,cognistream-dashboard
GH00891,2026-08-06 01:12:00,DEV266,issue_closed,developer-tools
GH04643,2026-08-06 01:12:00,DEV191,pull_request,cognistream-api
GH02617,2026-08-06 01:19:00,DEV159,issue_created,analytics-service
GH04078,2026-08-06 01:24:00,DEV228,pull_request,data-pipeline
GH00674,2026-08-06 01:32:00,DEV035,commit,developer-tools
GH01915,2026-08-06 01:35:00,DEV074,code_review,developer-tools
GH03587,2026-08-06 01:36:00,DEV400,commit,developer-tools
GH02829,2026-08-06 01:37:00,DEV335,pull_request,cognistream-api
GH03294,2026-08-06 01:40:00,DEV382,commit,cognistream-dashboard
GH03892,2026-08-06 01:44:00,DEV115,pull_request,data-pipeline
GH00846,2026-08-06 01:50:00,DEV417,pull_request,cognistream-api
GH04216,2026-08-06 01:54:00,DEV293,issue_closed,cognistream-api
GH01420,2026-08-06 01:55:00,DEV118,pull_request,cognistream-dashboard
GH04899,2026-08-06 01:55:00,DEV200,code_review,cognistream-dashboard
GH00160,2026-08-06 01:57:00,DEV427,issue_created,analytics-service
GH03853,2026-08-06 02:03:00,DEV296,issue_created,analytics-service
GH02660,2026-08-06 02:06:00,DEV479,issue_closed,analytics-service
GH00740,2026-08-06 02:08:00,DEV301,pull_request,analytics-service
GH00599,2026-08-06 02:14:00,DEV288,code_review,analytics-service
GH00955,2026-08-06 02:23:00,DEV232,code_review,analytics-service
GH01161,2026-08-06 02:25:00,DEV353,issue_created,data-pipeline
GH03906,2026-08-06 02:26:00,DEV117,pull_request,developer-tools
GH04271,2026-08-06 02:39:00,DEV483,issue_created,analytics-service
GH01513,2026-08-06 02:50:00,DEV243,issue_created,data-pipeline
GH03075,2026-08-06 03:02:00,DEV313,issue_closed,cognistream-api
GH01611,2026-08-06 03:08:00,DEV379,issue_closed,cognistream-dashboard
GH01702,2026-08-06 03:10:00,DEV314,commit,cognistream-api
GH02477,2026-08-06 03:11:00,DEV004,pull_request,analytics-service
GH04941,2026-08-06 03:11:00,DEV048,code_review,cognistream-dashboard
GH03628,2026-08-06 03:15:00,DEV387,issue_closed,analytics-service
GH04514,2026-08-06 03:16:00,DEV278,commit,cognistream-dashboard
GH03662,2026-08-06 03:18:00,DEV087,commit,cognistream-dashboard
GH04111,2026-08-06 03:20:00,DEV286,issue_closed,data-pipeline
GH01131,2026-08-06 03:21:00,DEV390,pull_request,developer-tools
GH01927,2026-08-06 03:27:00,DEV223,code_review,data-pipeline
GH03124,2026-08-06 03:33:00,DEV488,pull_request,developer-tools
GH01974,2026-08-06 03:34:00,DEV386,pull_request,data-pipeline
GH02967,2026-08-06 03:40:00,DEV274,commit,cognistream-api
GH02197,2026-08-06 03:53:00,DEV441,pull_request,analytics-service
GH03592,2026-08-06 03:56:00,DEV186,issue_closed,cognistream-dashboard
GH01438,2026-08-06 03:58:00,DEV215,code_review,data-pipeline
GH01468,2026-08-06 04:00:00,DEV086,issue_created,cognistream-api
GH00098,2026-08-06 04:01:00,DEV368,code_review,cognistream-dashboard
GH02463,2026-08-06 04:01:00,DEV236,issue_closed,data-pipeline
GH02792,2026-08-06 04:01:00,DEV435,pull_request,cognistream-api
GH01342,2026-08-06 04:04:00,DEV303,pull_request,analytics-service
GH01433,2026-08-06 04:05:00,DEV195,issue_closed,cognistream-api
GH01271,2026-08-06 04:06:00,DEV344,pull_request,analytics-service
GH00231,2026-08-06 04:14:00,DEV136,commit,cognistream-dashboard
GH00396,2026-08-06 04:21:00,DEV393,pull_request,data-pipeline
GH02269,2026-08-06 04:26:00,DEV442,commit,data-pipeline
GH00173,2026-08-06 04:35:00,DEV233,code_review,data-pipeline
GH03883,2026-08-06 04:35:00,DEV299,code_review,cognistream-dashboard
GH01292,2026-08-06 04:38:00,DEV212,issue_closed,cognistream-dashboard
GH00051,2026-08-06 04:40:00,DEV476,issue_closed,cognistream-dashboard
GH02933,2026-08-06 04:46:00,DEV147,issue_created,data-pipeline
GH03256,2026-08-06 04:48:00,DEV078,issue_created,developer-tools
GH04838,2026-08-06 04:58:00,DEV086,pull_request,developer-tools
GH03241,2026-08-06 05:02:00,DEV007,pull_request,analytics-service
GH02399,2026-08-06 05:07:00,DEV234,issue_created,cognistream-api
GH02455,2026-08-06 05:11:00,DEV300,issue_closed,data-pipeline
GH03104,2026-08-06 05:33:00,DEV028,pull_request,cognistream-api
GH03101,2026-08-06 05:34:00,DEV164,issue_closed,cognistream-api
GH04568,2026-08-06 05:37:00,DEV097,issue_created,analytics-service
GH02375,2026-08-06 05:43:00,DEV048,issue_closed,developer-tools
GH03204,2026-08-06 05:44:00,DEV239,issue_closed,data-pipeline
GH01566,2026-08-06 05:49:00,DEV193,issue_closed,data-pipeline
GH02149,2026-08-06 05:54:00,DEV148,code_review,cognistream-api
GH03564,2026-08-06 05:58:00,DEV002,issue_created,cognistream-api
GH00520,2026-08-06 06:11:00,DEV314,code_review,analytics-service
GH01571,2026-08-06 06:19:00,DEV439,code_review,cognistream-api
GH04156,2026-08-06 06:31:00,DEV339,issue_created,data-pipeline
GH01449,2026-08-06 06:40:00,DEV417,code_review,analytics-service
GH02226,2026-08-06 06:43:00,DEV422,code_review,cognistream-dashboard
GH04694,2026-08-06 06:43:00,DEV223,pull_request,analytics-service
GH02408,2026-08-06 06:44:00,DEV094,issue_created,cognistream-api
GH02026,2026-08-06 06:47:00,DEV373,issue_created,analytics-service
GH02790,2026-08-06 06:48:00,DEV254,code_review,analytics-service
GH04134,2026-08-06 06:56:00,DEV075,commit,data-pipeline
GH04105,2026-08-06 06:59:00,DEV291,pull_request,cognistream-api
GH02649,2026-08-06 07:03:00,DEV227,commit,developer-tools
GH04946,2026-08-06 07:09:00,DEV408,issue_created,data-pipeline
GH01948,2026-08-06 07:12:00,DEV303,issue_created,analytics-service
GH03657,2026-08-06 07:12:00,DEV144,pull_request,data-pipeline
GH03663,2026-08-06 07:12:00,DEV047,issue_closed,cognistream-dashboard
GH02648,2026-08-06 07:19:00,DEV366,commit,developer-tools
GH01685,2026-08-06 07:26:00,DEV302,issue_created,analytics-service
GH03183,2026-08-06 07:29:00,DEV016,code_review,cognistream-dashboard
GH01226,2026-08-06 07:41:00,DEV103,pull_request,developer-tools
GH03207,2026-08-06 07:45:00,DEV053,issue_closed,data-pipeline
GH03709,2026-08-06 07:47:00,DEV327,code_review,analytics-service
GH01785,2026-08-06 07:50:00,DEV419,pull_request,developer-tools
GH00076,2026-08-06 07:53:00,DEV496,commit,developer-tools
GH01517,2026-08-06 07:56:00,DEV499,commit,cognistream-dashboard
GH02060,2026-08-06 07:59:00,DEV080,issue_closed,cognistream-dashboard
GH02803,2026-08-06 08:07:00,DEV412,pull_request,cognistream-api
GH03724,2026-08-06 08:11:00,DEV240,code_review,cognistream-api
GH04354,2026-08-06 08:11:00,DEV219,code_review,data-pipeline
GH01870,2026-08-06 08:16:00,DEV315,commit,analytics-service
GH01260,2026-08-06 08:18:00,DEV487,issue_closed,developer-tools
GH04710,2026-08-06 08:26:00,DEV323,issue_closed,data-pipeline
GH00720,2026-08-06 08:27:00,DEV259,issue_created,data-pipeline
GH04913,2026-08-06 08:32:00,DEV486,issue_closed,developer-tools
GH04727,2026-08-06 08:39:00,DEV240,pull_request,analytics-service
GH01923,2026-08-06 08:45:00,DEV238,pull_request,data-pipeline
GH02972,2026-08-06 08:45:00,DEV375,code_review,cognistream-dashboard
GH01351,2026-08-06 08:48:00,DEV426,issue_created,developer-tools
GH01855,2026-08-06 08:49:00,DEV372,code_review,data-pipeline
GH02534,2026-08-06 08:49:00,DEV472,commit,cognistream-dashboard
GH02566,2026-08-06 08:53:00,DEV459,pull_request,analytics-service
GH02329,2026-08-06 08:59:00,DEV301,code_review,developer-tools
GH03184,2026-08-06 09:01:00,DEV043,pull_request,data-pipeline
GH01944,2026-08-06 09:04:00,DEV454,code_review,developer-tools
GH04627,2026-08-06 09:04:00,DEV088,issue_created,cognistream-dashboard
GH01255,2026-08-06 09:07:00,DEV490,pull_request,developer-tools
GH00056,2026-08-06 09:16:00,DEV004,commit,cognistream-api
GH02015,2026-08-06 09:20:00,DEV229,code_review,cognistream-api
GH02769,2026-08-06 09:21:00,DEV369,code_review,analytics-service
GH00007,2026-08-06 09:23:00,DEV230,issue_closed,data-pipeline
GH04985,2026-08-06 09:25:00,DEV358,commit,developer-tools
GH00165,2026-08-06 09:26:00,DEV250,pull_request,data-pipeline
GH00834,2026-08-06 09:26:00,DEV150,commit,data-pipeline
GH02656,2026-08-06 09:27:00,DEV491,commit,cognistream-dashboard
GH04911,2026-08-06 09:27:00,DEV225,pull_request,cognistream-api
GH02976,2026-08-06 09:29:00,DEV167,code_review,cognistream-dashboard
GH01013,2026-08-06 09:38:00,DEV328,issue_closed,cognistream-api
GH00682,2026-08-06 09:43:00,DEV212,code_review,data-pipeline
GH02475,2026-08-06 09:46:00,DEV120,issue_created,data-pipeline
GH03586,2026-08-06 09:51:00,DEV294,pull_request,developer-tools
GH00352,2026-08-06 09:59:00,DEV485,issue_closed,cognistream-api
GH00410,2026-08-06 10:00:00,DEV171,pull_request,cognistream-api
GH03758,2026-08-06 10:04:00,DEV454,issue_closed,cognistream-dashboard
GH02927,2026-08-06 10:07:00,DEV173,issue_created,analytics-service
GH04809,2026-08-06 10:07:00,DEV488,issue_created,cognistream-dashboard
GH01591,2026-08-06 10:17:00,DEV222,code_review,analytics-service
GH02783,2026-08-06 10:19:00,DEV055,issue_created,cognistream-api
GH01118,2026-08-06 10:22:00,DEV182,pull_request,data-pipeline
GH03611,2026-08-06 10:22:00,DEV496,issue_created,developer-tools
GH01113,2026-08-06 10:26:00,DEV352,issue_closed,analytics-service
GH01951,2026-08-06 10:27:00,DEV457,issue_closed,cognistream-dashboard
GH00115,2026-08-06 10:28:00,DEV103,issue_created,data-pipeline
GH03553,2026-08-06 10:28:00,DEV373,commit,data-pipeline
GH04229,2026-08-06 10:46:00,DEV037,commit,cognistream-api
GH00930,2026-08-06 10:53:00,DEV412,issue_closed,cognistream-api
GH00002,2026-08-06 10:54:00,DEV072,commit,developer-tools
GH01008,2026-08-06 10:55:00,DEV341,issue_closed,cognistream-dashboard
GH04546,2026-08-06 11:01:00,DEV175,issue_closed,analytics-service
GH03342,2026-08-06 11:05:00,DEV459,pull_request,data-pipeline
GH04766,2026-08-06 11:13:00,DEV353,code_review,cognistream-api
GH02964,2026-08-06 11:17:00,DEV024,issue_closed,cognistream-dashboard
GH04147,2026-08-06 11:18:00,DEV239,code_review,developer-tools
GH03616,2026-08-06 11:22:00,DEV296,commit,analytics-service
GH03843,2026-08-06 11:26:00,DEV071,issue_closed,developer-tools
GH02223,2026-08-06 11:35:00,DEV366,pull_request,cognistream-dashboard
GH00467,2026-08-06 11:37:00,DEV015,code_review,cognistream-api
GH02491,2026-08-06 11:37:00,DEV025,code_review,analytics-service
GH00140,2026-08-06 11:41:00,DEV413,pull_request,cognistream-dashboard
GH00054,2026-08-06 11:42:00,DEV033,code_review,cognistream-api
GH00835,2026-08-06 11:47:00,DEV276,code_review,cognistream-dashboard
GH02883,2026-08-06 11:55:00,DEV090,commit,data-pipeline
GH01093,2026-08-06 11:56:00,DEV347,pull_request,data-pipeline
GH04575,2026-08-06 12:04:00,DEV424,code_review,analytics-service
GH01630,2026-08-06 12:11:00,DEV078,code_review,analytics-service
GH00615,2026-08-06 12:14:00,DEV327,pull_request,cognistream-api
GH00227,2026-08-06 12:15:00,DEV398,issue_closed,analytics-service
GH02854,2026-08-06 12:17:00,DEV141,commit,cognistream-api
GH00377,2026-08-06 12:30:00,DEV414,issue_created,developer-tools
GH01652,2026-08-06 12:34:00,DEV017,issue_created,cognistream-api
GH03267,2026-08-06 12:40:00,DEV452,issue_closed,analytics-service
GH04840,2026-08-06 12:50:00,DEV428,issue_created,developer-tools
GH04270,2026-08-06 12:57:00,DEV206,pull_request,data-pipeline
GH04697,2026-08-06 13:00:00,DEV463,issue_created,data-pipeline
GH04435,2026-08-06 13:11:00,DEV123,commit,developer-tools
GH00591,2026-08-06 13:16:00,DEV370,commit,developer-tools
GH01277,2026-08-06 13:19:00,DEV467,code_review,analytics-service
GH04377,2026-08-06 13:22:00,DEV098,issue_created,developer-tools
GH01934,2026-08-06 13:23:00,DEV051,pull_request,analytics-service
GH00016,2026-08-06 13:27:00,DEV396,code_review,cognistream-api
GH01075,2026-08-06 13:29:00,DEV069,code_review,analytics-service
GH00749,2026-08-06 13:35:00,DEV183,issue_closed,analytics-service
GH02358,2026-08-06 13:37:00,DEV071,issue_created,analytics-service
GH03902,2026-08-06 13:42:00,DEV354,issue_created,cognistream-dashboard
GH00922,2026-08-06 13:44:00,DEV380,issue_closed,cognistream-api
GH04654,2026-08-06 13:49:00,DEV138,code_review,data-pipeline
GH03935,2026-08-06 13:54:00,DEV478,code_review,analytics-service
GH04547,2026-08-06 13:55:00,DEV366,issue_created,cognistream-api
GH02871,2026-08-06 13:56:00,DEV157,commit,data-pipeline
GH00057,2026-08-06 14:01:00,DEV035,commit,data-pipeline
GH03594,2026-08-06 14:14:00,DEV149,pull_request,data-pipeline
GH04948,2026-08-06 14:14:00,DEV474,issue_closed,data-pipeline
GH01473,2026-08-06 14:15:00,DEV127,code_review,analytics-service
GH03508,2026-08-06 14:28:00,DEV292,pull_request,developer-tools
GH01355,2026-08-06 14:30:00,DEV194,issue_created,cognistream-dashboard
GH03600,2026-08-06 14:36:00,DEV324,pull_request,cognistream-api
GH03762,2026-08-06 14:39:00,DEV071,issue_created,cognistream-dashboard
GH02572,2026-08-06 14:42:00,DEV299,commit,analytics-service
GH02535,2026-08-06 14:45:00,DEV239,issue_closed,cognistream-dashboard
GH01340,2026-08-06 14:47:00,DEV213,code_review,cognistream-api
GH04623,2026-08-06 14:52:00,DEV113,issue_closed,developer-tools
GH03399,2026-08-06 14:55:00,DEV027,issue_closed,developer-tools
GH03503,2026-08-06 15:05:00,DEV234,code_review,cognistream-api
GH01647,2026-08-06 15:06:00,DEV306,pull_request,cognistream-dashboard
GH01166,2026-08-06 15:14:00,DEV234,code_review,data-pipeline
GH01620,2026-08-06 15:14:00,DEV195,issue_closed,cognistream-api
GH00235,2026-08-06 15:25:00,DEV148,code_review,analytics-service
GH03377,2026-08-06 15:26:00,DEV396,pull_request,cognistream-api
GH04863,2026-08-06 15:26:00,DEV026,code_review,data-pipeline
GH01764,2026-08-06 15:32:00,DEV486,pull_request,cognistream-dashboard
GH01325,2026-08-06 15:33:00,DEV033,code_review,data-pipeline
GH04978,2026-08-06 15:35:00,DEV410,pull_request,cognistream-dashboard
GH02322,2026-08-06 15:39:00,DEV366,commit,developer-tools
GH03617,2026-08-06 15:45:00,DEV229,code_review,analytics-service
GH00298,2026-08-06 15:48:00,DEV237,code_review,analytics-service
GH04562,2026-08-06 15:50:00,DEV104,pull_request,data-pipeline
GH02674,2026-08-06 15:56:00,DEV258,issue_closed,cognistream-api
GH04158,2026-08-06 16:00:00,DEV292,issue_closed,analytics-service
GH00997,2026-08-06 16:02:00,DEV309,pull_request,cognistream-api
GH02675,2026-08-06 16:02:00,DEV011,issue_closed,cognistream-api
GH03205,2026-08-06 16:03:00,DEV288,commit,analytics-service
GH03477,2026-08-06 16:04:00,DEV059,commit,cognistream-dashboard
GH00017,2026-08-06 16:08:00,DEV444,commit,analytics-service
GH01502,2026-08-06 16:08:00,DEV047,pull_request,cognistream-api
GH02105,2026-08-06 16:10:00,DEV430,issue_created,analytics-service
GH00324,2026-08-06 16:41:00,DEV242,commit,developer-tools
GH01326,2026-08-06 16:48:00,DEV022,pull_request,developer-tools
GH00679,2026-08-06 16:53:00,DEV418,issue_closed,data-pipeline
GH04953,2026-08-06 16:54:00,DEV378,commit,cognistream-dashboard
GH02567,2026-08-06 17:00:00,DEV203,pull_request,data-pipeline
GH04912,2026-08-06 17:01:00,DEV331,issue_created,analytics-service
GH01162,2026-08-06 17:04:00,DEV002,commit,cognistream-api
GH01467,2026-08-06 17:08:00,DEV339,code_review,cognistream-api
GH00289,2026-08-06 17:12:00,DEV324,code_review,cognistream-dashboard
GH04476,2026-08-06 17:14:00,DEV234,issue_closed,developer-tools
GH04485,2026-08-06 17:14:00,DEV354,issue_created,cognistream-api
GH04429,2026-08-06 17:20:00,DEV048,code_review,data-pipeline
GH03444,2026-08-06 17:23:00,DEV358,issue_created,analytics-service
GH03759,2026-08-06 17:25:00,DEV189,code_review,data-pipeline
GH03024,2026-08-06 17:26:00,DEV186,commit,cognistream-dashboard
GH01796,2026-08-06 17:28:00,DEV222,issue_closed,analytics-service
GH01931,2026-08-06 17:30:00,DEV370,issue_created,developer-tools
GH03410,2026-08-06 17:40:00,DEV253,commit,developer-tools
GH00466,2026-08-06 17:45:00,DEV198,commit,data-pipeline
GH00335,2026-08-06 17:56:00,DEV438,code_review,cognistream-api
GH01833,2026-08-06 17:59:00,DEV249,pull_request,developer-tools
GH04668,2026-08-06 18:01:00,DEV009,pull_request,developer-tools
GH02440,2026-08-06 18:09:00,DEV253,issue_closed,developer-tools
GH01810,2026-08-06 18:17:00,DEV365,issue_closed,data-pipeline
GH02502,2026-08-06 18:17:00,DEV484,commit,developer-tools
GH00305,2026-08-06 18:32:00,DEV196,issue_closed,data-pipeline
GH02526,2026-08-06 18:38:00,DEV260,issue_closed,cognistream-api
GH00452,2026-08-06 18:43:00,DEV497,issue_created,developer-tools
GH01034,2026-08-06 18:43:00,DEV050,commit,analytics-service
GH00347,2026-08-06 18:56:00,DEV302,code_review,cognistream-api
GH01015,2026-08-06 18:58:00,DEV178,code_review,cognistream-dashboard
GH03461,2026-08-06 19:06:00,DEV068,commit,data-pipeline
GH04100,2026-08-06 19:18:00,DEV185,issue_closed,developer-tools
GH00278,2026-08-06 19:25:00,DEV293,issue_created,cognistream-dashboard
GH04319,2026-08-06 19:25:00,DEV359,code_review,data-pipeline
GH02536,2026-08-06 19:32:00,DEV247,code_review,analytics-service
GH01396,2026-08-06 19:39:00,DEV336,commit,cognistream-dashboard
GH04777,2026-08-06 19:39:00,DEV368,issue_created,analytics-service
GH00614,2026-08-06 19:40:00,DEV125,commit,developer-tools
GH00263,2026-08-06 19:41:00,DEV364,pull_request,data-pipeline
GH04826,2026-08-06 19:49:00,DEV034,code_review,cognistream-dashboard
GH03163,2026-08-06 19:55:00,DEV335,pull_request,data-pipeline
GH00232,2026-08-06 19:59:00,DEV089,issue_closed,cognistream-api
GH02273,2026-08-06 20:06:00,DEV495,issue_created,cognistream-api
GH01633,2026-08-06 20:16:00,DEV294,pull_request,analytics-service
GH04219,2026-08-06 20:17:00,DEV338,code_review,cognistream-dashboard
GH00742,2026-08-06 20:19:00,DEV291,issue_created,developer-tools
GH00480,2026-08-06 20:22:00,DEV293,issue_created,cognistream-dashboard
GH03252,2026-08-06 20:22:00,DEV009,issue_created,cognistream-dashboard
GH04355,2026-08-06 20:29:00,DEV272,commit,data-pipeline
GH00297,2026-08-06 20:31:00,DEV255,issue_closed,cognistream-dashboard
GH01192,2026-08-06 20:33:00,DEV170,code_review,cognistream-api
GH03504,2026-08-06 20:38:00,DEV228,issue_created,data-pipeline
GH04918,2026-08-06 20:44:00,DEV461,code_review,data-pipeline
GH02310,2026-08-06 21:02:00,DEV224,issue_closed,cognistream-dashboard
GH02082,2026-08-06 21:04:00,DEV259,issue_closed,cognistream-api
GH04513,2026-08-06 21:04:00,DEV387,issue_created,data-pipeline
GH03855,2026-08-06 21:06:00,DEV408,pull_request,analytics-service
GH00478,2026-08-06 21:07:00,DEV368,pull_request,data-pipeline
GH01087,2026-08-06 21:07:00,DEV191,issue_created,developer-tools
GH02684,2026-08-06 21:18:00,DEV106,issue_closed,cognistream-api
GH01599,2026-08-06 21:20:00,DEV037,code_review,analytics-service
GH00778,2026-08-06 21:23:00,DEV167,issue_created,data-pipeline
GH03029,2026-08-06 21:26:00,DEV108,pull_request,cognistream-api
GH00935,2026-08-06 21:28:00,DEV238,code_review,developer-tools
GH01897,2026-08-06 21:32:00,DEV360,pull_request,cognistream-api
GH03753,2026-08-06 21:34:00,DEV391,commit,analytics-service
GH04094,2026-08-06 21:34:00,DEV300,issue_created,cognistream-dashboard
GH04900,2026-08-06 21:35:00,DEV251,issue_created,data-pipeline
GH00692,2026-08-06 21:37:00,DEV131,pull_request,data-pipeline
GH04333,2026-08-06 21:41:00,DEV039,pull_request,data-pipeline
GH03870,2026-08-06 21:44:00,DEV408,issue_created,cognistream-dashboard
GH01520,2026-08-06 21:45:00,DEV005,commit,developer-tools
GH04556,2026-08-06 21:50:00,DEV465,pull_request,cognistream-api
GH04749,2026-08-06 21:50:00,DEV313,pull_request,data-pipeline
GH04135,2026-08-06 22:04:00,DEV494,commit,developer-tools
GH01263,2026-08-06 22:09:00,DEV491,commit,data-pipeline
GH03502,2026-08-06 22:16:00,DEV169,pull_request,data-pipeline
GH00294,2026-08-06 22:21:00,DEV272,issue_created,developer-tools
GH00092,2026-08-06 22:24:00,DEV190,code_review,cognistream-dashboard
GH04919,2026-08-06 22:25:00,DEV388,issue_closed,developer-tools
GH03901,2026-08-06 22:38:00,DEV132,pull_request,cognistream-dashboard
GH00676,2026-08-06 22:39:00,DEV380,commit,analytics-service
GH00021,2026-08-06 22:41:00,DEV084,issue_created,analytics-service
GH01753,2026-08-06 22:42:00,DEV088,commit,data-pipeline
GH00551,2026-08-06 22:44:00,DEV413,issue_created,data-pipeline
GH04929,2026-08-06 22:44:00,DEV167,commit,data-pipeline
GH03509,2026-08-06 22:46:00,DEV398,issue_created,developer-tools
GH02810,2026-08-06 22:48:00,DEV018,commit,cognistream-dashboard
GH03854,2026-08-06 22:49:00,DEV351,issue_closed,analytics-service
GH00937,2026-08-06 22:52:00,DEV078,commit,analytics-service
GH02450,2026-08-06 22:53:00,DEV276,issue_created,developer-tools
GH04733,2026-08-06 22:57:00,DEV116,commit,analytics-service
GH02354,2026-08-06 22:58:00,DEV428,issue_created,data-pipeline
GH03201,2026-08-06 22:58:00,DEV038,pull_request,data-pipeline
GH04133,2026-08-06 22:59:00,DEV449,pull_request,analytics-service
GH02357,2026-08-06 23:02:00,DEV078,issue_closed,analytics-service
GH02170,2026-08-06 23:07:00,DEV409,code_review,analytics-service
GH04606,2026-08-06 23:08:00,DEV201,issue_created,data-pipeline
GH01662,2026-08-06 23:11:00,DEV266,issue_closed,analytics-service
GH00976,2026-08-06 23:13:00,DEV332,code_review,analytics-service
GH03019,2026-08-06 23:17:00,DEV197,issue_created,developer-tools
GH04131,2026-08-06 23:17:00,DEV281,pull_request,data-pipeline
GH02462,2026-08-06 23:18:00,DEV340,code_review,data-pipeline
GH04390,2026-08-06 23:24:00,DEV108,code_review,cognistream-dashboard
GH02261,2026-08-06 23:26:00,DEV394,issue_created,cognistream-api
GH02446,2026-08-06 23:31:00,DEV391,issue_closed,cognistream-dashboard
GH02189,2026-08-06 23:32:00,DEV494,code_review,cognistream-dashboard
GH00752,2026-08-06 23:35:00,DEV366,commit,cognistream-api
GH04403,2026-08-06 23:40:00,DEV115,commit,data-pipeline
GH00028,2026-08-06 23:41:00,DEV382,issue_closed,developer-tools
GH01657,2026-08-06 23:46:00,DEV219,issue_created,cognistream-api
GH02716,2026-08-06 23:46:00,DEV125,issue_created,cognistream-api
GH02622,2026-08-06 23:48:00,DEV270,code_review,developer-tools
GH02931,2026-08-06 23:52:00,DEV164,commit,cognistream-dashboard
GH04604,2026-08-06 23:54:00,DEV106,issue_closed,data-pipeline
GH04574,2026-08-06 23:55:00,DEV321,issue_created,data-pipeline
GH00178,2026-08-07 00:02:00,DEV103,commit,developer-tools
GH02919,2026-08-07 00:05:00,DEV342,issue_created,cognistream-dashboard
GH01624,2026-08-07 00:06:00,DEV473,issue_closed,data-pipeline
GH03574,2026-08-07 00:06:00,DEV340,issue_created,cognistream-api
GH00647,2026-08-07 00:08:00,DEV349,issue_closed,cognistream-api
GH02850,2026-08-07 00:10:00,DEV040,code_review,cognistream-api
GH00841,2026-08-07 00:11:00,DEV153,commit,analytics-service
GH02137,2026-08-07 00:13:00,DEV121,code_review,developer-tools
GH02387,2026-08-07 00:14:00,DEV054,code_review,developer-tools
GH00431,2026-08-07 00:18:00,DEV363,issue_created,analytics-service
GH01950,2026-08-07 00:20:00,DEV168,issue_created,developer-tools
GH00559,2026-08-07 00:23:00,DEV073,commit,cognistream-api
GH00113,2026-08-07 00:31:00,DEV137,pull_request,cognistream-api
GH04410,2026-08-07 00:33:00,DEV405,issue_created,analytics-service
GH00790,2026-08-07 00:34:00,DEV337,code_review,cognistream-dashboard
GH02685,2026-08-07 00:37:00,DEV411,pull_request,developer-tools
GH02833,2026-08-07 00:37:00,DEV154,commit,developer-tools
GH03596,2026-08-07 00:49:00,DEV482,commit,cognistream-api
GH04109,2026-08-07 00:49:00,DEV142,issue_created,cognistream-api
GH04738,2026-08-07 00:50:00,DEV238,pull_request,cognistream-api
GH01557,2026-08-07 00:51:00,DEV292,pull_request,developer-tools
GH04890,2026-08-07 00:52:00,DEV068,commit,cognistream-dashboard
GH01138,2026-08-07 00:53:00,DEV116,code_review,data-pipeline
GH04544,2026-08-07 01:00:00,DEV003,issue_created,cognistream-dashboard
GH02627,2026-08-07 01:03:00,DEV092,issue_closed,analytics-service
GH00980,2026-08-07 01:04:00,DEV323,issue_closed,cognistream-api
GH02918,2026-08-07 01:14:00,DEV144,commit,data-pipeline
GH02887,2026-08-07 01:24:00,DEV426,issue_closed,cognistream-api
GH04035,2026-08-07 01:24:00,DEV116,code_review,cognistream-dashboard
GH03950,2026-08-07 01:26:00,DEV144,issue_closed,developer-tools
GH03428,2026-08-07 01:29:00,DEV417,commit,cognistream-api
GH04891,2026-08-07 01:31:00,DEV382,commit,cognistream-api
GH00459,2026-08-07 01:32:00,DEV027,issue_created,data-pipeline
GH01509,2026-08-07 01:34:00,DEV419,issue_created,cognistream-api
GH03189,2026-08-07 01:35:00,DEV089,pull_request,data-pipeline
GH01408,2026-08-07 01:36:00,DEV356,issue_created,analytics-service
GH03434,2026-08-07 01:38:00,DEV481,issue_closed,cognistream-dashboard
GH00246,2026-08-07 01:44:00,DEV014,commit,cognistream-dashboard
GH03674,2026-08-07 01:49:00,DEV351,commit,developer-tools
GH01235,2026-08-07 01:50:00,DEV075,commit,data-pipeline
GH00541,2026-08-07 01:51:00,DEV101,issue_closed,data-pipeline
GH00311,2026-08-07 01:52:00,DEV348,pull_request,cognistream-api
GH01447,2026-08-07 02:03:00,DEV288,issue_closed,cognistream-api
GH03401,2026-08-07 02:17:00,DEV200,code_review,cognistream-api
GH03311,2026-08-07 02:18:00,DEV071,code_review,data-pipeline
GH01333,2026-08-07 02:23:00,DEV193,pull_request,developer-tools
GH00769,2026-08-07 02:27:00,DEV484,pull_request,analytics-service
GH03916,2026-08-07 02:29:00,DEV387,issue_created,developer-tools
GH01276,2026-08-07 02:34:00,DEV286,commit,developer-tools
GH04154,2026-08-07 02:37:00,DEV486,commit,developer-tools
GH02935,2026-08-07 02:46:00,DEV486,issue_created,data-pipeline
GH03785,2026-08-07 02:48:00,DEV218,code_review,data-pipeline
GH04459,2026-08-07 02:48:00,DEV112,issue_closed,cognistream-api
GH01097,2026-08-07 02:50:00,DEV312,code_review,data-pipeline
GH02948,2026-08-07 02:54:00,DEV457,issue_closed,data-pipeline
GH04609,2026-08-07 02:55:00,DEV064,issue_created,developer-tools
GH04316,2026-08-07 03:00:00,DEV099,issue_closed,data-pipeline
GH01152,2026-08-07 03:01:00,DEV243,pull_request,cognistream-dashboard
GH01294,2026-08-07 03:01:00,DEV100,commit,cognistream-dashboard
GH02635,2026-08-07 03:02:00,DEV107,issue_closed,cognistream-api
GH02486,2026-08-07 03:07:00,DEV349,issue_closed,analytics-service
GH00495,2026-08-07 03:20:00,DEV019,pull_request,data-pipeline
GH02293,2026-08-07 03:22:00,DEV182,code_review,developer-tools
GH04227,2026-08-07 03:24:00,DEV308,commit,analytics-service
GH00485,2026-08-07 03:31:00,DEV383,commit,data-pipeline
GH02719,2026-08-07 03:52:00,DEV127,issue_closed,developer-tools
GH03655,2026-08-07 04:07:00,DEV288,issue_closed,cognistream-dashboard
GH04611,2026-08-07 04:09:00,DEV476,issue_created,analytics-service
GH00299,2026-08-07 04:26:00,DEV342,commit,analytics-service
GH02432,2026-08-07 04:34:00,DEV394,commit,cognistream-dashboard
GH03820,2026-08-07 04:38:00,DEV207,commit,developer-tools
GH04525,2026-08-07 04:41:00,DEV359,issue_created,analytics-service
GH03943,2026-08-07 04:46:00,DEV151,code_review,cognistream-api
GH00414,2026-08-07 04:47:00,DEV102,pull_request,developer-tools
GH02973,2026-08-07 04:48:00,DEV498,commit,developer-tools
GH00181,2026-08-07 04:56:00,DEV393,code_review,cognistream-dashboard
GH04450,2026-08-07 04:57:00,DEV172,pull_request,data-pipeline
GH04232,2026-08-07 05:04:00,DEV490,issue_created,data-pipeline
GH01265,2026-08-07 05:07:00,DEV277,code_review,cognistream-api
GH01830,2026-08-07 05:19:00,DEV008,commit,developer-tools
GH00317,2026-08-07 05:20:00,DEV468,issue_created,data-pipeline
GH04267,2026-08-07 05:28:00,DEV452,pull_request,data-pipeline
GH02703,2026-08-07 05:30:00,DEV195,issue_created,data-pipeline
GH01864,2026-08-07 05:32:00,DEV083,commit,data-pipeline
GH03286,2026-08-07 05:32:00,DEV340,issue_created,data-pipeline
GH01407,2026-08-07 05:44:00,DEV449,issue_closed,developer-tools
GH01452,2026-08-07 05:44:00,DEV177,commit,analytics-service
GH01369,2026-08-07 05:47:00,DEV097,commit,cognistream-api
GH02342,2026-08-07 05:48:00,DEV175,code_review,cognistream-api
GH01058,2026-08-07 05:50:00,DEV164,commit,cognistream-api
GH01765,2026-08-07 05:55:00,DEV468,code_review,analytics-service
GH04821,2026-08-07 06:00:00,DEV087,code_review,data-pipeline
GH00200,2026-08-07 06:05:00,DEV175,code_review,developer-tools
GH01090,2026-08-07 06:15:00,DEV384,commit,data-pipeline
GH02378,2026-08-07 06:16:00,DEV124,code_review,analytics-service
GH01871,2026-08-07 06:26:00,DEV053,commit,cognistream-api
GH03964,2026-08-07 06:27:00,DEV131,issue_closed,cognistream-api
GH02775,2026-08-07 06:29:00,DEV060,code_review,cognistream-api
GH03372,2026-08-07 06:34:00,DEV067,code_review,developer-tools
GH02736,2026-08-07 06:38:00,DEV462,issue_created,analytics-service
GH01110,2026-08-07 06:40:00,DEV465,issue_created,analytics-service
GH02047,2026-08-07 06:44:00,DEV084,issue_closed,cognistream-api
GH02483,2026-08-07 06:47:00,DEV478,issue_closed,cognistream-dashboard
GH02380,2026-08-07 06:51:00,DEV322,issue_closed,data-pipeline
GH01995,2026-08-07 06:59:00,DEV117,issue_created,data-pipeline
GH03873,2026-08-07 06:59:00,DEV176,code_review,analytics-service
GH02219,2026-08-07 07:04:00,DEV077,commit,data-pipeline
GH00961,2026-08-07 07:05:00,DEV420,pull_request,cognistream-api
GH04451,2026-08-07 07:10:00,DEV202,commit,data-pipeline
GH02002,2026-08-07 07:13:00,DEV190,pull_request,cognistream-dashboard
GH03165,2026-08-07 07:15:00,DEV338,commit,data-pipeline
GH01120,2026-08-07 07:18:00,DEV300,code_review,analytics-service
GH02843,2026-08-07 07:21:00,DEV196,pull_request,analytics-service
GH00636,2026-08-07 07:25:00,DEV197,pull_request,analytics-service
GH02202,2026-08-07 07:31:00,DEV260,commit,data-pipeline
GH03767,2026-08-07 07:33:00,DEV491,issue_created,cognistream-dashboard
GH01106,2026-08-07 07:37:00,DEV336,code_review,cognistream-dashboard
GH00121,2026-08-07 07:39:00,DEV092,issue_closed,data-pipeline
GH01374,2026-08-07 07:42:00,DEV438,issue_closed,analytics-service
GH02718,2026-08-07 07:43:00,DEV310,issue_created,cognistream-dashboard
GH02461,2026-08-07 07:44:00,DEV386,issue_created,data-pipeline
GH04140,2026-08-07 07:48:00,DEV362,code_review,data-pipeline
GH04234,2026-08-07 07:48:00,DEV056,commit,analytics-service
GH00639,2026-08-07 07:50:00,DEV335,code_review,cognistream-dashboard
GH00704,2026-08-07 07:50:00,DEV185,issue_closed,analytics-service
GH03581,2026-08-07 07:52:00,DEV346,code_review,analytics-service
GH00519,2026-08-07 07:57:00,DEV397,code_review,analytics-service
GH02217,2026-08-07 07:58:00,DEV360,pull_request,cognistream-api
GH00102,2026-08-07 08:03:00,DEV083,issue_created,developer-tools
GH02543,2026-08-07 08:05:00,DEV369,pull_request,data-pipeline
GH01843,2026-08-07 08:25:00,DEV075,issue_closed,analytics-service
GH00029,2026-08-07 08:29:00,DEV383,issue_closed,analytics-service
GH00842,2026-08-07 08:31:00,DEV179,commit,analytics-service
GH04046,2026-08-07 08:31:00,DEV280,issue_created,cognistream-api
GH01158,2026-08-07 08:37:00,DEV426,issue_closed,cognistream-dashboard
GH01492,2026-08-07 08:37:00,DEV041,issue_created,cognistream-dashboard
GH03551,2026-08-07 08:39:00,DEV045,pull_request,data-pipeline
GH02394,2026-08-07 09:00:00,DEV300,issue_created,analytics-service
GH02247,2026-08-07 09:02:00,DEV265,code_review,analytics-service
GH00099,2026-08-07 09:10:00,DEV259,issue_created,data-pipeline
GH01067,2026-08-07 09:15:00,DEV197,issue_created,developer-tools
GH01839,2026-08-07 09:23:00,DEV387,commit,cognistream-api
GH00096,2026-08-07 09:26:00,DEV060,commit,developer-tools
GH00012,2026-08-07 09:27:00,DEV414,commit,analytics-service
GH03871,2026-08-07 09:27:00,DEV050,code_review,cognistream-api
GH00548,2026-08-07 09:32:00,DEV334,pull_request,developer-tools
GH02889,2026-08-07 09:35:00,DEV110,commit,developer-tools
GH00956,2026-08-07 09:43:00,DEV437,commit,cognistream-api
GH00050,2026-08-07 09:45:00,DEV271,issue_closed,analytics-service
GH02299,2026-08-07 09:45:00,DEV175,pull_request,cognistream-dashboard
GH00091,2026-08-07 09:50:00,DEV068,code_review,cognistream-api
GH01033,2026-08-07 09:52:00,DEV339,code_review,data-pipeline
GH03561,2026-08-07 09:52:00,DEV241,pull_request,analytics-service
GH03011,2026-08-07 09:56:00,DEV416,commit,cognistream-api
GH04726,2026-08-07 10:00:00,DEV373,issue_created,cognistream-api
GH00239,2026-08-07 10:04:00,DEV424,pull_request,cognistream-api
GH04448,2026-08-07 10:04:00,DEV285,code_review,developer-tools
GH02908,2026-08-07 10:09:00,DEV061,issue_created,analytics-service
GH02356,2026-08-07 10:16:00,DEV191,issue_created,data-pipeline
GH04400,2026-08-07 10:16:00,DEV035,issue_created,analytics-service
GH02224,2026-08-07 10:22:00,DEV148,issue_created,analytics-service
GH01875,2026-08-07 10:30:00,DEV078,code_review,analytics-service
GH01507,2026-08-07 10:32:00,DEV398,issue_created,cognistream-api
GH00989,2026-08-07 10:33:00,DEV274,commit,cognistream-dashboard
GH02142,2026-08-07 10:36:00,DEV011,issue_created,developer-tools
GH03253,2026-08-07 10:41:00,DEV015,issue_created,developer-tools
GH00037,2026-08-07 10:43:00,DEV394,code_review,cognistream-api
GH01646,2026-08-07 10:44:00,DEV311,issue_closed,developer-tools
GH00637,2026-08-07 10:48:00,DEV489,code_review,data-pipeline
GH01234,2026-08-07 10:48:00,DEV385,pull_request,data-pipeline
GH04484,2026-08-07 10:58:00,DEV013,code_review,cognistream-dashboard
GH02996,2026-08-07 11:04:00,DEV322,issue_closed,cognistream-api
GH03438,2026-08-07 11:06:00,DEV164,issue_closed,developer-tools
GH02990,2026-08-07 11:10:00,DEV074,issue_closed,cognistream-api
GH00025,2026-08-07 11:13:00,DEV034,pull_request,developer-tools
GH00838,2026-08-07 11:18:00,DEV397,issue_closed,data-pipeline
GH02161,2026-08-07 11:19:00,DEV480,issue_closed,developer-tools
GH00753,2026-08-07 11:20:00,DEV079,issue_created,cognistream-dashboard
GH03269,2026-08-07 11:30:00,DEV254,pull_request,cognistream-dashboard
GH01172,2026-08-07 11:31:00,DEV450,commit,data-pipeline
GH00766,2026-08-07 11:35:00,DEV253,pull_request,cognistream-api
GH00695,2026-08-07 11:36:00,DEV194,issue_closed,developer-tools
GH02963,2026-08-07 11:38:00,DEV283,commit,cognistream-dashboard
GH01046,2026-08-07 11:40:00,DEV289,commit,cognistream-dashboard
GH00855,2026-08-07 11:45:00,DEV322,issue_created,analytics-service
GH03465,2026-08-07 11:46:00,DEV338,code_review,developer-tools
GH01418,2026-08-07 11:57:00,DEV094,pull_request,analytics-service
GH02445,2026-08-07 11:59:00,DEV284,issue_closed,cognistream-api
GH01501,2026-08-07 12:00:00,DEV065,issue_created,cognistream-api
GH03058,2026-08-07 12:00:00,DEV044,issue_closed,developer-tools
GH02266,2026-08-07 12:05:00,DEV305,commit,data-pipeline
GH03738,2026-08-07 12:06:00,DEV489,issue_closed,analytics-service
GH04885,2026-08-07 12:06:00,DEV128,issue_closed,cognistream-api
GH01436,2026-08-07 12:07:00,DEV242,issue_closed,data-pipeline
GH02846,2026-08-07 12:07:00,DEV325,pull_request,data-pipeline
GH02902,2026-08-07 12:10:00,DEV056,issue_created,analytics-service
GH04709,2026-08-07 12:14:00,DEV031,commit,developer-tools
GH01940,2026-08-07 12:17:00,DEV104,code_review,cognistream-dashboard
GH01653,2026-08-07 12:22:00,DEV487,issue_created,cognistream-dashboard
GH00022,2026-08-07 12:25:00,DEV474,issue_closed,cognistream-dashboard
GH00193,2026-08-07 12:30:00,DEV316,issue_closed,analytics-service
GH03446,2026-08-07 12:37:00,DEV143,issue_closed,analytics-service
GH01848,2026-08-07 12:38:00,DEV137,commit,data-pipeline
GH00984,2026-08-07 12:41:00,DEV093,commit,data-pipeline
GH03917,2026-08-07 12:51:00,DEV253,pull_request,data-pipeline
GH01752,2026-08-07 13:01:00,DEV073,code_review,developer-tools
GH02860,2026-08-07 13:01:00,DEV312,commit,cognistream-api
GH03991,2026-08-07 13:02:00,DEV120,pull_request,data-pipeline
GH00612,2026-08-07 13:04:00,DEV478,issue_closed,data-pipeline
GH02055,2026-08-07 13:15:00,DEV351,code_review,cognistream-api
GH00155,2026-08-07 13:23:00,DEV172,code_review,developer-tools
GH00243,2026-08-07 13:40:00,DEV257,issue_closed,analytics-service
GH03601,2026-08-07 13:47:00,DEV384,commit,analytics-service
GH03808,2026-08-07 13:55:00,DEV003,issue_created,cognistream-dashboard
GH00462,2026-08-07 13:58:00,DEV231,issue_closed,cognistream-dashboard
GH02258,2026-08-07 13:58:00,DEV289,issue_closed,cognistream-dashboard
GH04321,2026-08-07 14:00:00,DEV384,issue_created,cognistream-api
GH02107,2026-08-07 14:04:00,DEV388,issue_created,data-pipeline
GH02576,2026-08-07 14:06:00,DEV196,commit,cognistream-dashboard
GH03684,2026-08-07 14:06:00,DEV018,code_review,analytics-service
GH04477,2026-08-07 14:10:00,DEV139,commit,developer-tools
GH00391,2026-08-07 14:11:00,DEV111,issue_closed,cognistream-api
GH00497,2026-08-07 14:12:00,DEV064,code_review,analytics-service
GH00748,2026-08-07 14:16:00,DEV402,issue_created,analytics-service
GH00607,2026-08-07 14:20:00,DEV148,commit,developer-tools
GH01749,2026-08-07 14:26:00,DEV059,commit,developer-tools
GH03185,2026-08-07 14:27:00,DEV247,pull_request,cognistream-api
GH03703,2026-08-07 14:30:00,DEV288,code_review,cognistream-api
GH01085,2026-08-07 14:37:00,DEV189,issue_created,developer-tools
GH00869,2026-08-07 14:39:00,DEV048,code_review,data-pipeline
GH02199,2026-08-07 14:39:00,DEV444,commit,analytics-service
GH04467,2026-08-07 14:46:00,DEV477,commit,data-pipeline
GH00217,2026-08-07 14:48:00,DEV024,commit,developer-tools
GH03462,2026-08-07 14:51:00,DEV044,pull_request,developer-tools
GH03653,2026-08-07 14:57:00,DEV146,issue_created,developer-tools
GH03220,2026-08-07 15:00:00,DEV163,code_review,analytics-service
GH03810,2026-08-07 15:03:00,DEV137,issue_created,developer-tools
GH04898,2026-08-07 15:13:00,DEV228,pull_request,cognistream-dashboard
GH04952,2026-08-07 15:19:00,DEV099,pull_request,cognistream-dashboard
GH01533,2026-08-07 15:21:00,DEV445,issue_closed,developer-tools
GH01069,2026-08-07 15:24:00,DEV207,pull_request,developer-tools
GH02620,2026-08-07 15:25:00,DEV104,commit,cognistream-dashboard
GH04091,2026-08-07 15:39:00,DEV464,code_review,developer-tools
GH01572,2026-08-07 15:42:00,DEV471,issue_closed,developer-tools
GH02940,2026-08-07 15:42:00,DEV108,issue_closed,analytics-service
GH04417,2026-08-07 15:42:00,DEV102,issue_closed,analytics-service
GH01519,2026-08-07 15:47:00,DEV300,commit,analytics-service
GH00201,2026-08-07 15:52:00,DEV285,commit,developer-tools
GH00271,2026-08-07 15:52:00,DEV396,issue_created,data-pipeline
GH01863,2026-08-07 15:56:00,DEV394,issue_created,data-pipeline
GH02580,2026-08-07 15:57:00,DEV475,pull_request,cognistream-api
GH03472,2026-08-07 15:58:00,DEV460,issue_closed,developer-tools
GH01105,2026-08-07 15:59:00,DEV328,code_review,data-pipeline
GH00213,2026-08-07 16:00:00,DEV371,issue_closed,developer-tools
GH01747,2026-08-07 16:05:00,DEV273,code_review,analytics-service
GH02739,2026-08-07 16:08:00,DEV033,code_review,cognistream-api
GH03976,2026-08-07 16:12:00,DEV239,issue_created,cognistream-dashboard
GH00888,2026-08-07 16:15:00,DEV331,commit,cognistream-dashboard
GH04622,2026-08-07 16:22:00,DEV146,issue_created,cognistream-dashboard
GH03661,2026-08-07 16:24:00,DEV495,issue_closed,analytics-service
GH00344,2026-08-07 16:25:00,DEV440,pull_request,cognistream-dashboard
GH02080,2026-08-07 16:29:00,DEV486,issue_closed,data-pipeline
GH02417,2026-08-07 16:29:00,DEV331,commit,cognistream-dashboard
GH00905,2026-08-07 16:32:00,DEV043,code_review,cognistream-api
GH03904,2026-08-07 16:32:00,DEV047,pull_request,cognistream-api
GH00018,2026-08-07 16:48:00,DEV233,code_review,cognistream-dashboard
GH04226,2026-08-07 16:52:00,DEV432,pull_request,analytics-service
GH01688,2026-08-07 16:53:00,DEV318,issue_closed,cognistream-dashboard
GH04830,2026-08-07 16:59:00,DEV403,commit,data-pipeline
GH00813,2026-08-07 17:00:00,DEV386,commit,developer-tools
GH03099,2026-08-07 17:01:00,DEV233,commit,developer-tools
GH03015,2026-08-07 17:05:00,DEV075,commit,data-pipeline
GH02106,2026-08-07 17:06:00,DEV392,issue_closed,developer-tools
GH04663,2026-08-07 17:06:00,DEV446,pull_request,cognistream-dashboard
GH03612,2026-08-07 17:07:00,DEV248,code_review,developer-tools
GH00196,2026-08-07 17:19:00,DEV452,issue_created,cognistream-dashboard
GH04553,2026-08-07 17:19:00,DEV224,issue_closed,analytics-service
GH03713,2026-08-07 17:21:00,DEV072,issue_closed,data-pipeline
GH01248,2026-08-07 17:25:00,DEV285,code_review,cognistream-dashboard
GH03448,2026-08-07 17:25:00,DEV438,issue_closed,analytics-service
GH01949,2026-08-07 17:27:00,DEV008,issue_created,cognistream-dashboard
GH04679,2026-08-07 17:31:00,DEV237,pull_request,analytics-service
GH04047,2026-08-07 17:32:00,DEV336,issue_closed,data-pipeline
GH02459,2026-08-07 17:37:00,DEV450,issue_created,cognistream-dashboard
GH02752,2026-08-07 17:37:00,DEV487,pull_request,data-pipeline
GH04633,2026-08-07 17:37:00,DEV055,commit,cognistream-dashboard
GH00575,2026-08-07 17:45:00,DEV423,issue_closed,developer-tools
GH02368,2026-08-07 17:47:00,DEV461,issue_closed,developer-tools
GH00943,2026-08-07 17:49:00,DEV048,commit,cognistream-dashboard
GH02557,2026-08-07 17:57:00,DEV447,pull_request,developer-tools
GH00738,2026-08-07 18:07:00,DEV461,issue_closed,developer-tools
GH02930,2026-08-07 18:13:00,DEV483,code_review,analytics-service
GH01942,2026-08-07 18:14:00,DEV070,commit,analytics-service
GH01338,2026-08-07 18:21:00,DEV109,pull_request,cognistream-dashboard
GH02245,2026-08-07 18:27:00,DEV383,code_review,analytics-service
GH02473,2026-08-07 18:32:00,DEV349,code_review,cognistream-dashboard
GH04302,2026-08-07 18:35:00,DEV354,pull_request,cognistream-api
GH00568,2026-08-07 18:39:00,DEV254,issue_closed,analytics-service
GH04356,2026-08-07 18:42:00,DEV387,pull_request,cognistream-api
GH04483,2026-08-07 18:46:00,DEV369,issue_created,cognistream-dashboard
GH02212,2026-08-07 18:53:00,DEV102,commit,analytics-service
GH03004,2026-08-07 18:54:00,DEV183,commit,developer-tools
GH04261,2026-08-07 19:15:00,DEV352,issue_closed,analytics-service
GH04200,2026-08-07 19:18:00,DEV165,pull_request,analytics-service
GH03430,2026-08-07 19:20:00,DEV023,code_review,data-pipeline
GH02246,2026-08-07 19:30:00,DEV463,code_review,developer-tools
GH03308,2026-08-07 19:33:00,DEV423,issue_closed,cognistream-api
GH01368,2026-08-07 19:42:00,DEV307,issue_closed,analytics-service
GH02095,2026-08-07 19:53:00,DEV234,issue_closed,data-pipeline
GH03144,2026-08-07 19:53:00,DEV138,code_review,data-pipeline
GH03206,2026-08-07 19:53:00,DEV309,pull_request,developer-tools
GH01914,2026-08-07 19:57:00,DEV214,issue_created,cognistream-dashboard
GH00138,2026-08-07 19:59:00,DEV264,issue_closed,data-pipeline
GH01616,2026-08-07 20:06:00,DEV103,issue_closed,data-pipeline
GH02257,2026-08-07 20:09:00,DEV093,pull_request,developer-tools
GH00437,2026-08-07 20:10:00,DEV130,issue_closed,cognistream-dashboard
GH00220,2026-08-07 20:17:00,DEV241,issue_created,analytics-service
GH01694,2026-08-07 20:18:00,DEV313,issue_closed,developer-tools
GH01455,2026-08-07 20:26:00,DEV182,code_review,developer-tools
GH02024,2026-08-07 20:27:00,DEV177,code_review,data-pipeline
GH01494,2026-08-07 20:28:00,DEV333,issue_closed,data-pipeline
GH04418,2026-08-07 20:31:00,DEV084,issue_closed,cognistream-dashboard
GH00453,2026-08-07 20:36:00,DEV386,issue_created,cognistream-dashboard
GH00890,2026-08-07 20:36:00,DEV399,commit,data-pipeline
GH03215,2026-08-07 20:40:00,DEV010,issue_closed,cognistream-api
GH00569,2026-08-07 21:03:00,DEV275,commit,cognistream-api
GH02875,2026-08-07 21:06:00,DEV284,issue_created,cognistream-api
GH00309,2026-08-07 21:18:00,DEV398,pull_request,developer-tools
GH00902,2026-08-07 21:27:00,DEV322,issue_closed,analytics-service
GH03085,2026-08-07 21:32:00,DEV206,issue_created,developer-tools
GH00725,2026-08-07 21:34:00,DEV009,issue_closed,analytics-service
GH01485,2026-08-07 21:36:00,DEV241,issue_closed,cognistream-api
GH02355,2026-08-07 21:36:00,DEV259,pull_request,cognistream-api
GH01827,2026-08-07 21:38:00,DEV249,commit,cognistream-dashboard
GH02870,2026-08-07 21:38:00,DEV142,issue_created,developer-tools
GH00134,2026-08-07 21:41:00,DEV108,issue_created,developer-tools
GH02167,2026-08-07 21:45:00,DEV331,pull_request,data-pipeline
GH04683,2026-08-07 21:51:00,DEV236,issue_closed,analytics-service
GH04905,2026-08-07 21:51:00,DEV073,code_review,data-pipeline
GH01415,2026-08-07 21:53:00,DEV048,issue_created,data-pipeline
GH04582,2026-08-07 22:04:00,DEV255,commit,analytics-service
GH00300,2026-08-07 22:05:00,DEV347,issue_closed,cognistream-dashboard
GH00372,2026-08-07 22:05:00,DEV308,code_review,data-pipeline
GH03271,2026-08-07 22:16:00,DEV376,commit,cognistream-api
GH04346,2026-08-07 22:19:00,DEV375,issue_closed,cognistream-api
GH01996,2026-08-07 22:21:00,DEV395,commit,cognistream-dashboard
GH02093,2026-08-07 22:26:00,DEV286,commit,cognistream-api
GH03839,2026-08-07 22:30:00,DEV002,issue_closed,data-pipeline
GH03540,2026-08-07 22:32:00,DEV481,code_review,developer-tools
GH03721,2026-08-07 22:39:00,DEV107,code_review,developer-tools
GH04594,2026-08-07 22:48:00,DEV305,issue_closed,cognistream-dashboard
GH00605,2026-08-07 22:50:00,DEV361,pull_request,analytics-service
GH04904,2026-08-07 22:52:00,DEV105,issue_created,cognistream-api
GH02452,2026-08-07 22:58:00,DEV335,pull_request,cognistream-api
GH03525,2026-08-07 22:59:00,DEV388,issue_created,cognistream-dashboard
GH00397,2026-08-07 23:04:00,DEV168,commit,cognistream-api
GH00624,2026-08-07 23:05:00,DEV449,commit,cognistream-api
GH02010,2026-08-07 23:17:00,DEV497,issue_closed,cognistream-dashboard
GH02051,2026-08-07 23:18:00,DEV150,issue_closed,cognistream-api
GH02888,2026-08-07 23:24:00,DEV154,issue_created,data-pipeline
GH00560,2026-08-07 23:29:00,DEV485,issue_created,developer-tools
GH01710,2026-08-07 23:38:00,DEV100,commit,cognistream-api
GH01227,2026-08-07 23:41:00,DEV352,code_review,cognistream-dashboard
GH02540,2026-08-07 23:41:00,DEV226,pull_request,developer-tools
GH02097,2026-08-07 23:42:00,DEV438,issue_created,cognistream-dashboard
GH01297,2026-08-07 23:44:00,DEV344,commit,data-pipeline
GH03282,2026-08-07 23:44:00,DEV428,pull_request,developer-tools
GH04647,2026-08-07 23:44:00,DEV461,pull_request,analytics-service
GH03315,2026-08-07 23:49:00,DEV113,commit,analytics-service
GH03073,2026-08-07 23:50:00,DEV185,issue_closed,analytics-service
GH03491,2026-08-07 23:51:00,DEV477,pull_request,developer-tools
GH03579,2026-08-07 23:53:00,DEV138,issue_closed,cognistream-dashboard
GH02611,2026-08-07 23:58:00,DEV338,issue_closed,cognistream-api
GH04762,2026-08-08 00:09:00,DEV316,issue_closed,cognistream-api
GH00777,2026-08-08 00:10:00,DEV377,issue_created,developer-tools
GH00934,2026-08-08 00:14:00,DEV289,code_review,developer-tools
GH01826,2026-08-08 00:20:00,DEV415,issue_closed,cognistream-api
GH00267,2026-08-08 00:23:00,DEV261,code_review,analytics-service
GH02965,2026-08-08 00:23:00,DEV021,pull_request,data-pipeline
GH00218,2026-08-08 00:32:00,DEV358,pull_request,analytics-service
GH02350,2026-08-08 00:32:00,DEV363,issue_created,developer-tools
GH04997,2026-08-08 00:32:00,DEV134,pull_request,cognistream-api
GH04313,2026-08-08 00:39:00,DEV365,commit,data-pipeline
GH04494,2026-08-08 00:42:00,DEV076,issue_created,developer-tools
GH00849,2026-08-08 00:49:00,DEV149,issue_closed,data-pipeline
GH03864,2026-08-08 00:59:00,DEV416,issue_created,cognistream-api
GH02738,2026-08-08 01:05:00,DEV044,issue_created,cognistream-api
GH03787,2026-08-08 01:08:00,DEV183,issue_created,cognistream-api
GH02834,2026-08-08 01:14:00,DEV338,issue_closed,analytics-service
GH03198,2026-08-08 01:16:00,DEV310,issue_closed,data-pipeline
GH00038,2026-08-08 01:17:00,DEV223,pull_request,analytics-service
GH00503,2026-08-08 01:26:00,DEV165,commit,cognistream-api
GH04129,2026-08-08 01:30:00,DEV315,issue_closed,cognistream-api
GH02405,2026-08-08 01:33:00,DEV249,commit,cognistream-dashboard
GH00205,2026-08-08 01:41:00,DEV114,issue_created,cognistream-dashboard
GH01862,2026-08-08 01:52:00,DEV240,commit,analytics-service
GH03549,2026-08-08 02:04:00,DEV471,commit,cognistream-api
GH02571,2026-08-08 02:08:00,DEV228,issue_closed,data-pipeline
GH00314,2026-08-08 02:10:00,DEV168,issue_created,cognistream-dashboard
GH00799,2026-08-08 02:20:00,DEV213,commit,cognistream-api
GH03463,2026-08-08 02:33:00,DEV173,issue_closed,analytics-service
GH04123,2026-08-08 02:46:00,DEV388,issue_closed,developer-tools
GH00215,2026-08-08 02:47:00,DEV117,code_review,cognistream-dashboard
GH01268,2026-08-08 02:53:00,DEV460,pull_request,data-pipeline
GH04067,2026-08-08 02:55:00,DEV200,issue_closed,analytics-service
GH04866,2026-08-08 03:18:00,DEV465,issue_closed,data-pipeline
GH02150,2026-08-08 03:22:00,DEV294,issue_created,cognistream-dashboard
GH03531,2026-08-08 03:23:00,DEV253,code_review,cognistream-api
GH04472,2026-08-08 03:27:00,DEV395,commit,cognistream-api
GH02382,2026-08-08 03:43:00,DEV294,commit,analytics-service
GH03398,2026-08-08 03:52:00,DEV052,commit,analytics-service
GH01125,2026-08-08 03:56:00,DEV212,commit,cognistream-dashboard
GH00625,2026-08-08 03:57:00,DEV291,issue_closed,cognistream-api
GH00273,2026-08-08 04:03:00,DEV429,issue_closed,developer-tools
GH00163,2026-08-08 04:04:00,DEV386,issue_created,analytics-service
GH01516,2026-08-08 04:11:00,DEV102,code_review,cognistream-api
GH01052,2026-08-08 04:12:00,DEV041,issue_created,cognistream-api
GH02794,2026-08-08 04:20:00,DEV418,pull_request,cognistream-api
GH04741,2026-08-08 04:20:00,DEV042,pull_request,cognistream-dashboard
GH00302,2026-08-08 04:22:00,DEV328,issue_created,data-pipeline
GH01697,2026-08-08 04:27:00,DEV166,code_review,analytics-service
GH02586,2026-08-08 04:33:00,DEV145,code_review,analytics-service
GH03038,2026-08-08 04:34:00,DEV241,issue_created,data-pipeline
GH04958,2026-08-08 04:37:00,DEV428,issue_created,cognistream-dashboard
GH02532,2026-08-08 04:38:00,DEV215,code_review,cognistream-dashboard
GH02599,2026-08-08 04:38:00,DEV167,issue_closed,cognistream-api
GH03919,2026-08-08 04:38:00,DEV136,issue_closed,cognistream-dashboard
GH00768,2026-08-08 04:42:00,DEV248,commit,data-pipeline
GH00731,2026-08-08 04:49:00,DEV351,commit,cognistream-api
GH04069,2026-08-08 04:50:00,DEV001,commit,data-pipeline
GH03569,2026-08-08 04:53:00,DEV431,pull_request,data-pipeline
GH04311,2026-08-08 04:53:00,DEV347,issue_created,cognistream-dashboard
GH04853,2026-08-08 04:57:00,DEV341,pull_request,data-pipeline
GH04806,2026-08-08 04:59:00,DEV457,commit,cognistream-dashboard
GH00129,2026-08-08 05:00:00,DEV260,code_review,analytics-service
GH01577,2026-08-08 05:00:00,DEV048,issue_closed,analytics-service
GH03447,2026-08-08 05:03:00,DEV424,commit,cognistream-api
GH04735,2026-08-08 05:09:00,DEV256,issue_created,cognistream-api
GH00689,2026-08-08 05:14:00,DEV440,pull_request,analytics-service
GH02196,2026-08-08 05:19:00,DEV047,pull_request,data-pipeline
GH03322,2026-08-08 05:25:00,DEV157,commit,data-pipeline
GH04036,2026-08-08 05:26:00,DEV169,issue_created,developer-tools
GH03288,2026-08-08 05:27:00,DEV364,code_review,developer-tools
GH00474,2026-08-08 05:28:00,DEV063,commit,cognistream-dashboard
GH01841,2026-08-08 05:35:00,DEV244,issue_closed,cognistream-dashboard
GH02507,2026-08-08 05:38:00,DEV313,issue_created,cognistream-api
GH02006,2026-08-08 05:41:00,DEV063,commit,analytics-service
GH03009,2026-08-08 05:41:00,DEV320,code_review,data-pipeline
GH00681,2026-08-08 05:48:00,DEV449,pull_request,developer-tools
GH01570,2026-08-08 05:50:00,DEV004,code_review,cognistream-dashboard
GH02155,2026-08-08 05:50:00,DEV259,code_review,analytics-service
GH03126,2026-08-08 05:54:00,DEV460,code_review,developer-tools
GH03799,2026-08-08 05:55:00,DEV217,issue_created,cognistream-api
GH03318,2026-08-08 05:56:00,DEV306,code_review,cognistream-dashboard
GH04473,2026-08-08 05:57:00,DEV073,code_review,analytics-service
GH01100,2026-08-08 06:00:00,DEV347,issue_closed,developer-tools
GH03608,2026-08-08 06:00:00,DEV141,issue_created,cognistream-dashboard
GH02724,2026-08-08 06:03:00,DEV257,issue_closed,analytics-service
GH00216,2026-08-08 06:04:00,DEV008,issue_closed,cognistream-dashboard
GH01627,2026-08-08 06:06:00,DEV121,issue_closed,data-pipeline
GH04779,2026-08-08 06:13:00,DEV480,pull_request,analytics-service
GH04324,2026-08-08 06:19:00,DEV195,pull_request,analytics-service
GH02115,2026-08-08 06:20:00,DEV319,issue_closed,cognistream-api
GH03361,2026-08-08 06:20:00,DEV018,issue_closed,analytics-service
GH00420,2026-08-08 06:22:00,DEV408,code_review,developer-tools
GH02305,2026-08-08 06:22:00,DEV317,issue_closed,data-pipeline
GH00784,2026-08-08 06:23:00,DEV124,code_review,cognistream-dashboard
GH03369,2026-08-08 06:26:00,DEV473,issue_created,cognistream-api
GH02695,2026-08-08 06:32:00,DEV147,issue_closed,analytics-service
GH04298,2026-08-08 06:36:00,DEV052,issue_closed,cognistream-dashboard
GH01643,2026-08-08 06:40:00,DEV227,code_review,cognistream-dashboard
GH02962,2026-08-08 06:42:00,DEV437,pull_request,data-pipeline
GH04376,2026-08-08 06:45:00,DEV425,issue_closed,data-pipeline
GH03936,2026-08-08 06:48:00,DEV190,pull_request,data-pipeline
GH02336,2026-08-08 06:50:00,DEV121,pull_request,developer-tools
GH04521,2026-08-08 06:54:00,DEV220,issue_closed,developer-tools
GH02929,2026-08-08 07:10:00,DEV057,code_review,data-pipeline
GH02447,2026-08-08 07:21:00,DEV291,issue_created,analytics-service
GH02068,2026-08-08 07:23:00,DEV015,commit,cognistream-dashboard
GH01586,2026-08-08 07:27:00,DEV269,commit,data-pipeline
GH03442,2026-08-08 07:32:00,DEV380,issue_closed,cognistream-dashboard
GH00116,2026-08-08 07:40:00,DEV421,pull_request,cognistream-dashboard
GH03273,2026-08-08 07:44:00,DEV437,pull_request,cognistream-dashboard
GH02596,2026-08-08 07:52:00,DEV483,commit,analytics-service
GH03654,2026-08-08 07:58:00,DEV189,issue_closed,analytics-service
GH04205,2026-08-08 08:03:00,DEV255,code_review,cognistream-api
GH00206,2026-08-08 08:13:00,DEV340,issue_closed,data-pipeline
GH04178,2026-08-08 08:15:00,DEV015,issue_closed,developer-tools
GH00210,2026-08-08 08:27:00,DEV129,pull_request,cognistream-api
GH00641,2026-08-08 08:33:00,DEV082,issue_created,developer-tools
GH02433,2026-08-08 08:33:00,DEV488,issue_created,cognistream-dashboard
GH03250,2026-08-08 08:44:00,DEV488,issue_closed,cognistream-api
GH03928,2026-08-08 08:46:00,DEV257,code_review,data-pipeline
GH02070,2026-08-08 08:53:00,DEV065,pull_request,cognistream-dashboard
GH04295,2026-08-08 08:58:00,DEV431,commit,data-pipeline
GH01890,2026-08-08 09:03:00,DEV256,issue_closed,analytics-service
GH01482,2026-08-08 09:08:00,DEV188,issue_created,data-pipeline
GH04746,2026-08-08 09:12:00,DEV121,issue_created,analytics-service
GH01680,2026-08-08 09:14:00,DEV159,issue_created,data-pipeline
GH02014,2026-08-08 09:15:00,DEV013,issue_created,developer-tools
GH02728,2026-08-08 09:15:00,DEV004,pull_request,analytics-service
GH03986,2026-08-08 09:28:00,DEV093,commit,cognistream-api
GH04634,2026-08-08 09:28:00,DEV223,issue_closed,developer-tools
GH03921,2026-08-08 09:38:00,DEV321,issue_created,cognistream-api
GH02676,2026-08-08 09:40:00,DEV122,issue_created,cognistream-dashboard
GH00531,2026-08-08 09:54:00,DEV204,issue_created,developer-tools
GH03299,2026-08-08 09:55:00,DEV098,commit,developer-tools
GH04824,2026-08-08 10:01:00,DEV278,issue_closed,cognistream-api
GH01480,2026-08-08 10:06:00,DEV466,code_review,analytics-service
GH02411,2026-08-08 10:08:00,DEV290,issue_created,data-pipeline
GH04533,2026-08-08 10:11:00,DEV283,issue_created,cognistream-dashboard
GH04460,2026-08-08 10:14:00,DEV007,pull_request,cognistream-dashboard
GH02983,2026-08-08 10:23:00,DEV084,pull_request,analytics-service
GH01738,2026-08-08 10:29:00,DEV398,code_review,cognistream-dashboard
GH04707,2026-08-08 10:29:00,DEV473,issue_closed,cognistream-dashboard
GH00422,2026-08-08 10:31:00,DEV237,issue_created,cognistream-api
GH04122,2026-08-08 10:35:00,DEV466,issue_closed,developer-tools
GH00932,2026-08-08 10:40:00,DEV168,commit,developer-tools
GH03343,2026-08-08 10:47:00,DEV369,commit,analytics-service
GH01074,2026-08-08 10:49:00,DEV144,issue_created,cognistream-api
GH00642,2026-08-08 10:50:00,DEV354,commit,data-pipeline
GH00183,2026-08-08 10:52:00,DEV056,issue_closed,cognistream-api
GH04080,2026-08-08 10:56:00,DEV269,commit,developer-tools
GH02522,2026-08-08 10:57:00,DEV299,issue_closed,cognistream-dashboard
GH04028,2026-08-08 11:04:00,DEV244,issue_created,data-pipeline
GH01504,2026-08-08 11:09:00,DEV403,issue_created,data-pipeline
GH03191,2026-08-08 11:10:00,DEV085,pull_request,analytics-service
GH00386,2026-08-08 11:11:00,DEV370,code_review,developer-tools
GH00052,2026-08-08 11:14:00,DEV205,code_review,analytics-service
GH04868,2026-08-08 11:20:00,DEV471,issue_created,cognistream-api
GH00184,2026-08-08 11:22:00,DEV295,issue_created,analytics-service
GH04851,2026-08-08 11:25:00,DEV275,issue_created,data-pipeline
GH02376,2026-08-08 11:31:00,DEV267,code_review,cognistream-dashboard
GH01634,2026-08-08 11:36:00,DEV466,issue_closed,data-pipeline
GH02125,2026-08-08 11:38:00,DEV367,issue_created,analytics-service
GH04391,2026-08-08 11:41:00,DEV325,issue_created,data-pipeline
GH00555,2026-08-08 11:42:00,DEV442,code_review,data-pipeline
GH01169,2026-08-08 11:46:00,DEV219,commit,cognistream-api
GH04595,2026-08-08 11:58:00,DEV475,code_review,cognistream-dashboard
GH03493,2026-08-08 11:59:00,DEV262,issue_closed,developer-tools
GH04616,2026-08-08 12:01:00,DEV062,pull_request,cognistream-dashboard
GH03050,2026-08-08 12:02:00,DEV335,issue_created,analytics-service
GH02244,2026-08-08 12:05:00,DEV023,pull_request,analytics-service
GH00879,2026-08-08 12:07:00,DEV189,code_review,cognistream-dashboard
GH00817,2026-08-08 12:09:00,DEV306,issue_created,developer-tools
GH03087,2026-08-08 12:17:00,DEV192,commit,analytics-service
GH02367,2026-08-08 12:19:00,DEV466,code_review,cognistream-api
GH03079,2026-08-08 12:19:00,DEV087,code_review,cognistream-dashboard
GH02207,2026-08-08 12:20:00,DEV295,commit,cognistream-api
GH01417,2026-08-08 12:24:00,DEV182,pull_request,developer-tools
GH03473,2026-08-08 12:30:00,DEV489,commit,analytics-service
GH00086,2026-08-08 12:35:00,DEV123,code_review,analytics-service
GH00776,2026-08-08 12:35:00,DEV091,issue_created,data-pipeline
GH02091,2026-08-08 12:38:00,DEV064,issue_created,cognistream-api
GH03537,2026-08-08 12:41:00,DEV051,code_review,data-pipeline
GH04160,2026-08-08 12:44:00,DEV442,commit,developer-tools
GH01730,2026-08-08 12:45:00,DEV364,commit,data-pipeline
GH04693,2026-08-08 12:47:00,DEV250,pull_request,cognistream-api
GH00026,2026-08-08 12:51:00,DEV109,issue_created,analytics-service
GH04786,2026-08-08 12:54:00,DEV491,issue_closed,cognistream-dashboard
GH03556,2026-08-08 12:55:00,DEV457,commit,analytics-service
GH00949,2026-08-08 13:02:00,DEV475,issue_created,data-pipeline
GH03274,2026-08-08 13:05:00,DEV349,commit,cognistream-dashboard
GH01563,2026-08-08 13:06:00,DEV282,code_review,data-pipeline
GH02747,2026-08-08 13:09:00,DEV419,pull_request,data-pipeline
GH03989,2026-08-08 13:12:00,DEV476,pull_request,cognistream-dashboard
GH01621,2026-08-08 13:16:00,DEV249,issue_closed,developer-tools
GH04296,2026-08-08 13:18:00,DEV299,issue_created,analytics-service
GH00493,2026-08-08 13:21:00,DEV478,code_review,developer-tools
GH01432,2026-08-08 13:23:00,DEV353,commit,cognistream-api
GH01845,2026-08-08 13:24:00,DEV493,issue_closed,cognistream-api
GH01413,2026-08-08 13:25:00,DEV212,code_review,developer-tools
GH01446,2026-08-08 13:25:00,DEV403,issue_created,data-pipeline
GH04970,2026-08-08 13:25:00,DEV134,issue_closed,cognistream-dashboard
GH01197,2026-08-08 13:36:00,DEV061,issue_created,cognistream-api
GH00088,2026-08-08 13:40:00,DEV476,commit,cognistream-api
GH01304,2026-08-08 13:45:00,DEV491,issue_created,cognistream-dashboard
GH01128,2026-08-08 13:47:00,DEV442,pull_request,cognistream-api
GH01279,2026-08-08 13:47:00,DEV009,issue_created,cognistream-api
GH02188,2026-08-08 13:50:00,DEV280,issue_created,analytics-service
GH04115,2026-08-08 13:52:00,DEV425,code_review,cognistream-api
GH01789,2026-08-08 13:54:00,DEV154,issue_closed,data-pipeline
GH02001,2026-08-08 13:55:00,DEV295,pull_request,analytics-service
GH01527,2026-08-08 13:58:00,DEV286,code_review,analytics-service
GH01462,2026-08-08 14:03:00,DEV335,code_review,data-pipeline
GH04000,2026-08-08 14:03:00,DEV213,pull_request,cognistream-dashboard
GH00606,2026-08-08 14:08:00,DEV246,code_review,developer-tools
GH02198,2026-08-08 14:13:00,DEV451,issue_created,cognistream-api
GH03479,2026-08-08 14:18:00,DEV022,issue_closed,cognistream-dashboard
GH01641,2026-08-08 14:27:00,DEV430,pull_request,cognistream-api
GH03646,2026-08-08 14:30:00,DEV214,pull_request,cognistream-dashboard
GH04243,2026-08-08 14:37:00,DEV023,issue_closed,cognistream-api
GH02553,2026-08-08 14:38:00,DEV307,issue_created,cognistream-dashboard
GH00992,2026-08-08 14:40:00,DEV413,code_review,developer-tools
GH00950,2026-08-08 14:42:00,DEV232,code_review,cognistream-dashboard
GH01797,2026-08-08 14:44:00,DEV365,issue_created,analytics-service
GH03811,2026-08-08 14:45:00,DEV050,pull_request,cognistream-dashboard
GH04318,2026-08-08 14:58:00,DEV464,pull_request,cognistream-api
GH04331,2026-08-08 15:00:00,DEV442,issue_closed,cognistream-api
GH01642,2026-08-08 15:02:00,DEV451,issue_created,analytics-service
GH00686,2026-08-08 15:04:00,DEV357,issue_created,analytics-service
GH03017,2026-08-08 15:23:00,DEV254,issue_created,analytics-service
GH03233,2026-08-08 15:23:00,DEV442,pull_request,developer-tools
GH04439,2026-08-08 15:28:00,DEV166,issue_created,analytics-service
GH04567,2026-08-08 15:30:00,DEV472,pull_request,analytics-service
GH00523,2026-08-08 15:32:00,DEV342,code_review,cognistream-api
GH03817,2026-08-08 15:34:00,DEV178,issue_created,cognistream-dashboard
GH03210,2026-08-08 15:49:00,DEV102,pull_request,cognistream-api
GH04142,2026-08-08 15:50:00,DEV277,code_review,cognistream-api
GH02008,2026-08-08 15:52:00,DEV080,commit,developer-tools
GH04215,2026-08-08 15:55:00,DEV038,pull_request,analytics-service
GH04343,2026-08-08 15:59:00,DEV321,issue_closed,cognistream-dashboard
GH03529,2026-08-08 16:00:00,DEV225,pull_request,developer-tools
GH04577,2026-08-08 16:01:00,DEV400,issue_created,cognistream-api
GH04197,2026-08-08 16:03:00,DEV467,issue_closed,developer-tools
GH01539,2026-08-08 16:08:00,DEV370,commit,developer-tools
GH01076,2026-08-08 16:14:00,DEV138,issue_created,developer-tools
GH01746,2026-08-08 16:14:00,DEV103,pull_request,data-pipeline
GH03467,2026-08-08 16:18:00,DEV429,code_review,cognistream-dashboard
GH04019,2026-08-08 16:20:00,DEV015,commit,data-pipeline
GH03382,2026-08-08 16:23:00,DEV056,issue_created,analytics-service
GH04602,2026-08-08 16:23:00,DEV105,issue_created,developer-tools
GH00620,2026-08-08 16:24:00,DEV147,commit,cognistream-api
GH03626,2026-08-08 16:33:00,DEV353,issue_closed,developer-tools
GH00427,2026-08-08 16:35:00,DEV310,issue_created,developer-tools
GH00702,2026-08-08 16:38:00,DEV398,code_review,analytics-service
GH03630,2026-08-08 16:45:00,DEV237,issue_created,developer-tools
GH01220,2026-08-08 16:46:00,DEV259,issue_created,analytics-service
GH03944,2026-08-08 16:46:00,DEV219,issue_created,data-pipeline
GH04988,2026-08-08 16:46:00,DEV236,pull_request,data-pipeline
GH03237,2026-08-08 16:48:00,DEV396,issue_created,cognistream-dashboard
GH04641,2026-08-08 16:53:00,DEV011,issue_created,developer-tools
GH02755,2026-08-08 16:57:00,DEV009,code_review,cognistream-api
GH00195,2026-08-08 17:01:00,DEV437,pull_request,cognistream-api
GH03640,2026-08-08 17:03:00,DEV315,code_review,developer-tools
GH01542,2026-08-08 17:10:00,DEV210,code_review,cognistream-api
GH02054,2026-08-08 17:11:00,DEV447,code_review,data-pipeline
GH03200,2026-08-08 17:13:00,DEV220,pull_request,data-pipeline
GH03534,2026-08-08 17:17:00,DEV197,code_review,cognistream-dashboard
GH04419,2026-08-08 17:17:00,DEV490,commit,cognistream-api
GH02488,2026-08-08 17:24:00,DEV222,issue_created,data-pipeline
GH01514,2026-08-08 17:26:00,DEV082,commit,developer-tools
GH02270,2026-08-08 17:29:00,DEV409,commit,cognistream-api
GH00418,2026-08-08 17:30:00,DEV443,code_review,cognistream-dashboard
GH00256,2026-08-08 17:33:00,DEV060,issue_created,developer-tools
GH03665,2026-08-08 17:35:00,DEV040,commit,cognistream-dashboard
GH01600,2026-08-08 17:37:00,DEV351,issue_closed,cognistream-api
GH01671,2026-08-08 17:39:00,DEV231,commit,cognistream-dashboard
GH02264,2026-08-08 17:41:00,DEV079,commit,cognistream-api
GH00635,2026-08-08 17:43:00,DEV480,pull_request,cognistream-api
GH03607,2026-08-08 17:47:00,DEV218,issue_closed,cognistream-api
GH03931,2026-08-08 17:49:00,DEV081,pull_request,analytics-service
GH04130,2026-08-08 17:51:00,DEV116,issue_created,cognistream-api
GH04423,2026-08-08 17:53:00,DEV203,pull_request,data-pipeline
GH04425,2026-08-08 17:57:00,DEV290,issue_closed,cognistream-api
GH00044,2026-08-08 18:01:00,DEV251,commit,cognistream-api
GH00023,2026-08-08 18:06:00,DEV432,commit,cognistream-dashboard
GH02670,2026-08-08 18:08:00,DEV324,issue_created,cognistream-dashboard
GH04110,2026-08-08 18:13:00,DEV235,code_review,cognistream-dashboard
GH02969,2026-08-08 18:15:00,DEV043,issue_closed,data-pipeline
GH02971,2026-08-08 18:17:00,DEV030,commit,data-pipeline
GH01579,2026-08-08 18:19:00,DEV406,issue_created,cognistream-dashboard
GH02268,2026-08-08 18:26:00,DEV486,issue_closed,cognistream-dashboard
GH04897,2026-08-08 18:33:00,DEV211,issue_created,developer-tools
GH01781,2026-08-08 18:41:00,DEV285,commit,analytics-service
GH01434,2026-08-08 18:43:00,DEV186,issue_closed,data-pipeline
GH02756,2026-08-08 18:46:00,DEV348,issue_created,cognistream-dashboard
GH01933,2026-08-08 18:52:00,DEV118,commit,data-pipeline
GH01772,2026-08-08 18:58:00,DEV285,commit,data-pipeline
GH02634,2026-08-08 19:02:00,DEV210,issue_created,cognistream-dashboard
GH04274,2026-08-08 19:02:00,DEV341,issue_created,cognistream-dashboard
GH01060,2026-08-08 19:06:00,DEV439,code_review,developer-tools
GH00130,2026-08-08 19:08:00,DEV207,code_review,developer-tools
GH02016,2026-08-08 19:14:00,DEV029,issue_closed,cognistream-dashboard
GH02768,2026-08-08 19:18:00,DEV463,issue_created,data-pipeline
GH04731,2026-08-08 19:19:00,DEV270,pull_request,developer-tools
GH04713,2026-08-08 19:20:00,DEV146,code_review,cognistream-api
GH03983,2026-08-08 19:22:00,DEV273,issue_created,cognistream-dashboard
GH04771,2026-08-08 19:22:00,DEV108,pull_request,analytics-service
GH03755,2026-08-08 19:38:00,DEV460,code_review,analytics-service
GH04462,2026-08-08 19:46:00,DEV235,issue_created,developer-tools
GH01784,2026-08-08 19:48:00,DEV254,commit,cognistream-api
GH04079,2026-08-08 19:50:00,DEV006,commit,developer-tools
GH04858,2026-08-08 19:59:00,DEV095,commit,cognistream-dashboard
GH03958,2026-08-08 20:02:00,DEV294,issue_closed,data-pipeline
GH00504,2026-08-08 20:05:00,DEV339,code_review,data-pipeline
GH02094,2026-08-08 20:11:00,DEV253,commit,analytics-service
GH00118,2026-08-08 20:16:00,DEV143,commit,data-pipeline
GH01302,2026-08-08 20:19:00,DEV316,code_review,developer-tools
GH01171,2026-08-08 20:29:00,DEV184,issue_created,developer-tools
GH02262,2026-08-08 20:29:00,DEV014,code_review,cognistream-api
GH03815,2026-08-08 20:32:00,DEV278,issue_created,analytics-service
GH04092,2026-08-08 20:35:00,DEV215,code_review,data-pipeline
GH04106,2026-08-08 20:39:00,DEV051,code_review,analytics-service
GH02583,2026-08-08 20:48:00,DEV129,code_review,data-pipeline
GH00773,2026-08-08 20:58:00,DEV226,code_review,analytics-service
GH00436,2026-08-08 21:03:00,DEV049,issue_closed,analytics-service
GH00253,2026-08-08 21:07:00,DEV211,issue_created,data-pipeline
GH04718,2026-08-08 21:18:00,DEV339,issue_created,data-pipeline
GH04758,2026-08-08 21:18:00,DEV052,commit,developer-tools
GH00128,2026-08-08 21:19:00,DEV320,code_review,cognistream-api
GH03977,2026-08-08 21:27:00,DEV038,pull_request,developer-tools
GH01719,2026-08-08 21:30:00,DEV427,code_review,analytics-service
GH01250,2026-08-08 21:31:00,DEV239,pull_request,cognistream-api
GH00629,2026-08-08 21:35:00,DEV084,issue_created,data-pipeline
GH03874,2026-08-08 21:35:00,DEV404,issue_created,data-pipeline
GH01299,2026-08-08 21:41:00,DEV183,pull_request,cognistream-dashboard
GH04338,2026-08-08 21:42:00,DEV403,commit,developer-tools
GH03400,2026-08-08 21:43:00,DEV012,pull_request,data-pipeline
GH01692,2026-08-08 21:49:00,DEV472,commit,cognistream-api
GH02938,2026-08-08 21:53:00,DEV185,code_review,developer-tools
GH00588,2026-08-08 21:54:00,DEV345,commit,analytics-service
GH03857,2026-08-08 21:54:00,DEV447,pull_request,cognistream-dashboard
GH00735,2026-08-08 21:55:00,DEV290,commit,developer-tools
GH03064,2026-08-08 21:56:00,DEV209,issue_closed,cognistream-api
GH04542,2026-08-08 21:59:00,DEV219,commit,cognistream-dashboard
GH03595,2026-08-08 22:02:00,DEV212,pull_request,developer-tools
GH04293,2026-08-08 22:02:00,DEV437,commit,data-pipeline
GH00970,2026-08-08 22:04:00,DEV063,commit,analytics-service
GH01307,2026-08-08 22:04:00,DEV450,issue_created,analytics-service
GH00792,2026-08-08 22:05:00,DEV495,issue_created,cognistream-api
GH00743,2026-08-08 22:10:00,DEV197,pull_request,cognistream-api
GH04166,2026-08-08 22:12:00,DEV046,commit,analytics-service
GH01259,2026-08-08 22:15:00,DEV170,code_review,data-pipeline
GH00282,2026-08-08 22:18:00,DEV446,commit,analytics-service
GH02671,2026-08-08 22:20:00,DEV090,code_review,analytics-service
GH01760,2026-08-08 22:29:00,DEV419,pull_request,developer-tools
GH04796,2026-08-08 22:35:00,DEV349,issue_closed,data-pipeline
GH03695,2026-08-08 22:40:00,DEV429,code_review,cognistream-dashboard
GH04776,2026-08-08 22:42:00,DEV353,code_review,developer-tools
GH04322,2026-08-08 22:49:00,DEV283,commit,cognistream-dashboard
GH00581,2026-08-08 22:53:00,DEV412,issue_created,developer-tools
GH04869,2026-08-08 23:00:00,DEV138,commit,cognistream-dashboard
GH00252,2026-08-08 23:01:00,DEV165,commit,cognistream-dashboard
GH01717,2026-08-08 23:01:00,DEV175,issue_created,developer-tools
GH00438,2026-08-08 23:03:00,DEV042,issue_closed,cognistream-dashboard
GH04931,2026-08-08 23:05:00,DEV253,pull_request,analytics-service
GH02853,2026-08-08 23:08:00,DEV399,code_review,cognistream-dashboard
GH01625,2026-08-08 23:10:00,DEV251,issue_created,cognistream-dashboard
GH03005,2026-08-08 23:15:00,DEV061,code_review,cognistream-api
GH03937,2026-08-08 23:15:00,DEV373,code_review,data-pipeline
GH04745,2026-08-08 23:17:00,DEV481,code_review,cognistream-api
GH04861,2026-08-08 23:17:00,DEV163,commit,cognistream-dashboard
GH02317,2026-08-08 23:19:00,DEV005,commit,analytics-service
GH04461,2026-08-08 23:22:00,DEV106,issue_created,analytics-service
GH03277,2026-08-08 23:26:00,DEV011,pull_request,data-pipeline
GH02936,2026-08-08 23:33:00,DEV156,commit,cognistream-api
GH02499,2026-08-08 23:34:00,DEV431,code_review,cognistream-dashboard
GH01583,2026-08-08 23:37:00,DEV179,issue_created,analytics-service
GH03730,2026-08-08 23:47:00,DEV173,commit,cognistream-dashboard
GH04506,2026-08-08 23:53:00,DEV251,commit,data-pipeline
GH00626,2026-08-08 23:58:00,DEV146,issue_created,developer-tools
GH01722,2026-08-09 00:00:00,DEV237,issue_created,cognistream-api
GH01678,2026-08-09 00:03:00,DEV290,pull_request,cognistream-dashboard
GH00468,2026-08-09 00:06:00,DEV406,pull_request,cognistream-dashboard
GH00167,2026-08-09 00:34:00,DEV343,issue_created,cognistream-dashboard
GH00198,2026-08-09 00:43:00,DEV015,issue_created,data-pipeline
GH00010,2026-08-09 00:49:00,DEV053,commit,analytics-service
GH03521,2026-08-09 00:56:00,DEV460,code_review,developer-tools
GH04119,2026-08-09 01:02:00,DEV413,issue_created,data-pipeline
GH04794,2026-08-09 01:08:00,DEV002,commit,analytics-service
GH04048,2026-08-09 01:11:00,DEV457,pull_request,data-pipeline
GH01903,2026-08-09 01:14:00,DEV416,issue_created,data-pipeline
GH04190,2026-08-09 01:15:00,DEV481,issue_created,developer-tools
GH01851,2026-08-09 01:16:00,DEV347,pull_request,data-pipeline
GH00546,2026-08-09 01:23:00,DEV432,issue_closed,cognistream-api
GH04282,2026-08-09 01:25:00,DEV283,pull_request,analytics-service
GH04989,2026-08-09 01:25:00,DEV016,commit,cognistream-api
GH01892,2026-08-09 01:26:00,DEV404,commit,analytics-service
GH00863,2026-08-09 01:27:00,DEV281,issue_closed,cognistream-dashboard
GH03625,2026-08-09 01:31:00,DEV428,pull_request,cognistream-api
GH04430,2026-08-09 01:40:00,DEV042,issue_created,data-pipeline
GH02992,2026-08-09 01:48:00,DEV437,commit,cognistream-dashboard
GH01524,2026-08-09 01:49:00,DEV477,commit,cognistream-api
GH04297,2026-08-09 01:55:00,DEV361,pull_request,data-pipeline
GH00318,2026-08-09 01:59:00,DEV412,commit,analytics-service
GH00363,2026-08-09 02:06:00,DEV424,issue_created,analytics-service
GH02383,2026-08-09 02:07:00,DEV121,issue_closed,developer-tools
GH02416,2026-08-09 02:08:00,DEV277,commit,analytics-service
GH00499,2026-08-09 02:09:00,DEV499,pull_request,analytics-service
GH03978,2026-08-09 02:34:00,DEV233,issue_closed,analytics-service
GH01406,2026-08-09 02:40:00,DEV485,commit,developer-tools
GH04127,2026-08-09 02:46:00,DEV273,code_review,analytics-service
GH04836,2026-08-09 02:47:00,DEV437,issue_created,analytics-service
GH00009,2026-08-09 02:49:00,DEV143,pull_request,cognistream-dashboard
GH02059,2026-08-09 02:51:00,DEV472,pull_request,cognistream-api
GH03243,2026-08-09 02:55:00,DEV107,issue_closed,developer-tools
GH00746,2026-08-09 03:00:00,DEV310,issue_closed,developer-tools
GH02592,2026-08-09 03:02:00,DEV406,commit,data-pipeline
GH00221,2026-08-09 03:04:00,DEV095,commit,data-pipeline
GH01202,2026-08-09 03:09:00,DEV187,commit,cognistream-dashboard
GH04049,2026-08-09 03:13:00,DEV414,issue_created,developer-tools
GH03920,2026-08-09 03:18:00,DEV141,issue_closed,developer-tools
GH01206,2026-08-09 03:25:00,DEV182,code_review,developer-tools
GH03072,2026-08-09 03:27:00,DEV230,pull_request,data-pipeline
GH03704,2026-08-09 03:28:00,DEV239,issue_closed,cognistream-api
GH03511,2026-08-09 03:32:00,DEV161,commit,cognistream-api
GH04500,2026-08-09 03:35:00,DEV277,pull_request,developer-tools
GH02284,2026-08-09 03:38:00,DEV499,issue_created,cognistream-dashboard
GH04834,2026-08-09 03:49:00,DEV083,issue_closed,developer-tools
GH02914,2026-08-09 03:51:00,DEV220,issue_closed,cognistream-api
GH01778,2026-08-09 03:53:00,DEV279,pull_request,cognistream-dashboard
GH04592,2026-08-09 04:00:00,DEV273,issue_closed,developer-tools
GH03952,2026-08-09 04:09:00,DEV142,issue_closed,data-pipeline
GH01173,2026-08-09 04:10:00,DEV094,commit,analytics-service
GH02524,2026-08-09 04:16:00,DEV150,code_review,cognistream-api
GH02945,2026-08-09 04:16:00,DEV155,issue_created,cognistream-dashboard
GH04793,2026-08-09 04:18:00,DEV410,issue_closed,data-pipeline
GH04520,2026-08-09 04:24:00,DEV199,code_review,cognistream-dashboard
GH02773,2026-08-09 04:26:00,DEV194,issue_created,developer-tools
GH01609,2026-08-09 04:28:00,DEV356,commit,data-pipeline
GH04169,2026-08-09 04:29:00,DEV094,commit,data-pipeline
GH04499,2026-08-09 04:34:00,DEV260,pull_request,developer-tools
GH02119,2026-08-09 04:39:00,DEV415,issue_closed,developer-tools
GH04309,2026-08-09 04:46:00,DEV454,code_review,cognistream-api
GH02004,2026-08-09 04:47:00,DEV076,code_review,analytics-service
GH02328,2026-08-09 04:47:00,DEV225,pull_request,developer-tools
GH03494,2026-08-09 04:53:00,DEV482,pull_request,analytics-service
GH04883,2026-08-09 05:00:00,DEV070,issue_created,developer-tools
GH01380,2026-08-09 05:03:00,DEV397,issue_created,cognistream-dashboard
GH00685,2026-08-09 05:05:00,DEV483,issue_created,developer-tools
GH00660,2026-08-09 05:09:00,DEV359,commit,developer-tools
GH01603,2026-08-09 05:09:00,DEV305,commit,data-pipeline
GH00798,2026-08-09 05:23:00,DEV013,issue_created,cognistream-api
GH03652,2026-08-09 05:23:00,DEV322,commit,cognistream-dashboard
GH00392,2026-08-09 05:30:00,DEV221,commit,data-pipeline
GH02862,2026-08-09 05:30:00,DEV413,issue_closed,developer-tools
GH03822,2026-08-09 05:34:00,DEV043,pull_request,developer-tools
GH00123,2026-08-09 05:47:00,DEV374,code_review,analytics-service
GH01187,2026-08-09 05:49:00,DEV340,issue_created,cognistream-dashboard
GH01262,2026-08-09 05:57:00,DEV229,pull_request,developer-tools
GH03677,2026-08-09 05:57:00,DEV373,issue_created,cognistream-dashboard
GH04328,2026-08-09 06:05:00,DEV369,code_review,developer-tools
GH02326,2026-08-09 06:22:00,DEV230,issue_created,cognistream-api
GH04492,2026-08-09 06:23:00,DEV209,pull_request,developer-tools
GH03757,2026-08-09 06:26:00,DEV251,issue_closed,cognistream-api
GH03302,2026-08-09 06:30:00,DEV148,commit,cognistream-api
GH00188,2026-08-09 06:37:00,DEV273,issue_created,data-pipeline
GH04102,2026-08-09 06:40:00,DEV332,issue_created,analytics-service
GH02968,2026-08-09 06:45:00,DEV324,issue_closed,data-pipeline
GH03576,2026-08-09 06:49:00,DEV357,issue_created,cognistream-dashboard
GH00666,2026-08-09 06:55:00,DEV061,pull_request,developer-tools
GH04908,2026-08-09 06:58:00,DEV156,pull_request,analytics-service
GH01401,2026-08-09 07:06:00,DEV178,code_review,cognistream-dashboard
GH03186,2026-08-09 07:21:00,DEV363,issue_closed,data-pipeline
GH02714,2026-08-09 07:22:00,DEV261,issue_created,data-pipeline
GH01770,2026-08-09 07:23:00,DEV310,issue_closed,cognistream-dashboard
GH04024,2026-08-09 07:25:00,DEV460,pull_request,cognistream-api
GH03568,2026-08-09 07:26:00,DEV248,issue_closed,cognistream-dashboard
GH01690,2026-08-09 07:36:00,DEV019,pull_request,cognistream-api
GH03027,2026-08-09 07:47:00,DEV185,pull_request,data-pipeline
GH00464,2026-08-09 07:55:00,DEV477,commit,analytics-service
GH01713,2026-08-09 07:57:00,DEV287,pull_request,cognistream-api
GH00439,2026-08-09 08:02:00,DEV159,issue_created,cognistream-dashboard
GH04245,2026-08-09 08:12:00,DEV237,pull_request,cognistream-api
GH02385,2026-08-09 08:19:00,DEV154,code_review,developer-tools
GH03651,2026-08-09 08:23:00,DEV326,issue_closed,cognistream-dashboard
GH00381,2026-08-09 08:42:00,DEV004,pull_request,cognistream-dashboard
GH00119,2026-08-09 08:46:00,DEV329,issue_closed,analytics-service
GH00883,2026-08-09 08:47:00,DEV370,pull_request,cognistream-dashboard
GH02079,2026-08-09 08:59:00,DEV015,commit,cognistream-dashboard
GH03826,2026-08-09 09:02:00,DEV290,issue_created,analytics-service
GH03424,2026-08-09 09:07:00,DEV100,code_review,analytics-service
GH04114,2026-08-09 09:07:00,DEV316,issue_closed,cognistream-dashboard
GH00209,2026-08-09 09:08:00,DEV360,issue_created,data-pipeline
GH00819,2026-08-09 09:13:00,DEV433,issue_created,developer-tools
GH03279,2026-08-09 09:19:00,DEV497,issue_created,developer-tools
GH02081,2026-08-09 09:20:00,DEV083,issue_closed,developer-tools
GH00310,2026-08-09 09:24:00,DEV113,pull_request,developer-tools
GH00507,2026-08-09 09:32:00,DEV315,issue_created,data-pipeline
GH01975,2026-08-09 09:37:00,DEV460,code_review,developer-tools
GH02131,2026-08-09 09:39:00,DEV393,code_review,data-pipeline
GH01822,2026-08-09 09:44:00,DEV492,code_review,data-pipeline
GH02469,2026-08-09 09:46:00,DEV498,issue_created,developer-tools
GH03239,2026-08-09 09:47:00,DEV286,pull_request,cognistream-dashboard
GH01997,2026-08-09 09:51:00,DEV146,issue_created,cognistream-dashboard
GH04646,2026-08-09 09:55:00,DEV208,code_review,cognistream-dashboard
GH03081,2026-08-09 09:59:00,DEV046,commit,cognistream-dashboard
GH04625,2026-08-09 10:05:00,DEV431,pull_request,cognistream-dashboard
GH00371,2026-08-09 10:06:00,DEV448,issue_created,cognistream-api
GH00109,2026-08-09 10:09:00,DEV400,issue_closed,analytics-service
GH00760,2026-08-09 10:17:00,DEV284,commit,developer-tools
GH03327,2026-08-09 10:26:00,DEV219,issue_created,analytics-service
GH02236,2026-08-09 10:29:00,DEV311,issue_closed,cognistream-api
GH04153,2026-08-09 10:33:00,DEV034,code_review,developer-tools
GH03316,2026-08-09 10:40:00,DEV128,issue_created,analytics-service
GH02597,2026-08-09 10:41:00,DEV174,pull_request,analytics-service
GH03113,2026-08-09 10:42:00,DEV468,issue_closed,analytics-service
GH02089,2026-08-09 10:46:00,DEV195,issue_created,cognistream-dashboard
GH03670,2026-08-09 10:52:00,DEV160,issue_closed,data-pipeline
GH03717,2026-08-09 10:57:00,DEV297,code_review,data-pipeline
GH04170,2026-08-09 10:57:00,DEV091,issue_created,data-pipeline
GH01808,2026-08-09 11:02:00,DEV116,pull_request,analytics-service
GH02518,2026-08-09 11:05:00,DEV216,issue_created,developer-tools
GH04844,2026-08-09 11:06:00,DEV009,code_review,data-pipeline
GH01525,2026-08-09 11:09:00,DEV331,pull_request,developer-tools
GH03063,2026-08-09 11:20:00,DEV499,pull_request,cognistream-api
GH01421,2026-08-09 11:26:00,DEV080,commit,cognistream-api
GH02749,2026-08-09 11:26:00,DEV448,code_review,cognistream-api
GH04404,2026-08-09 11:30:00,DEV423,issue_closed,analytics-service
GH03894,2026-08-09 11:41:00,DEV256,issue_created,developer-tools
GH04294,2026-08-09 11:48:00,DEV104,pull_request,cognistream-dashboard
GH04930,2026-08-09 11:54:00,DEV242,pull_request,developer-tools
GH00496,2026-08-09 11:57:00,DEV442,commit,data-pipeline
GH02338,2026-08-09 11:59:00,DEV347,pull_request,cognistream-dashboard
GH03571,2026-08-09 12:02:00,DEV279,issue_created,data-pipeline
GH03292,2026-08-09 12:04:00,DEV255,commit,cognistream-dashboard
GH02049,2026-08-09 12:10:00,DEV084,commit,data-pipeline
GH00987,2026-08-09 12:12:00,DEV393,issue_closed,cognistream-dashboard
GH04555,2026-08-09 12:19:00,DEV244,issue_created,developer-tools
GH00108,2026-08-09 12:24:00,DEV108,pull_request,cognistream-api
GH01159,2026-08-09 12:28:00,DEV361,issue_created,data-pipeline
GH01559,2026-08-09 12:29:00,DEV346,issue_created,analytics-service
GH02470,2026-08-09 12:29:00,DEV199,pull_request,cognistream-api
GH03731,2026-08-09 12:31:00,DEV157,pull_request,analytics-service
GH01254,2026-08-09 12:33:00,DEV038,code_review,developer-tools
GH00860,2026-08-09 12:38:00,DEV436,commit,developer-tools
GH04195,2026-08-09 12:41:00,DEV031,issue_created,developer-tools
GH00293,2026-08-09 12:46:00,DEV192,issue_created,cognistream-dashboard
GH01114,2026-08-09 12:47:00,DEV260,code_review,cognistream-dashboard
GH04108,2026-08-09 12:50:00,DEV420,code_review,data-pipeline
GH04497,2026-08-09 12:52:00,DEV331,issue_created,analytics-service
GH01237,2026-08-09 12:53:00,DEV417,issue_created,cognistream-api
GH01324,2026-08-09 12:57:00,DEV021,pull_request,analytics-service
GH01880,2026-08-09 13:01:00,DEV171,code_review,analytics-service
GH02841,2026-08-09 13:05:00,DEV143,pull_request,developer-tools
GH02578,2026-08-09 13:06:00,DEV462,commit,data-pipeline
GH01886,2026-08-09 13:12:00,DEV250,commit,analytics-service
GH04651,2026-08-09 13:20:00,DEV196,commit,analytics-service
GH02697,2026-08-09 13:22:00,DEV204,issue_created,cognistream-dashboard
GH03390,2026-08-09 13:22:00,DEV397,issue_created,developer-tools
GH00756,2026-08-09 13:33:00,DEV390,code_review,cognistream-api
GH02541,2026-08-09 13:33:00,DEV023,commit,cognistream-dashboard
GH01567,2026-08-09 13:36:00,DEV493,issue_created,analytics-service
GH00919,2026-08-09 13:40:00,DEV029,issue_created,developer-tools
GH01696,2026-08-09 13:42:00,DEV477,commit,cognistream-api
GH03488,2026-08-09 13:45:00,DEV172,issue_created,data-pipeline
GH04005,2026-08-09 13:49:00,DEV485,code_review,cognistream-api
GH00528,2026-08-09 14:05:00,DEV284,issue_closed,data-pipeline
GH01451,2026-08-09 14:08:00,DEV185,issue_closed,developer-tools
GH02022,2026-08-09 14:11:00,DEV204,pull_request,analytics-service
GH00896,2026-08-09 14:12:00,DEV479,code_review,cognistream-dashboard
GH02050,2026-08-09 14:14:00,DEV215,code_review,cognistream-api
GH03961,2026-08-09 14:16:00,DEV464,issue_created,cognistream-dashboard
GH01327,2026-08-09 14:17:00,DEV199,issue_created,analytics-service
GH02717,2026-08-09 14:22:00,DEV324,commit,cognistream-dashboard
GH03171,2026-08-09 14:22:00,DEV468,pull_request,analytics-service
GH03103,2026-08-09 14:25:00,DEV405,issue_created,analytics-service
GH04601,2026-08-09 14:25:00,DEV365,issue_closed,developer-tools
GH00259,2026-08-09 14:34:00,DEV319,issue_created,analytics-service
GH02360,2026-08-09 14:34:00,DEV484,commit,analytics-service
GH00443,2026-08-09 14:36:00,DEV010,code_review,data-pipeline
GH01922,2026-08-09 14:38:00,DEV442,issue_closed,developer-tools
GH02804,2026-08-09 14:49:00,DEV372,issue_closed,cognistream-api
GH00573,2026-08-09 14:59:00,DEV284,code_review,cognistream-api
GH04860,2026-08-09 14:59:00,DEV059,commit,data-pipeline
GH04062,2026-08-09 15:03:00,DEV277,pull_request,developer-tools
GH03878,2026-08-09 15:05:00,DEV366,code_review,data-pipeline
GH02538,2026-08-09 15:08:00,DEV006,commit,data-pipeline
GH01675,2026-08-09 15:12:00,DEV044,issue_closed,analytics-service
GH00045,2026-08-09 15:14:00,DEV450,code_review,cognistream-dashboard
GH02190,2026-08-09 15:14:00,DEV244,code_review,data-pipeline
GH03865,2026-08-09 15:27:00,DEV205,issue_closed,analytics-service
GH04277,2026-08-09 15:28:00,DEV461,issue_created,developer-tools
GH02177,2026-08-09 15:29:00,DEV344,commit,analytics-service
GH03247,2026-08-09 15:35:00,DEV198,issue_created,developer-tools
GH02103,2026-08-09 15:38:00,DEV500,pull_request,data-pipeline
GH02352,2026-08-09 15:38:00,DEV172,pull_request,cognistream-api
GH04402,2026-08-09 15:40:00,DEV435,commit,analytics-service
GH00433,2026-08-09 15:44:00,DEV191,code_review,analytics-service
GH01538,2026-08-09 15:50:00,DEV398,issue_closed,cognistream-dashboard
GH03287,2026-08-09 15:57:00,DEV235,commit,data-pipeline
GH02901,2026-08-09 16:03:00,DEV220,pull_request,developer-tools
GH01602,2026-08-09 16:29:00,DEV179,pull_request,data-pipeline
GH00898,2026-08-09 16:33:00,DEV280,pull_request,analytics-service
GH00578,2026-08-09 16:40:00,DEV387,pull_request,cognistream-dashboard
GH04193,2026-08-09 16:43:00,DEV073,pull_request,analytics-service
GH04371,2026-08-09 16:43:00,DEV008,issue_created,cognistream-dashboard
GH00815,2026-08-09 16:46:00,DEV167,pull_request,analytics-service
GH01437,2026-08-09 16:50:00,DEV095,issue_created,analytics-service
GH02949,2026-08-09 16:53:00,DEV230,commit,analytics-service
GH00512,2026-08-09 17:03:00,DEV186,issue_created,developer-tools
GH04756,2026-08-09 17:18:00,DEV348,code_review,developer-tools
GH01812,2026-08-09 17:24:00,DEV018,commit,developer-tools
GH01536,2026-08-09 17:29:00,DEV233,commit,developer-tools
GH03784,2026-08-09 17:29:00,DEV026,issue_closed,data-pipeline
GH00336,2026-08-09 17:36:00,DEV279,code_review,cognistream-api
GH03356,2026-08-09 17:36:00,DEV342,code_review,analytics-service
GH02575,2026-08-09 17:42:00,DEV412,issue_created,data-pipeline
GH04690,2026-08-09 17:42:00,DEV432,code_review,cognistream-api
GH00643,2026-08-09 17:43:00,DEV315,pull_request,cognistream-dashboard
GH02213,2026-08-09 17:45:00,DEV094,issue_created,analytics-service
GH02778,2026-08-09 17:50:00,DEV066,code_review,analytics-service
GH02282,2026-08-09 18:06:00,DEV315,pull_request,analytics-service
GH02633,2026-08-09 18:22:00,DEV040,commit,developer-tools
GH02666,2026-08-09 18:30:00,DEV023,commit,cognistream-dashboard
GH03823,2026-08-09 18:37:00,DEV156,code_review,data-pipeline
GH04585,2026-08-09 18:48:00,DEV143,issue_created,data-pipeline
GH02023,2026-08-09 18:52:00,DEV198,code_review,cognistream-api
GH04310,2026-08-09 19:03:00,DEV036,pull_request,cognistream-dashboard
GH00019,2026-08-09 19:10:00,DEV182,pull_request,data-pipeline
GH01963,2026-08-09 19:17:00,DEV321,issue_created,cognistream-api
GH00334,2026-08-09 19:21:00,DEV112,issue_created,analytics-service
GH01388,2026-08-09 19:31:00,DEV041,issue_closed,cognistream-api
GH04213,2026-08-09 19:31:00,DEV349,commit,cognistream-dashboard
GH04938,2026-08-09 19:32:00,DEV050,commit,data-pipeline
GH00514,2026-08-09 19:35:00,DEV191,issue_created,cognistream-api
GH01522,2026-08-09 19:49:00,DEV395,commit,cognistream-dashboard
GH02404,2026-08-09 19:52:00,DEV157,code_review,data-pipeline
GH04699,2026-08-09 19:55:00,DEV452,pull_request,analytics-service
GH01732,2026-08-09 19:56:00,DEV232,code_review,cognistream-dashboard
GH04013,2026-08-09 19:59:00,DEV317,issue_created,cognistream-dashboard
GH00915,2026-08-09 20:05:00,DEV065,code_review,cognistream-api
GH04564,2026-08-09 20:05:00,DEV031,issue_closed,cognistream-api
GH03202,2026-08-09 20:08:00,DEV075,code_review,cognistream-api
GH04729,2026-08-09 20:13:00,DEV436,issue_created,data-pipeline
GH03727,2026-08-09 20:18:00,DEV289,issue_created,developer-tools
GH01073,2026-08-09 20:24:00,DEV011,code_review,data-pipeline
GH01977,2026-08-09 20:36:00,DEV177,issue_created,analytics-service
GH03776,2026-08-09 20:36:00,DEV400,issue_created,data-pipeline
GH02058,2026-08-09 20:42:00,DEV399,issue_created,analytics-service
GH01136,2026-08-09 20:45:00,DEV487,commit,data-pipeline
GH02710,2026-08-09 20:47:00,DEV197,issue_created,data-pipeline
GH00577,2026-08-09 20:48:00,DEV407,code_review,developer-tools
GH04018,2026-08-09 20:48:00,DEV466,code_review,developer-tools
GH03735,2026-08-09 20:49:00,DEV308,code_review,analytics-service
GH02886,2026-08-09 20:51:00,DEV497,commit,data-pipeline
GH04507,2026-08-09 20:53:00,DEV281,issue_created,developer-tools
GH04387,2026-08-09 20:54:00,DEV414,pull_request,data-pipeline
GH01489,2026-08-09 21:03:00,DEV097,issue_created,developer-tools
GH00042,2026-08-09 21:12:00,DEV391,pull_request,developer-tools
GH01079,2026-08-09 21:12:00,DEV421,commit,developer-tools
GH01650,2026-08-09 21:13:00,DEV095,issue_created,analytics-service
GH04702,2026-08-09 21:16:00,DEV028,code_review,analytics-service
GH04183,2026-08-09 21:20:00,DEV294,pull_request,analytics-service
GH03679,2026-08-09 21:21:00,DEV092,commit,cognistream-dashboard
GH01734,2026-08-09 21:22:00,DEV402,commit,cognistream-dashboard
GH03804,2026-08-09 21:22:00,DEV294,issue_created,cognistream-dashboard
GH03381,2026-08-09 21:25:00,DEV311,commit,cognistream-dashboard
GH02653,2026-08-09 21:36:00,DEV466,pull_request,cognistream-dashboard
GH03143,2026-08-09 21:36:00,DEV401,pull_request,developer-tools
GH02595,2026-08-09 21:38:00,DEV072,issue_closed,cognistream-dashboard
GH04179,2026-08-09 21:42:00,DEV440,commit,cognistream-dashboard
GH03951,2026-08-09 21:48:00,DEV031,commit,cognistream-api
GH04422,2026-08-09 21:48:00,DEV282,commit,analytics-service
GH03993,2026-08-09 21:51:00,DEV014,issue_created,cognistream-dashboard
GH04326,2026-08-09 21:52:00,DEV172,code_review,developer-tools
GH02438,2026-08-09 22:04:00,DEV483,commit,cognistream-api
GH04972,2026-08-09 22:05:00,DEV396,issue_closed,analytics-service
GH02744,2026-08-09 22:09:00,DEV309,issue_closed,data-pipeline
GH02679,2026-08-09 22:12:00,DEV105,commit,cognistream-dashboard
GH03091,2026-08-09 22:14:00,DEV082,issue_closed,analytics-service
GH04097,2026-08-09 22:14:00,DEV311,issue_closed,analytics-service
GH04692,2026-08-09 22:18:00,DEV154,code_review,cognistream-api
GH01860,2026-08-09 22:19:00,DEV337,issue_closed,cognistream-dashboard
GH01911,2026-08-09 22:25:00,DEV399,pull_request,cognistream-api
GH03560,2026-08-09 22:27:00,DEV447,pull_request,cognistream-dashboard
GH00940,2026-08-09 22:29:00,DEV435,code_review,cognistream-api
GH02122,2026-08-09 22:31:00,DEV227,issue_created,cognistream-api
GH03610,2026-08-09 22:39:00,DEV150,issue_created,cognistream-api
GH01331,2026-08-09 22:42:00,DEV335,issue_created,data-pipeline
GH04545,2026-08-09 22:44:00,DEV023,code_review,cognistream-dashboard
GH04751,2026-08-09 22:48:00,DEV437,commit,cognistream-api
GH02855,2026-08-09 22:58:00,DEV497,pull_request,analytics-service
GH03421,2026-08-09 23:01:00,DEV357,pull_request,analytics-service
GH02412,2026-08-09 23:03:00,DEV244,issue_closed,cognistream-dashboard
GH03669,2026-08-09 23:03:00,DEV397,issue_created,analytics-service
GH02652,2026-08-09 23:06:00,DEV393,pull_request,cognistream-dashboard
GH03046,2026-08-09 23:11:00,DEV487,pull_request,cognistream-dashboard
GH03295,2026-08-09 23:19:00,DEV328,commit,data-pipeline
GH04960,2026-08-09 23:29:00,DEV004,pull_request,data-pipeline
GH01009,2026-08-09 23:38:00,DEV158,code_review,cognistream-dashboard
GH00073,2026-08-09 23:58:00,DEV002,issue_created,data-pipeline
GH01537,2026-08-10 00:00:00,DEV376,pull_request,cognistream-api
GH00174,2026-08-10 00:03:00,DEV143,issue_created,data-pipeline
GH03451,2026-08-10 00:09:00,DEV095,issue_created,developer-tools
GH04305,2026-08-10 00:11:00,DEV245,pull_request,cognistream-api
GH03231,2026-08-10 00:17:00,DEV139,pull_request,cognistream-dashboard
GH04854,2026-08-10 00:18:00,DEV079,code_review,data-pipeline
GH01842,2026-08-10 00:25:00,DEV350,issue_created,analytics-service
GH00711,2026-08-10 00:26:00,DEV292,pull_request,analytics-service
GH04928,2026-08-10 00:29:00,DEV242,issue_closed,cognistream-dashboard
GH04325,2026-08-10 00:32:00,DEV199,commit,data-pipeline
GH00593,2026-08-10 00:38:00,DEV076,pull_request,cognistream-api
GH00162,2026-08-10 00:44:00,DEV245,commit,data-pipeline
GH03994,2026-08-10 00:45:00,DEV026,issue_created,analytics-service
GH02238,2026-08-10 01:02:00,DEV155,issue_created,data-pipeline
GH00323,2026-08-10 01:05:00,DEV422,code_review,cognistream-api
GH01457,2026-08-10 01:06:00,DEV315,code_review,analytics-service
GH02637,2026-08-10 01:09:00,DEV176,issue_created,cognistream-dashboard
GH00280,2026-08-10 01:12:00,DEV198,pull_request,analytics-service
GH01365,2026-08-10 01:12:00,DEV180,issue_closed,developer-tools
GH04168,2026-08-10 01:14:00,DEV357,issue_created,cognistream-dashboard
GH01264,2026-08-10 01:16:00,DEV469,commit,analytics-service
GH01284,2026-08-10 01:18:00,DEV203,commit,analytics-service
GH04370,2026-08-10 01:19:00,DEV446,pull_request,analytics-service
GH04658,2026-08-10 01:19:00,DEV187,commit,cognistream-dashboard
GH02686,2026-08-10 01:20:00,DEV267,code_review,cognistream-dashboard
GH01798,2026-08-10 01:23:00,DEV223,issue_closed,cognistream-dashboard
GH03133,2026-08-10 01:23:00,DEV146,issue_created,data-pipeline
GH00664,2026-08-10 01:53:00,DEV230,issue_created,analytics-service
GH00981,2026-08-10 01:53:00,DEV401,code_review,analytics-service
GH00114,2026-08-10 01:55:00,DEV447,commit,analytics-service
GH02114,2026-08-10 01:58:00,DEV310,code_review,cognistream-dashboard
GH00880,2026-08-10 02:01:00,DEV397,pull_request,cognistream-dashboard
GH03214,2026-08-10 02:05:00,DEV122,issue_closed,cognistream-api
GH00157,2026-08-10 02:11:00,DEV356,pull_request,cognistream-dashboard
GH03841,2026-08-10 02:21:00,DEV298,issue_created,analytics-service
GH01757,2026-08-10 02:29:00,DEV028,commit,analytics-service
GH04720,2026-08-10 02:39:00,DEV142,issue_created,cognistream-dashboard
GH02819,2026-08-10 02:41:00,DEV248,issue_created,data-pipeline
GH00144,2026-08-10 02:42:00,DEV254,issue_created,cognistream-dashboard
GH02988,2026-08-10 02:42:00,DEV011,commit,cognistream-api
GH03882,2026-08-10 02:50:00,DEV132,pull_request,cognistream-api
GH01389,2026-08-10 02:53:00,DEV477,issue_created,developer-tools
GH02721,2026-08-10 02:54:00,DEV204,issue_closed,cognistream-api
GH00425,2026-08-10 02:58:00,DEV237,issue_closed,developer-tools
GH00304,2026-08-10 03:05:00,DEV437,issue_created,cognistream-api
GH03002,2026-08-10 03:07:00,DEV352,commit,analytics-service
GH04210,2026-08-10 03:12:00,DEV097,code_review,developer-tools
GH02441,2026-08-10 03:17:00,DEV487,commit,data-pipeline
GH03242,2026-08-10 03:17:00,DEV097,issue_created,cognistream-api
GH01556,2026-08-10 03:26:00,DEV098,pull_request,developer-tools
GH01175,2026-08-10 03:39:00,DEV354,issue_created,analytics-service
GH03357,2026-08-10 03:42:00,DEV358,commit,analytics-service
GH00894,2026-08-10 03:44:00,DEV058,pull_request,analytics-service
GH02610,2026-08-10 03:44:00,DEV146,pull_request,cognistream-dashboard
GH00574,2026-08-10 03:59:00,DEV259,issue_created,developer-tools
GH04703,2026-08-10 04:06:00,DEV455,issue_created,cognistream-api
GH04635,2026-08-10 04:11:00,DEV229,pull_request,cognistream-dashboard
GH00897,2026-08-10 04:15:00,DEV441,issue_closed,analytics-service
GH03766,2026-08-10 04:15:00,DEV346,issue_created,cognistream-api
GH01219,2026-08-10 04:34:00,DEV337,issue_closed,developer-tools
GH01540,2026-08-10 04:37:00,DEV098,issue_closed,analytics-service
GH01741,2026-08-10 04:40:00,DEV366,issue_closed,cognistream-api
GH04570,2026-08-10 04:49:00,DEV284,issue_closed,cognistream-api
GH04642,2026-08-10 04:50:00,DEV430,issue_created,developer-tools
GH01278,2026-08-10 04:55:00,DEV231,issue_created,analytics-service
GH02280,2026-08-10 04:56:00,DEV244,code_review,developer-tools
GH01059,2026-08-10 04:57:00,DEV285,issue_created,developer-tools
GH02781,2026-08-10 04:58:00,DEV217,code_review,data-pipeline
GH01111,2026-08-10 05:02:00,DEV378,commit,developer-tools
GH04449,2026-08-10 05:07:00,DEV082,pull_request,developer-tools
GH04273,2026-08-10 05:08:00,DEV238,code_review,data-pipeline
GH04882,2026-08-10 05:08:00,DEV099,issue_closed,data-pipeline
GH00824,2026-08-10 05:09:00,DEV215,issue_closed,cognistream-dashboard
GH02195,2026-08-10 05:09:00,DEV005,issue_created,data-pipeline
GH02275,2026-08-10 05:10:00,DEV400,issue_created,data-pipeline
GH00330,2026-08-10 05:15:00,DEV233,code_review,developer-tools
GH01618,2026-08-10 05:15:00,DEV339,code_review,data-pipeline
GH00812,2026-08-10 05:21:00,DEV003,pull_request,cognistream-dashboard
GH04191,2026-08-10 05:21:00,DEV402,issue_created,cognistream-api
GH01239,2026-08-10 05:23:00,DEV122,issue_closed,data-pipeline
GH02616,2026-08-10 05:26:00,DEV490,pull_request,cognistream-dashboard
GH01385,2026-08-10 05:30:00,DEV494,commit,cognistream-api
GH02664,2026-08-10 05:32:00,DEV109,issue_created,cognistream-dashboard
GH00754,2026-08-10 05:47:00,DEV163,code_review,cognistream-api
GH01491,2026-08-10 05:50:00,DEV425,issue_created,cognistream-dashboard
GH04220,2026-08-10 05:56:00,DEV424,pull_request,data-pipeline
GH02436,2026-08-10 05:57:00,DEV051,code_review,cognistream-dashboard
GH02144,2026-08-10 06:09:00,DEV166,issue_closed,cognistream-api
GH03366,2026-08-10 06:19:00,DEV263,commit,cognistream-dashboard
GH04910,2026-08-10 06:19:00,DEV139,pull_request,analytics-service
GH03348,2026-08-10 06:22:00,DEV029,commit,data-pipeline
GH02603,2026-08-10 06:28:00,DEV196,pull_request,analytics-service
GH01286,2026-08-10 06:32:00,DEV408,issue_closed,data-pipeline
GH03298,2026-08-10 06:33:00,DEV302,issue_created,data-pipeline
GH02614,2026-08-10 06:35:00,DEV081,commit,cognistream-dashboard
GH04246,2026-08-10 06:42:00,DEV195,pull_request,data-pipeline
GH03150,2026-08-10 06:44:00,DEV099,issue_closed,analytics-service
GH03582,2026-08-10 06:44:00,DEV415,issue_created,analytics-service
GH01011,2026-08-10 06:51:00,DEV436,issue_closed,cognistream-api
GH02493,2026-08-10 07:00:00,DEV100,code_review,cognistream-api
GH01758,2026-08-10 07:02:00,DEV092,issue_closed,developer-tools
GH03268,2026-08-10 07:02:00,DEV202,commit,cognistream-dashboard
GH03156,2026-08-10 07:05:00,DEV432,code_review,developer-tools
GH03048,2026-08-10 07:14:00,DEV095,issue_closed,developer-tools
GH01317,2026-08-10 07:21:00,DEV115,issue_closed,data-pipeline
GH00818,2026-08-10 07:22:00,DEV301,commit,data-pipeline
GH00854,2026-08-10 07:28:00,DEV251,pull_request,developer-tools
GH02467,2026-08-10 07:30:00,DEV276,commit,cognistream-api
GH04508,2026-08-10 07:31:00,DEV113,issue_closed,data-pipeline
GH03190,2026-08-10 07:32:00,DEV053,issue_closed,developer-tools
GH04279,2026-08-10 07:32:00,DEV073,issue_created,cognistream-api
GH00779,2026-08-10 07:35:00,DEV187,commit,developer-tools
GH00667,2026-08-10 07:39:00,DEV271,pull_request,cognistream-dashboard
GH04610,2026-08-10 07:40:00,DEV002,commit,cognistream-dashboard
GH04767,2026-08-10 07:50:00,DEV437,code_review,cognistream-dashboard
GH03939,2026-08-10 07:55:00,DEV391,issue_created,cognistream-api
GH02890,2026-08-10 07:58:00,DEV112,code_review,developer-tools
GH01430,2026-08-10 08:01:00,DEV441,pull_request,analytics-service
GH01659,2026-08-10 08:15:00,DEV314,issue_closed,developer-tools
GH02263,2026-08-10 08:16:00,DEV192,issue_closed,cognistream-api
GH04199,2026-08-10 08:16:00,DEV388,issue_closed,cognistream-dashboard
GH02020,2026-08-10 08:24:00,DEV100,issue_created,data-pipeline
GH02906,2026-08-10 08:28:00,DEV216,code_review,cognistream-api
GH04892,2026-08-10 08:34:00,DEV069,pull_request,data-pipeline
GH00972,2026-08-10 08:43:00,DEV255,commit,analytics-service
GH02306,2026-08-10 08:43:00,DEV412,code_review,cognistream-api
GH04684,2026-08-10 08:43:00,DEV282,issue_closed,analytics-service
GH01398,2026-08-10 08:48:00,DEV208,issue_closed,cognistream-dashboard
GH01597,2026-08-10 08:53:00,DEV334,issue_closed,cognistream-dashboard
GH00772,2026-08-10 09:06:00,DEV171,issue_closed,analytics-service
GH00307,2026-08-10 09:09:00,DEV141,commit,developer-tools
GH01071,2026-08-10 09:09:00,DEV456,code_review,cognistream-dashboard
GH00658,2026-08-10 09:14:00,DEV131,commit,cognistream-dashboard
GH00960,2026-08-10 09:24:00,DEV263,commit,data-pipeline
GH03966,2026-08-10 09:26:00,DEV413,issue_created,cognistream-api
GH00871,2026-08-10 09:27:00,DEV321,code_review,cognistream-dashboard
GH04696,2026-08-10 09:27:00,DEV126,pull_request,cognistream-api
GH04747,2026-08-10 09:27:00,DEV302,pull_request,analytics-service
GH02100,2026-08-10 09:28:00,DEV225,issue_closed,cognistream-api
GH02811,2026-08-10 09:37:00,DEV251,code_review,developer-tools
GH02638,2026-08-10 09:38:00,DEV020,commit,data-pipeline
GH00747,2026-08-10 09:39:00,DEV497,code_review,cognistream-api
GH00729,2026-08-10 09:45:00,DEV041,code_review,analytics-service
GH01086,2026-08-10 09:47:00,DEV326,commit,cognistream-api
GH00623,2026-08-10 09:48:00,DEV404,issue_created,cognistream-dashboard
GH04810,2026-08-10 09:48:00,DEV002,issue_created,cognistream-api
GH00401,2026-08-10 09:51:00,DEV442,commit,analytics-service
GH01568,2026-08-10 09:51:00,DEV001,commit,data-pipeline
GH01101,2026-08-10 09:53:00,DEV300,commit,cognistream-api
GH01376,2026-08-10 10:03:00,DEV387,pull_request,analytics-service
GH00286,2026-08-10 10:04:00,DEV333,commit,data-pipeline
GH01041,2026-08-10 10:04:00,DEV242,issue_created,data-pipeline
GH04784,2026-08-10 10:04:00,DEV402,code_review,analytics-service
GH02589,2026-08-10 10:05:00,DEV117,pull_request,cognistream-dashboard
GH02232,2026-08-10 10:07:00,DEV352,pull_request,analytics-service
GH00861,2026-08-10 10:12:00,DEV112,issue_created,cognistream-dashboard
GH01222,2026-08-10 10:17:00,DEV494,code_review,data-pipeline
GH01427,2026-08-10 10:17:00,DEV114,issue_closed,cognistream-dashboard
GH00516,2026-08-10 10:22:00,DEV161,code_review,cognistream-dashboard
GH01665,2026-08-10 10:22:00,DEV453,code_review,data-pipeline
GH00337,2026-08-10 10:26:00,DEV142,pull_request,cognistream-api
GH00494,2026-08-10 10:29:00,DEV418,issue_closed,analytics-service
GH03199,2026-08-10 10:31:00,DEV016,commit,cognistream-dashboard
GH03685,2026-08-10 10:31:00,DEV023,code_review,data-pipeline
GH01448,2026-08-10 10:34:00,DEV051,pull_request,cognistream-api
GH02748,2026-08-10 10:37:00,DEV194,issue_closed,cognistream-api
GH03583,2026-08-10 10:43:00,DEV134,commit,data-pipeline
GH03807,2026-08-10 10:43:00,DEV466,pull_request,data-pipeline
GH04104,2026-08-10 10:44:00,DEV417,issue_created,cognistream-api
GH00556,2026-08-10 10:45:00,DEV067,code_review,developer-tools
GH03317,2026-08-10 10:58:00,DEV496,commit,data-pipeline
GH01594,2026-08-10 11:00:00,DEV135,commit,analytics-service
GH03995,2026-08-10 11:00:00,DEV102,pull_request,analytics-service
GH03734,2026-08-10 11:05:00,DEV243,pull_request,data-pipeline
GH03638,2026-08-10 11:07:00,DEV005,code_review,cognistream-api
GH04139,2026-08-10 11:14:00,DEV322,issue_closed,analytics-service
GH04740,2026-08-10 11:22:00,DEV215,issue_closed,data-pipeline
GH02910,2026-08-10 11:23:00,DEV257,issue_created,cognistream-dashboard
GH00498,2026-08-10 11:27:00,DEV381,issue_created,analytics-service
GH01174,2026-08-10 11:35:00,DEV493,issue_created,data-pipeline
GH03047,2026-08-10 11:40:00,DEV317,commit,cognistream-dashboard
GH00254,2026-08-10 11:42:00,DEV417,issue_closed,cognistream-api
GH01383,2026-08-10 11:45:00,DEV403,code_review,developer-tools
GH01439,2026-08-10 11:46:00,DEV144,issue_created,cognistream-dashboard
GH03602,2026-08-10 11:51:00,DEV068,code_review,cognistream-api
GH00787,2026-08-10 11:53:00,DEV274,issue_closed,analytics-service
GH00931,2026-08-10 11:57:00,DEV036,issue_created,data-pipeline
GH00072,2026-08-10 12:01:00,DEV463,commit,cognistream-dashboard
GH02218,2026-08-10 12:01:00,DEV317,issue_created,developer-tools
GH03736,2026-08-10 12:04:00,DEV154,commit,cognistream-dashboard
GH02923,2026-08-10 12:09:00,DEV020,code_review,cognistream-dashboard
GH04112,2026-08-10 12:10:00,DEV386,code_review,cognistream-dashboard
GH04172,2026-08-10 12:13:00,DEV103,pull_request,data-pipeline
GH04077,2026-08-10 12:14:00,DEV064,issue_closed,cognistream-dashboard
GH01561,2026-08-10 12:18:00,DEV259,code_review,cognistream-dashboard
GH02363,2026-08-10 12:21:00,DEV396,pull_request,analytics-service
GH04493,2026-08-10 12:25:00,DEV191,issue_created,data-pipeline
GH04221,2026-08-10 12:31:00,DEV023,pull_request,cognistream-dashboard
GH02895,2026-08-10 12:34:00,DEV182,commit,cognistream-api
GH02157,2026-08-10 12:42:00,DEV129,issue_closed,developer-tools
GH02986,2026-08-10 12:49:00,DEV052,issue_closed,cognistream-dashboard
GH03334,2026-08-10 13:03:00,DEV344,commit,analytics-service
GH03153,2026-08-10 13:09:00,DEV463,code_review,developer-tools
GH03622,2026-08-10 13:11:00,DEV316,issue_created,developer-tools
GH00571,2026-08-10 13:13:00,DEV188,commit,analytics-service
GH04367,2026-08-10 13:13:00,DEV238,issue_created,analytics-service
GH01194,2026-08-10 13:14:00,DEV419,pull_request,cognistream-api
GH01081,2026-08-10 13:18:00,DEV070,issue_closed,developer-tools
GH01145,2026-08-10 13:18:00,DEV010,pull_request,cognistream-dashboard
GH03374,2026-08-10 13:30:00,DEV035,commit,cognistream-api
GH04034,2026-08-10 13:32:00,DEV145,issue_closed,cognistream-api
GH01403,2026-08-10 13:36:00,DEV295,commit,data-pipeline
GH03837,2026-08-10 13:37:00,DEV254,issue_created,data-pipeline
GH04645,2026-08-10 13:38:00,DEV107,pull_request,data-pipeline
GH03940,2026-08-10 13:40:00,DEV029,issue_created,data-pipeline
GH01792,2026-08-10 13:44:00,DEV434,pull_request,data-pipeline
GH00962,2026-08-10 13:51:00,DEV438,issue_created,developer-tools
GH03349,2026-08-10 13:56:00,DEV248,pull_request,cognistream-dashboard
GH04126,2026-08-10 13:59:00,DEV437,code_review,cognistream-dashboard
GH01460,2026-08-10 14:03:00,DEV435,commit,cognistream-api
GH00809,2026-08-10 14:12:00,DEV323,pull_request,cognistream-dashboard
GH03107,2026-08-10 14:13:00,DEV042,code_review,analytics-service
GH02304,2026-08-10 14:14:00,DEV445,issue_closed,analytics-service
GH01314,2026-08-10 14:15:00,DEV394,issue_closed,cognistream-dashboard
GH02822,2026-08-10 14:21:00,DEV417,commit,analytics-service
GH02587,2026-08-10 14:35:00,DEV421,issue_closed,cognistream-api
GH01334,2026-08-10 14:38:00,DEV181,code_review,analytics-service
GH00133,2026-08-10 14:46:00,DEV281,commit,data-pipeline
GH03119,2026-08-10 14:56:00,DEV135,issue_closed,cognistream-api
GH04631,2026-08-10 14:56:00,DEV114,pull_request,analytics-service
GH00071,2026-08-10 14:57:00,DEV249,issue_created,cognistream-dashboard
GH00954,2026-08-10 15:00:00,DEV062,issue_closed,data-pipeline
GH02872,2026-08-10 15:00:00,DEV395,code_review,cognistream-api
GH03627,2026-08-10 15:01:00,DEV447,commit,data-pipeline
GH04857,2026-08-10 15:12:00,DEV012,commit,data-pipeline
GH02443,2026-08-10 15:19:00,DEV034,issue_created,cognistream-api
GH01078,2026-08-10 15:22:00,DEV380,issue_created,developer-tools
GH02926,2026-08-10 15:26:00,DEV269,code_review,cognistream-dashboard
GH02444,2026-08-10 15:32:00,DEV325,pull_request,cognistream-api
GH04495,2026-08-10 15:43:00,DEV185,issue_created,cognistream-api
GH04509,2026-08-10 15:49:00,DEV353,commit,cognistream-dashboard
GH00759,2026-08-10 15:50:00,DEV053,commit,cognistream-api
GH00333,2026-08-10 15:53:00,DEV481,code_review,cognistream-api
GH04278,2026-08-10 15:56:00,DEV192,code_review,cognistream-dashboard
GH00327,2026-08-10 15:59:00,DEV060,pull_request,cognistream-api
GH02186,2026-08-10 16:01:00,DEV131,issue_closed,cognistream-api
GH03512,2026-08-10 16:05:00,DEV216,issue_closed,cognistream-dashboard
GH03833,2026-08-10 16:06:00,DEV181,pull_request,analytics-service
GH03471,2026-08-10 16:09:00,DEV030,issue_closed,cognistream-api
GH00434,2026-08-10 16:14:00,DEV397,code_review,developer-tools
GH03845,2026-08-10 16:14:00,DEV485,commit,data-pipeline
GH01372,2026-08-10 16:17:00,DEV186,commit,cognistream-dashboard
GH03524,2026-08-10 16:18:00,DEV323,issue_created,analytics-service
GH03580,2026-08-10 16:22:00,DEV032,issue_closed,data-pipeline
GH00783,2026-08-10 16:26:00,DEV345,issue_created,cognistream-dashboard
GH02359,2026-08-10 16:32:00,DEV460,issue_created,developer-tools
GH04664,2026-08-10 16:37:00,DEV160,pull_request,developer-tools
GH01094,2026-08-10 16:38:00,DEV263,commit,cognistream-api
GH02415,2026-08-10 16:42:00,DEV199,pull_request,analytics-service
GH04366,2026-08-10 16:46:00,DEV239,issue_created,data-pipeline
GH04778,2026-08-10 16:50:00,DEV063,issue_closed,developer-tools
GH01686,2026-08-10 16:59:00,DEV227,commit,developer-tools
GH03328,2026-08-10 17:03:00,DEV237,commit,developer-tools
GH03842,2026-08-10 17:04:00,DEV097,commit,developer-tools
GH03291,2026-08-10 17:05:00,DEV439,pull_request,cognistream-dashboard
GH04072,2026-08-10 17:07:00,DEV072,pull_request,analytics-service
GH04934,2026-08-10 17:18:00,DEV444,commit,cognistream-dashboard
GH00279,2026-08-10 17:20:00,DEV023,code_review,analytics-service
GH00532,2026-08-10 17:20:00,DEV394,issue_created,developer-tools
GH01811,2026-08-10 17:22:00,DEV475,issue_closed,developer-tools
GH02667,2026-08-10 17:30:00,DEV155,issue_closed,analytics-service
GH02632,2026-08-10 17:36:00,DEV391,issue_closed,cognistream-api
GH04288,2026-08-10 17:37:00,DEV163,issue_created,cognistream-dashboard
GH04598,2026-08-10 17:45:00,DEV143,code_review,developer-tools
GH04884,2026-08-10 17:45:00,DEV467,issue_closed,data-pipeline
GH00851,2026-08-10 17:47:00,DEV471,commit,data-pipeline
GH00884,2026-08-10 17:50:00,DEV316,issue_created,cognistream-dashboard
GH02136,2026-08-10 17:58:00,DEV180,commit,cognistream-dashboard
GH00977,2026-08-10 18:00:00,DEV452,issue_closed,analytics-service
GH03578,2026-08-10 18:00:00,DEV352,pull_request,cognistream-api
GH04855,2026-08-10 18:01:00,DEV039,issue_closed,data-pipeline
GH04281,2026-08-10 18:04:00,DEV027,pull_request,cognistream-dashboard
GH01564,2026-08-10 18:11:00,DEV392,issue_created,data-pipeline
GH04138,2026-08-10 18:11:00,DEV096,issue_closed,developer-tools
GH04481,2026-08-10 18:14:00,DEV090,commit,developer-tools
GH01224,2026-08-10 18:24:00,DEV309,issue_closed,data-pipeline
GH02437,2026-08-10 18:27:00,DEV458,code_review,data-pipeline
GH03869,2026-08-10 18:29:00,DEV337,code_review,cognistream-dashboard
GH01495,2026-08-10 18:30:00,DEV097,commit,cognistream-dashboard
GH01836,2026-08-10 18:31:00,DEV395,issue_created,cognistream-dashboard
GH02292,2026-08-10 18:33:00,DEV049,issue_created,developer-tools
GH02754,2026-08-10 18:37:00,DEV339,pull_request,cognistream-api
GH00258,2026-08-10 18:41:00,DEV028,pull_request,developer-tools
GH04561,2026-08-10 18:41:00,DEV060,issue_closed,cognistream-api
GH03234,2026-08-10 18:42:00,DEV327,issue_created,cognistream-api
GH01774,2026-08-10 18:47:00,DEV123,issue_closed,cognistream-dashboard
GH03955,2026-08-10 18:58:00,DEV423,pull_request,cognistream-dashboard
GH01731,2026-08-10 19:01:00,DEV045,issue_created,cognistream-dashboard
GH03018,2026-08-10 19:04:00,DEV309,code_review,cognistream-dashboard
GH01048,2026-08-10 19:05:00,DEV498,issue_closed,cognistream-dashboard
GH03714,2026-08-10 19:05:00,DEV116,pull_request,data-pipeline
GH03128,2026-08-10 19:07:00,DEV211,code_review,data-pipeline
GH02028,2026-08-10 19:12:00,DEV072,issue_closed,developer-tools
GH00143,2026-08-10 19:20:00,DEV454,issue_closed,cognistream-dashboard
GH01063,2026-08-10 19:20:00,DEV077,pull_request,developer-tools
GH02033,2026-08-10 19:22:00,DEV090,issue_closed,analytics-service
GH03146,2026-08-10 19:24:00,DEV017,commit,cognistream-api
GH01712,2026-08-10 19:26:00,DEV212,commit,data-pipeline
GH03145,2026-08-10 19:29:00,DEV345,pull_request,cognistream-api
GH02999,2026-08-10 19:48:00,DEV073,commit,cognistream-dashboard
GH00656,2026-08-10 19:52:00,DEV234,issue_closed,cognistream-api
GH04845,2026-08-10 19:56:00,DEV384,commit,data-pipeline
GH04822,2026-08-10 19:57:00,DEV083,issue_created,cognistream-dashboard
GH02318,2026-08-10 20:01:00,DEV435,issue_created,developer-tools
GH04788,2026-08-10 20:04:00,DEV048,issue_created,data-pipeline
GH01257,2026-08-10 20:09:00,DEV279,issue_closed,analytics-service
GH03486,2026-08-10 20:10:00,DEV037,issue_created,data-pipeline
GH00364,2026-08-10 20:11:00,DEV374,commit,data-pipeline
GH00226,2026-08-10 20:17:00,DEV311,issue_closed,developer-tools
GH00927,2026-08-10 20:19:00,DEV469,code_review,data-pipeline
GH04383,2026-08-10 20:22:00,DEV252,commit,data-pipeline
GH00549,2026-08-10 20:30:00,DEV317,commit,analytics-service
GH01241,2026-08-10 20:30:00,DEV490,code_review,developer-tools
GH02331,2026-08-10 20:39:00,DEV427,code_review,analytics-service
GH03358,2026-08-10 20:40:00,DEV417,issue_created,cognistream-dashboard
GH03861,2026-08-10 20:47:00,DEV491,code_review,developer-tools
GH00404,2026-08-10 21:06:00,DEV149,commit,analytics-service
GH04272,2026-08-10 21:08:00,DEV236,issue_created,analytics-service
GH04770,2026-08-10 21:16:00,DEV414,pull_request,data-pipeline
GH03498,2026-08-10 21:19:00,DEV276,commit,developer-tools
GH00561,2026-08-10 21:21:00,DEV128,pull_request,data-pipeline
GH02227,2026-08-10 21:27:00,DEV093,issue_created,cognistream-dashboard
GH01050,2026-08-10 21:37:00,DEV495,issue_closed,analytics-service
GH03515,2026-08-10 21:37:00,DEV135,issue_closed,analytics-service
GH01920,2026-08-10 21:42:00,DEV003,issue_closed,cognistream-dashboard
GH00331,2026-08-10 21:53:00,DEV301,pull_request,analytics-service
GH00673,2026-08-10 21:57:00,DEV315,commit,cognistream-dashboard
GH04014,2026-08-10 21:57:00,DEV089,pull_request,developer-tools
GH02366,2026-08-10 21:59:00,DEV206,issue_closed,data-pipeline
GH00926,2026-08-10 22:01:00,DEV115,code_review,cognistream-dashboard
GH03573,2026-08-10 22:09:00,DEV497,issue_created,data-pipeline
GH01020,2026-08-10 22:11:00,DEV497,pull_request,analytics-service
GH03108,2026-08-10 22:13:00,DEV269,pull_request,data-pipeline
GH00475,2026-08-10 22:16:00,DEV328,issue_closed,analytics-service
GH04025,2026-08-10 22:18:00,DEV034,commit,analytics-service
GH03174,2026-08-10 22:19:00,DEV193,code_review,analytics-service
GH04004,2026-08-10 22:23:00,DEV205,commit,data-pipeline
GH00190,2026-08-10 22:24:00,DEV422,issue_created,cognistream-api
GH04886,2026-08-10 22:29:00,DEV131,issue_closed,analytics-service
GH01119,2026-08-10 22:38:00,DEV404,code_review,data-pipeline
GH03139,2026-08-10 22:43:00,DEV109,pull_request,analytics-service
GH02203,2026-08-10 22:51:00,DEV309,issue_closed,data-pipeline
GH00349,2026-08-10 22:54:00,DEV270,commit,cognistream-api
GH03212,2026-08-10 23:03:00,DEV062,commit,analytics-service
GH04413,2026-08-10 23:09:00,DEV041,code_review,analytics-service
GH03209,2026-08-10 23:19:00,DEV350,issue_created,data-pipeline
GH01459,2026-08-10 23:22:00,DEV324,issue_closed,developer-tools
GH04101,2026-08-10 23:22:00,DEV418,issue_created,cognistream-api
GH04518,2026-08-10 23:25:00,DEV484,code_review,analytics-service
GH02842,2026-08-10 23:28:00,DEV039,issue_closed,data-pipeline
GH02527,2026-08-10 23:30:00,DEV177,pull_request,cognistream-dashboard
GH04987,2026-08-10 23:32:00,DEV370,issue_closed,cognistream-api
GH03519,2026-08-10 23:39:00,DEV182,pull_request,analytics-service
GH02201,2026-08-10 23:40:00,DEV449,commit,cognistream-dashboard
GH02141,2026-08-10 23:43:00,DEV291,issue_closed,analytics-service
GH02885,2026-08-10 23:51:00,DEV254,issue_created,cognistream-dashboard
GH04223,2026-08-10 23:55:00,DEV349,issue_closed,data-pipeline
GH02184,2026-08-10 23:56:00,DEV112,pull_request,cognistream-api
GH01976,2026-08-10 23:58:00,DEV142,commit,cognistream-api
GH03105,2026-08-10 23:58:00,DEV139,code_review,cognistream-dashboard
GH00785,2026-08-11 00:05:00,DEV405,issue_created,cognistream-api
GH00473,2026-08-11 00:09:00,DEV057,code_review,cognistream-dashboard
GH04620,2026-08-11 00:09:00,DEV105,commit,developer-tools
GH02233,2026-08-11 00:10:00,DEV377,issue_closed,data-pipeline
GH00063,2026-08-11 00:19:00,DEV211,issue_created,cognistream-api
GH00903,2026-08-11 00:19:00,DEV360,issue_created,cognistream-api
GH01098,2026-08-11 00:27:00,DEV459,issue_created,data-pipeline
GH02495,2026-08-11 00:27:00,DEV491,commit,cognistream-dashboard
GH04599,2026-08-11 00:28:00,DEV343,pull_request,developer-tools
GH02876,2026-08-11 00:33:00,DEV347,issue_closed,cognistream-dashboard
GH02694,2026-08-11 00:34:00,DEV091,issue_closed,cognistream-dashboard
GH03636,2026-08-11 00:39:00,DEV254,pull_request,developer-tools
GH04327,2026-08-11 00:50:00,DEV209,code_review,cognistream-dashboard
GH04925,2026-08-11 01:01:00,DEV129,code_review,developer-tools
GH02568,2026-08-11 01:07:00,DEV456,issue_created,developer-tools
GH00146,2026-08-11 01:11:00,DEV113,pull_request,developer-tools
GH00208,2026-08-11 01:22:00,DEV382,issue_closed,data-pipeline
GH02598,2026-08-11 01:29:00,DEV352,issue_created,developer-tools
GH03632,2026-08-11 01:29:00,DEV359,commit,analytics-service
GH03765,2026-08-11 01:29:00,DEV078,code_review,data-pipeline
GH02283,2026-08-11 01:39:00,DEV048,commit,developer-tools
GH01373,2026-08-11 01:41:00,DEV334,issue_closed,data-pipeline
GH02692,2026-08-11 01:47:00,DEV372,issue_created,data-pipeline
GH04052,2026-08-11 01:56:00,DEV329,commit,developer-tools
GH00973,2026-08-11 02:00:00,DEV089,code_review,cognistream-dashboard
GH00365,2026-08-11 02:04:00,DEV161,code_review,data-pipeline
GH03422,2026-08-11 02:06:00,DEV282,pull_request,cognistream-api
GH01705,2026-08-11 02:13:00,DEV312,code_review,data-pipeline
GH02154,2026-08-11 02:15:00,DEV108,code_review,cognistream-api
GH00684,2026-08-11 02:18:00,DEV285,issue_created,cognistream-api
GH00103,2026-08-11 02:34:00,DEV288,commit,cognistream-api
GH04984,2026-08-11 02:35:00,DEV252,pull_request,cognistream-dashboard
GH02661,2026-08-11 02:40:00,DEV062,pull_request,cognistream-dashboard
GH00845,2026-08-11 02:50:00,DEV085,issue_closed,cognistream-dashboard
GH03131,2026-08-11 02:57:00,DEV192,pull_request,developer-tools
GH03110,2026-08-11 03:02:00,DEV176,code_review,cognistream-dashboard
GH03866,2026-08-11 03:03:00,DEV404,commit,cognistream-api
GH00171,2026-08-11 03:04:00,DEV070,issue_created,cognistream-dashboard
GH03007,2026-08-11 03:05:00,DEV272,code_review,developer-tools
GH04385,2026-08-11 03:17:00,DEV314,commit,developer-tools
GH01134,2026-08-11 03:18:00,DEV495,issue_created,analytics-service
GH00479,2026-08-11 03:25:00,DEV001,issue_closed,data-pipeline
GH00872,2026-08-11 03:25:00,DEV336,commit,cognistream-api
GH00887,2026-08-11 03:30:00,DEV162,pull_request,cognistream-dashboard
GH02746,2026-08-11 03:32:00,DEV173,code_review,data-pipeline
GH04819,2026-08-11 03:33:00,DEV041,code_review,cognistream-dashboard
GH00362,2026-08-11 03:52:00,DEV232,pull_request,analytics-service
GH01638,2026-08-11 03:52:00,DEV466,pull_request,developer-tools
GH04748,2026-08-11 03:53:00,DEV435,pull_request,data-pipeline
GH03310,2026-08-11 04:00:00,DEV181,commit,cognistream-api
GH00502,2026-08-11 04:10:00,DEV309,pull_request,developer-tools
GH02340,2026-08-11 04:10:00,DEV059,issue_closed,cognistream-dashboard
GH02896,2026-08-11 04:16:00,DEV252,pull_request,cognistream-api
GH03257,2026-08-11 04:18:00,DEV261,code_review,cognistream-api
GH00570,2026-08-11 04:20:00,DEV069,code_review,data-pipeline
GH03793,2026-08-11 04:26:00,DEV458,code_review,data-pipeline
GH01777,2026-08-11 04:27:00,DEV402,issue_created,developer-tools
GH04141,2026-08-11 04:33:00,DEV190,code_review,cognistream-dashboard
GH01847,2026-08-11 04:48:00,DEV313,code_review,data-pipeline
GH00750,2026-08-11 04:50:00,DEV096,issue_closed,analytics-service
GH00368,2026-08-11 04:51:00,DEV050,code_review,cognistream-dashboard
GH00245,2026-08-11 04:56:00,DEV377,code_review,developer-tools
GH00810,2026-08-11 05:00:00,DEV203,commit,developer-tools
GH02277,2026-08-11 05:07:00,DEV377,code_review,developer-tools
GH01186,2026-08-11 05:23:00,DEV339,pull_request,analytics-service
GH02243,2026-08-11 05:26:00,DEV073,code_review,cognistream-api
GH03096,2026-08-11 05:32:00,DEV103,issue_created,data-pipeline
GH04902,2026-08-11 05:38:00,DEV238,pull_request,cognistream-api
GH03801,2026-08-11 05:42:00,DEV495,commit,cognistream-dashboard
GH03192,2026-08-11 05:43:00,DEV453,issue_created,analytics-service
GH00191,2026-08-11 05:45:00,DEV492,code_review,analytics-service
GH02849,2026-08-11 05:49:00,DEV195,commit,developer-tools
GH01143,2026-08-11 05:50:00,DEV455,pull_request,data-pipeline
GH02162,2026-08-11 05:52:00,DEV479,issue_closed,cognistream-api
GH02550,2026-08-11 05:52:00,DEV450,commit,cognistream-api
GH02809,2026-08-11 05:55:00,DEV497,pull_request,analytics-service
GH03456,2026-08-11 06:03:00,DEV444,issue_created,cognistream-api
GH01518,2026-08-11 06:06:00,DEV167,commit,cognistream-dashboard
GH04006,2026-08-11 06:06:00,DEV485,code_review,cognistream-dashboard
GH02915,2026-08-11 06:12:00,DEV246,code_review,data-pipeline
GH04964,2026-08-11 06:21:00,DEV118,pull_request,data-pipeline
GH01790,2026-08-11 06:25:00,DEV368,code_review,cognistream-api
GH02767,2026-08-11 06:30:00,DEV367,commit,cognistream-dashboard
GH04799,2026-08-11 06:32:00,DEV395,commit,analytics-service
GH04202,2026-08-11 06:38:00,DEV194,commit,analytics-service
GH01057,2026-08-11 06:46:00,DEV104,pull_request,developer-tools
GH02165,2026-08-11 06:46:00,DEV211,code_review,cognistream-api
GH03675,2026-08-11 06:47:00,DEV334,code_review,cognistream-dashboard
GH03639,2026-08-11 06:49:00,DEV151,code_review,developer-tools
GH00408,2026-08-11 06:56:00,DEV302,issue_created,developer-tools
GH03226,2026-08-11 06:56:00,DEV116,pull_request,cognistream-api
GH00166,2026-08-11 07:01:00,DEV249,commit,analytics-service
GH01937,2026-08-11 07:02:00,DEV075,pull_request,developer-tools
GH04240,2026-08-11 07:05:00,DEV316,code_review,analytics-service
GH00126,2026-08-11 07:08:00,DEV001,issue_closed,developer-tools
GH01306,2026-08-11 07:10:00,DEV142,code_review,cognistream-dashboard
GH04652,2026-08-11 07:16:00,DEV371,issue_created,analytics-service
GH00407,2026-08-11 07:30:00,DEV433,commit,cognistream-dashboard
GH03805,2026-08-11 07:37:00,DEV141,pull_request,data-pipeline
GH02774,2026-08-11 07:38:00,DEV414,pull_request,cognistream-dashboard
GH02428,2026-08-11 07:40:00,DEV093,issue_created,cognistream-api
GH01490,2026-08-11 07:43:00,DEV203,pull_request,cognistream-dashboard
GH03673,2026-08-11 07:47:00,DEV287,issue_created,analytics-service
GH02287,2026-08-11 07:51:00,DEV041,issue_created,data-pipeline
GH04901,2026-08-11 07:54:00,DEV026,code_review,cognistream-api
GH00463,2026-08-11 07:55:00,DEV047,pull_request,analytics-service
GH01530,2026-08-11 07:56:00,DEV287,code_review,developer-tools
GH03385,2026-08-11 07:56:00,DEV348,code_review,cognistream-dashboard
GH00451,2026-08-11 08:01:00,DEV023,issue_created,data-pipeline
GH00244,2026-08-11 08:04:00,DEV042,issue_closed,cognistream-api
GH02345,2026-08-11 08:06:00,DEV410,issue_created,cognistream-api
GH03423,2026-08-11 08:10:00,DEV061,issue_closed,data-pipeline
GH03953,2026-08-11 08:16:00,DEV473,code_review,cognistream-api
GH00803,2026-08-11 08:17:00,DEV370,issue_created,data-pipeline
GH00093,2026-08-11 08:18:00,DEV427,issue_closed,data-pipeline
GH00782,2026-08-11 08:27:00,DEV409,code_review,cognistream-api
GH02503,2026-08-11 08:29:00,DEV392,commit,analytics-service
GH02594,2026-08-11 08:34:00,DEV231,issue_closed,cognistream-api
GH03396,2026-08-11 08:41:00,DEV219,issue_created,cognistream-api
GH00677,2026-08-11 08:43:00,DEV120,issue_closed,cognistream-dashboard
GH02869,2026-08-11 08:43:00,DEV182,issue_created,developer-tools
GH00553,2026-08-11 09:04:00,DEV213,issue_created,analytics-service
GH03716,2026-08-11 09:04:00,DEV136,commit,analytics-service
GH02088,2026-08-11 09:06:00,DEV345,commit,cognistream-dashboard
GH01045,2026-08-11 09:09:00,DEV239,code_review,cognistream-dashboard
GH00419,2026-08-11 09:10:00,DEV035,issue_created,analytics-service
GH00154,2026-08-11 09:13:00,DEV040,code_review,cognistream-dashboard
GH03880,2026-08-11 09:13:00,DEV345,code_review,cognistream-dashboard
GH02395,2026-08-11 09:20:00,DEV353,issue_created,analytics-service
GH01837,2026-08-11 09:23:00,DEV372,pull_request,cognistream-dashboard
GH04249,2026-08-11 09:35:00,DEV036,pull_request,developer-tools
GH01867,2026-08-11 09:36:00,DEV036,issue_created,cognistream-dashboard
GH03258,2026-08-11 10:01:00,DEV140,code_review,cognistream-api
GH02254,2026-08-11 10:07:00,DEV183,issue_closed,analytics-service
GH02577,2026-08-11 10:13:00,DEV120,code_review,cognistream-api
GH00136,2026-08-11 10:16:00,DEV227,pull_request,developer-tools
GH03910,2026-08-11 10:20:00,DEV043,issue_created,cognistream-dashboard
GH03083,2026-08-11 10:24:00,DEV333,pull_request,cognistream-api
GH03680,2026-08-11 10:26:00,DEV185,issue_closed,cognistream-dashboard
GH02371,2026-08-11 10:28:00,DEV358,code_review,analytics-service
GH02687,2026-08-11 10:35:00,DEV323,commit,cognistream-api
GH02027,2026-08-11 10:39:00,DEV148,pull_request,analytics-service
GH04347,2026-08-11 10:40:00,DEV095,issue_closed,cognistream-api
GH00150,2026-08-11 10:42:00,DEV314,issue_closed,analytics-service
GH03914,2026-08-11 10:44:00,DEV399,pull_request,developer-tools
GH01511,2026-08-11 10:54:00,DEV127,commit,cognistream-dashboard
GH01243,2026-08-11 10:58:00,DEV425,pull_request,data-pipeline
GH03692,2026-08-11 11:08:00,DEV327,commit,data-pipeline
GH00969,2026-08-11 11:10:00,DEV415,pull_request,cognistream-api
GH03436,2026-08-11 11:13:00,DEV366,code_review,data-pipeline
GH01755,2026-08-11 11:17:00,DEV026,pull_request,cognistream-api
GH00291,2026-08-11 11:18:00,DEV086,code_review,cognistream-api
GH03468,2026-08-11 11:22:00,DEV237,commit,analytics-service
GH01988,2026-08-11 11:24:00,DEV378,commit,data-pipeline
GH00506,2026-08-11 11:25:00,DEV180,issue_created,cognistream-api
GH02096,2026-08-11 11:27:00,DEV116,issue_closed,analytics-service
GH03039,2026-08-11 11:28:00,DEV401,commit,data-pipeline
GH03450,2026-08-11 11:29:00,DEV023,pull_request,cognistream-dashboard
GH04637,2026-08-11 11:33:00,DEV227,pull_request,analytics-service
GH01151,2026-08-11 11:39:00,DEV195,commit,developer-tools
GH03550,2026-08-11 11:42:00,DEV456,issue_created,analytics-service
GH04536,2026-08-11 11:43:00,DEV036,issue_closed,cognistream-dashboard
GH02472,2026-08-11 11:47:00,DEV005,pull_request,cognistream-api
GH02519,2026-08-11 11:49:00,DEV096,pull_request,cognistream-dashboard
GH03548,2026-08-11 11:56:00,DEV267,pull_request,analytics-service
GH01464,2026-08-11 11:58:00,DEV400,code_review,developer-tools
GH00875,2026-08-11 12:03:00,DEV005,commit,data-pipeline
GH04468,2026-08-11 12:03:00,DEV196,issue_closed,cognistream-dashboard
GH02814,2026-08-11 12:05:00,DEV189,commit,cognistream-api
GH01993,2026-08-11 12:10:00,DEV235,code_review,developer-tools
GH01308,2026-08-11 12:13:00,DEV184,code_review,analytics-service
GH02019,2026-08-11 12:16:00,DEV347,commit,developer-tools
GH02025,2026-08-11 12:20:00,DEV448,issue_closed,cognistream-api
GH02621,2026-08-11 12:25:00,DEV033,issue_created,developer-tools
GH00796,2026-08-11 12:27:00,DEV192,issue_created,analytics-service
GH01759,2026-08-11 12:29:00,DEV316,code_review,data-pipeline
GH00505,2026-08-11 12:31:00,DEV309,issue_created,cognistream-dashboard
GH04359,2026-08-11 12:32:00,DEV007,commit,data-pipeline
GH02978,2026-08-11 12:36:00,DEV119,issue_created,data-pipeline
GH01088,2026-08-11 12:37:00,DEV091,issue_created,developer-tools
GH01322,2026-08-11 12:41:00,DEV082,pull_request,developer-tools
GH02764,2026-08-11 12:43:00,DEV489,commit,analytics-service
GH01832,2026-08-11 12:55:00,DEV190,pull_request,data-pipeline
GH03900,2026-08-11 12:55:00,DEV291,issue_closed,cognistream-dashboard
GH03788,2026-08-11 12:59:00,DEV167,code_review,cognistream-api
GH04434,2026-08-11 13:56:00,DEV082,commit,data-pipeline
GH00758,2026-08-11 14:07:00,DEV286,issue_closed,developer-tools
GH00417,2026-08-11 14:09:00,DEV349,issue_closed,developer-tools
GH04320,2026-08-11 14:10:00,DEV222,code_review,cognistream-api
GH00786,2026-08-11 14:15:00,DEV307,issue_created,developer-tools
GH02414,2026-08-11 14:15:00,DEV077,code_review,cognistream-api
GH01635,2026-08-11 14:18:00,DEV278,pull_request,cognistream-dashboard
GH01535,2026-08-11 14:25:00,DEV152,code_review,developer-tools
GH03838,2026-08-11 14:27:00,DEV081,pull_request,analytics-service
GH04956,2026-08-11 14:28:00,DEV116,issue_closed,cognistream-dashboard
GH04262,2026-08-11 14:34:00,DEV467,pull_request,analytics-service
GH03938,2026-08-11 14:36:00,DEV158,issue_created,developer-tools
GH04579,2026-08-11 14:39:00,DEV311,pull_request,cognistream-dashboard
GH00534,2026-08-11 14:44:00,DEV239,issue_closed,data-pipeline
GH00152,2026-08-11 14:47:00,DEV133,pull_request,data-pipeline
GH01610,2026-08-11 14:47:00,DEV242,commit,data-pipeline
GH01916,2026-08-11 14:59:00,DEV211,pull_request,cognistream-dashboard
GH00228,2026-08-11 15:02:00,DEV466,issue_created,data-pipeline
GH03120,2026-08-11 15:03:00,DEV483,pull_request,analytics-service
GH04362,2026-08-11 15:11:00,DEV184,issue_created,data-pipeline
GH02229,2026-08-11 15:17:00,DEV465,pull_request,data-pipeline
GH02574,2026-08-11 15:23:00,DEV240,issue_created,analytics-service
GH01024,2026-08-11 15:27:00,DEV038,commit,data-pipeline
GH02210,2026-08-11 15:34:00,DEV245,pull_request,data-pipeline
GH03824,2026-08-11 15:34:00,DEV346,issue_created,cognistream-api
GH02606,2026-08-11 15:35:00,DEV328,code_review,cognistream-api
GH04452,2026-08-11 15:39:00,DEV015,issue_created,developer-tools
GH02451,2026-08-11 15:42:00,DEV022,commit,analytics-service
GH02753,2026-08-11 15:48:00,DEV317,issue_created,developer-tools
GH00856,2026-08-11 15:50:00,DEV039,commit,analytics-service
GH01980,2026-08-11 15:50:00,DEV318,code_review,cognistream-api
GH00522,2026-08-11 15:52:00,DEV089,issue_created,cognistream-api
GH04045,2026-08-11 15:54:00,DEV110,issue_created,developer-tools
GH04950,2026-08-11 16:02:00,DEV285,pull_request,cognistream-api
GH04056,2026-08-11 16:09:00,DEV224,issue_closed,cognistream-api
GH03254,2026-08-11 16:12:00,DEV181,code_review,cognistream-api
GH01497,2026-08-11 16:16:00,DEV140,issue_closed,analytics-service
GH01223,2026-08-11 16:18:00,DEV413,pull_request,cognistream-dashboard
GH04843,2026-08-11 16:20:00,DEV097,commit,developer-tools
GH01787,2026-08-11 16:23:00,DEV273,code_review,analytics-service
GH04967,2026-08-11 16:25:00,DEV081,issue_closed,developer-tools
GH01928,2026-08-11 16:28:00,DEV023,commit,cognistream-api
GH02158,2026-08-11 16:31:00,DEV344,issue_closed,cognistream-dashboard
GH02204,2026-08-11 16:32:00,DEV356,commit,cognistream-api
GH01767,2026-08-11 16:33:00,DEV250,commit,cognistream-api
GH02512,2026-08-11 16:37:00,DEV197,issue_created,analytics-service
GH01354,2026-08-11 16:39:00,DEV306,issue_closed,cognistream-api
GH03555,2026-08-11 16:39:00,DEV323,issue_closed,cognistream-api
GH00552,2026-08-11 16:41:00,DEV038,commit,cognistream-dashboard
GH02704,2026-08-11 16:43:00,DEV146,issue_created,developer-tools
GH00385,2026-08-11 16:45:00,DEV175,pull_request,data-pipeline
GH04510,2026-08-11 16:45:00,DEV080,pull_request,cognistream-api
GH01672,2026-08-11 16:46:00,DEV303,pull_request,analytics-service
GH02222,2026-08-11 16:47:00,DEV424,issue_created,cognistream-api
GH03162,2026-08-11 16:47:00,DEV325,code_review,cognistream-dashboard
GH03245,2026-08-11 16:57:00,DEV336,pull_request,developer-tools
GH03514,2026-08-11 16:58:00,DEV008,pull_request,cognistream-api
GH03043,2026-08-11 17:06:00,DEV284,code_review,developer-tools
GH01203,2026-08-11 17:11:00,DEV170,issue_closed,developer-tools
GH03223,2026-08-11 17:15:00,DEV253,commit,data-pipeline
GH02110,2026-08-11 17:17:00,DEV056,commit,data-pipeline
GH02612,2026-08-11 17:18:00,DEV030,code_review,developer-tools
GH00858,2026-08-11 17:19:00,DEV487,issue_created,data-pipeline
GH04531,2026-08-11 17:19:00,DEV195,code_review,cognistream-dashboard
GH00338,2026-08-11 17:20:00,DEV047,pull_request,developer-tools
GH00322,2026-08-11 17:22:00,DEV189,code_review,developer-tools
GH00255,2026-08-11 17:23:00,DEV046,code_review,data-pipeline
GH00074,2026-08-11 17:29:00,DEV147,issue_created,developer-tools
GH01938,2026-08-11 17:29:00,DEV092,issue_created,data-pipeline
GH00277,2026-08-11 17:40:00,DEV478,code_review,cognistream-dashboard
GH00801,2026-08-11 17:40:00,DEV402,pull_request,developer-tools
GH02961,2026-08-11 17:43:00,DEV258,issue_closed,data-pipeline
GH01763,2026-08-11 17:48:00,DEV159,issue_created,analytics-service
GH02844,2026-08-11 18:04:00,DEV043,code_review,analytics-service
GH02548,2026-08-11 18:08:00,DEV123,code_review,data-pipeline
GH02625,2026-08-11 18:12:00,DEV178,code_review,analytics-service
GH04050,2026-08-11 18:12:00,DEV340,commit,data-pipeline
GH03733,2026-08-11 18:16:00,DEV304,issue_closed,analytics-service
GH04801,2026-08-11 18:16:00,DEV023,code_review,data-pipeline
GH00867,2026-08-11 18:19:00,DEV001,issue_created,cognistream-dashboard
GH00933,2026-08-11 18:26:00,DEV005,code_review,cognistream-dashboard
GH00303,2026-08-11 18:29:00,DEV433,code_review,cognistream-dashboard
GH04003,2026-08-11 18:33:00,DEV009,commit,analytics-service
GH00582,2026-08-11 18:34:00,DEV077,issue_closed,developer-tools
GH01211,2026-08-11 18:36:00,DEV423,pull_request,data-pipeline
GH00566,2026-08-11 18:42:00,DEV495,pull_request,cognistream-dashboard
GH00836,2026-08-11 18:45:00,DEV290,issue_created,developer-tools
GH00491,2026-08-11 18:57:00,DEV019,code_review,cognistream-dashboard
GH02255,2026-08-11 18:59:00,DEV253,commit,cognistream-dashboard
GH03850,2026-08-11 19:00:00,DEV189,pull_request,cognistream-dashboard
GH02628,2026-08-11 19:02:00,DEV197,pull_request,developer-tools
GH04841,2026-08-11 19:02:00,DEV199,code_review,data-pipeline
GH01623,2026-08-11 19:07:00,DEV288,commit,cognistream-api
GH03794,2026-08-11 19:08:00,DEV353,issue_closed,cognistream-dashboard
GH01061,2026-08-11 19:12:00,DEV470,commit,developer-tools
GH03872,2026-08-11 19:15:00,DEV461,issue_created,cognistream-dashboard
GH00089,2026-08-11 19:17:00,DEV319,issue_closed,cognistream-api
GH01943,2026-08-11 19:26:00,DEV215,pull_request,data-pipeline
GH03649,2026-08-11 19:27:00,DEV170,commit,cognistream-api
GH01683,2026-08-11 19:28:00,DEV255,issue_created,developer-tools
GH03744,2026-08-11 19:31:00,DEV203,pull_request,analytics-service
GH00027,2026-08-11 19:35:00,DEV074,code_review,cognistream-dashboard
GH01410,2026-08-11 19:35:00,DEV349,issue_created,developer-tools
GH00730,2026-08-11 19:40:00,DEV290,pull_request,cognistream-dashboard
GH01099,2026-08-11 19:40:00,DEV130,pull_request,analytics-service
GH01195,2026-08-11 19:43:00,DEV228,issue_closed,analytics-service
GH03168,2026-08-11 19:44:00,DEV475,issue_closed,cognistream-api
GH01274,2026-08-11 19:47:00,DEV368,code_review,cognistream-api
GH03368,2026-08-11 19:56:00,DEV367,pull_request,data-pipeline
GH01883,2026-08-11 20:01:00,DEV390,code_review,cognistream-dashboard
GH00601,2026-08-11 20:02:00,DEV468,issue_closed,data-pipeline
GH00406,2026-08-11 20:16:00,DEV426,code_review,cognistream-api
GH02265,2026-08-11 20:20:00,DEV426,issue_created,analytics-service
GH02893,2026-08-11 20:24:00,DEV169,code_review,data-pipeline
GH03028,2026-08-11 20:26:00,DEV074,issue_closed,analytics-service
GH00671,2026-08-11 20:33:00,DEV178,pull_request,data-pipeline
GH03814,2026-08-11 20:34:00,DEV302,issue_created,developer-tools
GH03082,2026-08-11 20:37:00,DEV133,issue_created,data-pipeline
GH03963,2026-08-11 20:39:00,DEV186,code_review,cognistream-dashboard
GH01512,2026-08-11 20:40:00,DEV377,commit,developer-tools
GH01769,2026-08-11 20:53:00,DEV434,pull_request,data-pipeline
GH01296,2026-08-11 20:54:00,DEV331,issue_closed,cognistream-api
GH01666,2026-08-11 20:57:00,DEV086,issue_created,data-pipeline
GH00456,2026-08-11 21:08:00,DEV394,code_review,analytics-service
GH03216,2026-08-11 21:11:00,DEV146,pull_request,analytics-service
GH03818,2026-08-11 21:17:00,DEV438,issue_created,cognistream-dashboard
GH02636,2026-08-11 21:24:00,DEV014,commit,analytics-service
GH03858,2026-08-11 21:25:00,DEV370,commit,cognistream-api
GH04764,2026-08-11 21:29:00,DEV311,code_review,cognistream-dashboard
GH03644,2026-08-11 21:47:00,DEV108,code_review,cognistream-dashboard
GH00669,2026-08-11 21:51:00,DEV345,issue_closed,analytics-service
GH04537,2026-08-11 21:57:00,DEV141,issue_closed,analytics-service
GH02038,2026-08-11 22:06:00,DEV115,commit,cognistream-api
GH04846,2026-08-11 22:07:00,DEV044,pull_request,cognistream-api
GH02813,2026-08-11 22:13:00,DEV443,issue_created,data-pipeline
GH01505,2026-08-11 22:14:00,DEV357,commit,data-pipeline
GH04458,2026-08-11 22:17:00,DEV028,pull_request,developer-tools
GH03142,2026-08-11 22:22:00,DEV212,issue_created,cognistream-api
GH03840,2026-08-11 22:25:00,DEV336,pull_request,cognistream-api
GH02640,2026-08-11 22:32:00,DEV249,issue_created,cognistream-api
GH01167,2026-08-11 22:33:00,DEV026,commit,cognistream-dashboard
GH02562,2026-08-11 22:33:00,DEV092,code_review,data-pipeline
GH04026,2026-08-11 22:38:00,DEV213,issue_closed,analytics-service
GH04586,2026-08-11 22:40:00,DEV333,code_review,data-pipeline
GH00147,2026-08-11 22:42:00,DEV026,issue_closed,cognistream-dashboard
GH00197,2026-08-11 22:47:00,DEV292,issue_closed,analytics-service
GH00194,2026-08-11 22:52:00,DEV224,issue_closed,data-pipeline
GH03769,2026-08-11 22:54:00,DEV413,commit,data-pipeline
GH00705,2026-08-11 23:30:00,DEV051,issue_created,data-pipeline
GH02117,2026-08-11 23:30:00,DEV104,code_review,analytics-service
GH00703,2026-08-11 23:38:00,DEV274,code_review,data-pipeline
GH00558,2026-08-11 23:45:00,DEV063,code_review,analytics-service
GH04085,2026-08-11 23:47:00,DEV219,issue_closed,cognistream-dashboard
GH03187,2026-08-12 00:04:00,DEV382,issue_created,analytics-service
GH04935,2026-08-12 00:05:00,DEV212,issue_closed,cognistream-api
GH00168,2026-08-12 00:15:00,DEV471,pull_request,developer-tools
GH00529,2026-08-12 00:15:00,DEV412,issue_closed,cognistream-dashboard
GH03363,2026-08-12 00:32:00,DEV452,issue_created,data-pipeline
GH00628,2026-08-12 00:36:00,DEV140,pull_request,cognistream-api
GH00035,2026-08-12 00:37:00,DEV271,code_review,developer-tools
GH02330,2026-08-12 00:50:00,DEV068,code_review,analytics-service
GH03650,2026-08-12 00:58:00,DEV305,pull_request,cognistream-api
GH00470,2026-08-12 01:11:00,DEV230,issue_closed,cognistream-api
GH01821,2026-08-12 01:15:00,DEV294,code_review,analytics-service
GH04872,2026-08-12 01:15:00,DEV415,code_review,analytics-service
GH01190,2026-08-12 01:17:00,DEV437,issue_created,cognistream-dashboard
GH04591,2026-08-12 01:18:00,DEV173,commit,analytics-service
GH00285,2026-08-12 01:24:00,DEV401,code_review,data-pipeline
GH03141,2026-08-12 01:27:00,DEV487,commit,data-pipeline
GH03219,2026-08-12 01:37:00,DEV049,issue_created,data-pipeline
GH04588,2026-08-12 01:38:00,DEV262,issue_created,analytics-service
GH03860,2026-08-12 01:47:00,DEV442,issue_created,cognistream-api
GH04877,2026-08-12 01:51:00,DEV112,pull_request,cognistream-dashboard
GH03647,2026-08-12 01:57:00,DEV035,commit,data-pipeline
GH02900,2026-08-12 02:03:00,DEV203,code_review,data-pipeline
GH03489,2026-08-12 02:03:00,DEV483,code_review,developer-tools
GH02698,2026-08-12 02:04:00,DEV226,issue_created,developer-tools
GH01756,2026-08-12 02:05:00,DEV463,commit,cognistream-api
GH01116,2026-08-12 02:06:00,DEV066,code_review,developer-tools
GH03687,2026-08-12 02:07:00,DEV312,issue_created,analytics-service
GH03751,2026-08-12 02:07:00,DEV282,issue_created,cognistream-dashboard
GH00646,2026-08-12 02:08:00,DEV388,issue_closed,cognistream-dashboard
GH01936,2026-08-12 02:13:00,DEV300,issue_created,cognistream-api
GH03406,2026-08-12 02:13:00,DEV480,code_review,cognistream-api
GH02200,2026-08-12 02:16:00,DEV378,issue_created,data-pipeline
GH04081,2026-08-12 02:17:00,DEV119,issue_created,data-pipeline
GH01350,2026-08-12 02:27:00,DEV445,issue_created,cognistream-dashboard
GH03667,2026-08-12 02:36:00,DEV168,code_review,developer-tools
GH03954,2026-08-12 02:41:00,DEV069,commit,data-pipeline
GH03847,2026-08-12 02:43:00,DEV351,commit,data-pipeline
GH02588,2026-08-12 02:46:00,DEV335,issue_closed,cognistream-dashboard
GH03851,2026-08-12 02:52:00,DEV480,pull_request,data-pipeline
GH01123,2026-08-12 02:53:00,DEV456,pull_request,developer-tools
GH03752,2026-08-12 02:56:00,DEV343,issue_created,analytics-service
GH04768,2026-08-12 03:08:00,DEV415,issue_created,data-pipeline
GH00061,2026-08-12 03:18:00,DEV414,issue_created,cognistream-dashboard
GH00137,2026-08-12 03:25:00,DEV407,pull_request,cognistream-api
GH00207,2026-08-12 03:27:00,DEV284,issue_closed,data-pipeline
GH02325,2026-08-12 03:30:00,DEV060,issue_created,developer-tools
GH02796,2026-08-12 03:33:00,DEV179,issue_created,analytics-service
GH01040,2026-08-12 03:37:00,DEV433,commit,data-pipeline
GH03347,2026-08-12 03:43:00,DEV013,issue_closed,analytics-service
GH03394,2026-08-12 03:43:00,DEV257,code_review,data-pipeline
GH02564,2026-08-12 03:44:00,DEV138,issue_closed,analytics-service
GH01651,2026-08-12 03:47:00,DEV071,pull_request,cognistream-dashboard
GH02920,2026-08-12 03:48:00,DEV362,commit,developer-tools
GH02312,2026-08-12 03:51:00,DEV217,commit,cognistream-api
GH01095,2026-08-12 03:55:00,DEV467,pull_request,cognistream-dashboard
GH01925,2026-08-12 04:05:00,DEV255,pull_request,cognistream-dashboard
GH02590,2026-08-12 04:06:00,DEV120,issue_closed,developer-tools
GH01720,2026-08-12 04:08:00,DEV409,commit,cognistream-dashboard
GH04803,2026-08-12 04:08:00,DEV425,issue_created,analytics-service
GH00590,2026-08-12 04:11:00,DEV136,issue_closed,developer-tools
GH02030,2026-08-12 04:12:00,DEV445,issue_closed,data-pipeline
GH02087,2026-08-12 04:15:00,DEV188,issue_closed,cognistream-dashboard
GH02605,2026-08-12 04:17:00,DEV056,code_review,developer-tools
GH01261,2026-08-12 04:20:00,DEV288,commit,cognistream-api
GH00587,2026-08-12 04:21:00,DEV418,commit,data-pipeline
GH01521,2026-08-12 04:33:00,DEV353,issue_closed,cognistream-dashboard
GH00049,2026-08-12 04:34:00,DEV485,issue_closed,cognistream-dashboard
GH01768,2026-08-12 04:35:00,DEV058,code_review,analytics-service
GH00737,2026-08-12 04:41:00,DEV139,commit,cognistream-api
GH03112,2026-08-12 04:41:00,DEV275,pull_request,analytics-service
GH00619,2026-08-12 04:47:00,DEV245,pull_request,data-pipeline
GH04145,2026-08-12 04:48:00,DEV275,code_review,cognistream-api
GH02108,2026-08-12 04:51:00,DEV342,issue_closed,analytics-service
GH01593,2026-08-12 04:52:00,DEV293,commit,developer-tools
GH04944,2026-08-12 04:57:00,DEV353,code_review,developer-tools
GH02045,2026-08-12 04:58:00,DEV499,commit,data-pipeline
GH04344,2026-08-12 04:59:00,DEV419,pull_request,analytics-service
GH01476,2026-08-12 05:02:00,DEV240,issue_closed,data-pipeline
GH03354,2026-08-12 05:02:00,DEV246,code_review,data-pipeline
GH00350,2026-08-12 05:05:00,DEV230,code_review,developer-tools
GH04260,2026-08-12 05:11:00,DEV480,issue_closed,analytics-service
GH04068,2026-08-12 05:15:00,DEV240,code_review,cognistream-dashboard
GH04152,2026-08-12 05:18:00,DEV445,pull_request,cognistream-api
GH03886,2026-08-12 05:29:00,DEV317,pull_request,data-pipeline
GH04421,2026-08-12 05:33:00,DEV189,pull_request,data-pipeline
GH01367,2026-08-12 05:34:00,DEV393,pull_request,cognistream-api
GH03750,2026-08-12 05:41:00,DEV082,code_review,cognistream-api
GH03417,2026-08-12 05:49:00,DEV156,pull_request,cognistream-api
GH00877,2026-08-12 05:53:00,DEV037,pull_request,analytics-service
GH00222,2026-08-12 05:54:00,DEV059,commit,analytics-service
GH04560,2026-08-12 05:59:00,DEV035,pull_request,developer-tools
GH03236,2026-08-12 06:00:00,DEV339,issue_created,data-pipeline
GH04002,2026-08-12 06:02:00,DEV131,issue_closed,cognistream-api
GH01877,2026-08-12 06:07:00,DEV224,issue_created,cognistream-api
GH04522,2026-08-12 06:17:00,DEV326,issue_closed,developer-tools
GH04655,2026-08-12 06:20:00,DEV081,pull_request,cognistream-dashboard
GH04569,2026-08-12 06:27:00,DEV110,commit,cognistream-dashboard
GH03414,2026-08-12 06:28:00,DEV485,pull_request,data-pipeline
GH00700,2026-08-12 06:33:00,DEV469,pull_request,developer-tools
GH00611,2026-08-12 06:38:00,DEV110,pull_request,developer-tools
GH04264,2026-08-12 06:40:00,DEV471,pull_request,analytics-service
GH01955,2026-08-12 06:44:00,DEV415,commit,analytics-service
GH04976,2026-08-12 06:46:00,DEV203,issue_closed,cognistream-dashboard
GH04580,2026-08-12 06:47:00,DEV315,issue_closed,analytics-service
GH00698,2026-08-12 06:48:00,DEV107,code_review,data-pipeline
GH02065,2026-08-12 06:52:00,DEV179,code_review,data-pipeline
GH02877,2026-08-12 06:57:00,DEV255,issue_closed,developer-tools
GH03948,2026-08-12 06:58:00,DEV483,issue_closed,analytics-service
GH04478,2026-08-12 06:59:00,DEV033,pull_request,cognistream-dashboard
GH04820,2026-08-12 07:04:00,DEV011,commit,cognistream-dashboard
GH02498,2026-08-12 07:07:00,DEV222,commit,developer-tools
GH03470,2026-08-12 07:15:00,DEV327,issue_closed,cognistream-dashboard
GH01230,2026-08-12 07:20:00,DEV299,issue_closed,analytics-service
GH00592,2026-08-12 07:23:00,DEV088,issue_closed,developer-tools
GH02044,2026-08-12 07:24:00,DEV290,issue_created,data-pipeline
GH01596,2026-08-12 07:38:00,DEV287,pull_request,analytics-service
GH04742,2026-08-12 07:47:00,DEV486,commit,data-pipeline
GH03338,2026-08-12 07:56:00,DEV354,code_review,cognistream-api
GH01721,2026-08-12 07:57:00,DEV080,issue_created,developer-tools
GH01341,2026-08-12 07:58:00,DEV346,issue_created,analytics-service
GH02700,2026-08-12 08:14:00,DEV011,issue_created,analytics-service
GH01879,2026-08-12 08:16:00,DEV063,issue_closed,developer-tools
GH01335,2026-08-12 08:17:00,DEV455,issue_closed,cognistream-api
GH01361,2026-08-12 08:22:00,DEV338,pull_request,developer-tools
GH01424,2026-08-12 08:23:00,DEV191,issue_closed,data-pipeline
GH02802,2026-08-12 08:28:00,DEV150,pull_request,cognistream-dashboard
GH00268,2026-08-12 08:30:00,DEV242,pull_request,analytics-service
GH01736,2026-08-12 08:35:00,DEV464,issue_closed,cognistream-dashboard
GH01178,2026-08-12 08:36:00,DEV411,issue_closed,analytics-service
GH01029,2026-08-12 08:38:00,DEV361,commit,analytics-service
GH00802,2026-08-12 08:44:00,DEV179,issue_created,cognistream-api
GH01217,2026-08-12 08:44:00,DEV474,issue_closed,cognistream-dashboard
GH01813,2026-08-12 08:55:00,DEV361,code_review,cognistream-api
GH04136,2026-08-12 08:55:00,DEV430,issue_created,analytics-service
GH04734,2026-08-12 08:59:00,DEV140,code_review,developer-tools
GH04839,2026-08-12 09:00:00,DEV397,issue_closed,cognistream-api
GH01704,2026-08-12 09:08:00,DEV371,issue_closed,data-pipeline
GH01379,2026-08-12 09:11:00,DEV130,code_review,developer-tools
GH03370,2026-08-12 09:11:00,DEV193,issue_created,developer-tools
GH03577,2026-08-12 09:11:00,DEV431,issue_created,developer-tools
GH03178,2026-08-12 09:16:00,DEV315,issue_closed,developer-tools
GH00603,2026-08-12 09:25:00,DEV099,pull_request,data-pipeline
GH02109,2026-08-12 09:37:00,DEV262,code_review,cognistream-dashboard
GH00830,2026-08-12 09:39:00,DEV070,pull_request,analytics-service
GH04406,2026-08-12 09:42:00,DEV161,issue_closed,developer-tools
GH00262,2026-08-12 09:43:00,DEV063,commit,developer-tools
GH02397,2026-08-12 09:44:00,DEV365,issue_created,cognistream-dashboard
GH01930,2026-08-12 09:54:00,DEV264,commit,cognistream-api
GH02314,2026-08-12 09:54:00,DEV242,commit,analytics-service
GH03570,2026-08-12 09:54:00,DEV251,issue_created,developer-tools
GH02171,2026-08-12 10:05:00,DEV287,issue_created,analytics-service
GH00059,2026-08-12 10:06:00,DEV110,issue_closed,cognistream-dashboard
GH03584,2026-08-12 10:09:00,DEV373,pull_request,data-pipeline
GH00390,2026-08-12 10:14:00,DEV311,issue_created,analytics-service
GH02745,2026-08-12 10:22:00,DEV243,code_review,developer-tools
GH02916,2026-08-12 10:22:00,DEV043,issue_created,cognistream-dashboard
GH03773,2026-08-12 10:29:00,DEV335,issue_created,analytics-service
GH03440,2026-08-12 10:32:00,DEV144,commit,cognistream-dashboard
GH04630,2026-08-12 10:33:00,DEV064,commit,cognistream-dashboard
GH00445,2026-08-12 10:34:00,DEV099,pull_request,cognistream-dashboard
GH03098,2026-08-12 10:34:00,DEV109,issue_created,cognistream-api
GH03539,2026-08-12 10:46:00,DEV225,pull_request,cognistream-dashboard
GH00075,2026-08-12 10:47:00,DEV080,pull_request,data-pipeline
GH00826,2026-08-12 10:47:00,DEV326,issue_closed,cognistream-dashboard
GH01803,2026-08-12 10:48:00,DEV337,issue_created,cognistream-dashboard
GH04698,2026-08-12 10:50:00,DEV205,issue_created,analytics-service
GH03306,2026-08-12 10:52:00,DEV148,commit,data-pipeline
GH01912,2026-08-12 10:56:00,DEV042,commit,cognistream-api
GH01006,2026-08-12 11:04:00,DEV333,code_review,cognistream-dashboard
GH03637,2026-08-12 11:04:00,DEV072,issue_closed,analytics-service
GH04086,2026-08-12 11:07:00,DEV389,code_review,cognistream-dashboard
GH04379,2026-08-12 11:09:00,DEV497,commit,data-pipeline
GH01456,2026-08-12 11:14:00,DEV397,issue_created,cognistream-api
GH04715,2026-08-12 11:14:00,DEV222,issue_closed,cognistream-api
GH01129,2026-08-12 11:17:00,DEV171,pull_request,data-pipeline
GH00722,2026-08-12 11:26:00,DEV009,commit,developer-tools
GH04096,2026-08-12 11:26:00,DEV288,issue_closed,developer-tools
GH01181,2026-08-12 11:34:00,DEV058,issue_created,analytics-service
GH01580,2026-08-12 11:39:00,DEV423,issue_closed,cognistream-api
GH02892,2026-08-12 11:39:00,DEV030,code_review,cognistream-api
GH02145,2026-08-12 11:42:00,DEV052,pull_request,data-pipeline
GH03546,2026-08-12 11:42:00,DEV427,commit,data-pipeline
GH00203,2026-08-12 11:49:00,DEV285,pull_request,analytics-service
GH02824,2026-08-12 11:49:00,DEV033,issue_closed,developer-tools
GH00713,2026-08-12 11:51:00,DEV495,issue_created,analytics-service
GH00654,2026-08-12 11:57:00,DEV047,issue_closed,analytics-service
GH03999,2026-08-12 12:07:00,DEV380,issue_closed,data-pipeline
GH01889,2026-08-12 12:11:00,DEV200,commit,developer-tools
GH02111,2026-08-12 12:14:00,DEV255,pull_request,cognistream-dashboard
GH02858,2026-08-12 12:23:00,DEV049,issue_closed,data-pipeline
GH00274,2026-08-12 12:24:00,DEV444,pull_request,analytics-service
GH01656,2026-08-12 12:34:00,DEV353,code_review,analytics-service
GH01531,2026-08-12 12:39:00,DEV098,issue_closed,cognistream-dashboard
GH01144,2026-08-12 12:42:00,DEV184,pull_request,cognistream-dashboard
GH02118,2026-08-12 12:44:00,DEV259,code_review,developer-tools
GH02187,2026-08-12 12:48:00,DEV274,code_review,cognistream-api
GH04761,2026-08-12 12:48:00,DEV056,code_review,developer-tools
GH00996,2026-08-12 12:50:00,DEV020,commit,cognistream-api
GH01253,2026-08-12 12:54:00,DEV405,issue_closed,developer-tools
GH03285,2026-08-12 12:58:00,DEV377,code_review,developer-tools
GH03565,2026-08-12 12:58:00,DEV286,issue_closed,cognistream-dashboard
GH03828,2026-08-12 13:01:00,DEV121,issue_created,developer-tools
GH01426,2026-08-12 13:02:00,DEV094,issue_closed,data-pipeline
GH04155,2026-08-12 13:02:00,DEV221,pull_request,analytics-service
GH00204,2026-08-12 13:03:00,DEV230,commit,cognistream-api
GH02623,2026-08-12 13:07:00,DEV236,issue_created,developer-tools
GH05000,2026-08-12 13:13:00,DEV268,commit,cognistream-dashboard
GH02709,2026-08-12 13:23:00,DEV208,issue_created,analytics-service
GH04444,2026-08-12 13:24:00,DEV004,code_review,cognistream-api
GH04640,2026-08-12 13:26:00,DEV224,issue_closed,data-pipeline
GH02688,2026-08-12 13:30:00,DEV036,pull_request,cognistream-api
GH00832,2026-08-12 13:32:00,DEV213,issue_created,analytics-service
GH00223,2026-08-12 13:33:00,DEV038,issue_closed,cognistream-api
GH01486,2026-08-12 13:39:00,DEV485,issue_created,data-pipeline
GH02771,2026-08-12 13:40:00,DEV047,code_review,cognistream-dashboard
GH00942,2026-08-12 13:42:00,DEV493,commit,cognistream-dashboard
GH03970,2026-08-12 13:42:00,DEV145,issue_closed,data-pipeline
GH02335,2026-08-12 13:47:00,DEV052,issue_created,analytics-service
GH00995,2026-08-12 13:49:00,DEV278,code_review,cognistream-dashboard
GH01425,2026-08-12 13:53:00,DEV460,issue_closed,data-pipeline
GH04031,2026-08-12 14:08:00,DEV384,issue_closed,cognistream-dashboard
GH01021,2026-08-12 14:17:00,DEV452,issue_created,data-pipeline
GH00936,2026-08-12 14:26:00,DEV396,pull_request,developer-tools
GH03624,2026-08-12 14:28:00,DEV130,issue_created,data-pipeline
GH01503,2026-08-12 14:33:00,DEV112,code_review,analytics-service
GH03211,2026-08-12 14:45:00,DEV256,commit,data-pipeline
GH00416,2026-08-12 14:51:00,DEV238,issue_closed,developer-tools
GH04089,2026-08-12 15:04:00,DEV429,issue_created,analytics-service
GH00862,2026-08-12 15:10:00,DEV138,code_review,data-pipeline
GH03435,2026-08-12 15:17:00,DEV362,code_review,cognistream-dashboard
GH03475,2026-08-12 15:17:00,DEV066,pull_request,cognistream-dashboard
GH01956,2026-08-12 15:29:00,DEV124,commit,developer-tools
GH03449,2026-08-12 15:31:00,DEV010,issue_created,analytics-service
GH02490,2026-08-12 15:38:00,DEV186,issue_closed,cognistream-api
GH02980,2026-08-12 15:51:00,DEV093,issue_created,cognistream-dashboard
GH04550,2026-08-12 15:57:00,DEV188,issue_created,cognistream-api
GH01014,2026-08-12 15:58:00,DEV073,code_review,cognistream-api
GH03136,2026-08-12 16:06:00,DEV384,issue_closed,developer-tools
GH02181,2026-08-12 16:07:00,DEV453,commit,cognistream-dashboard
GH02146,2026-08-12 16:16:00,DEV258,code_review,cognistream-dashboard
GH03614,2026-08-12 16:26:00,DEV373,issue_created,data-pipeline
GH04921,2026-08-12 16:26:00,DEV271,commit,cognistream-dashboard
GH03020,2026-08-12 16:29:00,DEV276,issue_closed,analytics-service
GH01901,2026-08-12 16:30:00,DEV305,issue_closed,cognistream-dashboard
GH04149,2026-08-12 16:30:00,DEV303,issue_created,cognistream-api
GH04117,2026-08-12 16:32:00,DEV328,pull_request,analytics-service
GH00398,2026-08-12 16:38:00,DEV383,issue_created,cognistream-dashboard
GH00500,2026-08-12 16:42:00,DEV189,issue_closed,data-pipeline
GH04017,2026-08-12 16:43:00,DEV105,code_review,analytics-service
GH01157,2026-08-12 16:49:00,DEV102,issue_closed,cognistream-dashboard
GH04236,2026-08-12 16:57:00,DEV103,pull_request,developer-tools
GH02113,2026-08-12 17:02:00,DEV348,commit,cognistream-dashboard
GH02351,2026-08-12 17:11:00,DEV376,commit,cognistream-dashboard
GH02678,2026-08-12 17:22:00,DEV152,pull_request,cognistream-dashboard
GH00564,2026-08-12 17:23:00,DEV451,code_review,analytics-service
GH01215,2026-08-12 17:25:00,DEV003,issue_closed,cognistream-api
GH03303,2026-08-12 17:28:00,DEV475,pull_request,analytics-service
GH04378,2026-08-12 17:35:00,DEV222,issue_created,cognistream-dashboard
GH02007,2026-08-12 17:44:00,DEV394,pull_request,analytics-service
GH03118,2026-08-12 17:45:00,DEV443,code_review,cognistream-api
GH03376,2026-08-12 17:45:00,DEV479,issue_created,data-pipeline
GH04171,2026-08-12 17:53:00,DEV047,pull_request,data-pipeline
GH04363,2026-08-12 17:54:00,DEV154,issue_created,data-pipeline
GH02786,2026-08-12 17:58:00,DEV349,issue_created,cognistream-dashboard
GH04113,2026-08-12 17:58:00,DEV439,commit,data-pipeline
GH04524,2026-08-12 18:03:00,DEV164,code_review,cognistream-api
GH03062,2026-08-12 18:11:00,DEV100,code_review,analytics-service
GH03856,2026-08-12 18:11:00,DEV329,commit,developer-tools
GH00400,2026-08-12 18:12:00,DEV287,code_review,cognistream-api
GH02179,2026-08-12 18:12:00,DEV478,commit,developer-tools
GH02479,2026-08-12 18:14:00,DEV253,pull_request,developer-tools
GH01669,2026-08-12 18:25:00,DEV058,pull_request,developer-tools
GH00744,2026-08-12 18:29:00,DEV382,code_review,cognistream-api
GH04795,2026-08-12 18:39:00,DEV104,pull_request,cognistream-dashboard
GH04503,2026-08-12 18:49:00,DEV279,commit,developer-tools
GH01978,2026-08-12 18:51:00,DEV270,commit,analytics-service
GH03760,2026-08-12 18:51:00,DEV422,commit,developer-tools
GH03598,2026-08-12 18:53:00,DEV204,issue_created,cognistream-api
GH03806,2026-08-12 18:55:00,DEV344,commit,developer-tools
GH02579,2026-08-12 19:01:00,DEV263,issue_closed,cognistream-api
GH04813,2026-08-12 19:01:00,DEV445,code_review,developer-tools
GH00597,2026-08-12 19:03:00,DEV397,issue_closed,analytics-service
GH01595,2026-08-12 19:03:00,DEV223,pull_request,cognistream-dashboard
GH01336,2026-08-12 19:04:00,DEV452,pull_request,analytics-service
GH03044,2026-08-12 19:05:00,DEV157,pull_request,analytics-service
GH03312,2026-08-12 19:09:00,DEV341,issue_closed,cognistream-dashboard
GH00929,2026-08-12 19:10:00,DEV345,commit,cognistream-dashboard
GH01053,2026-08-12 19:12:00,DEV293,issue_closed,developer-tools
GH03065,2026-08-12 19:15:00,DEV414,pull_request,cognistream-api
GH01588,2026-08-12 19:22:00,DEV358,pull_request,cognistream-dashboard
GH02733,2026-08-12 19:29:00,DEV486,commit,analytics-service
GH03683,2026-08-12 19:35:00,DEV472,commit,developer-tools
GH01282,2026-08-12 19:36:00,DEV055,code_review,data-pipeline
GH00537,2026-08-12 19:37:00,DEV467,commit,cognistream-api
GH00457,2026-08-12 19:39:00,DEV271,issue_created,cognistream-dashboard
GH03946,2026-08-12 19:40:00,DEV226,code_review,cognistream-api
GH03283,2026-08-12 19:47:00,DEV086,pull_request,cognistream-api
GH04688,2026-08-12 19:47:00,DEV440,issue_created,cognistream-dashboard
GH03365,2026-08-12 19:49:00,DEV108,code_review,developer-tools
GH01360,2026-08-12 19:53:00,DEV386,commit,cognistream-api
GH03844,2026-08-12 19:54:00,DEV042,issue_closed,developer-tools
GH02339,2026-08-12 19:57:00,DEV017,commit,data-pipeline
GH04242,2026-08-12 20:02:00,DEV393,pull_request,cognistream-dashboard
GH02241,2026-08-12 20:06:00,DEV253,code_review,analytics-service
GH03326,2026-08-12 20:09:00,DEV479,code_review,analytics-service
GH02951,2026-08-12 20:10:00,DEV405,commit,cognistream-dashboard
GH03969,2026-08-12 20:22:00,DEV448,code_review,developer-tools
GH01357,2026-08-12 20:26:00,DEV351,issue_created,cognistream-dashboard
GH04511,2026-08-12 20:31:00,DEV410,commit,analytics-service
GH04675,2026-08-12 20:31:00,DEV459,commit,analytics-service
GH00430,2026-08-12 20:33:00,DEV331,pull_request,cognistream-api
GH01147,2026-08-12 20:35:00,DEV087,commit,data-pipeline
GH04057,2026-08-12 20:38:00,DEV094,issue_created,developer-tools
GH02379,2026-08-12 20:56:00,DEV057,commit,data-pipeline
GH00005,2026-08-12 20:59:00,DEV309,commit,developer-tools
GH00360,2026-08-12 21:05:00,DEV310,issue_created,cognistream-api
GH01828,2026-08-12 21:07:00,DEV040,code_review,data-pipeline
GH04247,2026-08-12 21:07:00,DEV033,pull_request,cognistream-dashboard
GH03088,2026-08-12 21:18:00,DEV231,code_review,cognistream-api
GH03613,2026-08-12 21:40:00,DEV126,issue_created,cognistream-api
GH03478,2026-08-12 21:44:00,DEV441,issue_created,developer-tools
GH01193,2026-08-12 21:51:00,DEV115,issue_closed,analytics-service
GH03737,2026-08-12 21:52:00,DEV056,issue_created,analytics-service
GH03772,2026-08-12 21:52:00,DEV197,issue_created,cognistream-api
GH03918,2026-08-12 22:02:00,DEV248,issue_closed,data-pipeline
GH02348,2026-08-12 22:03:00,DEV054,pull_request,cognistream-api
GH02009,2026-08-12 22:06:00,DEV170,code_review,analytics-service
GH03416,2026-08-12 22:13:00,DEV116,code_review,analytics-service
GH00041,2026-08-12 22:15:00,DEV312,pull_request,cognistream-dashboard
GH00447,2026-08-12 22:15:00,DEV395,issue_closed,developer-tools
GH00272,2026-08-12 22:17:00,DEV137,commit,data-pipeline
GH01771,2026-08-12 22:24:00,DEV053,issue_created,cognistream-api
GH03533,2026-08-12 22:33:00,DEV433,issue_created,data-pipeline
GH01201,2026-08-12 22:37:00,DEV288,pull_request,analytics-service
GH03885,2026-08-12 22:45:00,DEV382,issue_closed,analytics-service
GH03543,2026-08-12 22:49:00,DEV387,pull_request,cognistream-api
GH00526,2026-08-12 22:50:00,DEV115,commit,cognistream-dashboard
GH01267,2026-08-12 22:50:00,DEV229,issue_created,cognistream-api
GH04769,2026-08-12 22:54:00,DEV157,code_review,analytics-service
GH02561,2026-08-12 23:04:00,DEV192,issue_created,developer-tools
GH03923,2026-08-12 23:16:00,DEV241,issue_created,cognistream-dashboard
GH04878,2026-08-12 23:21:00,DEV123,issue_created,cognistream-api
GH02816,2026-08-12 23:23:00,DEV116,commit,developer-tools
GH00412,2026-08-12 23:30:00,DEV100,code_review,data-pipeline
GH00411,2026-08-12 23:47:00,DEV325,commit,developer-tools
GH00794,2026-08-12 23:53:00,DEV383,issue_closed,developer-tools
GH04829,2026-08-12 23:57:00,DEV063,issue_created,developer-tools
GH00837,2026-08-12 23:58:00,DEV058,issue_closed,cognistream-api
GH01353,2026-08-12 23:58:00,DEV136,pull_request,data-pipeline
GH04397,2026-08-13 00:03:00,DEV451,commit,analytics-service
GH00906,2026-08-13 00:14:00,DEV472,pull_request,cognistream-dashboard
GH03197,2026-08-13 00:16:00,DEV130,issue_closed,analytics-service
GH01102,2026-08-13 00:21:00,DEV340,code_review,developer-tools
GH03353,2026-08-13 00:21:00,DEV380,issue_closed,cognistream-dashboard
GH01676,2026-08-13 00:26:00,DEV314,pull_request,analytics-service
GH03666,2026-08-13 00:27:00,DEV414,issue_created,analytics-service
GH04426,2026-08-13 00:27:00,DEV029,pull_request,analytics-service
GH04453,2026-08-13 00:30:00,DEV395,issue_created,cognistream-dashboard
GH02573,2026-08-13 00:45:00,DEV319,code_review,analytics-service
GH02046,2026-08-13 00:54:00,DEV376,issue_closed,cognistream-api
GH03798,2026-08-13 00:57:00,DEV372,commit,data-pipeline
GH01345,2026-08-13 00:58:00,DEV021,issue_closed,cognistream-dashboard
GH02279,2026-08-13 00:58:00,DEV103,issue_created,analytics-service
GH03188,2026-08-13 00:58:00,DEV485,issue_created,cognistream-dashboard
GH04790,2026-08-13 01:02:00,DEV310,issue_created,data-pipeline
GH00509,2026-08-13 01:12:00,DEV411,pull_request,cognistream-api
GH02398,2026-08-13 01:16:00,DEV442,issue_closed,cognistream-api
GH03723,2026-08-13 01:18:00,DEV396,pull_request,data-pipeline
GH04674,2026-08-13 01:18:00,DEV417,commit,developer-tools
GH02321,2026-08-13 01:21:00,DEV303,issue_closed,analytics-service
GH04573,2026-08-13 01:22:00,DEV038,issue_closed,cognistream-dashboard
GH02291,2026-08-13 01:23:00,DEV056,issue_closed,analytics-service
GH02074,2026-08-13 01:25:00,DEV304,commit,analytics-service
GH03248,2026-08-13 01:25:00,DEV104,issue_created,cognistream-dashboard
GH02865,2026-08-13 01:28:00,DEV366,pull_request,cognistream-dashboard
GH02052,2026-08-13 01:38:00,DEV100,pull_request,cognistream-api
GH01269,2026-08-13 01:39:00,DEV043,commit,cognistream-dashboard
GH03244,2026-08-13 01:40:00,DEV440,code_review,data-pipeline
GH03803,2026-08-13 01:44:00,DEV277,pull_request,cognistream-api
GH02090,2026-08-13 01:50:00,DEV117,issue_created,cognistream-api
GH00850,2026-08-13 01:56:00,DEV461,commit,cognistream-dashboard
GH01968,2026-08-13 02:06:00,DEV485,code_review,cognistream-api
GH04765,2026-08-13 02:11:00,DEV050,issue_created,developer-tools
GH00633,2026-08-13 02:24:00,DEV168,commit,analytics-service
GH02808,2026-08-13 02:29:00,DEV333,code_review,developer-tools
GH00857,2026-08-13 02:35:00,DEV384,code_review,data-pipeline
GH01394,2026-08-13 02:42:00,DEV358,pull_request,developer-tools
GH03071,2026-08-13 02:58:00,DEV374,issue_closed,developer-tools
GH04916,2026-08-13 03:04:00,DEV410,code_review,analytics-service
GH01493,2026-08-13 03:08:00,DEV392,issue_closed,data-pipeline
GH01347,2026-08-13 03:09:00,DEV491,issue_created,developer-tools
GH01266,2026-08-13 03:16:00,DEV421,code_review,developer-tools
GH01816,2026-08-13 03:19:00,DEV041,issue_closed,developer-tools
GH04714,2026-08-13 03:20:00,DEV300,commit,analytics-service
GH00914,2026-08-13 03:28:00,DEV401,code_review,cognistream-dashboard
GH02514,2026-08-13 03:28:00,DEV169,issue_closed,cognistream-dashboard
GH04283,2026-08-13 03:37:00,DEV222,pull_request,analytics-service
GH00053,2026-08-13 03:39:00,DEV232,commit,cognistream-dashboard
GH02525,2026-08-13 03:43:00,DEV301,pull_request,cognistream-api
GH00518,2026-08-13 03:45:00,DEV199,issue_closed,cognistream-api
GH01399,2026-08-13 03:45:00,DEV008,commit,cognistream-api
GH03335,2026-08-13 03:54:00,DEV236,commit,cognistream-api
GH04253,2026-08-13 03:55:00,DEV274,commit,developer-tools
GH00538,2026-08-13 03:57:00,DEV079,code_review,cognistream-dashboard
GH04188,2026-08-13 04:09:00,DEV086,commit,analytics-service
GH02722,2026-08-13 04:11:00,DEV466,pull_request,analytics-service
GH04382,2026-08-13 04:18:00,DEV483,issue_created,cognistream-dashboard
GH00540,2026-08-13 04:23:00,DEV459,code_review,cognistream-api
GH00249,2026-08-13 04:25:00,DEV334,issue_created,data-pipeline
GH04051,2026-08-13 04:28:00,DEV135,commit,data-pipeline
GH03536,2026-08-13 04:31:00,DEV143,issue_closed,developer-tools
GH03290,2026-08-13 04:36:00,DEV373,commit,cognistream-dashboard
GH03643,2026-08-13 04:39:00,DEV310,code_review,analytics-service
GH01990,2026-08-13 04:46:00,DEV331,code_review,analytics-service
GH01708,2026-08-13 04:49:00,DEV374,issue_created,analytics-service
GH02092,2026-08-13 04:50:00,DEV070,issue_created,data-pipeline
GH00944,2026-08-13 04:51:00,DEV212,code_review,analytics-service
GH04037,2026-08-13 04:56:00,DEV265,issue_closed,data-pipeline
GH03634,2026-08-13 04:57:00,DEV384,commit,cognistream-dashboard
GH04732,2026-08-13 05:00:00,DEV350,code_review,developer-tools
GH03300,2026-08-13 05:01:00,DEV360,code_review,developer-tools
GH04603,2026-08-13 05:03:00,DEV089,commit,data-pipeline
GH04965,2026-08-13 05:07:00,DEV366,issue_closed,developer-tools
GH01142,2026-08-13 05:08:00,DEV306,issue_closed,data-pipeline
GH01154,2026-08-13 05:09:00,DEV139,issue_closed,developer-tools
GH03500,2026-08-13 05:10:00,DEV226,code_review,data-pipeline
GH04317,2026-08-13 05:13:00,DEV463,commit,analytics-service
GH02682,2026-08-13 05:27:00,DEV406,issue_created,data-pipeline
GH01515,2026-08-13 05:29:00,DEV063,code_review,analytics-service
GH01465,2026-08-13 05:30:00,DEV495,issue_created,analytics-service
GH01390,2026-08-13 05:32:00,DEV147,issue_closed,cognistream-api
GH01723,2026-08-13 05:34:00,DEV154,issue_closed,data-pipeline
GH00153,2026-08-13 05:41:00,DEV249,pull_request,data-pipeline
GH01329,2026-08-13 05:44:00,DEV325,code_review,data-pipeline
GH00353,2026-08-13 05:46:00,DEV155,issue_created,cognistream-api
GH02422,2026-08-13 05:56:00,DEV097,issue_created,developer-tools
GH03235,2026-08-13 05:57:00,DEV271,pull_request,developer-tools
GH01207,2026-08-13 06:04:00,DEV192,commit,cognistream-api
GH04915,2026-08-13 06:05:00,DEV131,commit,data-pipeline
GH01363,2026-08-13 06:06:00,DEV216,code_review,cognistream-api
GH02163,2026-08-13 06:13:00,DEV103,code_review,analytics-service
GH02836,2026-08-13 06:26:00,DEV467,code_review,developer-tools
GH01232,2026-08-13 06:28:00,DEV055,commit,analytics-service
GH00085,2026-08-13 06:30:00,DEV162,code_review,cognistream-dashboard
GH04087,2026-08-13 06:32:00,DEV053,commit,developer-tools
GH04879,2026-08-13 06:36:00,DEV449,code_review,developer-tools
GH03718,2026-08-13 06:39:00,DEV231,pull_request,cognistream-api
GH02289,2026-08-13 06:40:00,DEV219,code_review,developer-tools
GH02484,2026-08-13 06:40:00,DEV374,code_review,cognistream-dashboard
GH01185,2026-08-13 06:41:00,DEV353,issue_closed,cognistream-api
GH02067,2026-08-13 06:41:00,DEV391,code_review,cognistream-dashboard
GH01484,2026-08-13 06:48:00,DEV418,pull_request,data-pipeline
GH03888,2026-08-13 06:48:00,DEV192,issue_created,analytics-service
GH04687,2026-08-13 06:53:00,DEV480,issue_created,cognistream-dashboard
GH03795,2026-08-13 06:55:00,DEV292,issue_created,cognistream-api
GH00917,2026-08-13 07:05:00,DEV033,code_review,developer-tools
GH04174,2026-08-13 07:06:00,DEV132,commit,developer-tools
GH00717,2026-08-13 07:08:00,DEV018,commit,cognistream-api
GH04212,2026-08-13 07:09:00,DEV435,pull_request,developer-tools
GH00432,2026-08-13 07:12:00,DEV268,issue_closed,cognistream-dashboard
GH03741,2026-08-13 07:13:00,DEV102,issue_closed,cognistream-dashboard
GH00627,2026-08-13 07:20:00,DEV253,pull_request,developer-tools
GH02286,2026-08-13 07:32:00,DEV043,code_review,analytics-service
GH02730,2026-08-13 07:41:00,DEV214,code_review,analytics-service
GH04859,2026-08-13 07:41:00,DEV309,issue_closed,cognistream-api
GH04685,2026-08-13 07:44:00,DEV239,issue_closed,data-pipeline
GH01733,2026-08-13 07:46:00,DEV155,pull_request,cognistream-api
GH04551,2026-08-13 07:48:00,DEV460,code_review,developer-tools
GH04661,2026-08-13 07:51:00,DEV478,code_review,analytics-service
GH01706,2026-08-13 07:56:00,DEV295,issue_closed,data-pipeline
GH00600,2026-08-13 07:58:00,DEV193,code_review,cognistream-dashboard
GH02563,2026-08-13 07:58:00,DEV356,issue_created,analytics-service
GH00648,2026-08-13 07:59:00,DEV229,issue_closed,data-pipeline
GH02062,2026-08-13 08:04:00,DEV434,issue_closed,developer-tools
GH01547,2026-08-13 08:10:00,DEV320,issue_closed,data-pipeline
GH00482,2026-08-13 08:17:00,DEV279,issue_closed,developer-tools
GH00442,2026-08-13 08:28:00,DEV048,issue_created,developer-tools
GH01815,2026-08-13 08:29:00,DEV440,code_review,analytics-service
GH00728,2026-08-13 08:30:00,DEV130,code_review,data-pipeline
GH00998,2026-08-13 08:30:00,DEV245,commit,data-pipeline
GH02857,2026-08-13 08:31:00,DEV373,code_review,developer-tools
GH01701,2026-08-13 08:50:00,DEV212,issue_closed,cognistream-dashboard
GH04206,2026-08-13 09:06:00,DEV426,commit,cognistream-dashboard
GH02429,2026-08-13 09:18:00,DEV163,issue_created,data-pipeline
GH02881,2026-08-13 09:25:00,DEV351,issue_closed,cognistream-api
GH03967,2026-08-13 09:34:00,DEV031,issue_closed,data-pipeline
GH03387,2026-08-13 09:38:00,DEV415,pull_request,cognistream-api
GH04250,2026-08-13 09:39:00,DEV148,issue_closed,cognistream-dashboard
GH02084,2026-08-13 09:48:00,DEV112,pull_request,data-pipeline
GH02939,2026-08-13 09:49:00,DEV310,code_review,cognistream-dashboard
GH01553,2026-08-13 09:54:00,DEV021,commit,data-pipeline
GH02897,2026-08-13 09:57:00,DEV264,pull_request,analytics-service
GH04399,2026-08-13 10:01:00,DEV252,issue_created,developer-tools
GH00724,2026-08-13 10:07:00,DEV370,code_review,developer-tools
GH04907,2026-08-13 10:13:00,DEV034,issue_closed,analytics-service
GH01364,2026-08-13 10:21:00,DEV220,pull_request,analytics-service
GH04275,2026-08-13 10:24:00,DEV106,pull_request,cognistream-dashboard
GH00043,2026-08-13 10:38:00,DEV471,commit,developer-tools
GH03929,2026-08-13 10:40:00,DEV242,commit,data-pipeline
GH00384,2026-08-13 10:42:00,DEV111,issue_created,analytics-service
GH04566,2026-08-13 10:44:00,DEV005,code_review,cognistream-dashboard
GH04061,2026-08-13 10:45:00,DEV269,commit,developer-tools
GH03671,2026-08-13 10:49:00,DEV041,issue_closed,cognistream-dashboard
GH00316,2026-08-13 10:54:00,DEV257,code_review,cognistream-dashboard
GH04797,2026-08-13 10:55:00,DEV201,issue_closed,developer-tools
GH04657,2026-08-13 10:57:00,DEV415,pull_request,cognistream-api
GH01137,2026-08-13 11:00:00,DEV098,commit,cognistream-api
GH00079,2026-08-13 11:03:00,DEV081,commit,developer-tools
GH00149,2026-08-13 11:04:00,DEV287,issue_closed,data-pipeline
GH03790,2026-08-13 11:08:00,DEV379,issue_created,cognistream-dashboard
GH02851,2026-08-13 11:15:00,DEV057,issue_closed,analytics-service
GH03973,2026-08-13 11:24:00,DEV082,issue_closed,cognistream-api
GH01979,2026-08-13 11:29:00,DEV348,issue_closed,data-pipeline
GH00670,2026-08-13 11:30:00,DEV195,pull_request,cognistream-dashboard
GH03819,2026-08-13 11:40:00,DEV358,pull_request,analytics-service
GH04300,2026-08-13 11:42:00,DEV467,issue_closed,analytics-service
GH00586,2026-08-13 11:43:00,DEV251,issue_closed,data-pipeline
GH02492,2026-08-13 11:46:00,DEV230,code_review,cognistream-api
GH02955,2026-08-13 11:47:00,DEV446,issue_closed,cognistream-api
GH03021,2026-08-13 11:48:00,DEV275,pull_request,analytics-service
GH00048,2026-08-13 11:55:00,DEV393,pull_request,cognistream-dashboard
GH01773,2026-08-13 11:57:00,DEV237,issue_created,developer-tools
GH01640,2026-08-13 12:04:00,DEV486,commit,cognistream-dashboard
GH02384,2026-08-13 12:14:00,DEV433,issue_closed,cognistream-dashboard
GH03987,2026-08-13 12:19:00,DEV309,commit,cognistream-dashboard
GH00543,2026-08-13 12:21:00,DEV048,issue_closed,cognistream-dashboard
GH02946,2026-08-13 12:23:00,DEV370,pull_request,cognistream-api
GH04975,2026-08-13 12:23:00,DEV487,commit,developer-tools
GH00287,2026-08-13 12:25:00,DEV195,code_review,analytics-service
GH01231,2026-08-13 12:34:00,DEV147,issue_created,cognistream-api
GH01562,2026-08-13 12:34:00,DEV308,issue_created,data-pipeline
GH00454,2026-08-13 12:38:00,DEV123,code_review,analytics-service
GH04815,2026-08-13 12:41:00,DEV339,issue_closed,data-pipeline
GH00169,2026-08-13 12:42:00,DEV014,issue_created,developer-tools
GH04209,2026-08-13 12:47:00,DEV015,commit,data-pipeline
GH02880,2026-08-13 12:48:00,DEV384,code_review,cognistream-dashboard
GH02056,2026-08-13 12:51:00,DEV297,code_review,cognistream-dashboard
GH03403,2026-08-13 12:51:00,DEV295,pull_request,developer-tools
GH01882,2026-08-13 12:58:00,DEV437,code_review,cognistream-api
GH02645,2026-08-13 12:59:00,DEV380,issue_created,cognistream-dashboard
GH03458,2026-08-13 13:03:00,DEV238,issue_created,developer-tools
GH01280,2026-08-13 13:05:00,DEV004,issue_closed,cognistream-api
GH03777,2026-08-13 13:11:00,DEV498,code_review,cognistream-api
GH03094,2026-08-13 13:14:00,DEV461,issue_created,cognistream-api
GH04619,2026-08-13 13:18:00,DEV138,pull_request,cognistream-api
GH04587,2026-08-13 13:20:00,DEV310,code_review,data-pipeline
GH01066,2026-08-13 13:31:00,DEV451,code_review,analytics-service
GH03836,2026-08-13 13:31:00,DEV273,issue_created,cognistream-dashboard
GH01414,2026-08-13 13:32:00,DEV005,code_review,cognistream-dashboard
GH04538,2026-08-13 13:32:00,DEV335,commit,data-pipeline
GH03181,2026-08-13 13:42:00,DEV012,issue_closed,developer-tools
GH00477,2026-08-13 13:45:00,DEV009,issue_closed,developer-tools
GH01660,2026-08-13 13:48:00,DEV269,commit,developer-tools
GH00120,2026-08-13 13:50:00,DEV170,commit,cognistream-api
GH03427,2026-08-13 13:50:00,DEV291,commit,cognistream-api
GH00013,2026-08-13 13:51:00,DEV064,issue_created,cognistream-api
GH04447,2026-08-13 13:51:00,DEV004,issue_closed,data-pipeline
GH04233,2026-08-13 13:52:00,DEV147,code_review,developer-tools
GH00066,2026-08-13 13:53:00,DEV230,pull_request,analytics-service
GH00907,2026-08-13 13:56:00,DEV168,issue_created,developer-tools
GH02615,2026-08-13 13:58:00,DEV215,issue_created,cognistream-api
GH04265,2026-08-13 13:58:00,DEV451,code_review,cognistream-dashboard
GH00904,2026-08-13 14:02:00,DEV276,issue_closed,cognistream-dashboard
GH01894,2026-08-13 14:02:00,DEV077,issue_closed,cognistream-dashboard
GH03908,2026-08-13 14:14:00,DEV452,commit,data-pipeline
GH02702,2026-08-13 14:22:00,DEV079,issue_closed,cognistream-dashboard
GH01929,2026-08-13 14:28:00,DEV091,pull_request,cognistream-api
GH03899,2026-08-13 14:40:00,DEV447,commit,cognistream-api
GH00688,2026-08-13 14:46:00,DEV243,pull_request,cognistream-dashboard
GH03545,2026-08-13 14:46:00,DEV410,pull_request,cognistream-api
GH01270,2026-08-13 14:48:00,DEV274,commit,cognistream-api
GH00164,2026-08-13 14:56:00,DEV383,issue_closed,developer-tools
GH02837,2026-08-13 14:56:00,DEV262,pull_request,cognistream-api
GH02784,2026-08-13 14:58:00,DEV437,issue_created,data-pipeline
GH02140,2026-08-13 15:02:00,DEV167,commit,analytics-service
GH04157,2026-08-13 15:02:00,DEV357,code_review,data-pipeline
GH00275,2026-08-13 15:08:00,DEV248,code_review,data-pipeline
GH03926,2026-08-13 15:08:00,DEV422,pull_request,cognistream-dashboard
GH01311,2026-08-13 15:09:00,DEV101,code_review,cognistream-api
GH02468,2026-08-13 15:10:00,DEV016,issue_created,cognistream-api
GH02825,2026-08-13 15:21:00,DEV366,commit,cognistream-dashboard
GH04526,2026-08-13 15:22:00,DEV395,commit,analytics-service
GH01818,2026-08-13 15:28:00,DEV409,issue_closed,data-pipeline
GH04498,2026-08-13 15:28:00,DEV442,pull_request,cognistream-api
GH01362,2026-08-13 15:31:00,DEV424,commit,analytics-service
GH02127,2026-08-13 15:34:00,DEV293,issue_created,analytics-service
GH04022,2026-08-13 15:37:00,DEV194,issue_closed,developer-tools
GH01973,2026-08-13 15:42:00,DEV059,issue_created,developer-tools
GH01481,2026-08-13 15:43:00,DEV117,commit,analytics-service
GH01316,2026-08-13 15:44:00,DEV242,pull_request,data-pipeline
GH03589,2026-08-13 15:47:00,DEV011,commit,analytics-service
GH02005,2026-08-13 15:50:00,DEV500,pull_request,developer-tools
GH01587,2026-08-13 15:52:00,DEV290,pull_request,data-pipeline
GH02156,2026-08-13 15:53:00,DEV161,pull_request,analytics-service
GH03988,2026-08-13 15:57:00,DEV179,commit,data-pipeline
GH01878,2026-08-13 15:58:00,DEV116,commit,analytics-service
GH00345,2026-08-13 16:01:00,DEV129,pull_request,cognistream-api
GH04753,2026-08-13 16:06:00,DEV220,issue_created,cognistream-api
GH02765,2026-08-13 16:16:00,DEV124,pull_request,cognistream-dashboard
GH01429,2026-08-13 16:19:00,DEV017,issue_closed,data-pipeline
GH00288,2026-08-13 16:28:00,DEV019,issue_closed,cognistream-api
GH04639,2026-08-13 16:36:00,DEV392,code_review,cognistream-dashboard
GH03453,2026-08-13 16:45:00,DEV391,code_review,cognistream-api
GH03055,2026-08-13 16:46:00,DEV055,commit,cognistream-dashboard
GH04628,2026-08-13 16:50:00,DEV316,commit,cognistream-dashboard
GH04873,2026-08-13 16:59:00,DEV055,code_review,cognistream-dashboard
GH00839,2026-08-13 17:01:00,DEV422,commit,analytics-service
GH00077,2026-08-13 17:06:00,DEV032,code_review,cognistream-api
GH04739,2026-08-13 17:07:00,DEV259,code_review,analytics-service
GH03129,2026-08-13 17:15:00,DEV219,issue_closed,data-pipeline
GH01751,2026-08-13 17:17:00,DEV180,issue_closed,data-pipeline
GH00159,2026-08-13 17:20:00,DEV239,issue_created,cognistream-api
GH04208,2026-08-13 17:26:00,DEV089,code_review,cognistream-api
GH04280,2026-08-13 17:27:00,DEV334,issue_created,data-pipeline
GH02585,2026-08-13 17:37:00,DEV468,code_review,cognistream-api
GH00608,2026-08-13 17:39:00,DEV195,issue_created,data-pipeline
GH01508,2026-08-13 17:39:00,DEV241,pull_request,cognistream-dashboard
GH03332,2026-08-13 17:41:00,DEV461,issue_closed,data-pipeline
GH01532,2026-08-13 17:53:00,DEV179,code_review,analytics-service
GH00788,2026-08-13 17:54:00,DEV019,code_review,developer-tools
GH02832,2026-08-13 18:19:00,DEV088,issue_created,cognistream-api
GH00982,2026-08-13 18:22:00,DEV401,issue_created,data-pipeline
GH04490,2026-08-13 18:25:00,DEV084,code_review,data-pipeline
GH02998,2026-08-13 18:26:00,DEV152,commit,developer-tools
GH03296,2026-08-13 18:35:00,DEV461,issue_created,developer-tools
GH04818,2026-08-13 18:40:00,DEV336,pull_request,cognistream-api
GH00550,2026-08-13 18:57:00,DEV149,code_review,analytics-service
GH03629,2026-08-13 18:57:00,DEV256,code_review,cognistream-dashboard
GH04998,2026-08-13 19:03:00,DEV417,pull_request,developer-tools
GH04364,2026-08-13 19:08:00,DEV382,pull_request,cognistream-dashboard
GH04559,2026-08-13 19:08:00,DEV192,issue_closed,data-pipeline
GH01022,2026-08-13 19:12:00,DEV193,commit,analytics-service
GH02582,2026-08-13 19:12:00,DEV103,code_review,cognistream-dashboard
GH00602,2026-08-13 19:20:00,DEV182,code_review,developer-tools
GH00840,2026-08-13 19:22:00,DEV112,issue_created,cognistream-api
GH01670,2026-08-13 19:24:00,DEV070,issue_created,analytics-service
GH04812,2026-08-13 19:29:00,DEV482,issue_created,cognistream-api
GH03391,2026-08-13 19:30:00,DEV443,commit,data-pipeline
GH03615,2026-08-13 19:30:00,DEV366,commit,analytics-service
GH03350,2026-08-13 19:34:00,DEV134,issue_closed,analytics-service
GH03732,2026-08-13 19:36:00,DEV096,commit,analytics-service
GH04724,2026-08-13 19:45:00,DEV291,code_review,cognistream-dashboard
GH02271,2026-08-13 19:49:00,DEV488,issue_closed,analytics-service
GH01852,2026-08-13 20:04:00,DEV006,commit,cognistream-api
GH01225,2026-08-13 20:10:00,DEV441,code_review,developer-tools
GH00151,2026-08-13 20:12:00,DEV229,pull_request,analytics-service
GH02795,2026-08-13 20:14:00,DEV201,code_review,analytics-service
GH04667,2026-08-13 20:14:00,DEV241,issue_created,cognistream-dashboard
GH01775,2026-08-13 20:15:00,DEV082,issue_created,analytics-service
GH04716,2026-08-13 20:16:00,DEV374,issue_closed,developer-tools
GH01477,2026-08-13 20:34:00,DEV228,pull_request,developer-tools
GH02763,2026-08-13 20:41:00,DEV448,issue_created,cognistream-dashboard
GH01613,2026-08-13 20:43:00,DEV248,issue_closed,cognistream-dashboard
GH04983,2026-08-13 20:46:00,DEV070,pull_request,cognistream-api
GH04865,2026-08-13 20:47:00,DEV479,issue_closed,developer-tools
GH01400,2026-08-13 21:09:00,DEV146,issue_closed,developer-tools
GH00524,2026-08-13 21:22:00,DEV278,code_review,data-pipeline
GH01716,2026-08-13 21:22:00,DEV166,commit,cognistream-api
GH00781,2026-08-13 21:25:00,DEV014,issue_created,cognistream-dashboard
GH00963,2026-08-13 21:26:00,DEV128,commit,analytics-service
GH02909,2026-08-13 21:26:00,DEV254,pull_request,data-pipeline
GH04864,2026-08-13 21:29:00,DEV387,issue_closed,cognistream-api
GH03255,2026-08-13 21:32:00,DEV044,code_review,analytics-service
GH00618,2026-08-13 21:33:00,DEV476,pull_request,analytics-service
GH01677,2026-08-13 21:33:00,DEV195,commit,cognistream-dashboard
GH04505,2026-08-13 21:37:00,DEV341,pull_request,cognistream-dashboard
GH02570,2026-08-13 21:40:00,DEV044,pull_request,cognistream-api
GH00712,2026-08-13 21:43:00,DEV336,code_review,data-pipeline
GH04612,2026-08-13 21:43:00,DEV299,code_review,developer-tools
GH02174,2026-08-13 21:45:00,DEV091,commit,analytics-service
GH00264,2026-08-13 21:49:00,DEV008,issue_closed,analytics-service
GH04491,2026-08-13 21:55:00,DEV277,pull_request,data-pipeline
GH00269,2026-08-13 22:03:00,DEV075,issue_created,cognistream-dashboard
GH01089,2026-08-13 22:06:00,DEV180,code_review,cognistream-dashboard
GH03437,2026-08-13 22:08:00,DEV150,pull_request,developer-tools
GH01541,2026-08-13 22:10:00,DEV079,issue_closed,data-pipeline
GH03140,2026-08-13 22:14:00,DEV196,commit,cognistream-dashboard
GH03722,2026-08-13 22:15:00,DEV425,code_review,cognistream-api
GH04705,2026-08-13 22:15:00,DEV245,commit,analytics-service
GH00723,2026-08-13 22:16:00,DEV211,commit,cognistream-api
GH01309,2026-08-13 22:17:00,DEV056,pull_request,developer-tools
GH03057,2026-08-13 22:17:00,DEV104,commit,cognistream-dashboard
GH00276,2026-08-13 22:25:00,DEV391,issue_closed,analytics-service
GH00014,2026-08-13 22:29:00,DEV151,issue_closed,data-pipeline
GH01807,2026-08-13 22:29:00,DEV420,issue_created,analytics-service
GH03849,2026-08-13 22:29:00,DEV262,pull_request,cognistream-dashboard
GH01377,2026-08-13 22:31:00,DEV402,issue_closed,analytics-service
GH03420,2026-08-13 22:44:00,DEV247,commit,analytics-service
GH00106,2026-08-13 22:45:00,DEV076,issue_created,cognistream-dashboard
GH02591,2026-08-13 22:48:00,DEV388,issue_created,analytics-service
GH00733,2026-08-13 22:50:00,DEV244,commit,cognistream-api
GH02193,2026-08-13 22:51:00,DEV197,code_review,data-pipeline
GH04660,2026-08-13 22:54:00,DEV026,code_review,cognistream-api
GH03591,2026-08-13 22:57:00,DEV033,commit,developer-tools
GH01216,2026-08-13 23:08:00,DEV479,issue_created,developer-tools
GH02324,2026-08-13 23:09:00,DEV033,code_review,analytics-service
GH00889,2026-08-13 23:13:00,DEV308,issue_closed,developer-tools
GH04671,2026-08-13 23:15:00,DEV390,code_review,cognistream-dashboard
GH01288,2026-08-13 23:17:00,DEV448,issue_closed,cognistream-dashboard
GH04849,2026-08-13 23:19:00,DEV283,code_review,cognistream-api
GH01049,2026-08-13 23:20:00,DEV032,issue_created,developer-tools
GH02036,2026-08-13 23:29:00,DEV252,commit,data-pipeline
GH00483,2026-08-13 23:38:00,DEV011,issue_created,analytics-service
GH04192,2026-08-13 23:48:00,DEV034,code_review,cognistream-dashboard
GH02544,2026-08-13 23:50:00,DEV126,pull_request,cognistream-dashboard
GH00460,2026-08-13 23:51:00,DEV479,commit,developer-tools
GH00095,2026-08-13 23:53:00,DEV154,commit,cognistream-dashboard
GH03631,2026-08-13 23:59:00,DEV440,commit,cognistream-api
GH00827,2026-08-14 00:03:00,DEV086,issue_created,data-pipeline
GH04392,2026-08-14 00:06:00,DEV175,issue_closed,data-pipeline
GH01724,2026-08-14 00:12:00,DEV275,commit,cognistream-dashboard
GH01442,2026-08-14 00:17:00,DEV222,issue_created,cognistream-dashboard
GH03749,2026-08-14 00:17:00,DEV433,code_review,cognistream-api
GH01800,2026-08-14 00:20:00,DEV197,code_review,analytics-service
GH02249,2026-08-14 00:28:00,DEV437,issue_created,cognistream-api
GH04070,2026-08-14 00:31:00,DEV343,code_review,cognistream-dashboard
GH02823,2026-08-14 00:40:00,DEV419,issue_closed,developer-tools
GH01573,2026-08-14 00:49:00,DEV293,issue_closed,cognistream-dashboard
GH04137,2026-08-14 00:49:00,DEV283,issue_closed,cognistream-dashboard
GH00369,2026-08-14 00:51:00,DEV031,issue_closed,developer-tools
GH03959,2026-08-14 01:01:00,DEV272,code_review,cognistream-api
GH03520,2026-08-14 01:09:00,DEV124,code_review,cognistream-api
GH02343,2026-08-14 01:12:00,DEV137,pull_request,developer-tools
GH01199,2026-08-14 01:16:00,DEV282,commit,cognistream-api
GH00691,2026-08-14 01:21:00,DEV272,pull_request,analytics-service
GH00320,2026-08-14 01:22:00,DEV188,commit,analytics-service
GH03816,2026-08-14 01:33:00,DEV007,code_review,data-pipeline
GH01551,2026-08-14 01:45:00,DEV381,issue_created,data-pipeline
GH03945,2026-08-14 01:46:00,DEV287,pull_request,cognistream-dashboard
GH00604,2026-08-14 01:47:00,DEV153,pull_request,data-pipeline
GH01558,2026-08-14 01:49:00,DEV213,commit,developer-tools
GH03305,2026-08-14 01:49:00,DEV341,pull_request,data-pipeline
GH01115,2026-08-14 01:52:00,DEV093,code_review,cognistream-api
GH01188,2026-08-14 01:55:00,DEV457,issue_closed,cognistream-api
GH02215,2026-08-14 02:01:00,DEV332,issue_closed,cognistream-dashboard
GH01405,2026-08-14 02:05:00,DEV038,issue_closed,data-pipeline
GH03395,2026-08-14 02:07:00,DEV437,pull_request,cognistream-api
GH00657,2026-08-14 02:10:00,DEV237,code_review,cognistream-api
GH01971,2026-08-14 02:10:00,DEV361,commit,developer-tools
GH00441,2026-08-14 02:14:00,DEV193,code_review,cognistream-dashboard
GH04487,2026-08-14 02:15:00,DEV488,issue_created,cognistream-dashboard
GH04151,2026-08-14 02:17:00,DEV333,commit,data-pipeline
GH01750,2026-08-14 02:37:00,DEV264,commit,cognistream-dashboard
GH03678,2026-08-14 02:43:00,DEV449,pull_request,analytics-service
GH00808,2026-08-14 02:45:00,DEV219,issue_created,cognistream-dashboard
GH04817,2026-08-14 03:14:00,DEV372,code_review,cognistream-dashboard
GH04464,2026-08-14 03:17:00,DEV306,code_review,cognistream-dashboard
GH03620,2026-08-14 03:19:00,DEV087,pull_request,analytics-service
GH01598,2026-08-14 03:28:00,DEV316,issue_closed,cognistream-dashboard
GH04204,2026-08-14 03:31:00,DEV248,issue_closed,analytics-service
GH00325,2026-08-14 03:36:00,DEV168,issue_closed,cognistream-dashboard
GH00831,2026-08-14 03:41:00,DEV259,issue_created,analytics-service
GH00557,2026-08-14 03:44:00,DEV055,code_review,cognistream-dashboard
GH00370,2026-08-14 03:45:00,DEV169,commit,analytics-service
GH04584,2026-08-14 03:45:00,DEV044,pull_request,cognistream-api
GH03957,2026-08-14 03:50:00,DEV046,issue_created,cognistream-dashboard
GH01238,2026-08-14 03:51:00,DEV443,pull_request,developer-tools
GH04405,2026-08-14 03:51:00,DEV075,code_review,data-pipeline
GH01007,2026-08-14 03:54:00,DEV356,issue_closed,data-pipeline
GH02659,2026-08-14 03:57:00,DEV321,pull_request,developer-tools
GH01695,2026-08-14 04:01:00,DEV091,issue_created,developer-tools
GH02128,2026-08-14 04:03:00,DEV438,pull_request,developer-tools
GH04932,2026-08-14 04:09:00,DEV009,commit,cognistream-api
GH02003,2026-08-14 04:11:00,DEV363,commit,data-pipeline
GH02830,2026-08-14 04:11:00,DEV132,commit,cognistream-api
GH02957,2026-08-14 04:11:00,DEV400,issue_created,analytics-service
GH01065,2026-08-14 04:18:00,DEV400,commit,data-pipeline
GH01409,2026-08-14 04:33:00,DEV248,pull_request,data-pipeline
GH03618,2026-08-14 04:33:00,DEV056,code_review,data-pipeline
GH04396,2026-08-14 04:38:00,DEV241,commit,data-pipeline
GH04649,2026-08-14 04:38:00,DEV125,commit,analytics-service
GH04286,2026-08-14 04:40:00,DEV394,pull_request,analytics-service
GH00994,2026-08-14 04:48:00,DEV073,issue_closed,cognistream-dashboard
GH01348,2026-08-14 04:48:00,DEV327,commit,data-pipeline
GH02847,2026-08-14 04:49:00,DEV337,issue_closed,developer-tools
GH04259,2026-08-14 04:49:00,DEV280,commit,cognistream-api
GH03658,2026-08-14 04:50:00,DEV053,pull_request,developer-tools
GH01824,2026-08-14 04:51:00,DEV134,commit,analytics-service
GH03319,2026-08-14 04:58:00,DEV224,code_review,developer-tools
GH01479,2026-08-14 05:00:00,DEV223,issue_closed,developer-tools
GH03532,2026-08-14 05:05:00,DEV266,issue_closed,developer-tools
GH03360,2026-08-14 05:08:00,DEV200,commit,developer-tools
GH00170,2026-08-14 05:13:00,DEV340,commit,cognistream-api
GH04010,2026-08-14 05:20:00,DEV005,pull_request,developer-tools
GH01375,2026-08-14 05:23:00,DEV188,issue_closed,data-pipeline
GH01184,2026-08-14 05:34:00,DEV115,code_review,developer-tools
GH02481,2026-08-14 05:38:00,DEV090,commit,developer-tools
GH04933,2026-08-14 05:39:00,DEV459,pull_request,cognistream-dashboard
GH04927,2026-08-14 05:40:00,DEV289,code_review,cognistream-api
GH02011,2026-08-14 05:41:00,DEV374,issue_created,data-pipeline
GH04388,2026-08-14 05:44:00,DEV497,issue_created,cognistream-api
GH03497,2026-08-14 05:47:00,DEV258,issue_closed,developer-tools
GH00983,2026-08-14 05:55:00,DEV258,code_review,analytics-service
GH01323,2026-08-14 06:00:00,DEV338,pull_request,analytics-service
GH04596,2026-08-14 06:07:00,DEV098,code_review,data-pipeline
GH02531,2026-08-14 06:09:00,DEV494,code_review,developer-tools
GH00864,2026-08-14 06:11:00,DEV437,issue_created,data-pipeline
GH03705,2026-08-14 06:12:00,DEV477,issue_created,cognistream-api
GH00382,2026-08-14 06:17:00,DEV337,issue_created,cognistream-api
GH02153,2026-08-14 06:20:00,DEV411,issue_closed,analytics-service
GH03623,2026-08-14 06:27:00,DEV390,pull_request,cognistream-api
GH03323,2026-08-14 06:28:00,DEV475,issue_created,developer-tools
GH02734,2026-08-14 06:42:00,DEV417,pull_request,cognistream-dashboard
GH01295,2026-08-14 06:49:00,DEV437,commit,developer-tools
GH04968,2026-08-14 06:49:00,DEV111,issue_created,analytics-service
GH04285,2026-08-14 06:52:00,DEV342,pull_request,data-pipeline
GH04613,2026-08-14 06:54:00,DEV216,pull_request,data-pipeline
GH02600,2026-08-14 06:58:00,DEV403,commit,cognistream-dashboard
GH00631,2026-08-14 07:05:00,DEV346,pull_request,cognistream-dashboard
GH02034,2026-08-14 07:09:00,DEV387,pull_request,cognistream-dashboard
GH04923,2026-08-14 07:10:00,DEV175,commit,analytics-service
GH04607,2026-08-14 07:18:00,DEV236,issue_closed,data-pipeline
GH03875,2026-08-14 07:19:00,DEV141,issue_closed,cognistream-api
GH03459,2026-08-14 07:22:00,DEV394,issue_closed,data-pipeline
GH03720,2026-08-14 07:35:00,DEV108,issue_created,data-pipeline
GH03084,2026-08-14 07:36:00,DEV250,commit,data-pipeline
GH04876,2026-08-14 07:45:00,DEV359,commit,cognistream-api
GH01578,2026-08-14 07:47:00,DEV470,pull_request,cognistream-api
GH03397,2026-08-14 07:49:00,DEV041,pull_request,developer-tools
GH03036,2026-08-14 07:50:00,DEV426,issue_created,cognistream-dashboard
GH00241,2026-08-14 07:51:00,DEV472,code_review,analytics-service
GH01127,2026-08-14 07:58:00,DEV458,issue_created,cognistream-dashboard
GH02316,2026-08-14 07:59:00,DEV425,issue_created,cognistream-api
GH00847,2026-08-14 08:20:00,DEV180,issue_closed,data-pipeline
GH04456,2026-08-14 08:24:00,DEV377,code_review,cognistream-dashboard
GH02214,2026-08-14 08:30:00,DEV115,commit,cognistream-api
GH04624,2026-08-14 08:37:00,DEV385,code_review,developer-tools
GH02260,2026-08-14 08:43:00,DEV093,issue_created,cognistream-api
GH03802,2026-08-14 08:47:00,DEV134,code_review,developer-tools
GH00060,2026-08-14 08:51:00,DEV296,issue_created,cognistream-dashboard
GH01703,2026-08-14 09:02:00,DEV374,issue_closed,cognistream-api
GH01440,2026-08-14 09:03:00,DEV068,issue_closed,cognistream-dashboard
GH02820,2026-08-14 09:04:00,DEV065,commit,data-pipeline
GH01035,2026-08-14 09:15:00,DEV282,issue_created,cognistream-dashboard
GH03161,2026-08-14 09:16:00,DEV196,commit,cognistream-dashboard
GH02494,2026-08-14 09:17:00,DEV414,commit,cognistream-dashboard
GH02761,2026-08-14 09:19:00,DEV402,issue_closed,cognistream-api
GH00764,2026-08-14 09:21:00,DEV267,pull_request,analytics-service
GH01112,2026-08-14 09:24:00,DEV418,pull_request,data-pipeline
GH04043,2026-08-14 09:26:00,DEV247,issue_created,data-pipeline
GH02859,2026-08-14 09:28:00,DEV444,code_review,developer-tools
GH03149,2026-08-14 09:29:00,DEV221,pull_request,developer-tools
GH01092,2026-08-14 09:31:00,DEV400,pull_request,cognistream-dashboard
GH04394,2026-08-14 09:32:00,DEV498,pull_request,developer-tools
GH00594,2026-08-14 09:41:00,DEV486,commit,cognistream-dashboard
GH01051,2026-08-14 09:46:00,DEV452,pull_request,analytics-service
GH02817,2026-08-14 09:55:00,DEV294,issue_created,data-pipeline
GH04103,2026-08-14 10:07:00,DEV443,issue_closed,cognistream-api
GH01344,2026-08-14 10:12:00,DEV304,pull_request,cognistream-dashboard
GH01952,2026-08-14 10:19:00,DEV460,commit,analytics-service
GH00515,2026-08-14 10:26:00,DEV071,issue_closed,data-pipeline
GH03974,2026-08-14 10:26:00,DEV473,issue_created,developer-tools
GH04167,2026-08-14 10:28:00,DEV359,issue_created,analytics-service
GH00621,2026-08-14 10:33:00,DEV119,issue_closed,cognistream-api
GH04920,2026-08-14 10:42:00,DEV410,issue_closed,cognistream-dashboard
GH03984,2026-08-14 10:43:00,DEV474,code_review,developer-tools
GH02365,2026-08-14 10:47:00,DEV030,issue_closed,data-pipeline
GH01876,2026-08-14 10:49:00,DEV002,issue_closed,analytics-service
GH00306,2026-08-14 10:55:00,DEV152,code_review,cognistream-api
GH00825,2026-08-14 10:55:00,DEV197,issue_created,cognistream-dashboard
GH04287,2026-08-14 11:03:00,DEV401,pull_request,cognistream-dashboard
GH04198,2026-08-14 11:04:00,DEV360,issue_closed,developer-tools
GH00247,2026-08-14 11:08:00,DEV301,commit,data-pipeline
GH03660,2026-08-14 11:23:00,DEV396,issue_closed,developer-tools
GH00990,2026-08-14 11:24:00,DEV434,issue_created,data-pipeline
GH00403,2026-08-14 11:26:00,DEV220,issue_closed,analytics-service
GH02772,2026-08-14 11:33:00,DEV393,issue_closed,cognistream-api
GH03513,2026-08-14 11:34:00,DEV254,pull_request,cognistream-dashboard
GH00248,2026-08-14 11:42:00,DEV021,pull_request,analytics-service
GH01582,2026-08-14 11:43:00,DEV196,commit,cognistream-api
GH04999,2026-08-14 11:46:00,DEV277,issue_created,data-pipeline
GH04862,2026-08-14 11:47:00,DEV109,issue_closed,cognistream-api
GH00125,2026-08-14 11:53:00,DEV098,code_review,cognistream-api
GH04889,2026-08-14 11:54:00,DEV095,issue_closed,cognistream-api
GH01454,2026-08-14 12:02:00,DEV295,issue_closed,cognistream-dashboard
GH02160,2026-08-14 12:02:00,DEV256,pull_request,analytics-service
GH02421,2026-08-14 12:02:00,DEV388,commit,developer-tools
GH02779,2026-08-14 12:04:00,DEV378,commit,data-pipeline
GH04730,2026-08-14 12:08:00,DEV286,issue_closed,data-pipeline
GH00015,2026-08-14 12:18:00,DEV099,commit,cognistream-api
GH01725,2026-08-14 12:20:00,DEV351,code_review,data-pipeline
GH00680,2026-08-14 12:22:00,DEV307,code_review,cognistream-dashboard
GH01745,2026-08-14 12:25:00,DEV389,code_review,cognistream-dashboard
GH03293,2026-08-14 12:26:00,DEV380,issue_created,data-pipeline
GH00562,2026-08-14 12:29:00,DEV370,code_review,cognistream-dashboard
GH01838,2026-08-14 12:31:00,DEV376,code_review,cognistream-api
GH03023,2026-08-14 12:35:00,DEV398,pull_request,cognistream-api
GH01788,2026-08-14 12:37:00,DEV229,pull_request,cognistream-dashboard
GH01370,2026-08-14 12:39:00,DEV268,commit,developer-tools
GH01023,2026-08-14 12:41:00,DEV334,pull_request,cognistream-dashboard
GH01691,2026-08-14 12:42:00,DEV430,issue_closed,data-pipeline
GH01946,2026-08-14 12:43:00,DEV497,issue_closed,cognistream-dashboard
GH01825,2026-08-14 12:44:00,DEV087,issue_closed,cognistream-api
GH00659,2026-08-14 12:50:00,DEV038,commit,analytics-service
GH03121,2026-08-14 12:52:00,DEV050,commit,cognistream-dashboard
GH01218,2026-08-14 12:58:00,DEV089,pull_request,cognistream-api
GH01330,2026-08-14 13:00:00,DEV279,issue_closed,cognistream-dashboard
GH01991,2026-08-14 13:02:00,DEV176,code_review,analytics-service
GH00083,2026-08-14 13:10:00,DEV305,commit,developer-tools
GH02504,2026-08-14 13:10:00,DEV064,commit,cognistream-api
GH04144,2026-08-14 13:11:00,DEV066,commit,developer-tools
GH00709,2026-08-14 13:17:00,DEV369,issue_created,data-pipeline
GH03167,2026-08-14 13:24:00,DEV444,commit,cognistream-api
GH02425,2026-08-14 13:30:00,DEV228,commit,developer-tools
GH00313,2026-08-14 13:31:00,DEV187,pull_request,cognistream-api
GH04807,2026-08-14 13:31:00,DEV131,issue_created,data-pipeline
GH01932,2026-08-14 13:37:00,DEV167,issue_created,cognistream-dashboard
GH01814,2026-08-14 13:54:00,DEV247,commit,cognistream-dashboard
GH01122,2026-08-14 13:55:00,DEV484,issue_closed,cognistream-api
GH03331,2026-08-14 13:56:00,DEV263,code_review,cognistream-dashboard
GH02180,2026-08-14 13:59:00,DEV487,issue_closed,data-pipeline
GH02240,2026-08-14 14:01:00,DEV092,code_review,cognistream-dashboard
GH00795,2026-08-14 14:02:00,DEV353,issue_closed,cognistream-dashboard
GH03373,2026-08-14 14:09:00,DEV179,issue_closed,developer-tools
GH03138,2026-08-14 14:25:00,DEV413,commit,data-pipeline
GH03907,2026-08-14 14:27:00,DEV245,issue_created,cognistream-api
GH04445,2026-08-14 14:37:00,DEV452,code_review,developer-tools
GH02977,2026-08-14 14:39:00,DEV323,issue_created,cognistream-dashboard
GH00487,2026-08-14 14:47:00,DEV377,code_review,cognistream-dashboard
GH00859,2026-08-14 14:49:00,DEV002,commit,analytics-service
GH03388,2026-08-14 14:54:00,DEV013,commit,cognistream-dashboard
GH01576,2026-08-14 14:56:00,DEV128,pull_request,data-pipeline
GH02388,2026-08-14 15:03:00,DEV099,code_review,analytics-service
GH00638,2026-08-14 15:06:00,DEV371,issue_closed,cognistream-api
GH03495,2026-08-14 15:13:00,DEV017,pull_request,analytics-service
GH01791,2026-08-14 15:14:00,DEV005,issue_closed,developer-tools
GH02230,2026-08-14 15:20:00,DEV351,issue_created,cognistream-api
GH02974,2026-08-14 15:32:00,DEV055,issue_created,data-pipeline
GH00567,2026-08-14 15:35:00,DEV181,commit,cognistream-api
GH02017,2026-08-14 15:37:00,DEV270,pull_request,data-pipeline
GH03232,2026-08-14 15:38:00,DEV236,commit,cognistream-dashboard
GH00030,2026-08-14 15:41:00,DEV205,code_review,cognistream-dashboard
GH02259,2026-08-14 15:41:00,DEV498,commit,developer-tools
GH01961,2026-08-14 15:45:00,DEV013,issue_created,analytics-service
GH00589,2026-08-14 15:46:00,DEV158,commit,developer-tools
GH02134,2026-08-14 15:55:00,DEV014,code_review,analytics-service
GH02565,2026-08-14 15:55:00,DEV333,commit,cognistream-dashboard
GH00161,2026-08-14 15:59:00,DEV485,commit,developer-tools
GH02558,2026-08-14 15:59:00,DEV454,issue_created,cognistream-dashboard
GH01849,2026-08-14 16:02:00,DEV201,issue_created,cognistream-dashboard
GH03884,2026-08-14 16:04:00,DEV007,code_review,data-pipeline
GH02183,2026-08-14 16:07:00,DEV378,issue_created,cognistream-dashboard
GH02521,2026-08-14 16:13:00,DEV224,issue_closed,data-pipeline
GH00952,2026-08-14 16:19:00,DEV056,pull_request,cognistream-api
GH04307,2026-08-14 16:25:00,DEV293,pull_request,analytics-service
GH02673,2026-08-14 16:30:00,DEV230,issue_created,developer-tools
GH02037,2026-08-14 16:36:00,DEV156,issue_created,developer-tools
GH02315,2026-08-14 16:36:00,DEV125,pull_request,data-pipeline
GH03719,2026-08-14 16:36:00,DEV198,pull_request,developer-tools
GH00358,2026-08-14 16:41:00,DEV281,code_review,analytics-service
GH04656,2026-08-14 16:45:00,DEV331,issue_closed,developer-tools
GH01281,2026-08-14 16:49:00,DEV024,commit,data-pipeline
GH02740,2026-08-14 16:50:00,DEV121,issue_created,analytics-service
GH04539,2026-08-14 16:50:00,DEV061,issue_closed,analytics-service
GH02725,2026-08-14 17:04:00,DEV158,issue_created,cognistream-api
GH04306,2026-08-14 17:07:00,DEV353,code_review,analytics-service
GH03067,2026-08-14 17:13:00,DEV445,commit,data-pipeline
GH00342,2026-08-14 17:14:00,DEV111,pull_request,data-pipeline
GH03696,2026-08-14 17:29:00,DEV370,code_review,developer-tools
GH04527,2026-08-14 17:38:00,DEV318,code_review,analytics-service
GH03066,2026-08-14 17:40:00,DEV408,issue_created,analytics-service
GH02298,2026-08-14 17:41:00,DEV371,issue_created,analytics-service
GH04365,2026-08-14 17:42:00,DEV088,commit,data-pipeline
GH03659,2026-08-14 17:45:00,DEV331,issue_created,data-pipeline
GH02619,2026-08-14 17:50:00,DEV104,issue_closed,analytics-service
GH00697,2026-08-14 17:53:00,DEV371,issue_closed,cognistream-dashboard
GH01062,2026-08-14 17:53:00,DEV268,issue_created,cognistream-api
GH02078,2026-08-14 17:54:00,DEV462,pull_request,cognistream-dashboard
GH01332,2026-08-14 17:57:00,DEV335,commit,developer-tools
GH00844,2026-08-14 18:05:00,DEV353,code_review,developer-tools
GH01064,2026-08-14 18:05:00,DEV299,commit,cognistream-api
GH03530,2026-08-14 18:10:00,DEV144,commit,cognistream-dashboard
GH04360,2026-08-14 18:12:00,DEV395,code_review,developer-tools
GH02393,2026-08-14 18:15:00,DEV287,issue_closed,analytics-service
GH00055,2026-08-14 18:17:00,DEV284,pull_request,developer-tools
GH02711,2026-08-14 18:17:00,DEV037,issue_created,cognistream-api
GH01244,2026-08-14 18:20:00,DEV280,issue_closed,cognistream-dashboard
GH00229,2026-08-14 18:24:00,DEV220,code_review,developer-tools
GH00797,2026-08-14 18:26:00,DEV354,issue_closed,cognistream-dashboard
GH03426,2026-08-14 18:27:00,DEV006,pull_request,analytics-service
GH01140,2026-08-14 18:29:00,DEV157,pull_request,cognistream-api
GH01850,2026-08-14 18:31:00,DEV395,pull_request,developer-tools
GH01213,2026-08-14 18:34:00,DEV064,issue_created,analytics-service
GH01214,2026-08-14 18:50:00,DEV490,issue_closed,cognistream-dashboard
GH04589,2026-08-14 18:58:00,DEV356,issue_closed,developer-tools
GH00237,2026-08-14 19:06:00,DEV339,pull_request,analytics-service
GH03956,2026-08-14 19:06:00,DEV154,issue_closed,cognistream-dashboard
GH00821,2026-08-14 19:18:00,DEV044,pull_request,data-pipeline
GH03780,2026-08-14 19:18:00,DEV133,pull_request,developer-tools
GH03996,2026-08-14 19:20:00,DEV418,commit,cognistream-api
GH04315,2026-08-14 19:23:00,DEV214,pull_request,data-pipeline
GH04695,2026-08-14 19:27:00,DEV405,pull_request,data-pipeline
GH02102,2026-08-14 19:31:00,DEV053,pull_request,cognistream-api
GH04874,2026-08-14 19:41:00,DEV482,issue_closed,cognistream-dashboard
GH04805,2026-08-14 19:42:00,DEV115,issue_created,data-pipeline
GH03455,2026-08-14 19:44:00,DEV111,commit,data-pipeline
GH04800,2026-08-14 19:45:00,DEV281,code_review,developer-tools
GH01900,2026-08-14 19:47:00,DEV033,commit,cognistream-api
GH02130,2026-08-14 19:47:00,DEV498,issue_created,developer-tools
GH04095,2026-08-14 19:48:00,DEV223,code_review,cognistream-api
GH04075,2026-08-14 19:59:00,DEV100,pull_request,data-pipeline
GH04736,2026-08-14 20:08:00,DEV154,code_review,cognistream-api
GH04966,2026-08-14 20:08:00,DEV461,issue_closed,data-pipeline
GH00544,2026-08-14 20:12:00,DEV483,issue_closed,cognistream-dashboard
GH02152,2026-08-14 20:14:00,DEV173,code_review,cognistream-api
GH00947,2026-08-14 20:15:00,DEV291,commit,analytics-service
GH02960,2026-08-14 20:22:00,DEV357,commit,developer-tools
GH02864,2026-08-14 20:28:00,DEV066,code_review,cognistream-api
GH04848,2026-08-14 20:47:00,DEV070,issue_created,analytics-service
GH03528,2026-08-14 20:53:00,DEV190,issue_created,analytics-service
GH03739,2026-08-14 20:53:00,DEV015,pull_request,developer-tools
GH01906,2026-08-14 20:54:00,DEV089,code_review,cognistream-api
GH00393,2026-08-14 20:55:00,DEV250,issue_closed,data-pipeline
GH04457,2026-08-14 20:59:00,DEV419,code_review,data-pipeline
GH01992,2026-08-14 21:03:00,DEV341,issue_closed,developer-tools
GH03621,2026-08-14 21:04:00,DEV128,commit,cognistream-dashboard
GH00351,2026-08-14 21:13:00,DEV056,issue_created,developer-tools
GH00585,2026-08-14 21:15:00,DEV173,issue_closed,developer-tools
GH01103,2026-08-14 21:16:00,DEV312,code_review,data-pipeline
GH00770,2026-08-14 21:17:00,DEV316,pull_request,analytics-service
GH00234,2026-08-14 21:18:00,DEV241,code_review,cognistream-api
GH00789,2026-08-14 21:18:00,DEV327,commit,cognistream-api
GH00895,2026-08-14 21:21:00,DEV037,issue_closed,cognistream-api
GH02209,2026-08-14 21:24:00,DEV352,issue_created,data-pipeline
GH03337,2026-08-14 21:35:00,DEV050,code_review,developer-tools
GH00774,2026-08-14 21:37:00,DEV070,code_review,data-pipeline
GH02863,2026-08-14 21:44:00,DEV452,issue_created,analytics-service
GH04847,2026-08-14 21:45:00,DEV267,issue_closed,cognistream-api
GH03132,2026-08-14 21:53:00,DEV084,issue_closed,analytics-service
GH00081,2026-08-14 21:58:00,DEV035,pull_request,analytics-service
GH00440,2026-08-14 21:58:00,DEV363,commit,data-pipeline
GH01590,2026-08-14 22:01:00,DEV295,issue_closed,cognistream-api
GH01581,2026-08-14 22:04:00,DEV329,code_review,cognistream-api
GH03934,2026-08-14 22:04:00,DEV404,issue_created,data-pipeline
GH01835,2026-08-14 22:14:00,DEV479,pull_request,analytics-service
GH01569,2026-08-14 22:21:00,DEV009,issue_closed,cognistream-dashboard
GH03289,2026-08-14 22:21:00,DEV248,commit,data-pipeline
GH03789,2026-08-14 22:22:00,DEV058,code_review,cognistream-api
GH02319,2026-08-14 22:24:00,DEV375,issue_closed,data-pipeline
GH00387,2026-08-14 22:37:00,DEV044,commit,cognistream-dashboard
GH03193,2026-08-14 22:40:00,DEV383,code_review,data-pipeline
GH01290,2026-08-14 22:51:00,DEV202,issue_closed,developer-tools
GH00214,2026-08-14 22:55:00,DEV145,commit,cognistream-dashboard
GH00848,2026-08-14 22:57:00,DEV276,pull_request,data-pipeline
GH03756,2026-08-14 23:00:00,DEV202,issue_closed,cognistream-api
GH01488,2026-08-14 23:02:00,DEV119,commit,developer-tools
GH00985,2026-08-14 23:06:00,DEV113,commit,data-pipeline
GH03056,2026-08-14 23:06:00,DEV006,code_review,cognistream-dashboard
GH00359,2026-08-14 23:15:00,DEV272,code_review,analytics-service
GH02454,2026-08-14 23:30:00,DEV129,issue_created,data-pipeline
GH00761,2026-08-14 23:36:00,DEV402,code_review,analytics-service
GH04489,2026-08-14 23:36:00,DEV189,issue_created,analytics-service
GH02680,2026-08-14 23:37:00,DEV485,issue_created,data-pipeline
GH01783,2026-08-14 23:43:00,DEV056,issue_closed,analytics-service
GH04704,2026-08-14 23:43:00,DEV151,code_review,developer-tools
GH03912,2026-08-14 23:44:00,DEV250,code_review,developer-tools
GH04943,2026-08-14 23:45:00,DEV275,pull_request,cognistream-api
GH03544,2026-08-14 23:48:00,DEV463,commit,developer-tools
GH04222,2026-08-14 23:59:00,DEV127,issue_closed,data-pipeline
GH02053,2026-08-15 00:00:00,DEV386,pull_request,developer-tools
GH02788,2026-08-15 00:04:00,DEV164,code_review,developer-tools
GH04088,2026-08-15 00:09:00,DEV443,code_review,cognistream-dashboard
GH02952,2026-08-15 00:13:00,DEV141,pull_request,data-pipeline
GH03761,2026-08-15 00:13:00,DEV385,issue_created,cognistream-api
GH03834,2026-08-15 00:16:00,DEV143,code_review,data-pipeline
GH04590,2026-08-15 00:19:00,DEV339,issue_closed,cognistream-dashboard
GH00270,2026-08-15 00:20:00,DEV261,pull_request,cognistream-api
GH01858,2026-08-15 00:20:00,DEV327,commit,cognistream-api
GH02511,2026-08-15 00:26:00,DEV404,issue_closed,cognistream-api
GH02530,2026-08-15 00:33:00,DEV355,code_review,developer-tools
GH02182,2026-08-15 00:34:00,DEV063,code_review,data-pipeline
GH04583,2026-08-15 00:34:00,DEV016,issue_created,cognistream-api
GH01204,2026-08-15 00:39:00,DEV243,code_review,analytics-service
GH03148,2026-08-15 00:39:00,DEV163,code_review,cognistream-dashboard
GH01108,2026-08-15 00:41:00,DEV207,code_review,cognistream-dashboard
GH01687,2026-08-15 00:44:00,DEV004,pull_request,developer-tools
GH02281,2026-08-15 00:51:00,DEV217,commit,analytics-service
GH04648,2026-08-15 00:55:00,DEV450,issue_created,cognistream-api
GH03123,2026-08-15 01:11:00,DEV194,pull_request,data-pipeline
GH04060,2026-08-15 01:11:00,DEV400,pull_request,developer-tools
GH04644,2026-08-15 01:12:00,DEV429,issue_created,cognistream-dashboard
GH03102,2026-08-15 01:16:00,DEV397,issue_created,cognistream-api
GH01096,2026-08-15 01:18:00,DEV411,commit,cognistream-dashboard
GH02168,2026-08-15 01:21:00,DEV121,issue_created,cognistream-dashboard
GH02787,2026-08-15 01:28:00,DEV146,pull_request,cognistream-api
GH04353,2026-08-15 01:31:00,DEV212,issue_closed,data-pipeline
GH02176,2026-08-15 01:33:00,DEV153,commit,analytics-service
GH02942,2026-08-15 01:40:00,DEV062,commit,developer-tools
GH02840,2026-08-15 01:51:00,DEV283,pull_request,developer-tools
GH04496,2026-08-15 01:51:00,DEV130,pull_request,data-pipeline
GH03431,2026-08-15 01:59:00,DEV336,pull_request,data-pipeline
GH00579,2026-08-15 02:01:00,DEV261,issue_created,developer-tools
GH04314,2026-08-15 02:12:00,DEV410,issue_created,cognistream-api
GH02602,2026-08-15 02:19:00,DEV468,issue_closed,developer-tools
GH02021,2026-08-15 02:24:00,DEV310,issue_closed,cognistream-api
GH00775,2026-08-15 02:26:00,DEV486,pull_request,analytics-service
GH04532,2026-08-15 02:39:00,DEV241,commit,data-pipeline
GH04146,2026-08-15 02:54:00,DEV117,code_review,developer-tools
GH03041,2026-08-15 02:57:00,DEV385,pull_request,developer-tools
GH01200,2026-08-15 02:58:00,DEV494,issue_closed,data-pipeline
GH02344,2026-08-15 03:01:00,DEV343,commit,cognistream-api
GH02975,2026-08-15 03:03:00,DEV283,pull_request,analytics-service
GH04691,2026-08-15 03:04:00,DEV463,issue_created,analytics-service
GH01805,2026-08-15 03:05:00,DEV477,issue_created,developer-tools
GH01809,2026-08-15 03:10:00,DEV004,issue_closed,analytics-service
GH04408,2026-08-15 03:27:00,DEV062,code_review,cognistream-api
GH03507,2026-08-15 03:31:00,DEV118,issue_created,analytics-service
GH04549,2026-08-15 03:31:00,DEV289,commit,analytics-service
GH01463,2026-08-15 03:37:00,DEV331,issue_created,data-pipeline
GH04345,2026-08-15 03:39:00,DEV362,pull_request,analytics-service
GH01358,2026-08-15 03:41:00,DEV050,pull_request,analytics-service
GH04686,2026-08-15 03:41:00,DEV296,issue_created,data-pipeline
GH00645,2026-08-15 03:48:00,DEV192,issue_created,developer-tools
GH00182,2026-08-15 03:53:00,DEV311,commit,cognistream-dashboard
GH02705,2026-08-15 03:58:00,DEV247,commit,data-pipeline
GH00124,2026-08-15 04:04:00,DEV262,commit,analytics-service
GH01402,2026-08-15 04:09:00,DEV494,pull_request,analytics-service
GH02934,2026-08-15 04:14:00,DEV052,issue_created,cognistream-dashboard
GH01283,2026-08-15 04:15:00,DEV045,code_review,analytics-service
GH00135,2026-08-15 04:19:00,DEV336,code_review,analytics-service
GH02757,2026-08-15 04:22:00,DEV249,issue_created,developer-tools
GH02426,2026-08-15 04:25:00,DEV165,issue_created,developer-tools
GH02760,2026-08-15 04:35:00,DEV100,pull_request,developer-tools
GH02958,2026-08-15 04:37:00,DEV140,pull_request,cognistream-dashboard
GH02882,2026-08-15 04:42:00,DEV230,pull_request,developer-tools
GH03262,2026-08-15 04:44:00,DEV253,issue_closed,analytics-service
GH04381,2026-08-15 04:56:00,DEV149,pull_request,cognistream-dashboard
GH02984,2026-08-15 04:57:00,DEV097,commit,cognistream-dashboard
GH03208,2026-08-15 04:59:00,DEV485,commit,developer-tools
GH01658,2026-08-15 05:00:00,DEV377,issue_created,data-pipeline
GH03419,2026-08-15 05:07:00,DEV441,issue_created,cognistream-api
GH01565,2026-08-15 05:16:00,DEV124,issue_closed,developer-tools
GH03701,2026-08-15 05:20:00,DEV102,issue_closed,analytics-service
GH03893,2026-08-15 05:23:00,DEV399,commit,cognistream-dashboard
GH01070,2026-08-15 05:24:00,DEV349,issue_created,cognistream-api
GH02868,2026-08-15 05:25:00,DEV215,issue_created,cognistream-dashboard
GH03454,2026-08-15 05:27:00,DEV387,code_review,data-pipeline
GH03522,2026-08-15 05:27:00,DEV316,commit,cognistream-api
GH04804,2026-08-15 05:27:00,DEV293,pull_request,data-pipeline
GH02465,2026-08-15 05:28:00,DEV244,commit,cognistream-api
GH01068,2026-08-15 05:34:00,DEV243,commit,cognistream-dashboard
GH04678,2026-08-15 05:34:00,DEV428,code_review,developer-tools
GH00379,2026-08-15 05:35:00,DEV476,code_review,cognistream-api
GH01221,2026-08-15 05:35:00,DEV469,pull_request,data-pipeline
GH02699,2026-08-15 05:48:00,DEV377,issue_created,cognistream-dashboard
GH04395,2026-08-15 05:48:00,DEV122,pull_request,analytics-service
GH00296,2026-08-15 05:51:00,DEV446,issue_created,developer-tools
GH03930,2026-08-15 05:52:00,DEV108,issue_closed,cognistream-dashboard
GH04632,2026-08-15 05:55:00,DEV085,pull_request,cognistream-dashboard
GH03846,2026-08-15 06:02:00,DEV128,pull_request,developer-tools
GH03411,2026-08-15 06:08:00,DEV360,commit,data-pipeline
GH00882,2026-08-15 06:18:00,DEV333,pull_request,analytics-service
GH01868,2026-08-15 06:18:00,DEV202,pull_request,analytics-service
GH04290,2026-08-15 06:20:00,DEV478,issue_closed,developer-tools
GH02460,2026-08-15 06:23:00,DEV259,code_review,data-pipeline
GH01917,2026-08-15 06:26:00,DEV355,commit,developer-tools
GH03588,2026-08-15 06:33:00,DEV169,pull_request,developer-tools
GH00632,2026-08-15 06:39:00,DEV439,issue_created,analytics-service
GH02921,2026-08-15 06:44:00,DEV093,pull_request,developer-tools
GH03404,2026-08-15 06:49:00,DEV257,code_review,analytics-service
GH00142,2026-08-15 06:50:00,DEV436,commit,analytics-service
GH01180,2026-08-15 06:52:00,DEV015,pull_request,analytics-service
GH00094,2026-08-15 07:03:00,DEV414,issue_closed,cognistream-api
GH04942,2026-08-15 07:06:00,DEV061,commit,data-pipeline
GH00530,2026-08-15 07:12:00,DEV453,commit,cognistream-api
GH03222,2026-08-15 07:24:00,DEV025,issue_created,data-pipeline
GH01632,2026-08-15 07:28:00,DEV447,pull_request,analytics-service
GH03413,2026-08-15 07:28:00,DEV476,commit,developer-tools
GH04798,2026-08-15 07:29:00,DEV475,issue_closed,cognistream-dashboard
GH01966,2026-08-15 07:30:00,DEV278,issue_closed,cognistream-dashboard
GH04263,2026-08-15 07:33:00,DEV129,code_review,analytics-service
GH00791,2026-08-15 07:36:00,DEV023,issue_closed,analytics-service
GH04763,2026-08-15 07:38:00,DEV146,pull_request,cognistream-api
GH04712,2026-08-15 07:44:00,DEV236,code_review,developer-tools
GH02626,2026-08-15 07:47:00,DEV422,pull_request,analytics-service
GH01819,2026-08-15 07:48:00,DEV028,code_review,developer-tools
GH04424,2026-08-15 07:49:00,DEV429,commit,data-pipeline
GH04071,2026-08-15 07:50:00,DEV305,commit,cognistream-api
GH01667,2026-08-15 07:51:00,DEV471,commit,developer-tools
GH01754,2026-08-15 07:55:00,DEV457,code_review,developer-tools
GH03567,2026-08-15 07:59:00,DEV195,issue_closed,cognistream-dashboard
GH00378,2026-08-15 08:05:00,DEV346,issue_closed,cognistream-api
GH04030,2026-08-15 08:06:00,DEV343,commit,analytics-service
GH04534,2026-08-15 08:10:00,DEV211,commit,cognistream-api
GH01384,2026-08-15 08:20:00,DEV357,commit,cognistream-dashboard
GH00999,2026-08-15 08:23:00,DEV104,pull_request,data-pipeline
GH03915,2026-08-15 08:33:00,DEV387,issue_created,cognistream-api
GH01133,2026-08-15 08:35:00,DEV223,issue_created,analytics-service
GH03781,2026-08-15 08:36:00,DEV373,issue_created,analytics-service
GH01359,2026-08-15 08:44:00,DEV308,commit,developer-tools
GH02147,2026-08-15 08:46:00,DEV154,code_review,analytics-service
GH04638,2026-08-15 08:54:00,DEV385,issue_created,cognistream-api
