event_id,timestamp,developer_id,activity_type,language,duration_seconds
IDE01108,2026-08-01 09:00:00,DEV320,idle,SQL,1093
IDE07803,2026-08-01 09:01:00,DEV439,coding,JavaScript,1293
IDE09627,2026-08-01 09:01:00,DEV342,file_open,TypeScript,1718
IDE02864,2026-08-01 09:03:00,DEV047,idle,TypeScript,909
IDE04148,2026-08-01 09:10:00,DEV461,terminal,SQL,821
IDE05574,2026-08-01 09:10:00,DEV018,idle,Java,96
IDE02057,2026-08-01 09:11:00,DEV248,coding,Java,1088
IDE08608,2026-08-01 09:11:00,DEV210,coding,JavaScript,1159
IDE03635,2026-08-01 09:14:00,DEV189,terminal,TypeScript,296
IDE01791,2026-08-01 09:15:00,DEV067,file_open,Python,804
IDE01692,2026-08-01 09:16:00,DEV324,idle,SQL,1315
IDE08242,2026-08-01 09:20:00,DEV282,debugging,TypeScript,315
IDE06772,2026-08-01 09:21:00,DEV485,file_open,Python,520
IDE03066,2026-08-01 09:27:00,DEV161,terminal,JavaScript,1385
IDE05663,2026-08-01 09:31:00,DEV185,debugging,JavaScript,1582
IDE09214,2026-08-01 09:31:00,DEV001,idle,Python,1585
IDE09990,2026-08-01 09:31:00,DEV338,file_open,SQL,1424
IDE00437,2026-08-01 09:33:00,DEV061,file_open,Java,1696
IDE01437,2026-08-01 09:33:00,DEV225,debugging,TypeScript,1057
IDE09560,2026-08-01 09:34:00,DEV351,debugging,Python,529
IDE01366,2026-08-01 09:36:00,DEV041,coding,Python,1794
IDE00964,2026-08-01 09:37:00,DEV108,testing,TypeScript,1120
IDE03263,2026-08-01 09:38:00,DEV060,idle,Python,290
IDE00169,2026-08-01 09:45:00,DEV465,file_open,Java,475
IDE09447,2026-08-01 09:45:00,DEV290,file_open,TypeScript,1399
IDE00786,2026-08-01 09:46:00,DEV466,debugging,JavaScript,1230
IDE02431,2026-08-01 09:53:00,DEV363,debugging,SQL,410
IDE04276,2026-08-01 09:56:00,DEV354,terminal,SQL,567
IDE05994,2026-08-01 09:56:00,DEV006,idle,JavaScript,410
IDE01569,2026-08-01 09:57:00,DEV230,coding,SQL,747
IDE09103,2026-08-01 09:59:00,DEV473,terminal,TypeScript,1583
IDE02600,2026-08-01 10:03:00,DEV493,idle,Java,1601
IDE06836,2026-08-01 10:04:00,DEV343,testing,SQL,249
IDE05155,2026-08-01 10:06:00,DEV339,file_open,Java,125
IDE08225,2026-08-01 10:06:00,DEV121,coding,Java,909
IDE09494,2026-08-01 10:06:00,DEV317,coding,SQL,345
IDE00192,2026-08-01 10:09:00,DEV354,idle,Java,117
IDE03182,2026-08-01 10:11:00,DEV141,file_open,Python,70
IDE08137,2026-08-01 10:11:00,DEV021,idle,SQL,1070
IDE06534,2026-08-01 10:16:00,DEV169,idle,JavaScript,787
IDE09722,2026-08-01 10:16:00,DEV192,file_open,SQL,1043
IDE09136,2026-08-01 10:17:00,DEV461,terminal,Java,1751
IDE06157,2026-08-01 10:19:00,DEV213,file_open,TypeScript,1308
IDE08843,2026-08-01 10:23:00,DEV127,idle,SQL,1568
IDE08979,2026-08-01 10:23:00,DEV152,debugging,TypeScript,208
IDE09613,2026-08-01 10:25:00,DEV189,testing,TypeScript,400
IDE03215,2026-08-01 10:31:00,DEV284,terminal,SQL,1395
IDE00449,2026-08-01 10:36:00,DEV226,terminal,Python,1782
IDE04434,2026-08-01 10:39:00,DEV403,terminal,Python,271
IDE08326,2026-08-01 10:39:00,DEV309,testing,JavaScript,1126
IDE00296,2026-08-01 10:41:00,DEV135,file_open,Java,670
IDE09984,2026-08-01 10:41:00,DEV373,terminal,Java,65
IDE07931,2026-08-01 10:47:00,DEV119,testing,SQL,1177
IDE04029,2026-08-01 10:48:00,DEV201,idle,SQL,657
IDE00520,2026-08-01 10:50:00,DEV474,testing,Java,346
IDE06790,2026-08-01 10:50:00,DEV353,coding,Python,524
IDE00271,2026-08-01 10:51:00,DEV248,file_open,Java,446
IDE05006,2026-08-01 10:53:00,DEV294,coding,Java,291
IDE07436,2026-08-01 10:53:00,DEV114,file_open,Java,951
IDE07884,2026-08-01 10:53:00,DEV075,debugging,SQL,487
IDE08693,2026-08-01 10:53:00,DEV204,terminal,SQL,494
IDE09933,2026-08-01 10:53:00,DEV225,testing,TypeScript,1445
IDE06826,2026-08-01 10:54:00,DEV246,debugging,Python,704
IDE00317,2026-08-01 10:55:00,DEV451,file_open,Python,573
IDE05464,2026-08-01 10:56:00,DEV417,debugging,JavaScript,1457
IDE03692,2026-08-01 11:02:00,DEV201,coding,Python,1369
IDE00157,2026-08-01 11:04:00,DEV497,terminal,SQL,902
IDE02576,2026-08-01 11:07:00,DEV325,testing,TypeScript,970
IDE03150,2026-08-01 11:08:00,DEV293,debugging,TypeScript,1737
IDE08221,2026-08-01 11:08:00,DEV338,file_open,Java,556
IDE06186,2026-08-01 11:11:00,DEV332,file_open,JavaScript,202
IDE08378,2026-08-01 11:11:00,DEV097,terminal,Python,1477
IDE01235,2026-08-01 11:12:00,DEV498,coding,SQL,801
IDE05204,2026-08-01 11:12:00,DEV340,terminal,Java,1038
IDE02964,2026-08-01 11:16:00,DEV155,testing,Java,1350
IDE09365,2026-08-01 11:18:00,DEV065,testing,SQL,313
IDE03851,2026-08-01 11:19:00,DEV012,coding,TypeScript,842
IDE00290,2026-08-01 11:21:00,DEV018,debugging,SQL,598
IDE05209,2026-08-01 11:25:00,DEV171,debugging,TypeScript,1575
IDE08673,2026-08-01 11:25:00,DEV334,terminal,TypeScript,1663
IDE02651,2026-08-01 11:31:00,DEV174,idle,SQL,1797
IDE05095,2026-08-01 11:34:00,DEV336,file_open,TypeScript,1173
IDE05476,2026-08-01 11:34:00,DEV360,idle,Java,725
IDE02942,2026-08-01 11:35:00,DEV103,testing,SQL,661
IDE03971,2026-08-01 11:35:00,DEV327,testing,TypeScript,978
IDE09917,2026-08-01 11:35:00,DEV405,terminal,JavaScript,1738
IDE07405,2026-08-01 11:41:00,DEV465,idle,TypeScript,734
IDE00731,2026-08-01 11:42:00,DEV365,idle,Java,1010
IDE09605,2026-08-01 11:43:00,DEV034,coding,JavaScript,962
IDE02226,2026-08-01 11:44:00,DEV401,file_open,Python,84
IDE00913,2026-08-01 11:45:00,DEV124,file_open,TypeScript,451
IDE00041,2026-08-01 11:47:00,DEV171,file_open,Python,1127
IDE05139,2026-08-01 11:47:00,DEV382,terminal,JavaScript,625
IDE08007,2026-08-01 11:47:00,DEV333,coding,TypeScript,357
IDE09308,2026-08-01 11:52:00,DEV248,coding,SQL,1740
IDE02236,2026-08-01 11:53:00,DEV179,testing,JavaScript,1216
IDE05100,2026-08-01 11:54:00,DEV278,testing,Python,100
IDE05907,2026-08-01 11:54:00,DEV376,coding,JavaScript,769
IDE04469,2026-08-01 11:57:00,DEV379,testing,SQL,1724
IDE00189,2026-08-01 11:58:00,DEV089,debugging,TypeScript,513
IDE00593,2026-08-01 11:59:00,DEV326,file_open,SQL,836
IDE01911,2026-08-01 12:00:00,DEV367,file_open,JavaScript,1192
IDE04938,2026-08-01 12:02:00,DEV438,testing,TypeScript,1399
IDE06874,2026-08-01 12:03:00,DEV053,file_open,SQL,716
IDE07475,2026-08-01 12:06:00,DEV126,coding,Python,917
IDE08879,2026-08-01 12:08:00,DEV270,terminal,TypeScript,900
IDE04744,2026-08-01 12:11:00,DEV393,idle,Java,250
IDE09116,2026-08-01 12:11:00,DEV393,file_open,JavaScript,629
IDE06738,2026-08-01 12:12:00,DEV014,file_open,SQL,1571
IDE06357,2026-08-01 12:16:00,DEV342,debugging,TypeScript,1475
IDE09500,2026-08-01 12:19:00,DEV059,testing,SQL,769
IDE01199,2026-08-01 12:20:00,DEV412,debugging,SQL,1140
IDE03615,2026-08-01 12:20:00,DEV415,idle,Python,1392
IDE02468,2026-08-01 12:22:00,DEV208,idle,JavaScript,1477
IDE05927,2026-08-01 12:26:00,DEV275,testing,TypeScript,347
IDE02278,2026-08-01 12:28:00,DEV060,idle,SQL,1108
IDE00372,2026-08-01 12:34:00,DEV358,testing,Java,128
IDE06947,2026-08-01 12:34:00,DEV105,coding,Java,1381
IDE08583,2026-08-01 12:35:00,DEV308,testing,JavaScript,1254
IDE08185,2026-08-01 12:37:00,DEV187,testing,JavaScript,354
IDE08867,2026-08-01 12:37:00,DEV202,debugging,JavaScript,583
IDE08475,2026-08-01 12:38:00,DEV396,terminal,JavaScript,400
IDE04087,2026-08-01 12:39:00,DEV350,file_open,JavaScript,1616
IDE04504,2026-08-01 12:40:00,DEV263,coding,SQL,927
IDE01935,2026-08-01 12:43:00,DEV033,debugging,Java,1360
IDE05563,2026-08-01 12:43:00,DEV158,idle,JavaScript,37
IDE00207,2026-08-01 12:44:00,DEV235,testing,SQL,1360
IDE03968,2026-08-01 12:48:00,DEV100,testing,JavaScript,1004
IDE07910,2026-08-01 12:49:00,DEV240,file_open,Java,476
IDE09473,2026-08-01 12:51:00,DEV476,testing,TypeScript,1543
IDE05974,2026-08-01 12:52:00,DEV429,file_open,Python,541
IDE08628,2026-08-01 12:56:00,DEV021,terminal,SQL,1457
IDE00292,2026-08-01 12:58:00,DEV191,terminal,Java,1674
IDE00407,2026-08-01 12:58:00,DEV269,debugging,TypeScript,1607
IDE08680,2026-08-01 13:05:00,DEV256,debugging,SQL,1798
IDE02007,2026-08-01 13:08:00,DEV148,testing,Python,1412
IDE06229,2026-08-01 13:09:00,DEV498,terminal,Java,1677
IDE06089,2026-08-01 13:11:00,DEV366,file_open,JavaScript,1296
IDE08729,2026-08-01 13:17:00,DEV160,terminal,Python,202
IDE03688,2026-08-01 13:21:00,DEV440,debugging,TypeScript,864
IDE06196,2026-08-01 13:21:00,DEV098,testing,TypeScript,1542
IDE03980,2026-08-01 13:23:00,DEV137,idle,Python,272
IDE07112,2026-08-01 13:26:00,DEV243,debugging,JavaScript,394
IDE04382,2026-08-01 13:28:00,DEV294,file_open,JavaScript,77
IDE08581,2026-08-01 13:34:00,DEV148,terminal,TypeScript,1355
IDE09676,2026-08-01 13:34:00,DEV457,idle,Java,256
IDE09760,2026-08-01 13:36:00,DEV055,file_open,JavaScript,563
IDE00686,2026-08-01 13:44:00,DEV381,coding,TypeScript,368
IDE01373,2026-08-01 13:44:00,DEV443,file_open,Python,1646
IDE05465,2026-08-01 13:45:00,DEV188,testing,TypeScript,1664
IDE05680,2026-08-01 13:45:00,DEV088,idle,SQL,151
IDE08874,2026-08-01 13:48:00,DEV243,terminal,JavaScript,1194
IDE07838,2026-08-01 13:56:00,DEV234,coding,JavaScript,1061
IDE03809,2026-08-01 14:00:00,DEV134,debugging,Java,461
IDE03978,2026-08-01 14:00:00,DEV030,testing,TypeScript,193
IDE02774,2026-08-01 14:02:00,DEV422,idle,Java,918
IDE00213,2026-08-01 14:03:00,DEV363,testing,Java,869
IDE03036,2026-08-01 14:03:00,DEV053,debugging,Python,71
IDE00067,2026-08-01 14:06:00,DEV483,file_open,JavaScript,152
IDE00647,2026-08-01 14:06:00,DEV485,idle,Python,1087
IDE01757,2026-08-01 14:10:00,DEV189,debugging,JavaScript,921
IDE07750,2026-08-01 14:11:00,DEV499,file_open,Java,467
IDE06754,2026-08-01 14:20:00,DEV032,idle,TypeScript,1125
IDE07839,2026-08-01 14:22:00,DEV406,idle,TypeScript,723
IDE05135,2026-08-01 14:24:00,DEV112,idle,JavaScript,1649
IDE06859,2026-08-01 14:25:00,DEV469,terminal,TypeScript,1682
IDE02346,2026-08-01 14:28:00,DEV418,idle,Java,217
IDE06312,2026-08-01 14:29:00,DEV294,terminal,Java,1710
IDE01937,2026-08-01 14:30:00,DEV096,terminal,Python,177
IDE02193,2026-08-01 14:30:00,DEV375,testing,TypeScript,282
IDE05422,2026-08-01 14:30:00,DEV159,file_open,JavaScript,522
IDE05399,2026-08-01 14:31:00,DEV052,debugging,JavaScript,946
IDE01315,2026-08-01 14:32:00,DEV195,file_open,Python,692
IDE04350,2026-08-01 14:32:00,DEV450,idle,Java,1510
IDE03058,2026-08-01 14:33:00,DEV122,file_open,Python,1224
IDE04468,2026-08-01 14:39:00,DEV128,file_open,Java,889
IDE06433,2026-08-01 14:43:00,DEV456,testing,JavaScript,372
IDE07683,2026-08-01 14:44:00,DEV339,coding,JavaScript,562
IDE00962,2026-08-01 14:50:00,DEV075,coding,TypeScript,624
IDE06000,2026-08-01 14:50:00,DEV224,coding,Python,636
IDE00124,2026-08-01 14:51:00,DEV194,file_open,Python,1491
IDE00951,2026-08-01 14:52:00,DEV022,file_open,Java,1076
IDE06142,2026-08-01 14:53:00,DEV452,coding,Python,954
IDE00156,2026-08-01 14:55:00,DEV465,file_open,Java,794
IDE00602,2026-08-01 14:55:00,DEV359,testing,TypeScript,1656
IDE01946,2026-08-01 14:56:00,DEV120,testing,Python,295
IDE04269,2026-08-01 14:59:00,DEV229,idle,SQL,1703
IDE06195,2026-08-01 14:59:00,DEV245,file_open,JavaScript,633
IDE06280,2026-08-01 14:59:00,DEV329,file_open,Java,248
IDE02030,2026-08-01 15:00:00,DEV085,coding,SQL,785
IDE05656,2026-08-01 15:00:00,DEV160,debugging,TypeScript,323
IDE06036,2026-08-01 15:07:00,DEV318,testing,Java,1161
IDE07660,2026-08-01 15:08:00,DEV137,idle,JavaScript,1116
IDE09611,2026-08-01 15:08:00,DEV469,idle,TypeScript,1677
IDE05410,2026-08-01 15:09:00,DEV476,idle,SQL,786
IDE08537,2026-08-01 15:12:00,DEV306,file_open,JavaScript,57
IDE03019,2026-08-01 15:13:00,DEV499,testing,Java,1276
IDE03098,2026-08-01 15:13:00,DEV383,debugging,SQL,44
IDE01979,2026-08-01 15:14:00,DEV295,file_open,TypeScript,1732
IDE03526,2026-08-01 15:14:00,DEV415,debugging,TypeScript,1786
IDE09183,2026-08-01 15:14:00,DEV417,idle,SQL,1095
IDE01540,2026-08-01 15:15:00,DEV197,testing,Java,1514
IDE02946,2026-08-01 15:16:00,DEV441,idle,Python,1165
IDE04095,2026-08-01 15:17:00,DEV196,idle,SQL,1513
IDE04181,2026-08-01 15:18:00,DEV326,terminal,SQL,287
IDE07285,2026-08-01 15:19:00,DEV062,file_open,Java,865
IDE09439,2026-08-01 15:20:00,DEV205,idle,JavaScript,715
IDE02883,2026-08-01 15:24:00,DEV246,idle,SQL,612
IDE01278,2026-08-01 15:38:00,DEV087,coding,SQL,1387
IDE04788,2026-08-01 15:38:00,DEV468,file_open,SQL,1411
IDE09573,2026-08-01 15:51:00,DEV086,debugging,TypeScript,441
IDE06098,2026-08-01 15:55:00,DEV214,debugging,Java,1307
IDE00199,2026-08-01 15:56:00,DEV492,coding,SQL,714
IDE07696,2026-08-01 15:59:00,DEV006,terminal,SQL,914
IDE03804,2026-08-01 16:02:00,DEV350,debugging,TypeScript,1050
IDE04186,2026-08-01 16:02:00,DEV055,coding,SQL,1644
IDE03941,2026-08-01 16:03:00,DEV191,idle,TypeScript,428
IDE00710,2026-08-01 16:04:00,DEV215,coding,TypeScript,1338
IDE06106,2026-08-01 16:04:00,DEV210,terminal,Python,848
IDE04535,2026-08-01 16:07:00,DEV186,terminal,Python,1004
IDE06138,2026-08-01 16:07:00,DEV227,file_open,Python,1749
IDE03425,2026-08-01 16:08:00,DEV401,coding,Java,107
IDE05682,2026-08-01 16:08:00,DEV105,file_open,JavaScript,422
IDE06238,2026-08-01 16:09:00,DEV107,debugging,Python,1057
IDE08091,2026-08-01 16:12:00,DEV235,coding,Python,264
IDE02596,2026-08-01 16:16:00,DEV285,file_open,JavaScript,1063
IDE00563,2026-08-01 16:17:00,DEV233,terminal,TypeScript,1529
IDE03396,2026-08-01 16:18:00,DEV129,coding,Java,248
IDE07517,2026-08-01 16:22:00,DEV326,idle,SQL,402
IDE00901,2026-08-01 16:23:00,DEV362,file_open,TypeScript,823
IDE02122,2026-08-01 16:28:00,DEV213,terminal,Java,1357
IDE08998,2026-08-01 16:29:00,DEV280,terminal,TypeScript,1369
IDE00870,2026-08-01 16:31:00,DEV408,debugging,Java,1006
IDE06231,2026-08-01 16:37:00,DEV075,debugging,SQL,509
IDE01726,2026-08-01 16:38:00,DEV183,terminal,TypeScript,1431
IDE09798,2026-08-01 16:39:00,DEV121,idle,Java,1454
IDE00920,2026-08-01 16:44:00,DEV373,idle,Java,1491
IDE08905,2026-08-01 16:45:00,DEV456,terminal,Python,1316
IDE01735,2026-08-01 16:49:00,DEV301,debugging,TypeScript,863
IDE00829,2026-08-01 16:53:00,DEV205,file_open,TypeScript,856
IDE02516,2026-08-01 16:55:00,DEV440,debugging,Java,1101
IDE02736,2026-08-01 16:56:00,DEV083,terminal,SQL,638
IDE01072,2026-08-01 16:57:00,DEV480,testing,JavaScript,1219
IDE00560,2026-08-01 16:59:00,DEV340,terminal,Python,812
IDE04566,2026-08-01 17:00:00,DEV114,testing,TypeScript,1682
IDE03236,2026-08-01 17:01:00,DEV008,coding,SQL,733
IDE04067,2026-08-01 17:01:00,DEV044,file_open,JavaScript,1133
IDE02888,2026-08-01 17:04:00,DEV018,terminal,SQL,1420
IDE01100,2026-08-01 17:05:00,DEV195,idle,Python,1219
IDE02130,2026-08-01 17:08:00,DEV299,terminal,Python,319
IDE03572,2026-08-01 17:12:00,DEV385,terminal,Python,575
IDE01341,2026-08-01 17:16:00,DEV059,terminal,SQL,1306
IDE00716,2026-08-01 17:19:00,DEV061,coding,Python,356
IDE02853,2026-08-01 17:19:00,DEV036,terminal,SQL,1731
IDE07579,2026-08-01 17:26:00,DEV356,file_open,JavaScript,85
IDE07161,2026-08-01 17:27:00,DEV412,terminal,SQL,1439
IDE03108,2026-08-01 17:30:00,DEV331,file_open,Python,882
IDE08276,2026-08-01 17:30:00,DEV140,debugging,SQL,1788
IDE00895,2026-08-01 17:32:00,DEV406,file_open,SQL,1686
IDE03489,2026-08-01 17:32:00,DEV232,debugging,Python,203
IDE04402,2026-08-01 17:32:00,DEV079,coding,Java,504
IDE05364,2026-08-01 17:38:00,DEV308,testing,TypeScript,866
IDE01389,2026-08-01 17:39:00,DEV353,idle,Java,347
IDE09283,2026-08-01 17:40:00,DEV149,coding,TypeScript,1595
IDE02411,2026-08-01 17:41:00,DEV398,file_open,Python,1008
IDE08809,2026-08-01 17:41:00,DEV315,file_open,TypeScript,313
IDE03829,2026-08-01 17:42:00,DEV418,debugging,JavaScript,934
IDE07923,2026-08-01 17:43:00,DEV396,debugging,TypeScript,1785
IDE09433,2026-08-01 17:46:00,DEV048,idle,Python,112
IDE01123,2026-08-01 17:47:00,DEV063,testing,Java,839
IDE06348,2026-08-01 17:47:00,DEV466,idle,Java,1178
IDE01376,2026-08-01 17:54:00,DEV309,coding,JavaScript,807
IDE05369,2026-08-01 17:55:00,DEV334,debugging,JavaScript,1204
IDE00414,2026-08-01 17:57:00,DEV012,terminal,TypeScript,68
IDE05944,2026-08-01 18:03:00,DEV001,testing,Java,265
IDE02594,2026-08-01 18:07:00,DEV255,terminal,Python,1689
IDE07544,2026-08-01 18:08:00,DEV228,coding,JavaScript,696
IDE08824,2026-08-01 18:11:00,DEV072,terminal,TypeScript,202
IDE07967,2026-08-01 18:17:00,DEV150,terminal,JavaScript,566
IDE04729,2026-08-01 18:18:00,DEV313,idle,JavaScript,1100
IDE01102,2026-08-01 18:23:00,DEV225,terminal,TypeScript,536
IDE03663,2026-08-01 18:23:00,DEV388,testing,SQL,1072
IDE06130,2026-08-01 18:25:00,DEV086,debugging,Java,1087
IDE09391,2026-08-01 18:26:00,DEV403,terminal,TypeScript,1358
IDE08881,2026-08-01 18:27:00,DEV128,testing,Python,602
IDE04779,2026-08-01 18:30:00,DEV159,debugging,TypeScript,847
IDE07863,2026-08-01 18:32:00,DEV178,debugging,Java,1765
IDE06552,2026-08-01 18:33:00,DEV048,debugging,JavaScript,575
IDE01765,2026-08-01 18:34:00,DEV076,testing,TypeScript,406
IDE06840,2026-08-01 18:37:00,DEV220,terminal,Python,1755
IDE08032,2026-08-01 18:39:00,DEV303,debugging,SQL,1285
IDE02831,2026-08-01 18:44:00,DEV055,debugging,Java,1370
IDE04118,2026-08-01 18:51:00,DEV307,file_open,TypeScript,644
IDE07155,2026-08-01 18:51:00,DEV323,coding,TypeScript,148
IDE04398,2026-08-01 18:57:00,DEV284,file_open,Java,796
IDE07794,2026-08-01 18:58:00,DEV380,testing,Python,1453
IDE08440,2026-08-01 18:59:00,DEV119,debugging,TypeScript,1412
IDE09417,2026-08-01 18:59:00,DEV072,testing,SQL,1119
IDE02380,2026-08-01 19:01:00,DEV259,testing,SQL,671
IDE05429,2026-08-01 19:02:00,DEV056,testing,JavaScript,384
IDE00450,2026-08-01 19:03:00,DEV473,idle,SQL,1494
IDE02312,2026-08-01 19:03:00,DEV135,terminal,SQL,85
IDE09507,2026-08-01 19:06:00,DEV009,file_open,Python,224
IDE05110,2026-08-01 19:09:00,DEV355,coding,SQL,107
IDE02811,2026-08-01 19:11:00,DEV406,debugging,SQL,396
IDE07815,2026-08-01 19:12:00,DEV441,file_open,Java,526
IDE02061,2026-08-01 19:13:00,DEV204,coding,SQL,477
IDE03336,2026-08-01 19:19:00,DEV455,file_open,TypeScript,1469
IDE08140,2026-08-01 19:19:00,DEV492,testing,TypeScript,1175
IDE01301,2026-08-01 19:23:00,DEV263,debugging,Python,1783
IDE06649,2026-08-01 19:24:00,DEV466,testing,Python,797
IDE01087,2026-08-01 19:26:00,DEV236,debugging,Python,1691
IDE01332,2026-08-01 19:27:00,DEV026,terminal,Java,708
IDE08362,2026-08-01 19:28:00,DEV425,testing,JavaScript,290
IDE01214,2026-08-01 19:30:00,DEV495,idle,Python,632
IDE02246,2026-08-01 19:32:00,DEV282,testing,Python,925
IDE02068,2026-08-01 19:34:00,DEV233,debugging,Java,773
IDE02197,2026-08-01 19:37:00,DEV463,testing,Java,49
IDE06364,2026-08-01 19:37:00,DEV069,testing,TypeScript,375
IDE06190,2026-08-01 19:39:00,DEV263,testing,SQL,588
IDE08099,2026-08-01 19:42:00,DEV386,coding,Java,1013
IDE08951,2026-08-01 19:45:00,DEV230,terminal,Java,1179
IDE09265,2026-08-01 19:45:00,DEV052,debugging,JavaScript,370
IDE09995,2026-08-01 19:45:00,DEV274,idle,Python,414
IDE00187,2026-08-01 19:46:00,DEV043,terminal,Python,1499
IDE03536,2026-08-01 19:50:00,DEV423,idle,Java,459
IDE05378,2026-08-01 19:52:00,DEV293,testing,JavaScript,1027
IDE02069,2026-08-01 19:53:00,DEV042,testing,Python,853
IDE08720,2026-08-01 19:53:00,DEV337,testing,SQL,737
IDE06577,2026-08-01 19:56:00,DEV212,idle,Java,779
IDE03956,2026-08-01 19:57:00,DEV079,coding,SQL,828
IDE07789,2026-08-01 20:00:00,DEV408,terminal,SQL,1007
IDE01361,2026-08-01 20:01:00,DEV288,idle,Python,1527
IDE02160,2026-08-01 20:03:00,DEV425,file_open,SQL,1378
IDE03165,2026-08-01 20:03:00,DEV176,coding,TypeScript,1174
IDE04462,2026-08-01 20:03:00,DEV022,file_open,JavaScript,1545
IDE09658,2026-08-01 20:04:00,DEV378,file_open,TypeScript,1405
IDE03338,2026-08-01 20:05:00,DEV463,file_open,TypeScript,1414
IDE05251,2026-08-01 20:05:00,DEV032,terminal,SQL,1045
IDE02128,2026-08-01 20:06:00,DEV137,terminal,TypeScript,79
IDE01003,2026-08-01 20:07:00,DEV154,idle,Java,663
IDE09016,2026-08-01 20:08:00,DEV403,debugging,Java,1455
IDE00354,2026-08-01 20:09:00,DEV429,file_open,Java,178
IDE05372,2026-08-01 20:10:00,DEV465,coding,TypeScript,122
IDE00867,2026-08-01 20:11:00,DEV104,coding,TypeScript,689
IDE01167,2026-08-01 20:12:00,DEV019,debugging,Java,1038
IDE07926,2026-08-01 20:13:00,DEV217,idle,SQL,1752
IDE00116,2026-08-01 20:16:00,DEV079,file_open,Java,1015
IDE07575,2026-08-01 20:16:00,DEV073,terminal,SQL,215
IDE08363,2026-08-01 20:16:00,DEV248,debugging,TypeScript,1078
IDE08758,2026-08-01 20:20:00,DEV450,terminal,TypeScript,234
IDE03528,2026-08-01 20:22:00,DEV182,testing,Python,1332
IDE08384,2026-08-01 20:24:00,DEV175,coding,Python,1083
IDE02335,2026-08-01 20:28:00,DEV271,debugging,Python,1545
IDE09910,2026-08-01 20:32:00,DEV130,file_open,Java,1607
IDE00340,2026-08-01 20:36:00,DEV122,debugging,Python,533
IDE06376,2026-08-01 20:40:00,DEV018,terminal,Python,900
IDE03912,2026-08-01 20:41:00,DEV072,testing,Java,1081
IDE07330,2026-08-01 20:43:00,DEV354,debugging,Java,274
IDE08804,2026-08-01 21:02:00,DEV463,idle,TypeScript,1382
IDE09791,2026-08-01 21:02:00,DEV154,coding,JavaScript,1318
IDE04220,2026-08-01 21:03:00,DEV429,file_open,JavaScript,38
IDE00097,2026-08-01 21:07:00,DEV275,coding,SQL,996
IDE07495,2026-08-01 21:10:00,DEV290,coding,Python,247
IDE08833,2026-08-01 21:10:00,DEV343,terminal,TypeScript,1669
IDE04998,2026-08-01 21:12:00,DEV166,coding,TypeScript,1787
IDE08718,2026-08-01 21:12:00,DEV181,debugging,Python,1643
IDE03091,2026-08-01 21:15:00,DEV171,file_open,JavaScript,1530
IDE05885,2026-08-01 21:16:00,DEV460,coding,Java,185
IDE07229,2026-08-01 21:16:00,DEV477,testing,TypeScript,1276
IDE08930,2026-08-01 21:16:00,DEV446,idle,JavaScript,753
IDE02834,2026-08-01 21:17:00,DEV424,debugging,SQL,765
IDE06373,2026-08-01 21:18:00,DEV162,testing,Java,862
IDE09941,2026-08-01 21:21:00,DEV422,file_open,JavaScript,1139
IDE01499,2026-08-01 21:22:00,DEV228,coding,Java,841
IDE08302,2026-08-01 21:22:00,DEV198,debugging,SQL,1631
IDE00461,2026-08-01 21:24:00,DEV001,testing,Java,1780
IDE04192,2026-08-01 21:26:00,DEV282,file_open,JavaScript,1349
IDE03831,2026-08-01 21:28:00,DEV329,coding,Python,1017
IDE08975,2026-08-01 21:28:00,DEV228,file_open,TypeScript,410
IDE00917,2026-08-01 21:30:00,DEV418,coding,JavaScript,248
IDE06017,2026-08-01 21:35:00,DEV007,coding,SQL,1715
IDE05354,2026-08-01 21:36:00,DEV302,coding,JavaScript,183
IDE05458,2026-08-01 21:37:00,DEV039,testing,Java,651
IDE08884,2026-08-01 21:37:00,DEV041,coding,SQL,1769
IDE03965,2026-08-01 21:41:00,DEV466,file_open,Java,1426
IDE00173,2026-08-01 21:42:00,DEV353,coding,JavaScript,1657
IDE05160,2026-08-01 21:47:00,DEV261,testing,TypeScript,1053
IDE06906,2026-08-01 21:47:00,DEV043,debugging,Python,1298
IDE03052,2026-08-01 21:51:00,DEV275,testing,Java,1338
IDE08001,2026-08-01 21:51:00,DEV063,debugging,JavaScript,572
IDE08888,2026-08-01 21:51:00,DEV138,idle,JavaScript,697
IDE08061,2026-08-01 21:52:00,DEV178,coding,JavaScript,55
IDE04563,2026-08-01 21:55:00,DEV200,coding,Java,1525
IDE08399,2026-08-01 21:57:00,DEV046,terminal,JavaScript,878
IDE00479,2026-08-01 21:58:00,DEV446,debugging,Python,874
IDE09517,2026-08-01 21:59:00,DEV026,debugging,TypeScript,850
IDE05000,2026-08-01 22:03:00,DEV376,terminal,TypeScript,684
IDE00810,2026-08-01 22:04:00,DEV090,terminal,Python,1052
IDE05265,2026-08-01 22:05:00,DEV136,debugging,Java,335
IDE05496,2026-08-01 22:05:00,DEV381,idle,SQL,1304
IDE03932,2026-08-01 22:06:00,DEV196,idle,TypeScript,1507
IDE09131,2026-08-01 22:09:00,DEV283,file_open,TypeScript,1451
IDE03766,2026-08-01 22:16:00,DEV182,idle,JavaScript,1705
IDE05181,2026-08-01 22:16:00,DEV217,terminal,SQL,1064
IDE06400,2026-08-01 22:17:00,DEV278,coding,Python,1047
IDE09580,2026-08-01 22:17:00,DEV078,terminal,Python,531
IDE00236,2026-08-01 22:18:00,DEV191,terminal,Python,1736
IDE02186,2026-08-01 22:25:00,DEV023,idle,JavaScript,685
IDE03203,2026-08-01 22:26:00,DEV270,file_open,Python,745
IDE08203,2026-08-01 22:26:00,DEV410,idle,JavaScript,938
IDE00798,2026-08-01 22:29:00,DEV339,coding,Java,443
IDE04146,2026-08-01 22:29:00,DEV166,debugging,Java,291
IDE02120,2026-08-01 22:32:00,DEV288,file_open,Java,290
IDE01722,2026-08-01 22:33:00,DEV256,file_open,SQL,1250
IDE00963,2026-08-01 22:34:00,DEV287,idle,Python,1202
IDE03397,2026-08-01 22:35:00,DEV334,terminal,Java,233
IDE04371,2026-08-01 22:36:00,DEV111,testing,TypeScript,853
IDE05343,2026-08-01 22:43:00,DEV300,debugging,SQL,39
IDE04671,2026-08-01 22:44:00,DEV239,idle,Python,1254
IDE03500,2026-08-01 22:45:00,DEV459,file_open,JavaScript,235
IDE06962,2026-08-01 22:46:00,DEV454,idle,Java,508
IDE08501,2026-08-01 22:46:00,DEV295,testing,SQL,625
IDE09773,2026-08-01 22:50:00,DEV323,coding,SQL,820
IDE07513,2026-08-01 22:51:00,DEV051,coding,SQL,750
IDE06328,2026-08-01 22:58:00,DEV062,debugging,JavaScript,913
IDE05406,2026-08-01 22:59:00,DEV387,debugging,Java,1417
IDE03535,2026-08-01 23:00:00,DEV023,testing,SQL,825
IDE01599,2026-08-01 23:04:00,DEV273,terminal,SQL,70
IDE04565,2026-08-01 23:04:00,DEV045,debugging,SQL,785
IDE03859,2026-08-01 23:07:00,DEV292,idle,Python,234
IDE09549,2026-08-01 23:10:00,DEV243,file_open,Python,936
IDE07406,2026-08-01 23:15:00,DEV029,coding,Python,1146
IDE00136,2026-08-01 23:16:00,DEV338,terminal,TypeScript,1237
IDE03878,2026-08-01 23:19:00,DEV109,debugging,SQL,1290
IDE04414,2026-08-01 23:25:00,DEV381,coding,Java,1450
IDE06080,2026-08-01 23:31:00,DEV157,idle,TypeScript,788
IDE08955,2026-08-01 23:35:00,DEV246,testing,SQL,1232
IDE00200,2026-08-01 23:38:00,DEV275,file_open,JavaScript,1646
IDE02537,2026-08-01 23:38:00,DEV488,terminal,JavaScript,547
IDE04329,2026-08-01 23:38:00,DEV310,terminal,SQL,307
IDE09531,2026-08-01 23:38:00,DEV092,terminal,TypeScript,1234
IDE02724,2026-08-01 23:40:00,DEV122,terminal,TypeScript,1213
IDE00299,2026-08-01 23:41:00,DEV147,testing,TypeScript,88
IDE04992,2026-08-01 23:43:00,DEV091,terminal,JavaScript,1169
IDE09699,2026-08-01 23:43:00,DEV192,file_open,JavaScript,373
IDE06250,2026-08-01 23:44:00,DEV108,testing,Java,1772
IDE08878,2026-08-01 23:45:00,DEV318,file_open,Python,383
IDE05874,2026-08-01 23:47:00,DEV354,debugging,TypeScript,827
IDE08024,2026-08-01 23:47:00,DEV039,terminal,SQL,495
IDE05728,2026-08-01 23:48:00,DEV122,coding,Java,855
IDE03392,2026-08-01 23:50:00,DEV323,idle,Python,1076
IDE00707,2026-08-01 23:52:00,DEV492,idle,JavaScript,114
IDE06777,2026-08-01 23:52:00,DEV293,coding,TypeScript,794
IDE03746,2026-08-01 23:54:00,DEV098,terminal,Java,1599
IDE05481,2026-08-01 23:54:00,DEV036,coding,TypeScript,1262
IDE03793,2026-08-01 23:56:00,DEV034,file_open,Java,1796
IDE09788,2026-08-01 23:56:00,DEV082,terminal,SQL,646
IDE07601,2026-08-01 23:57:00,DEV239,file_open,TypeScript,1390
IDE04686,2026-08-02 00:00:00,DEV127,file_open,TypeScript,1717
IDE02758,2026-08-02 00:01:00,DEV087,idle,Python,838
IDE00796,2026-08-02 00:03:00,DEV239,debugging,JavaScript,1570
IDE03496,2026-08-02 00:15:00,DEV266,testing,Python,930
IDE02968,2026-08-02 00:17:00,DEV282,file_open,SQL,743
IDE02795,2026-08-02 00:18:00,DEV101,testing,TypeScript,664
IDE05430,2026-08-02 00:19:00,DEV261,file_open,Python,1756
IDE09937,2026-08-02 00:20:00,DEV234,coding,TypeScript,1244
IDE06048,2026-08-02 00:21:00,DEV469,testing,Java,103
IDE07596,2026-08-02 00:23:00,DEV350,coding,SQL,302
IDE06511,2026-08-02 00:24:00,DEV316,debugging,JavaScript,961
IDE06596,2026-08-02 00:24:00,DEV238,terminal,Python,966
IDE02420,2026-08-02 00:25:00,DEV482,idle,Java,664
IDE04676,2026-08-02 00:29:00,DEV177,debugging,TypeScript,828
IDE04883,2026-08-02 00:35:00,DEV002,testing,TypeScript,713
IDE08176,2026-08-02 00:36:00,DEV233,debugging,Python,1311
IDE03171,2026-08-02 00:37:00,DEV074,idle,SQL,1782
IDE04218,2026-08-02 00:38:00,DEV359,file_open,Python,826
IDE09352,2026-08-02 00:39:00,DEV157,debugging,Java,194
IDE02694,2026-08-02 00:40:00,DEV473,idle,Java,399
IDE01581,2026-08-02 00:42:00,DEV087,coding,Python,274
IDE06200,2026-08-02 00:47:00,DEV444,debugging,Python,1000
IDE03649,2026-08-02 00:59:00,DEV342,testing,Python,746
IDE02507,2026-08-02 01:01:00,DEV280,terminal,JavaScript,1708
IDE01024,2026-08-02 01:03:00,DEV152,file_open,Python,539
IDE07190,2026-08-02 01:08:00,DEV192,file_open,Java,1423
IDE05769,2026-08-02 01:11:00,DEV183,idle,JavaScript,445
IDE07549,2026-08-02 01:13:00,DEV086,debugging,SQL,136
IDE05559,2026-08-02 01:15:00,DEV054,terminal,Java,1431
IDE07174,2026-08-02 01:15:00,DEV440,testing,Java,1773
IDE03146,2026-08-02 01:16:00,DEV132,terminal,TypeScript,1659
IDE07745,2026-08-02 01:18:00,DEV471,idle,Python,624
IDE02769,2026-08-02 01:19:00,DEV472,terminal,SQL,1581
IDE09714,2026-08-02 01:19:00,DEV428,coding,Java,462
IDE05539,2026-08-02 01:20:00,DEV100,idle,Python,1049
IDE06056,2026-08-02 01:23:00,DEV432,testing,TypeScript,787
IDE00075,2026-08-02 01:24:00,DEV023,coding,SQL,62
IDE06956,2026-08-02 01:25:00,DEV418,testing,JavaScript,1143
IDE07013,2026-08-02 01:25:00,DEV141,file_open,Java,1242
IDE04285,2026-08-02 01:30:00,DEV378,idle,TypeScript,1348
IDE08990,2026-08-02 01:30:00,DEV167,testing,SQL,1332
IDE01604,2026-08-02 01:31:00,DEV106,coding,JavaScript,1307
IDE09907,2026-08-02 01:33:00,DEV221,coding,TypeScript,1042
IDE01406,2026-08-02 01:35:00,DEV423,coding,Java,886
IDE04739,2026-08-02 01:35:00,DEV216,testing,TypeScript,628
IDE01891,2026-08-02 01:36:00,DEV359,testing,Python,1496
IDE03816,2026-08-02 01:39:00,DEV420,debugging,Java,286
IDE04528,2026-08-02 01:45:00,DEV072,testing,TypeScript,1621
IDE00781,2026-08-02 01:47:00,DEV048,coding,Python,727
IDE06082,2026-08-02 01:48:00,DEV402,testing,TypeScript,436
IDE03307,2026-08-02 01:50:00,DEV393,terminal,Python,142
IDE05396,2026-08-02 01:50:00,DEV313,debugging,Java,662
IDE00676,2026-08-02 01:51:00,DEV098,testing,Java,688
IDE03187,2026-08-02 01:52:00,DEV238,coding,SQL,1396
IDE07715,2026-08-02 01:56:00,DEV341,testing,Python,1760
IDE03447,2026-08-02 02:06:00,DEV138,coding,JavaScript,1241
IDE09171,2026-08-02 02:11:00,DEV324,idle,JavaScript,899
IDE00135,2026-08-02 02:13:00,DEV108,coding,Java,1404
IDE06529,2026-08-02 02:13:00,DEV116,file_open,SQL,1396
IDE03177,2026-08-02 02:14:00,DEV418,file_open,Python,679
IDE06465,2026-08-02 02:17:00,DEV253,file_open,Python,379
IDE05003,2026-08-02 02:20:00,DEV171,idle,SQL,1022
IDE01794,2026-08-02 02:22:00,DEV012,file_open,Java,1388
IDE09319,2026-08-02 02:30:00,DEV446,idle,Python,114
IDE06242,2026-08-02 02:31:00,DEV423,testing,Java,465
IDE08389,2026-08-02 02:34:00,DEV361,file_open,JavaScript,607
IDE00934,2026-08-02 02:36:00,DEV011,idle,JavaScript,356
IDE01788,2026-08-02 02:36:00,DEV349,terminal,JavaScript,1204
IDE05044,2026-08-02 02:38:00,DEV371,debugging,Python,1548
IDE05553,2026-08-02 02:39:00,DEV359,coding,SQL,482
IDE02318,2026-08-02 02:40:00,DEV132,coding,SQL,333
IDE03003,2026-08-02 02:40:00,DEV438,terminal,SQL,993
IDE03050,2026-08-02 02:41:00,DEV410,debugging,Java,1074
IDE02857,2026-08-02 02:44:00,DEV245,idle,SQL,81
IDE01996,2026-08-02 02:45:00,DEV363,debugging,SQL,473
IDE04987,2026-08-02 02:47:00,DEV140,debugging,TypeScript,952
IDE07928,2026-08-02 02:47:00,DEV086,idle,SQL,576
IDE00111,2026-08-02 02:48:00,DEV418,debugging,TypeScript,916
IDE08022,2026-08-02 02:49:00,DEV189,terminal,Java,1603
IDE03178,2026-08-02 02:50:00,DEV393,coding,TypeScript,1346
IDE07932,2026-08-02 02:53:00,DEV193,testing,Java,880
IDE00933,2026-08-02 02:55:00,DEV486,file_open,Python,196
IDE03240,2026-08-02 02:57:00,DEV029,terminal,SQL,1207
IDE04558,2026-08-02 02:57:00,DEV240,coding,Java,1622
IDE07524,2026-08-02 02:57:00,DEV153,debugging,SQL,1243
IDE02028,2026-08-02 02:58:00,DEV136,testing,JavaScript,937
IDE02508,2026-08-02 02:58:00,DEV262,coding,JavaScript,699
IDE04586,2026-08-02 03:03:00,DEV360,coding,JavaScript,520
IDE09383,2026-08-02 03:10:00,DEV087,coding,Python,349
IDE03718,2026-08-02 03:12:00,DEV480,terminal,Java,938
IDE02058,2026-08-02 03:13:00,DEV010,file_open,JavaScript,967
IDE04680,2026-08-02 03:14:00,DEV211,debugging,JavaScript,963
IDE02875,2026-08-02 03:15:00,DEV301,file_open,SQL,1153
IDE06909,2026-08-02 03:16:00,DEV266,file_open,Java,1157
IDE00508,2026-08-02 03:17:00,DEV200,debugging,TypeScript,1403
IDE06888,2026-08-02 03:17:00,DEV384,file_open,Python,185
IDE03359,2026-08-02 03:18:00,DEV359,file_open,JavaScript,137
IDE03524,2026-08-02 03:18:00,DEV449,coding,Python,838
IDE06414,2026-08-02 03:19:00,DEV450,coding,Python,1181
IDE04963,2026-08-02 03:21:00,DEV342,terminal,SQL,1201
IDE08008,2026-08-02 03:22:00,DEV064,debugging,SQL,981
IDE08802,2026-08-02 03:24:00,DEV309,debugging,TypeScript,109
IDE05666,2026-08-02 03:25:00,DEV028,idle,Java,1630
IDE06466,2026-08-02 03:25:00,DEV097,file_open,SQL,833
IDE07673,2026-08-02 03:25:00,DEV399,testing,JavaScript,731
IDE09006,2026-08-02 03:25:00,DEV001,coding,JavaScript,1500
IDE06844,2026-08-02 03:26:00,DEV013,file_open,SQL,239
IDE08618,2026-08-02 03:28:00,DEV011,coding,SQL,1633
IDE04554,2026-08-02 03:29:00,DEV299,coding,SQL,1347
IDE04313,2026-08-02 03:35:00,DEV383,coding,TypeScript,68
IDE04800,2026-08-02 03:35:00,DEV245,coding,Java,862
IDE03970,2026-08-02 03:39:00,DEV232,idle,Python,1758
IDE07404,2026-08-02 03:40:00,DEV345,testing,JavaScript,992
IDE03735,2026-08-02 03:43:00,DEV067,terminal,TypeScript,216
IDE06565,2026-08-02 03:46:00,DEV188,file_open,TypeScript,485
IDE01350,2026-08-02 03:48:00,DEV419,testing,JavaScript,1181
IDE09386,2026-08-02 03:54:00,DEV235,terminal,Java,1125
IDE00193,2026-08-02 03:55:00,DEV104,terminal,Java,338
IDE09810,2026-08-02 03:58:00,DEV055,terminal,SQL,1474
IDE01846,2026-08-02 03:59:00,DEV103,terminal,Python,258
IDE01104,2026-08-02 04:00:00,DEV128,testing,TypeScript,1208
IDE07120,2026-08-02 04:05:00,DEV161,file_open,SQL,96
IDE09786,2026-08-02 04:07:00,DEV286,idle,SQL,649
IDE09818,2026-08-02 04:07:00,DEV454,terminal,SQL,697
IDE03601,2026-08-02 04:09:00,DEV032,testing,TypeScript,1380
IDE04196,2026-08-02 04:09:00,DEV262,debugging,TypeScript,748
IDE07679,2026-08-02 04:09:00,DEV402,file_open,Java,297
IDE03886,2026-08-02 04:14:00,DEV256,idle,JavaScript,455
IDE09655,2026-08-02 04:14:00,DEV243,idle,Java,410
IDE08131,2026-08-02 04:15:00,DEV032,debugging,Java,750
IDE01178,2026-08-02 04:17:00,DEV391,idle,Python,368
IDE04544,2026-08-02 04:18:00,DEV480,terminal,Java,1145
IDE04494,2026-08-02 04:27:00,DEV086,coding,TypeScript,1666
IDE05124,2026-08-02 04:30:00,DEV325,terminal,Python,54
IDE01555,2026-08-02 04:33:00,DEV342,testing,Python,833
IDE05767,2026-08-02 04:33:00,DEV431,coding,TypeScript,1322
IDE00426,2026-08-02 04:35:00,DEV106,coding,JavaScript,370
IDE03151,2026-08-02 04:35:00,DEV128,terminal,TypeScript,1416
IDE08364,2026-08-02 04:38:00,DEV102,terminal,JavaScript,1304
IDE02348,2026-08-02 04:39:00,DEV344,terminal,Java,262
IDE05331,2026-08-02 04:40:00,DEV348,coding,JavaScript,578
IDE02777,2026-08-02 04:41:00,DEV122,coding,JavaScript,1402
IDE05038,2026-08-02 04:41:00,DEV149,debugging,Java,1106
IDE02362,2026-08-02 04:44:00,DEV076,coding,JavaScript,1441
IDE04287,2026-08-02 04:45:00,DEV277,testing,SQL,162
IDE05183,2026-08-02 04:45:00,DEV145,testing,Java,1485
IDE04809,2026-08-02 04:49:00,DEV099,idle,JavaScript,698
IDE01629,2026-08-02 04:50:00,DEV429,testing,SQL,1591
IDE00333,2026-08-02 04:51:00,DEV006,testing,JavaScript,425
IDE05733,2026-08-02 04:51:00,DEV155,coding,JavaScript,1612
IDE00420,2026-08-02 04:54:00,DEV110,terminal,Java,954
IDE00670,2026-08-02 04:55:00,DEV161,coding,SQL,1110
IDE09644,2026-08-02 04:55:00,DEV478,idle,TypeScript,198
IDE06657,2026-08-02 04:56:00,DEV279,terminal,Java,221
IDE00149,2026-08-02 04:59:00,DEV325,idle,JavaScript,148
IDE01690,2026-08-02 05:00:00,DEV109,testing,TypeScript,575
IDE07201,2026-08-02 05:01:00,DEV285,file_open,Java,1739
IDE06747,2026-08-02 05:02:00,DEV433,terminal,JavaScript,751
IDE03800,2026-08-02 05:04:00,DEV181,file_open,Java,124
IDE08711,2026-08-02 05:05:00,DEV183,debugging,TypeScript,1797
IDE07073,2026-08-02 05:13:00,DEV186,terminal,Java,1297
IDE01186,2026-08-02 05:15:00,DEV288,testing,Java,68
IDE07626,2026-08-02 05:16:00,DEV046,testing,Java,760
IDE01700,2026-08-02 05:17:00,DEV469,testing,Python,1447
IDE02455,2026-08-02 05:19:00,DEV486,file_open,Python,280
IDE05019,2026-08-02 05:19:00,DEV378,idle,TypeScript,1294
IDE01141,2026-08-02 05:20:00,DEV033,testing,JavaScript,983
IDE08243,2026-08-02 05:20:00,DEV399,idle,SQL,1762
IDE04132,2026-08-02 05:24:00,DEV140,idle,SQL,1357
IDE07582,2026-08-02 05:24:00,DEV369,coding,Java,1250
IDE01493,2026-08-02 05:25:00,DEV045,testing,SQL,1338
IDE02291,2026-08-02 05:30:00,DEV228,coding,SQL,1244
IDE02408,2026-08-02 05:30:00,DEV430,debugging,Python,1476
IDE04746,2026-08-02 05:32:00,DEV126,terminal,Python,1576
IDE00735,2026-08-02 05:33:00,DEV464,terminal,SQL,1505
IDE02049,2026-08-02 05:34:00,DEV224,testing,JavaScript,1079
IDE06153,2026-08-02 05:34:00,DEV244,debugging,Java,1794
IDE06182,2026-08-02 05:34:00,DEV185,testing,JavaScript,259
IDE07730,2026-08-02 05:34:00,DEV106,debugging,TypeScript,914
IDE00846,2026-08-02 05:37:00,DEV477,coding,Java,1189
IDE01336,2026-08-02 05:37:00,DEV219,idle,Java,783
IDE09715,2026-08-02 05:38:00,DEV428,coding,SQL,912
IDE08629,2026-08-02 05:41:00,DEV409,file_open,SQL,1301
IDE05963,2026-08-02 05:45:00,DEV261,coding,JavaScript,849
IDE01194,2026-08-02 05:48:00,DEV455,idle,Java,1753
IDE03637,2026-08-02 05:48:00,DEV008,terminal,Python,1310
IDE00130,2026-08-02 05:49:00,DEV025,terminal,JavaScript,1757
IDE06490,2026-08-02 05:49:00,DEV140,file_open,JavaScript,51
IDE00768,2026-08-02 05:53:00,DEV500,idle,Java,1753
IDE00865,2026-08-02 05:54:00,DEV056,file_open,Python,1163
IDE00360,2026-08-02 05:57:00,DEV056,terminal,Python,54
IDE08223,2026-08-02 05:58:00,DEV314,terminal,SQL,784
IDE06679,2026-08-02 05:59:00,DEV260,file_open,Java,774
IDE02503,2026-08-02 06:01:00,DEV473,idle,SQL,1212
IDE03054,2026-08-02 06:02:00,DEV038,terminal,SQL,1509
IDE09262,2026-08-02 06:05:00,DEV370,terminal,TypeScript,333
IDE01430,2026-08-02 06:09:00,DEV419,coding,JavaScript,97
IDE01044,2026-08-02 06:10:00,DEV479,debugging,JavaScript,1211
IDE09858,2026-08-02 06:10:00,DEV496,idle,Java,1350
IDE03316,2026-08-02 06:15:00,DEV244,file_open,SQL,580
IDE06310,2026-08-02 06:15:00,DEV324,coding,Java,1789
IDE05969,2026-08-02 06:16:00,DEV466,idle,Java,974
IDE00408,2026-08-02 06:18:00,DEV057,file_open,SQL,1682
IDE00654,2026-08-02 06:21:00,DEV422,terminal,JavaScript,1605
IDE01364,2026-08-02 06:22:00,DEV400,idle,Python,832
IDE06829,2026-08-02 06:24:00,DEV361,debugging,SQL,426
IDE01969,2026-08-02 06:26:00,DEV474,debugging,Java,1746
IDE08682,2026-08-02 06:27:00,DEV315,idle,Python,44
IDE07861,2026-08-02 06:28:00,DEV335,idle,Java,1756
IDE05156,2026-08-02 06:29:00,DEV351,testing,SQL,222
IDE09239,2026-08-02 06:33:00,DEV240,debugging,JavaScript,1062
IDE00322,2026-08-02 06:34:00,DEV222,terminal,SQL,692
IDE02496,2026-08-02 06:36:00,DEV198,idle,JavaScript,119
IDE03551,2026-08-02 06:36:00,DEV479,debugging,SQL,277
IDE09107,2026-08-02 06:39:00,DEV438,idle,Python,1093
IDE09971,2026-08-02 06:40:00,DEV145,debugging,Java,723
IDE03481,2026-08-02 06:42:00,DEV336,coding,JavaScript,594
IDE07331,2026-08-02 06:44:00,DEV067,coding,JavaScript,230
IDE04318,2026-08-02 06:45:00,DEV068,debugging,TypeScript,121
IDE06912,2026-08-02 06:47:00,DEV062,debugging,Java,892
IDE09583,2026-08-02 06:49:00,DEV336,idle,JavaScript,1625
IDE08125,2026-08-02 06:51:00,DEV178,testing,Python,613
IDE04930,2026-08-02 06:55:00,DEV233,terminal,SQL,1460
IDE07723,2026-08-02 07:09:00,DEV092,idle,TypeScript,1690
IDE01259,2026-08-02 07:12:00,DEV317,testing,Python,1456
IDE06245,2026-08-02 07:12:00,DEV172,idle,JavaScript,1653
IDE02668,2026-08-02 07:13:00,DEV263,coding,JavaScript,946
IDE06875,2026-08-02 07:14:00,DEV423,debugging,Java,200
IDE06332,2026-08-02 07:16:00,DEV169,idle,Python,1644
IDE05588,2026-08-02 07:18:00,DEV130,file_open,SQL,1128
IDE00379,2026-08-02 07:19:00,DEV424,idle,TypeScript,899
IDE02680,2026-08-02 07:19:00,DEV313,testing,Python,1727
IDE09845,2026-08-02 07:20:00,DEV382,debugging,TypeScript,294
IDE00250,2026-08-02 07:22:00,DEV012,idle,SQL,997
IDE01014,2026-08-02 07:23:00,DEV130,file_open,Python,1065
IDE02127,2026-08-02 07:25:00,DEV282,testing,SQL,1455
IDE03241,2026-08-02 07:25:00,DEV309,debugging,Python,1610
IDE04045,2026-08-02 07:25:00,DEV190,file_open,SQL,381
IDE00942,2026-08-02 07:29:00,DEV135,idle,TypeScript,864
IDE00167,2026-08-02 07:31:00,DEV319,testing,Java,1752
IDE03679,2026-08-02 07:32:00,DEV462,testing,Python,1001
IDE03653,2026-08-02 07:34:00,DEV348,terminal,TypeScript,1255
IDE08290,2026-08-02 07:35:00,DEV154,terminal,TypeScript,1585
IDE00059,2026-08-02 07:36:00,DEV187,debugging,SQL,909
IDE05567,2026-08-02 07:39:00,DEV441,coding,Java,1248
IDE09277,2026-08-02 07:40:00,DEV274,file_open,TypeScript,1046
IDE09716,2026-08-02 07:40:00,DEV008,debugging,TypeScript,1633
IDE03021,2026-08-02 07:43:00,DEV341,idle,SQL,1031
IDE06052,2026-08-02 07:43:00,DEV019,file_open,SQL,1685
IDE02728,2026-08-02 07:46:00,DEV006,terminal,SQL,207
IDE02701,2026-08-02 07:47:00,DEV165,file_open,Python,958
IDE09629,2026-08-02 07:47:00,DEV356,testing,TypeScript,1743
IDE03346,2026-08-02 07:48:00,DEV320,testing,SQL,1609
IDE09657,2026-08-02 07:53:00,DEV469,terminal,JavaScript,1620
IDE06104,2026-08-02 07:54:00,DEV330,terminal,Python,442
IDE06377,2026-08-02 07:55:00,DEV166,coding,SQL,957
IDE00091,2026-08-02 07:57:00,DEV248,terminal,Java,1377
IDE06426,2026-08-02 07:58:00,DEV051,file_open,TypeScript,1172
IDE07400,2026-08-02 07:59:00,DEV094,debugging,JavaScript,475
IDE04652,2026-08-02 08:03:00,DEV136,coding,Python,1657
IDE07243,2026-08-02 08:03:00,DEV480,terminal,JavaScript,1631
IDE07691,2026-08-02 08:03:00,DEV454,coding,JavaScript,1063
IDE00954,2026-08-02 08:05:00,DEV357,file_open,JavaScript,1440
IDE05648,2026-08-02 08:11:00,DEV180,terminal,JavaScript,814
IDE05968,2026-08-02 08:11:00,DEV072,testing,TypeScript,1710
IDE07790,2026-08-02 08:12:00,DEV165,testing,TypeScript,408
IDE06812,2026-08-02 08:17:00,DEV123,terminal,TypeScript,978
IDE02767,2026-08-02 08:18:00,DEV125,idle,JavaScript,1442
IDE06081,2026-08-02 08:18:00,DEV300,idle,Python,1382
IDE01698,2026-08-02 08:19:00,DEV221,testing,Python,1345
IDE01512,2026-08-02 08:27:00,DEV187,idle,Python,1363
IDE01748,2026-08-02 08:33:00,DEV076,testing,SQL,716
IDE05688,2026-08-02 08:33:00,DEV305,file_open,SQL,581
IDE08096,2026-08-02 08:35:00,DEV268,debugging,Python,77
IDE09945,2026-08-02 08:36:00,DEV499,terminal,Python,713
IDE03343,2026-08-02 08:37:00,DEV255,idle,TypeScript,694
IDE01971,2026-08-02 08:39:00,DEV182,file_open,Java,859
IDE06841,2026-08-02 08:39:00,DEV136,testing,Java,750
IDE01622,2026-08-02 08:41:00,DEV198,idle,SQL,1394
IDE01999,2026-08-02 08:41:00,DEV143,terminal,SQL,1459
IDE03250,2026-08-02 08:41:00,DEV231,debugging,TypeScript,510
IDE07659,2026-08-02 08:45:00,DEV055,idle,TypeScript,1508
IDE08646,2026-08-02 08:46:00,DEV245,idle,JavaScript,1089
IDE01195,2026-08-02 08:49:00,DEV156,file_open,Python,745
IDE05333,2026-08-02 08:50:00,DEV381,testing,Python,1355
IDE09227,2026-08-02 08:53:00,DEV229,file_open,Java,1182
IDE04689,2026-08-02 08:54:00,DEV483,coding,JavaScript,577
IDE04413,2026-08-02 08:55:00,DEV372,debugging,Java,31
IDE02799,2026-08-02 08:56:00,DEV405,terminal,TypeScript,841
IDE06121,2026-08-02 09:04:00,DEV370,idle,TypeScript,250
IDE09561,2026-08-02 09:06:00,DEV327,terminal,TypeScript,516
IDE08645,2026-08-02 09:07:00,DEV027,testing,Java,112
IDE01228,2026-08-02 09:13:00,DEV227,coding,Java,363
IDE07138,2026-08-02 09:16:00,DEV475,idle,SQL,1572
IDE01851,2026-08-02 09:19:00,DEV210,file_open,JavaScript,1295
IDE05933,2026-08-02 09:19:00,DEV465,testing,JavaScript,745
IDE07455,2026-08-02 09:21:00,DEV118,idle,TypeScript,163
IDE00656,2026-08-02 09:22:00,DEV164,testing,Java,301
IDE05377,2026-08-02 09:23:00,DEV249,file_open,Java,577
IDE00968,2026-08-02 09:25:00,DEV004,testing,JavaScript,1582
IDE02036,2026-08-02 09:26:00,DEV188,idle,Java,1547
IDE03743,2026-08-02 09:28:00,DEV277,debugging,TypeScript,1787
IDE08588,2026-08-02 09:29:00,DEV272,testing,Java,1177
IDE03326,2026-08-02 09:31:00,DEV185,idle,JavaScript,667
IDE05493,2026-08-02 09:38:00,DEV232,file_open,Python,973
IDE08376,2026-08-02 09:38:00,DEV340,file_open,TypeScript,746
IDE05428,2026-08-02 09:42:00,DEV091,testing,Python,1402
IDE09231,2026-08-02 09:43:00,DEV119,testing,JavaScript,877
IDE00800,2026-08-02 09:44:00,DEV019,file_open,TypeScript,1635
IDE05707,2026-08-02 09:48:00,DEV209,idle,Java,1715
IDE04789,2026-08-02 09:51:00,DEV021,idle,Python,498
IDE07677,2026-08-02 09:51:00,DEV299,testing,TypeScript,1264
IDE09135,2026-08-02 09:53:00,DEV447,debugging,JavaScript,1363
IDE03426,2026-08-02 09:58:00,DEV046,idle,Python,139
IDE05290,2026-08-02 10:00:00,DEV386,terminal,Java,1563
IDE09026,2026-08-02 10:01:00,DEV264,testing,TypeScript,319
IDE00429,2026-08-02 10:03:00,DEV125,terminal,TypeScript,1075
IDE02331,2026-08-02 10:04:00,DEV120,debugging,JavaScript,49
IDE07956,2026-08-02 10:14:00,DEV269,testing,Java,1094
IDE08306,2026-08-02 10:14:00,DEV110,coding,TypeScript,196
IDE01129,2026-08-02 10:15:00,DEV174,idle,SQL,1781
IDE05512,2026-08-02 10:16:00,DEV445,testing,SQL,1491
IDE02713,2026-08-02 10:18:00,DEV420,coding,Java,584
IDE03672,2026-08-02 10:19:00,DEV154,idle,Java,614
IDE00142,2026-08-02 10:22:00,DEV334,terminal,Python,1265
IDE08521,2026-08-02 10:23:00,DEV174,terminal,TypeScript,1421
IDE03369,2026-08-02 10:26:00,DEV261,terminal,SQL,1766
IDE05789,2026-08-02 10:31:00,DEV179,file_open,Python,1750
IDE02558,2026-08-02 10:34:00,DEV367,testing,Python,1274
IDE06185,2026-08-02 10:34:00,DEV394,debugging,TypeScript,594
IDE06546,2026-08-02 10:39:00,DEV228,coding,JavaScript,1674
IDE05955,2026-08-02 10:43:00,DEV189,coding,Java,370
IDE08129,2026-08-02 10:43:00,DEV279,debugging,Python,210
IDE08074,2026-08-02 10:46:00,DEV478,coding,SQL,1464
IDE00838,2026-08-02 10:48:00,DEV162,testing,Java,427
IDE05540,2026-08-02 10:48:00,DEV093,terminal,SQL,1156
IDE02480,2026-08-02 10:51:00,DEV386,testing,Python,1602
IDE03214,2026-08-02 10:52:00,DEV446,file_open,TypeScript,286
IDE09229,2026-08-02 10:53:00,DEV191,file_open,SQL,802
IDE07325,2026-08-02 10:56:00,DEV268,testing,TypeScript,1486
IDE08752,2026-08-02 10:58:00,DEV355,debugging,Java,277
IDE05529,2026-08-02 11:01:00,DEV391,idle,JavaScript,163
IDE07946,2026-08-02 11:02:00,DEV123,debugging,JavaScript,614
IDE03308,2026-08-02 11:04:00,DEV041,terminal,TypeScript,812
IDE00599,2026-08-02 11:07:00,DEV321,coding,Python,596
IDE03352,2026-08-02 11:08:00,DEV252,testing,TypeScript,724
IDE06120,2026-08-02 11:09:00,DEV189,debugging,Java,280
IDE00650,2026-08-02 11:12:00,DEV190,idle,Python,1617
IDE08282,2026-08-02 11:17:00,DEV086,debugging,SQL,1380
IDE04158,2026-08-02 11:18:00,DEV200,idle,Java,1642
IDE00500,2026-08-02 11:19:00,DEV060,testing,TypeScript,1069
IDE00404,2026-08-02 11:20:00,DEV037,testing,JavaScript,664
IDE04101,2026-08-02 11:21:00,DEV103,file_open,Python,1028
IDE06452,2026-08-02 11:21:00,DEV361,coding,TypeScript,266
IDE06914,2026-08-02 11:28:00,DEV336,file_open,SQL,824
IDE07408,2026-08-02 11:28:00,DEV305,terminal,Python,254
IDE06149,2026-08-02 11:29:00,DEV395,file_open,Python,976
IDE01419,2026-08-02 11:33:00,DEV041,file_open,TypeScript,1151
IDE08459,2026-08-02 11:35:00,DEV223,idle,Python,337
IDE05796,2026-08-02 11:36:00,DEV063,testing,JavaScript,81
IDE01313,2026-08-02 11:37:00,DEV266,debugging,SQL,1716
IDE02559,2026-08-02 11:37:00,DEV297,file_open,TypeScript,1194
IDE00485,2026-08-02 11:39:00,DEV173,testing,Python,736
IDE01641,2026-08-02 11:40:00,DEV242,testing,SQL,698
IDE06047,2026-08-02 11:42:00,DEV383,idle,Python,898
IDE03782,2026-08-02 11:43:00,DEV271,coding,JavaScript,1451
IDE09282,2026-08-02 11:46:00,DEV188,coding,Java,196
IDE00881,2026-08-02 11:52:00,DEV475,file_open,Java,764
IDE01597,2026-08-02 11:55:00,DEV033,coding,TypeScript,1712
IDE03863,2026-08-02 11:57:00,DEV272,terminal,Python,1747
IDE08172,2026-08-02 11:57:00,DEV223,idle,JavaScript,399
IDE02589,2026-08-02 11:58:00,DEV283,terminal,JavaScript,1722
IDE05080,2026-08-02 12:00:00,DEV036,testing,SQL,757
IDE08800,2026-08-02 12:00:00,DEV218,terminal,Java,233
IDE03726,2026-08-02 12:01:00,DEV169,file_open,TypeScript,51
IDE03166,2026-08-02 12:05:00,DEV107,testing,JavaScript,668
IDE04204,2026-08-02 12:08:00,DEV233,idle,Python,810
IDE07382,2026-08-02 12:10:00,DEV332,file_open,Java,1586
IDE07257,2026-08-02 12:12:00,DEV186,idle,Java,1084
IDE01391,2026-08-02 12:13:00,DEV455,debugging,Python,1547
IDE09312,2026-08-02 12:13:00,DEV099,idle,SQL,1307
IDE05102,2026-08-02 12:14:00,DEV133,debugging,TypeScript,666
IDE08014,2026-08-02 12:14:00,DEV226,file_open,SQL,651
IDE07066,2026-08-02 12:16:00,DEV138,terminal,TypeScript,680
IDE08774,2026-08-02 12:16:00,DEV059,debugging,SQL,253
IDE09967,2026-08-02 12:16:00,DEV315,terminal,SQL,35
IDE04224,2026-08-02 12:17:00,DEV138,idle,SQL,396
IDE01026,2026-08-02 12:20:00,DEV346,testing,Python,544
IDE04733,2026-08-02 12:21:00,DEV451,idle,Java,1739
IDE03618,2026-08-02 12:24:00,DEV106,file_open,Python,1243
IDE07799,2026-08-02 12:24:00,DEV491,coding,Java,813
IDE07991,2026-08-02 12:24:00,DEV390,terminal,Python,1291
IDE02382,2026-08-02 12:26:00,DEV276,idle,Python,916
IDE03861,2026-08-02 12:26:00,DEV249,file_open,JavaScript,1004
IDE01116,2026-08-02 12:28:00,DEV481,debugging,JavaScript,730
IDE04794,2026-08-02 12:28:00,DEV258,coding,SQL,759
IDE03167,2026-08-02 12:30:00,DEV107,coding,Java,1577
IDE04436,2026-08-02 12:32:00,DEV416,idle,Java,37
IDE03920,2026-08-02 12:36:00,DEV420,terminal,Python,173
IDE08506,2026-08-02 12:36:00,DEV145,debugging,SQL,1513
IDE00394,2026-08-02 12:39:00,DEV088,testing,JavaScript,383
IDE06317,2026-08-02 12:40:00,DEV028,file_open,TypeScript,1053
IDE06395,2026-08-02 12:40:00,DEV199,coding,SQL,278
IDE07535,2026-08-02 12:42:00,DEV071,coding,TypeScript,444
IDE00362,2026-08-02 12:44:00,DEV121,idle,JavaScript,391
IDE00689,2026-08-02 12:52:00,DEV153,debugging,Python,358
IDE07134,2026-08-02 12:54:00,DEV334,testing,TypeScript,1229
IDE04477,2026-08-02 12:55:00,DEV394,testing,Java,1260
IDE05007,2026-08-02 12:55:00,DEV318,file_open,JavaScript,962
IDE05296,2026-08-02 12:56:00,DEV044,testing,JavaScript,1495
IDE07192,2026-08-02 12:56:00,DEV425,terminal,Python,1461
IDE05622,2026-08-02 13:00:00,DEV068,testing,SQL,1023
IDE07742,2026-08-02 13:01:00,DEV304,file_open,TypeScript,869
IDE01817,2026-08-02 13:06:00,DEV032,testing,TypeScript,483
IDE03564,2026-08-02 13:07:00,DEV029,testing,SQL,1395
IDE03407,2026-08-02 13:10:00,DEV352,coding,Python,1777
IDE03628,2026-08-02 13:10:00,DEV034,idle,Java,107
IDE04826,2026-08-02 13:20:00,DEV170,terminal,Python,980
IDE05566,2026-08-02 13:20:00,DEV275,coding,Python,1001
IDE08877,2026-08-02 13:22:00,DEV114,file_open,SQL,1251
IDE07271,2026-08-02 13:23:00,DEV049,idle,SQL,1164
IDE09765,2026-08-02 13:23:00,DEV098,idle,Java,1400
IDE05609,2026-08-02 13:24:00,DEV134,coding,SQL,783
IDE08447,2026-08-02 13:24:00,DEV227,idle,JavaScript,1022
IDE09892,2026-08-02 13:31:00,DEV460,terminal,TypeScript,1695
IDE00636,2026-08-02 13:32:00,DEV032,terminal,TypeScript,295
IDE05061,2026-08-02 13:33:00,DEV075,debugging,SQL,1503
IDE09201,2026-08-02 13:36:00,DEV064,debugging,JavaScript,187
IDE06522,2026-08-02 13:37:00,DEV412,coding,TypeScript,1227
IDE04649,2026-08-02 13:38:00,DEV333,terminal,TypeScript,1757
IDE07075,2026-08-02 13:45:00,DEV184,coding,Python,228
IDE08013,2026-08-02 13:45:00,DEV195,file_open,Java,471
IDE02992,2026-08-02 13:47:00,DEV484,testing,Java,742
IDE06458,2026-08-02 13:47:00,DEV122,debugging,Python,760
IDE03997,2026-08-02 13:48:00,DEV004,coding,SQL,1033
IDE01703,2026-08-02 13:49:00,DEV208,terminal,JavaScript,569
IDE05501,2026-08-02 13:50:00,DEV108,debugging,SQL,51
IDE05557,2026-08-02 13:53:00,DEV097,testing,SQL,1158
IDE02555,2026-08-02 14:02:00,DEV376,testing,Python,1590
IDE03919,2026-08-02 14:04:00,DEV075,testing,Java,746
IDE01950,2026-08-02 14:09:00,DEV265,file_open,Java,1607
IDE04697,2026-08-02 14:11:00,DEV398,terminal,SQL,1654
IDE09119,2026-08-02 14:11:00,DEV089,file_open,TypeScript,1361
IDE06837,2026-08-02 14:12:00,DEV059,file_open,TypeScript,734
IDE09740,2026-08-02 14:13:00,DEV289,coding,TypeScript,246
IDE02952,2026-08-02 14:16:00,DEV409,testing,SQL,659
IDE04836,2026-08-02 14:17:00,DEV224,coding,Python,1634
IDE00721,2026-08-02 14:19:00,DEV228,testing,Java,1433
IDE02538,2026-08-02 14:19:00,DEV233,idle,SQL,1762
IDE01269,2026-08-02 14:21:00,DEV292,coding,Java,1749
IDE09777,2026-08-02 14:23:00,DEV049,file_open,SQL,1731
IDE01340,2026-08-02 14:25:00,DEV187,idle,SQL,637
IDE09426,2026-08-02 14:26:00,DEV152,testing,Java,1257
IDE04297,2026-08-02 14:32:00,DEV369,terminal,SQL,644
IDE03160,2026-08-02 14:37:00,DEV216,testing,Java,167
IDE05310,2026-08-02 14:41:00,DEV336,debugging,SQL,720
IDE09886,2026-08-02 14:42:00,DEV484,debugging,TypeScript,1123
IDE00495,2026-08-02 14:45:00,DEV001,file_open,SQL,865
IDE07505,2026-08-02 14:50:00,DEV246,testing,TypeScript,437
IDE01954,2026-08-02 14:52:00,DEV090,idle,TypeScript,389
IDE09209,2026-08-02 14:57:00,DEV144,idle,Java,1667
IDE09622,2026-08-02 14:57:00,DEV447,file_open,TypeScript,225
IDE07362,2026-08-02 14:58:00,DEV411,testing,Python,311
IDE04294,2026-08-02 15:00:00,DEV143,testing,TypeScript,447
IDE07990,2026-08-02 15:01:00,DEV103,idle,SQL,946
IDE08003,2026-08-02 15:01:00,DEV456,coding,Python,1613
IDE01328,2026-08-02 15:03:00,DEV139,terminal,TypeScript,540
IDE03521,2026-08-02 15:03:00,DEV257,file_open,TypeScript,975
IDE04914,2026-08-02 15:03:00,DEV413,testing,Python,1292
IDE08593,2026-08-02 15:04:00,DEV213,file_open,TypeScript,545
IDE02392,2026-08-02 15:05:00,DEV275,testing,JavaScript,306
IDE09923,2026-08-02 15:08:00,DEV076,file_open,SQL,1318
IDE06830,2026-08-02 15:10:00,DEV463,file_open,Java,1720
IDE03915,2026-08-02 15:12:00,DEV384,idle,Java,959
IDE01503,2026-08-02 15:14:00,DEV268,debugging,SQL,619
IDE05892,2026-08-02 15:18:00,DEV189,debugging,SQL,1005
IDE09875,2026-08-02 15:18:00,DEV489,file_open,JavaScript,1001
IDE02492,2026-08-02 15:19:00,DEV474,idle,Python,673
IDE05453,2026-08-02 15:19:00,DEV329,debugging,TypeScript,100
IDE07366,2026-08-02 15:20:00,DEV457,coding,Java,1188
IDE09643,2026-08-02 15:20:00,DEV427,debugging,TypeScript,534
IDE05694,2026-08-02 15:21:00,DEV492,coding,Python,459
IDE08578,2026-08-02 15:21:00,DEV339,idle,Java,78
IDE06803,2026-08-02 15:30:00,DEV447,file_open,JavaScript,872
IDE07027,2026-08-02 15:34:00,DEV397,terminal,Java,1254
IDE04063,2026-08-02 15:35:00,DEV276,file_open,JavaScript,1315
IDE02196,2026-08-02 15:36:00,DEV430,testing,Java,1788
IDE01486,2026-08-02 15:37:00,DEV335,idle,Python,508
IDE01993,2026-08-02 15:43:00,DEV427,file_open,TypeScript,826
IDE04872,2026-08-02 15:43:00,DEV137,debugging,Python,502
IDE03790,2026-08-02 15:44:00,DEV462,terminal,Java,651
IDE06782,2026-08-02 15:45:00,DEV023,idle,Java,930
IDE01651,2026-08-02 15:47:00,DEV237,terminal,Java,478
IDE08270,2026-08-02 15:47:00,DEV094,file_open,TypeScript,1404
IDE04633,2026-08-02 15:48:00,DEV189,idle,TypeScript,1299
IDE08662,2026-08-02 15:48:00,DEV022,terminal,JavaScript,1583
IDE02044,2026-08-02 15:51:00,DEV147,coding,Python,1710
IDE04258,2026-08-02 15:53:00,DEV085,testing,SQL,1624
IDE07039,2026-08-02 15:53:00,DEV369,coding,SQL,819
IDE08381,2026-08-02 15:54:00,DEV462,testing,Python,1692
IDE09358,2026-08-02 15:56:00,DEV459,testing,Python,1251
IDE01764,2026-08-02 16:00:00,DEV204,testing,SQL,1055
IDE05076,2026-08-02 16:00:00,DEV073,coding,Java,1481
IDE07893,2026-08-02 16:03:00,DEV201,idle,Java,802
IDE02037,2026-08-02 16:04:00,DEV018,idle,SQL,925
IDE04956,2026-08-02 16:05:00,DEV156,file_open,JavaScript,1263
IDE06639,2026-08-02 16:05:00,DEV426,idle,JavaScript,1174
IDE09393,2026-08-02 16:05:00,DEV377,debugging,SQL,1521
IDE00921,2026-08-02 16:07:00,DEV455,file_open,SQL,747
IDE01085,2026-08-02 16:11:00,DEV018,coding,SQL,680
IDE05055,2026-08-02 16:11:00,DEV125,file_open,SQL,674
IDE09296,2026-08-02 16:20:00,DEV059,idle,SQL,63
IDE02878,2026-08-02 16:26:00,DEV037,coding,Java,406
IDE04821,2026-08-02 16:28:00,DEV380,debugging,TypeScript,1106
IDE01345,2026-08-02 16:32:00,DEV302,coding,TypeScript,78
IDE06839,2026-08-02 16:33:00,DEV370,coding,Python,303
IDE02050,2026-08-02 16:36:00,DEV099,debugging,Java,685
IDE01903,2026-08-02 16:37:00,DEV346,coding,TypeScript,825
IDE04466,2026-08-02 16:37:00,DEV319,idle,TypeScript,1535
IDE00516,2026-08-02 16:38:00,DEV264,idle,SQL,1106
IDE05535,2026-08-02 16:41:00,DEV184,file_open,Python,558
IDE05303,2026-08-02 16:42:00,DEV486,idle,SQL,1287
IDE03641,2026-08-02 16:43:00,DEV493,terminal,TypeScript,93
IDE07023,2026-08-02 16:44:00,DEV143,idle,TypeScript,1760
IDE08751,2026-08-02 16:45:00,DEV030,debugging,JavaScript,1597
IDE02086,2026-08-02 16:50:00,DEV079,testing,TypeScript,1045
IDE06642,2026-08-02 16:52:00,DEV272,terminal,Python,1542
IDE07235,2026-08-02 17:00:00,DEV021,testing,Java,1653
IDE00370,2026-08-02 17:05:00,DEV149,file_open,TypeScript,1103
IDE05332,2026-08-02 17:08:00,DEV094,coding,Python,1608
IDE08893,2026-08-02 17:08:00,DEV351,coding,SQL,724
IDE06673,2026-08-02 17:12:00,DEV153,coding,TypeScript,1145
IDE06949,2026-08-02 17:14:00,DEV438,testing,Python,141
IDE03675,2026-08-02 17:18:00,DEV264,testing,Java,917
IDE04309,2026-08-02 17:18:00,DEV073,debugging,Python,1381
IDE00705,2026-08-02 17:20:00,DEV285,file_open,SQL,610
IDE00020,2026-08-02 17:22:00,DEV222,coding,Java,1000
IDE04417,2026-08-02 17:23:00,DEV415,debugging,Python,183
IDE07680,2026-08-02 17:23:00,DEV034,debugging,SQL,208
IDE02527,2026-08-02 17:24:00,DEV162,coding,JavaScript,1138
IDE06650,2026-08-02 17:25:00,DEV122,file_open,TypeScript,1648
IDE07054,2026-08-02 17:29:00,DEV161,terminal,TypeScript,1475
IDE02908,2026-08-02 17:30:00,DEV184,testing,TypeScript,262
IDE03808,2026-08-02 17:30:00,DEV428,coding,Java,216
IDE04647,2026-08-02 17:30:00,DEV487,idle,SQL,1112
IDE09504,2026-08-02 17:30:00,DEV330,terminal,Java,1344
IDE09920,2026-08-02 17:35:00,DEV198,debugging,Python,543
IDE07379,2026-08-02 17:38:00,DEV379,debugging,TypeScript,741
IDE08627,2026-08-02 17:44:00,DEV271,file_open,SQL,1579
IDE01230,2026-08-02 17:45:00,DEV479,terminal,Java,613
IDE01294,2026-08-02 17:47:00,DEV217,testing,TypeScript,1616
IDE01648,2026-08-02 17:47:00,DEV468,terminal,Python,1556
IDE07247,2026-08-02 18:00:00,DEV068,file_open,JavaScript,124
IDE05579,2026-08-02 18:03:00,DEV458,file_open,Python,80
IDE00830,2026-08-02 18:04:00,DEV111,file_open,Python,1726
IDE05631,2026-08-02 18:04:00,DEV047,file_open,SQL,1072
IDE08665,2026-08-02 18:06:00,DEV384,terminal,SQL,368
IDE00834,2026-08-02 18:08:00,DEV299,debugging,TypeScript,1008
IDE00025,2026-08-02 18:11:00,DEV144,terminal,TypeScript,162
IDE05720,2026-08-02 18:12:00,DEV499,coding,JavaScript,1056
IDE01441,2026-08-02 18:15:00,DEV392,terminal,SQL,1759
IDE04452,2026-08-02 18:15:00,DEV189,coding,Java,426
IDE04691,2026-08-02 18:16:00,DEV073,file_open,Python,1556
IDE08696,2026-08-02 18:17:00,DEV396,terminal,Python,565
IDE09709,2026-08-02 18:20:00,DEV299,terminal,SQL,433
IDE06751,2026-08-02 18:23:00,DEV209,coding,Java,271
IDE03846,2026-08-02 18:26:00,DEV164,terminal,TypeScript,1437
IDE07460,2026-08-02 18:27:00,DEV438,coding,SQL,750
IDE02742,2026-08-02 18:37:00,DEV416,coding,Java,569
IDE03611,2026-08-02 18:37:00,DEV186,testing,Java,67
IDE09686,2026-08-02 18:39:00,DEV054,file_open,SQL,210
IDE00478,2026-08-02 18:40:00,DEV289,coding,JavaScript,669
IDE03774,2026-08-02 18:40:00,DEV484,debugging,Java,1684
IDE03930,2026-08-02 18:42:00,DEV105,debugging,TypeScript,1025
IDE03664,2026-08-02 18:43:00,DEV474,testing,Java,558
IDE05334,2026-08-02 18:44:00,DEV412,testing,Python,363
IDE06220,2026-08-02 18:49:00,DEV458,coding,TypeScript,276
IDE08454,2026-08-02 18:49:00,DEV284,file_open,Python,1149
IDE00070,2026-08-02 18:50:00,DEV456,debugging,Java,84
IDE08923,2026-08-02 18:54:00,DEV029,testing,TypeScript,1077
IDE00803,2026-08-02 19:00:00,DEV031,testing,JavaScript,1367
IDE02987,2026-08-02 19:03:00,DEV297,file_open,SQL,766
IDE03568,2026-08-02 19:05:00,DEV260,terminal,SQL,1270
IDE07716,2026-08-02 19:10:00,DEV270,debugging,TypeScript,1524
IDE03736,2026-08-02 19:11:00,DEV483,coding,JavaScript,206
IDE06884,2026-08-02 19:11:00,DEV161,testing,Python,1126
IDE07706,2026-08-02 19:13:00,DEV095,testing,Java,1528
IDE02368,2026-08-02 19:14:00,DEV495,idle,SQL,666
IDE05057,2026-08-02 19:19:00,DEV345,coding,Python,1617
IDE09153,2026-08-02 19:22:00,DEV439,file_open,TypeScript,1657
IDE07710,2026-08-02 19:25:00,DEV128,testing,TypeScript,1247
IDE02098,2026-08-02 19:27:00,DEV088,debugging,TypeScript,972
IDE02712,2026-08-02 19:29:00,DEV261,testing,Java,1498
IDE02158,2026-08-02 19:32:00,DEV336,idle,JavaScript,692
IDE09672,2026-08-02 19:32:00,DEV196,file_open,Java,725
IDE05749,2026-08-02 19:38:00,DEV119,testing,SQL,221
IDE01380,2026-08-02 19:39:00,DEV388,idle,Python,375
IDE07076,2026-08-02 19:41:00,DEV150,testing,Java,225
IDE09687,2026-08-02 19:43:00,DEV429,coding,JavaScript,281
IDE04174,2026-08-02 19:44:00,DEV374,terminal,Python,1583
IDE05107,2026-08-02 19:50:00,DEV091,testing,SQL,588
IDE03826,2026-08-02 19:51:00,DEV185,idle,Java,1693
IDE02132,2026-08-02 19:52:00,DEV124,debugging,JavaScript,985
IDE04320,2026-08-02 19:53:00,DEV161,coding,TypeScript,957
IDE09100,2026-08-02 19:54:00,DEV325,coding,Java,1542
IDE02149,2026-08-02 19:55:00,DEV498,debugging,SQL,1466
IDE03200,2026-08-02 19:55:00,DEV227,testing,Python,1785
IDE02704,2026-08-02 19:57:00,DEV490,coding,Java,1231
IDE04726,2026-08-02 19:58:00,DEV018,idle,Python,479
IDE00835,2026-08-02 20:04:00,DEV369,idle,Python,623
IDE01819,2026-08-02 20:09:00,DEV151,file_open,SQL,795
IDE02635,2026-08-02 20:11:00,DEV008,coding,JavaScript,706
IDE01440,2026-08-02 20:19:00,DEV123,testing,TypeScript,580
IDE02863,2026-08-02 20:21:00,DEV277,file_open,TypeScript,1726
IDE01172,2026-08-02 20:25:00,DEV361,debugging,JavaScript,1638
IDE07872,2026-08-02 20:29:00,DEV026,file_open,SQL,602
IDE03245,2026-08-02 20:30:00,DEV084,terminal,Python,1365
IDE09697,2026-08-02 20:31:00,DEV167,file_open,Python,713
IDE06208,2026-08-02 20:32:00,DEV151,debugging,Python,968
IDE01018,2026-08-02 20:33:00,DEV286,file_open,JavaScript,394
IDE01628,2026-08-02 20:33:00,DEV328,terminal,Java,1201
IDE08224,2026-08-02 20:33:00,DEV481,testing,Java,541
IDE02661,2026-08-02 20:34:00,DEV378,debugging,Java,738
IDE08195,2026-08-02 20:38:00,DEV458,idle,Java,1465
IDE01529,2026-08-02 20:39:00,DEV480,debugging,JavaScript,809
IDE09902,2026-08-02 20:42:00,DEV412,terminal,TypeScript,697
IDE03126,2026-08-02 20:43:00,DEV499,testing,Java,671
IDE05144,2026-08-02 20:43:00,DEV198,idle,JavaScript,401
IDE05747,2026-08-02 20:43:00,DEV377,terminal,JavaScript,1497
IDE01318,2026-08-02 20:44:00,DEV230,idle,JavaScript,1446
IDE07022,2026-08-02 20:44:00,DEV213,testing,Python,1136
IDE06162,2026-08-02 20:48:00,DEV474,testing,Java,436
IDE07356,2026-08-02 20:52:00,DEV209,debugging,JavaScript,599
IDE07116,2026-08-02 20:55:00,DEV370,debugging,Python,965
IDE02782,2026-08-02 20:58:00,DEV092,testing,TypeScript,1685
IDE02629,2026-08-02 20:59:00,DEV472,testing,TypeScript,981
IDE09317,2026-08-02 20:59:00,DEV382,testing,SQL,1467
IDE07392,2026-08-02 21:01:00,DEV235,terminal,Python,1102
IDE04114,2026-08-02 21:03:00,DEV265,debugging,Python,440
IDE04154,2026-08-02 21:04:00,DEV275,debugging,SQL,329
IDE08274,2026-08-02 21:16:00,DEV378,testing,SQL,1638
IDE09830,2026-08-02 21:21:00,DEV202,testing,TypeScript,1193
IDE02095,2026-08-02 21:24:00,DEV048,testing,SQL,982
IDE03205,2026-08-02 21:25:00,DEV413,idle,Python,200
IDE01701,2026-08-02 21:26:00,DEV370,terminal,JavaScript,1385
IDE03353,2026-08-02 21:27:00,DEV422,terminal,JavaScript,387
IDE07767,2026-08-02 21:27:00,DEV364,testing,Java,715
IDE06946,2026-08-02 21:28:00,DEV103,coding,Java,246
IDE07973,2026-08-02 21:35:00,DEV171,coding,TypeScript,262
IDE09794,2026-08-02 21:37:00,DEV181,idle,TypeScript,1104
IDE06761,2026-08-02 21:38:00,DEV185,terminal,JavaScript,709
IDE00655,2026-08-02 21:39:00,DEV497,coding,Java,335
IDE03872,2026-08-02 21:42:00,DEV011,coding,Python,979
IDE01518,2026-08-02 21:45:00,DEV235,file_open,Java,313
IDE08789,2026-08-02 21:46:00,DEV108,testing,SQL,1330
IDE08941,2026-08-02 21:46:00,DEV476,coding,TypeScript,1481
IDE04356,2026-08-02 21:47:00,DEV296,debugging,SQL,1546
IDE09469,2026-08-02 21:47:00,DEV311,coding,JavaScript,1198
IDE00180,2026-08-02 21:48:00,DEV244,coding,JavaScript,878
IDE02135,2026-08-02 21:48:00,DEV017,testing,Python,79
IDE03121,2026-08-02 21:48:00,DEV356,terminal,Java,1432
IDE07877,2026-08-02 21:49:00,DEV436,file_open,SQL,1295
IDE07246,2026-08-02 21:50:00,DEV392,testing,TypeScript,712
IDE04433,2026-08-02 21:52:00,DEV065,testing,Java,1039
IDE03559,2026-08-02 21:56:00,DEV370,debugging,SQL,1173
IDE03670,2026-08-02 21:56:00,DEV043,idle,Java,787
IDE08192,2026-08-02 21:56:00,DEV254,debugging,Java,1770
IDE08750,2026-08-02 21:56:00,DEV031,file_open,TypeScript,1132
IDE08198,2026-08-02 21:57:00,DEV427,testing,Python,987
IDE03228,2026-08-02 21:58:00,DEV465,debugging,Java,994
IDE07457,2026-08-02 21:58:00,DEV253,idle,JavaScript,160
IDE03310,2026-08-02 21:59:00,DEV062,testing,SQL,1369
IDE00844,2026-08-02 22:02:00,DEV190,coding,SQL,133
IDE08834,2026-08-02 22:06:00,DEV110,idle,Python,1617
IDE05116,2026-08-02 22:07:00,DEV189,coding,JavaScript,687
IDE08180,2026-08-02 22:13:00,DEV348,terminal,TypeScript,35
IDE01171,2026-08-02 22:15:00,DEV020,idle,SQL,704
IDE06996,2026-08-02 22:16:00,DEV318,idle,Python,676
IDE08674,2026-08-02 22:16:00,DEV439,terminal,TypeScript,357
IDE04039,2026-08-02 22:17:00,DEV269,file_open,JavaScript,724
IDE04738,2026-08-02 22:19:00,DEV190,file_open,JavaScript,1404
IDE05683,2026-08-02 22:19:00,DEV438,testing,JavaScript,122
IDE04367,2026-08-02 22:23:00,DEV145,idle,SQL,1141
IDE00672,2026-08-02 22:32:00,DEV317,idle,TypeScript,1740
IDE02938,2026-08-02 22:36:00,DEV094,debugging,Python,204
IDE05837,2026-08-02 22:37:00,DEV112,idle,TypeScript,845
IDE07454,2026-08-02 22:37:00,DEV253,idle,SQL,1444
IDE05466,2026-08-02 22:38:00,DEV448,coding,TypeScript,1446
IDE07010,2026-08-02 22:40:00,DEV278,coding,Python,599
IDE00212,2026-08-02 22:44:00,DEV405,debugging,JavaScript,793
IDE01161,2026-08-02 22:47:00,DEV463,debugging,SQL,1658
IDE00416,2026-08-02 22:49:00,DEV035,debugging,Java,735
IDE09096,2026-08-02 22:50:00,DEV462,file_open,TypeScript,1676
IDE05830,2026-08-02 22:53:00,DEV053,file_open,Java,213
IDE00145,2026-08-02 22:58:00,DEV082,coding,TypeScript,667
IDE09163,2026-08-02 22:59:00,DEV279,debugging,Python,722
IDE01257,2026-08-02 23:00:00,DEV112,terminal,JavaScript,654
IDE02161,2026-08-02 23:01:00,DEV325,terminal,SQL,1720
IDE01068,2026-08-02 23:02:00,DEV101,terminal,Java,814
IDE03866,2026-08-02 23:03:00,DEV264,terminal,JavaScript,1767
IDE06479,2026-08-02 23:04:00,DEV072,testing,SQL,848
IDE06580,2026-08-02 23:05:00,DEV331,testing,TypeScript,1132
IDE01957,2026-08-02 23:08:00,DEV179,debugging,Python,1211
IDE00699,2026-08-02 23:10:00,DEV292,debugging,Python,1276
IDE05017,2026-08-02 23:12:00,DEV091,debugging,SQL,127
IDE00633,2026-08-02 23:14:00,DEV344,debugging,TypeScript,880
IDE05877,2026-08-02 23:14:00,DEV415,terminal,JavaScript,1784
IDE07463,2026-08-02 23:15:00,DEV379,coding,TypeScript,995
IDE03913,2026-08-02 23:20:00,DEV295,file_open,SQL,1176
IDE00281,2026-08-02 23:21:00,DEV477,debugging,Python,566
IDE05365,2026-08-02 23:22:00,DEV424,testing,TypeScript,1592
IDE05194,2026-08-02 23:24:00,DEV247,idle,Java,1121
IDE09184,2026-08-02 23:29:00,DEV118,idle,JavaScript,815
IDE02557,2026-08-02 23:30:00,DEV147,testing,TypeScript,1007
IDE08057,2026-08-02 23:31:00,DEV467,testing,TypeScript,38
IDE07957,2026-08-02 23:32:00,DEV312,idle,Python,538
IDE05339,2026-08-02 23:33:00,DEV209,testing,SQL,1741
IDE06347,2026-08-02 23:33:00,DEV123,coding,TypeScript,647
IDE05363,2026-08-02 23:34:00,DEV447,terminal,Java,36
IDE06815,2026-08-02 23:34:00,DEV315,coding,Python,1457
IDE05852,2026-08-02 23:38:00,DEV117,coding,TypeScript,1070
IDE05608,2026-08-02 23:42:00,DEV052,coding,JavaScript,781
IDE05849,2026-08-02 23:44:00,DEV013,coding,SQL,197
IDE04611,2026-08-02 23:46:00,DEV483,file_open,Java,555
IDE06976,2026-08-02 23:46:00,DEV127,file_open,Java,1289
IDE02209,2026-08-02 23:48:00,DEV412,coding,TypeScript,518
IDE08861,2026-08-02 23:48:00,DEV259,terminal,JavaScript,1508
IDE09479,2026-08-02 23:48:00,DEV082,coding,JavaScript,1551
IDE06699,2026-08-02 23:52:00,DEV357,idle,JavaScript,1389
IDE07644,2026-08-03 00:00:00,DEV031,debugging,TypeScript,944
IDE00141,2026-08-03 00:04:00,DEV311,idle,Python,571
IDE02011,2026-08-03 00:04:00,DEV259,testing,TypeScript,1619
IDE06165,2026-08-03 00:04:00,DEV439,file_open,Python,1060
IDE06216,2026-08-03 00:04:00,DEV002,testing,TypeScript,1010
IDE00578,2026-08-03 00:06:00,DEV207,idle,Java,487
IDE04936,2026-08-03 00:06:00,DEV274,file_open,TypeScript,1656
IDE08226,2026-08-03 00:07:00,DEV334,debugging,SQL,1094
IDE08613,2026-08-03 00:07:00,DEV112,coding,SQL,339
IDE07088,2026-08-03 00:10:00,DEV371,testing,Java,1245
IDE06575,2026-08-03 00:15:00,DEV456,idle,Java,1367
IDE09985,2026-08-03 00:15:00,DEV162,testing,Java,1326
IDE08757,2026-08-03 00:16:00,DEV102,debugging,Python,600
IDE01708,2026-08-03 00:18:00,DEV210,file_open,SQL,658
IDE06308,2026-08-03 00:18:00,DEV295,testing,Python,52
IDE08058,2026-08-03 00:21:00,DEV135,debugging,SQL,664
IDE08827,2026-08-03 00:21:00,DEV324,file_open,Java,122
IDE01245,2026-08-03 00:22:00,DEV072,coding,Python,814
IDE05526,2026-08-03 00:28:00,DEV460,terminal,JavaScript,129
IDE04920,2026-08-03 00:33:00,DEV499,coding,JavaScript,252
IDE01968,2026-08-03 00:35:00,DEV413,file_open,JavaScript,1080
IDE00715,2026-08-03 00:38:00,DEV439,idle,Python,1354
IDE01284,2026-08-03 00:38:00,DEV333,coding,JavaScript,1636
IDE03578,2026-08-03 00:38:00,DEV292,debugging,Python,483
IDE00749,2026-08-03 00:40:00,DEV235,coding,JavaScript,289
IDE00029,2026-08-03 00:44:00,DEV163,file_open,JavaScript,301
IDE02170,2026-08-03 00:44:00,DEV411,testing,JavaScript,788
IDE00285,2026-08-03 00:45:00,DEV147,terminal,SQL,294
IDE00457,2026-08-03 00:45:00,DEV353,debugging,JavaScript,1597
IDE01670,2026-08-03 00:54:00,DEV133,file_open,TypeScript,1094
IDE08936,2026-08-03 00:54:00,DEV232,coding,JavaScript,1511
IDE09617,2026-08-03 00:54:00,DEV237,idle,SQL,708
IDE07146,2026-08-03 00:55:00,DEV488,debugging,Java,346
IDE07667,2026-08-03 00:57:00,DEV470,coding,SQL,684
IDE08855,2026-08-03 00:57:00,DEV390,coding,TypeScript,94
IDE04199,2026-08-03 00:58:00,DEV329,file_open,TypeScript,1222
IDE03509,2026-08-03 00:59:00,DEV381,terminal,JavaScript,1123
IDE08927,2026-08-03 00:59:00,DEV114,idle,SQL,463
IDE09977,2026-08-03 01:02:00,DEV164,idle,Python,1448
IDE05478,2026-08-03 01:07:00,DEV389,coding,TypeScript,1054
IDE07527,2026-08-03 01:09:00,DEV223,debugging,Python,861
IDE00006,2026-08-03 01:10:00,DEV174,file_open,Java,355
IDE00566,2026-08-03 01:12:00,DEV048,file_open,JavaScript,1359
IDE09624,2026-08-03 01:15:00,DEV234,coding,SQL,881
IDE01079,2026-08-03 01:16:00,DEV075,testing,JavaScript,458
IDE03268,2026-08-03 01:16:00,DEV359,idle,TypeScript,1711
IDE05191,2026-08-03 01:16:00,DEV269,idle,Java,246
IDE09024,2026-08-03 01:17:00,DEV277,terminal,JavaScript,816
IDE01906,2026-08-03 01:23:00,DEV350,terminal,JavaScript,554
IDE03598,2026-08-03 01:24:00,DEV105,testing,Java,55
IDE02250,2026-08-03 01:27:00,DEV135,coding,SQL,1729
IDE08272,2026-08-03 01:29:00,DEV278,file_open,JavaScript,913
IDE09785,2026-08-03 01:29:00,DEV123,debugging,Python,1627
IDE01051,2026-08-03 01:30:00,DEV468,debugging,Python,754
IDE07613,2026-08-03 01:30:00,DEV235,testing,Python,1527
IDE07474,2026-08-03 01:31:00,DEV331,terminal,TypeScript,1284
IDE05366,2026-08-03 01:33:00,DEV091,debugging,JavaScript,382
IDE06683,2026-08-03 01:34:00,DEV113,coding,TypeScript,854
IDE06731,2026-08-03 01:38:00,DEV461,testing,Java,1700
IDE07743,2026-08-03 01:38:00,DEV115,debugging,TypeScript,930
IDE09742,2026-08-03 01:38:00,DEV053,terminal,Python,626
IDE00023,2026-08-03 01:39:00,DEV004,terminal,TypeScript,395
IDE09539,2026-08-03 01:41:00,DEV428,testing,Python,236
IDE09811,2026-08-03 01:44:00,DEV043,file_open,JavaScript,149
IDE01632,2026-08-03 01:45:00,DEV204,testing,JavaScript,422
IDE04312,2026-08-03 01:48:00,DEV422,terminal,Python,257
IDE09949,2026-08-03 01:50:00,DEV177,idle,JavaScript,1240
IDE09968,2026-08-03 01:51:00,DEV138,idle,SQL,522
IDE07935,2026-08-03 01:53:00,DEV308,idle,JavaScript,1183
IDE00573,2026-08-03 01:57:00,DEV397,file_open,Java,821
IDE06029,2026-08-03 01:58:00,DEV288,testing,SQL,327
IDE07653,2026-08-03 02:00:00,DEV387,coding,Python,581
IDE07675,2026-08-03 02:00:00,DEV002,testing,TypeScript,232
IDE01049,2026-08-03 02:01:00,DEV103,testing,TypeScript,1611
IDE03379,2026-08-03 02:03:00,DEV410,idle,TypeScript,617
IDE06723,2026-08-03 02:04:00,DEV216,testing,JavaScript,1161
IDE05677,2026-08-03 02:05:00,DEV282,idle,Python,977
IDE05965,2026-08-03 02:05:00,DEV372,testing,SQL,1744
IDE05502,2026-08-03 02:06:00,DEV087,testing,TypeScript,1612
IDE07287,2026-08-03 02:20:00,DEV359,debugging,SQL,182
IDE08719,2026-08-03 02:20:00,DEV322,terminal,TypeScript,1107
IDE05788,2026-08-03 02:21:00,DEV270,testing,Python,488
IDE06968,2026-08-03 02:21:00,DEV023,testing,TypeScript,822
IDE02953,2026-08-03 02:23:00,DEV080,testing,Java,411
IDE03999,2026-08-03 02:23:00,DEV012,testing,TypeScript,1222
IDE01986,2026-08-03 02:31:00,DEV339,idle,JavaScript,363
IDE08743,2026-08-03 02:31:00,DEV312,terminal,Python,31
IDE07323,2026-08-03 02:32:00,DEV394,terminal,SQL,832
IDE07868,2026-08-03 02:32:00,DEV297,coding,SQL,1616
IDE06448,2026-08-03 02:37:00,DEV102,terminal,Java,473
IDE04603,2026-08-03 02:39:00,DEV157,idle,TypeScript,444
IDE05335,2026-08-03 02:40:00,DEV237,coding,SQL,275
IDE07855,2026-08-03 02:40:00,DEV415,coding,TypeScript,552
IDE04325,2026-08-03 02:43:00,DEV187,testing,Java,777
IDE01739,2026-08-03 02:45:00,DEV189,idle,SQL,1298
IDE02727,2026-08-03 02:45:00,DEV286,coding,TypeScript,462
IDE05148,2026-08-03 02:45:00,DEV345,idle,TypeScript,371
IDE08610,2026-08-03 02:46:00,DEV252,idle,Python,238
IDE03217,2026-08-03 02:47:00,DEV273,idle,Python,1644
IDE06427,2026-08-03 02:49:00,DEV319,testing,TypeScript,1303
IDE05558,2026-08-03 02:51:00,DEV487,idle,Python,75
IDE04119,2026-08-03 02:57:00,DEV264,testing,JavaScript,1453
IDE06727,2026-08-03 03:03:00,DEV438,coding,JavaScript,853
IDE03365,2026-08-03 03:05:00,DEV330,coding,JavaScript,971
IDE06988,2026-08-03 03:05:00,DEV077,coding,JavaScript,394
IDE09921,2026-08-03 03:13:00,DEV461,debugging,Java,1756
IDE01771,2026-08-03 03:19:00,DEV475,coding,TypeScript,1550
IDE04053,2026-08-03 03:21:00,DEV496,debugging,TypeScript,1163
IDE04773,2026-08-03 03:26:00,DEV092,coding,Python,1061
IDE04046,2026-08-03 03:27:00,DEV304,terminal,JavaScript,1016
IDE02006,2026-08-03 03:31:00,DEV041,coding,JavaScript,386
IDE02134,2026-08-03 03:31:00,DEV351,file_open,SQL,1409
IDE08286,2026-08-03 03:34:00,DEV077,terminal,SQL,421
IDE00103,2026-08-03 03:35:00,DEV024,coding,Java,743
IDE03264,2026-08-03 03:35:00,DEV146,coding,SQL,1530
IDE07089,2026-08-03 03:35:00,DEV349,coding,Java,1118
IDE07835,2026-08-03 03:36:00,DEV060,testing,SQL,1487
IDE06145,2026-08-03 03:39:00,DEV219,terminal,TypeScript,976
IDE01048,2026-08-03 03:44:00,DEV396,idle,TypeScript,1531
IDE09211,2026-08-03 03:44:00,DEV037,coding,Java,730
IDE01823,2026-08-03 03:45:00,DEV435,testing,Java,990
IDE05620,2026-08-03 03:49:00,DEV030,terminal,SQL,1180
IDE02205,2026-08-03 03:52:00,DEV048,testing,JavaScript,1304
IDE09739,2026-08-03 03:55:00,DEV143,debugging,JavaScript,124
IDE02456,2026-08-03 03:59:00,DEV494,debugging,JavaScript,1050
IDE03582,2026-08-03 04:04:00,DEV003,debugging,TypeScript,618
IDE04292,2026-08-03 04:04:00,DEV400,idle,TypeScript,1197
IDE09077,2026-08-03 04:04:00,DEV479,idle,SQL,1611
IDE04002,2026-08-03 04:06:00,DEV140,terminal,JavaScript,1067
IDE03247,2026-08-03 04:11:00,DEV159,debugging,TypeScript,253
IDE09681,2026-08-03 04:11:00,DEV228,terminal,JavaScript,1538
IDE06404,2026-08-03 04:12:00,DEV303,file_open,SQL,998
IDE04426,2026-08-03 04:15:00,DEV379,testing,Java,204
IDE09505,2026-08-03 04:18:00,DEV444,file_open,Java,1474
IDE05195,2026-08-03 04:23:00,DEV090,testing,SQL,1536
IDE09712,2026-08-03 04:24:00,DEV102,file_open,Java,1523
IDE02184,2026-08-03 04:29:00,DEV189,terminal,SQL,190
IDE06258,2026-08-03 04:29:00,DEV454,testing,SQL,535
IDE04757,2026-08-03 04:30:00,DEV275,coding,Python,1757
IDE05554,2026-08-03 04:31:00,DEV157,testing,TypeScript,880
IDE06816,2026-08-03 04:31:00,DEV254,file_open,SQL,693
IDE08528,2026-08-03 04:32:00,DEV054,file_open,Java,63
IDE05602,2026-08-03 04:35:00,DEV231,idle,Java,848
IDE06600,2026-08-03 04:35:00,DEV105,file_open,Python,155
IDE08597,2026-08-03 04:38:00,DEV472,coding,JavaScript,1107
IDE07572,2026-08-03 04:39:00,DEV388,coding,JavaScript,1631
IDE00388,2026-08-03 04:45:00,DEV376,idle,TypeScript,251
IDE00979,2026-08-03 04:45:00,DEV467,coding,Java,821
IDE02485,2026-08-03 04:46:00,DEV061,terminal,JavaScript,1797
IDE00170,2026-08-03 04:47:00,DEV325,coding,JavaScript,1273
IDE04458,2026-08-03 04:47:00,DEV083,idle,Java,567
IDE07354,2026-08-03 04:49:00,DEV496,idle,SQL,1064
IDE04159,2026-08-03 04:50:00,DEV077,idle,TypeScript,634
IDE05256,2026-08-03 04:50:00,DEV405,file_open,Java,1436
IDE01074,2026-08-03 04:52:00,DEV205,terminal,TypeScript,1204
IDE03069,2026-08-03 04:53:00,DEV368,testing,JavaScript,609
IDE02871,2026-08-03 05:00:00,DEV411,terminal,Java,143
IDE03780,2026-08-03 05:01:00,DEV277,debugging,SQL,250
IDE06922,2026-08-03 05:01:00,DEV358,terminal,SQL,691
IDE09800,2026-08-03 05:02:00,DEV187,debugging,Java,1400
IDE03694,2026-08-03 05:03:00,DEV032,debugging,JavaScript,1611
IDE05005,2026-08-03 05:04:00,DEV292,testing,Python,587
IDE08070,2026-08-03 05:08:00,DEV080,testing,JavaScript,1587
IDE08151,2026-08-03 05:08:00,DEV438,coding,Java,1644
IDE02235,2026-08-03 05:16:00,DEV317,file_open,TypeScript,1698
IDE05600,2026-08-03 05:16:00,DEV078,testing,Java,1448
IDE02703,2026-08-03 05:17:00,DEV160,terminal,Python,357
IDE07882,2026-08-03 05:20:00,DEV421,coding,Java,903
IDE04523,2026-08-03 05:25:00,DEV417,testing,Python,488
IDE01169,2026-08-03 05:28:00,DEV085,file_open,TypeScript,849
IDE08487,2026-08-03 05:28:00,DEV209,terminal,Java,328
IDE00725,2026-08-03 05:29:00,DEV083,testing,SQL,624
IDE07140,2026-08-03 05:29:00,DEV054,terminal,SQL,774
IDE08667,2026-08-03 05:29:00,DEV486,file_open,JavaScript,372
IDE03035,2026-08-03 05:30:00,DEV428,debugging,SQL,1112
IDE03876,2026-08-03 05:30:00,DEV017,terminal,JavaScript,1561
IDE06241,2026-08-03 05:31:00,DEV416,terminal,TypeScript,1472
IDE03697,2026-08-03 05:36:00,DEV380,idle,Java,237
IDE07978,2026-08-03 05:36:00,DEV222,coding,TypeScript,1705
IDE05594,2026-08-03 05:41:00,DEV051,idle,JavaScript,1536
IDE02402,2026-08-03 05:42:00,DEV297,file_open,JavaScript,283
IDE00254,2026-08-03 05:43:00,DEV438,debugging,SQL,329
IDE03175,2026-08-03 05:45:00,DEV164,debugging,TypeScript,903
IDE06916,2026-08-03 05:49:00,DEV493,file_open,TypeScript,464
IDE00675,2026-08-03 05:58:00,DEV172,idle,TypeScript,1771
IDE01922,2026-08-03 05:58:00,DEV243,terminal,Python,670
IDE01547,2026-08-03 05:59:00,DEV395,testing,SQL,899
IDE05446,2026-08-03 06:02:00,DEV105,file_open,TypeScript,100
IDE07261,2026-08-03 06:03:00,DEV191,testing,SQL,1648
IDE06313,2026-08-03 06:05:00,DEV274,testing,SQL,1447
IDE08791,2026-08-03 06:06:00,DEV161,coding,Java,1628
IDE08514,2026-08-03 06:11:00,DEV161,coding,Java,1637
IDE03064,2026-08-03 06:12:00,DEV401,testing,SQL,1649
IDE05133,2026-08-03 06:13:00,DEV417,file_open,Python,1424
IDE08355,2026-08-03 06:17:00,DEV126,file_open,SQL,1293
IDE09014,2026-08-03 06:17:00,DEV028,idle,SQL,109
IDE00219,2026-08-03 06:19:00,DEV348,debugging,JavaScript,522
IDE07341,2026-08-03 06:19:00,DEV366,testing,JavaScript,1399
IDE02894,2026-08-03 06:22:00,DEV140,terminal,Java,1066
IDE02845,2026-08-03 06:23:00,DEV469,testing,SQL,406
IDE00774,2026-08-03 06:24:00,DEV234,debugging,Java,1023
IDE07898,2026-08-03 06:24:00,DEV322,idle,TypeScript,1056
IDE00527,2026-08-03 06:25:00,DEV316,terminal,JavaScript,819
IDE03230,2026-08-03 06:26:00,DEV112,testing,SQL,977
IDE02753,2026-08-03 06:28:00,DEV155,idle,TypeScript,371
IDE04418,2026-08-03 06:29:00,DEV346,coding,JavaScript,1360
IDE02482,2026-08-03 06:35:00,DEV415,coding,SQL,510
IDE04051,2026-08-03 06:38:00,DEV461,coding,Python,888
IDE01399,2026-08-03 06:43:00,DEV442,debugging,SQL,629
IDE01767,2026-08-03 06:44:00,DEV293,idle,Java,302
IDE00208,2026-08-03 06:46:00,DEV303,file_open,TypeScript,1442
IDE09203,2026-08-03 06:46:00,DEV491,idle,Python,1117
IDE01255,2026-08-03 06:47:00,DEV209,terminal,JavaScript,1038
IDE04389,2026-08-03 06:47:00,DEV059,debugging,JavaScript,1028
IDE07918,2026-08-03 06:48:00,DEV202,testing,Python,121
IDE07062,2026-08-03 06:59:00,DEV112,terminal,JavaScript,1711
IDE02207,2026-08-03 07:00:00,DEV418,coding,JavaScript,1214
IDE06134,2026-08-03 07:01:00,DEV269,idle,Java,985
IDE00260,2026-08-03 07:08:00,DEV034,testing,JavaScript,443
IDE02490,2026-08-03 07:09:00,DEV308,coding,JavaScript,1311
IDE05213,2026-08-03 07:10:00,DEV220,debugging,TypeScript,1570
IDE06493,2026-08-03 07:12:00,DEV026,coding,Java,1287
IDE05610,2026-08-03 07:14:00,DEV151,idle,Java,1784
IDE08278,2026-08-03 07:15:00,DEV413,debugging,Python,1205
IDE03579,2026-08-03 07:16:00,DEV246,idle,SQL,1225
IDE05275,2026-08-03 07:18:00,DEV317,testing,SQL,658
IDE06890,2026-08-03 07:28:00,DEV479,testing,TypeScript,420
IDE01905,2026-08-03 07:32:00,DEV088,testing,Python,653
IDE06856,2026-08-03 07:32:00,DEV288,testing,JavaScript,1380
IDE08691,2026-08-03 07:33:00,DEV171,file_open,Java,142
IDE08531,2026-08-03 07:35:00,DEV488,debugging,TypeScript,511
IDE09745,2026-08-03 07:38:00,DEV129,debugging,Python,1754
IDE07525,2026-08-03 07:43:00,DEV033,testing,TypeScript,1176
IDE00146,2026-08-03 07:44:00,DEV415,debugging,JavaScript,241
IDE03246,2026-08-03 07:48:00,DEV255,coding,TypeScript,324
IDE05407,2026-08-03 07:52:00,DEV383,file_open,SQL,557
IDE07676,2026-08-03 07:52:00,DEV130,debugging,Java,1032
IDE02169,2026-08-03 07:53:00,DEV138,idle,SQL,788
IDE00619,2026-08-03 07:54:00,DEV339,debugging,JavaScript,455
IDE09000,2026-08-03 07:54:00,DEV247,coding,Java,1356
IDE02367,2026-08-03 07:55:00,DEV290,idle,JavaScript,1744
IDE01574,2026-08-03 07:56:00,DEV187,testing,SQL,679
IDE05956,2026-08-03 07:56:00,DEV208,idle,TypeScript,630
IDE01933,2026-08-03 07:57:00,DEV361,debugging,SQL,609
IDE00761,2026-08-03 07:59:00,DEV225,idle,Java,141
IDE02296,2026-08-03 08:00:00,DEV188,coding,Java,580
IDE08503,2026-08-03 08:00:00,DEV470,terminal,SQL,1304
IDE08563,2026-08-03 08:00:00,DEV157,file_open,JavaScript,1432
IDE04043,2026-08-03 08:01:00,DEV198,terminal,Python,1404
IDE01034,2026-08-03 08:04:00,DEV412,debugging,Python,375
IDE09593,2026-08-03 08:06:00,DEV171,testing,JavaScript,876
IDE00983,2026-08-03 08:08:00,DEV390,testing,Python,925
IDE08009,2026-08-03 08:08:00,DEV107,testing,JavaScript,701
IDE00597,2026-08-03 08:10:00,DEV278,file_open,SQL,358
IDE07836,2026-08-03 08:14:00,DEV013,idle,SQL,1494
IDE00140,2026-08-03 08:18:00,DEV382,debugging,JavaScript,793
IDE00989,2026-08-03 08:18:00,DEV215,debugging,JavaScript,1385
IDE04500,2026-08-03 08:18:00,DEV290,idle,Python,420
IDE08483,2026-08-03 08:24:00,DEV198,file_open,Java,1106
IDE08654,2026-08-03 08:28:00,DEV317,debugging,Java,1730
IDE03135,2026-08-03 08:30:00,DEV264,idle,Python,1765
IDE03769,2026-08-03 08:30:00,DEV136,debugging,Java,1363
IDE02917,2026-08-03 08:33:00,DEV133,file_open,JavaScript,1313
IDE04710,2026-08-03 08:33:00,DEV183,terminal,Python,1531
IDE04713,2026-08-03 08:33:00,DEV206,terminal,JavaScript,752
IDE01770,2026-08-03 08:34:00,DEV356,terminal,JavaScript,1406
IDE01872,2026-08-03 08:34:00,DEV317,terminal,TypeScript,658
IDE08862,2026-08-03 08:35:00,DEV005,testing,Python,675
IDE06288,2026-08-03 08:37:00,DEV013,terminal,SQL,1032
IDE06151,2026-08-03 08:39:00,DEV130,terminal,JavaScript,434
IDE08474,2026-08-03 08:39:00,DEV238,testing,Java,1220
IDE02332,2026-08-03 08:40:00,DEV115,file_open,JavaScript,1024
IDE07165,2026-08-03 08:40:00,DEV167,testing,Java,657
IDE04476,2026-08-03 08:41:00,DEV386,testing,JavaScript,1733
IDE06883,2026-08-03 08:41:00,DEV243,debugging,JavaScript,855
IDE06131,2026-08-03 08:44:00,DEV449,file_open,SQL,1421
IDE08422,2026-08-03 08:47:00,DEV226,testing,Python,439
IDE05316,2026-08-03 08:49:00,DEV389,file_open,JavaScript,399
IDE03132,2026-08-03 08:50:00,DEV029,coding,JavaScript,437
IDE01054,2026-08-03 08:51:00,DEV343,debugging,JavaScript,670
IDE00812,2026-08-03 08:52:00,DEV367,file_open,JavaScript,701
IDE01818,2026-08-03 08:57:00,DEV002,coding,SQL,65
IDE06382,2026-08-03 08:58:00,DEV478,coding,Java,1584
IDE09348,2026-08-03 08:58:00,DEV358,testing,Java,1126
IDE05803,2026-08-03 09:14:00,DEV336,debugging,TypeScript,392
IDE01335,2026-08-03 09:18:00,DEV265,coding,TypeScript,913
IDE07588,2026-08-03 09:18:00,DEV421,debugging,JavaScript,1001
IDE04577,2026-08-03 09:19:00,DEV334,idle,JavaScript,404
IDE05352,2026-08-03 09:19:00,DEV035,file_open,SQL,1588
IDE07093,2026-08-03 09:24:00,DEV142,coding,Java,986
IDE05314,2026-08-03 09:27:00,DEV366,file_open,JavaScript,593
IDE09890,2026-08-03 09:27:00,DEV461,coding,SQL,352
IDE05040,2026-08-03 09:34:00,DEV279,debugging,SQL,1682
IDE02317,2026-08-03 09:35:00,DEV009,coding,TypeScript,1722
IDE03910,2026-08-03 09:36:00,DEV497,idle,TypeScript,304
IDE03981,2026-08-03 09:36:00,DEV387,terminal,SQL,192
IDE06991,2026-08-03 09:36:00,DEV410,coding,TypeScript,1366
IDE07452,2026-08-03 09:41:00,DEV080,file_open,JavaScript,1393
IDE02394,2026-08-03 09:42:00,DEV376,coding,JavaScript,1632
IDE01497,2026-08-03 09:45:00,DEV062,idle,JavaScript,1755
IDE03103,2026-08-03 09:47:00,DEV141,terminal,Python,1302
IDE04380,2026-08-03 09:47:00,DEV137,file_open,TypeScript,1363
IDE01944,2026-08-03 09:49:00,DEV070,file_open,SQL,1785
IDE09538,2026-08-03 09:49:00,DEV279,terminal,Java,1202
IDE05925,2026-08-03 09:50:00,DEV402,terminal,Python,1118
IDE02377,2026-08-03 09:57:00,DEV091,terminal,JavaScript,755
IDE02944,2026-08-03 09:57:00,DEV011,coding,Python,1284
IDE07215,2026-08-03 09:57:00,DEV092,debugging,TypeScript,1293
IDE04217,2026-08-03 09:58:00,DEV230,terminal,Java,1398
IDE04639,2026-08-03 09:58:00,DEV444,testing,SQL,724
IDE05843,2026-08-03 09:58:00,DEV152,idle,Java,1241
IDE02415,2026-08-03 10:00:00,DEV202,file_open,JavaScript,1171
IDE02982,2026-08-03 10:01:00,DEV459,file_open,JavaScript,599
IDE04923,2026-08-03 10:01:00,DEV171,idle,SQL,788
IDE05876,2026-08-03 10:01:00,DEV100,testing,Python,1334
IDE00918,2026-08-03 10:03:00,DEV061,file_open,Python,563
IDE03045,2026-08-03 10:05:00,DEV351,coding,Java,466
IDE04214,2026-08-03 10:06:00,DEV180,testing,SQL,1601
IDE06551,2026-08-03 10:08:00,DEV257,idle,Java,314
IDE04282,2026-08-03 10:11:00,DEV155,testing,JavaScript,142
IDE01347,2026-08-03 10:13:00,DEV289,terminal,SQL,1326
IDE07338,2026-08-03 10:14:00,DEV364,file_open,TypeScript,1057
IDE02780,2026-08-03 10:15:00,DEV175,file_open,TypeScript,1443
IDE05199,2026-08-03 10:15:00,DEV351,coding,JavaScript,1559
IDE04319,2026-08-03 10:20:00,DEV027,terminal,TypeScript,970
IDE01812,2026-08-03 10:23:00,DEV395,coding,Java,1140
IDE03785,2026-08-03 10:26:00,DEV297,testing,Java,1705
IDE04306,2026-08-03 10:26:00,DEV045,coding,Python,292
IDE02295,2026-08-03 10:29:00,DEV174,debugging,Python,944
IDE02546,2026-08-03 10:31:00,DEV097,terminal,TypeScript,501
IDE05203,2026-08-03 10:31:00,DEV471,terminal,SQL,1191
IDE00534,2026-08-03 10:35:00,DEV076,idle,JavaScript,208
IDE06228,2026-08-03 10:37:00,DEV338,coding,Python,578
IDE09595,2026-08-03 10:37:00,DEV468,terminal,Python,1241
IDE06331,2026-08-03 10:41:00,DEV283,idle,Java,1405
IDE04967,2026-08-03 10:42:00,DEV415,terminal,Java,176
IDE03680,2026-08-03 10:44:00,DEV384,idle,Java,1774
IDE01496,2026-08-03 10:46:00,DEV296,coding,Python,1447
IDE01682,2026-08-03 10:53:00,DEV276,debugging,Java,1245
IDE06129,2026-08-03 10:53:00,DEV091,file_open,JavaScript,939
IDE08553,2026-08-03 10:54:00,DEV107,file_open,JavaScript,818
IDE08450,2026-08-03 10:56:00,DEV338,idle,Python,1730
IDE06015,2026-08-03 10:59:00,DEV296,file_open,Python,1414
IDE02026,2026-08-03 11:00:00,DEV218,idle,Java,1678
IDE04216,2026-08-03 11:01:00,DEV235,terminal,SQL,1072
IDE03031,2026-08-03 11:02:00,DEV329,testing,TypeScript,1740
IDE05746,2026-08-03 11:02:00,DEV001,file_open,TypeScript,827
IDE09165,2026-08-03 11:02:00,DEV447,idle,JavaScript,1785
IDE05922,2026-08-03 11:03:00,DEV464,terminal,Java,1057
IDE08334,2026-08-03 11:03:00,DEV454,coding,JavaScript,1498
IDE02347,2026-08-03 11:04:00,DEV018,file_open,SQL,1541
IDE07441,2026-08-03 11:04:00,DEV491,coding,JavaScript,51
IDE05693,2026-08-03 11:09:00,DEV425,coding,SQL,446
IDE08912,2026-08-03 11:12:00,DEV149,coding,Python,740
IDE06126,2026-08-03 11:13:00,DEV094,debugging,Python,458
IDE03964,2026-08-03 11:15:00,DEV239,file_open,JavaScript,1253
IDE08533,2026-08-03 11:17:00,DEV024,debugging,Python,494
IDE08816,2026-08-03 11:19:00,DEV333,terminal,TypeScript,1060
IDE02919,2026-08-03 11:30:00,DEV142,idle,SQL,1730
IDE09253,2026-08-03 11:41:00,DEV036,terminal,TypeScript,1343
IDE03788,2026-08-03 11:45:00,DEV321,debugging,Java,538
IDE05713,2026-08-03 11:47:00,DEV304,terminal,JavaScript,543
IDE08421,2026-08-03 11:49:00,DEV388,coding,JavaScript,375
IDE07719,2026-08-03 11:50:00,DEV327,testing,SQL,948
IDE07959,2026-08-03 11:53:00,DEV198,idle,JavaScript,430
IDE06327,2026-08-03 11:54:00,DEV216,terminal,Python,93
IDE09250,2026-08-03 11:56:00,DEV359,debugging,Python,157
IDE09728,2026-08-03 11:57:00,DEV492,debugging,Python,1742
IDE06525,2026-08-03 11:59:00,DEV153,testing,JavaScript,106
IDE02426,2026-08-03 12:00:00,DEV415,file_open,TypeScript,865
IDE07697,2026-08-03 12:02:00,DEV230,testing,Python,268
IDE02308,2026-08-03 12:06:00,DEV132,coding,JavaScript,1507
IDE09523,2026-08-03 12:08:00,DEV360,idle,Java,922
IDE07256,2026-08-03 12:10:00,DEV359,terminal,Java,868
IDE02943,2026-08-03 12:11:00,DEV320,idle,TypeScript,67
IDE03951,2026-08-03 12:16:00,DEV444,terminal,JavaScript,900
IDE02328,2026-08-03 12:18:00,DEV051,terminal,Java,493
IDE08407,2026-08-03 12:20:00,DEV350,coding,JavaScript,1626
IDE05626,2026-08-03 12:24:00,DEV493,terminal,TypeScript,571
IDE06430,2026-08-03 12:26:00,DEV372,testing,SQL,1148
IDE08997,2026-08-03 12:32:00,DEV370,debugging,Python,932
IDE03446,2026-08-03 12:33:00,DEV384,debugging,SQL,496
IDE01500,2026-08-03 12:36:00,DEV404,idle,Java,879
IDE08808,2026-08-03 12:36:00,DEV203,idle,JavaScript,1227
IDE02852,2026-08-03 12:38:00,DEV315,testing,JavaScript,295
IDE08535,2026-08-03 12:38:00,DEV492,terminal,JavaScript,149
IDE01780,2026-08-03 12:40:00,DEV329,testing,Python,502
IDE08287,2026-08-03 12:40:00,DEV374,idle,Python,442
IDE05786,2026-08-03 12:43:00,DEV471,testing,TypeScript,35
IDE09480,2026-08-03 12:43:00,DEV244,coding,Python,484
IDE07329,2026-08-03 12:48:00,DEV355,coding,JavaScript,1672
IDE01874,2026-08-03 12:50:00,DEV324,coding,Python,1694
IDE02744,2026-08-03 12:53:00,DEV428,debugging,Java,50
IDE04573,2026-08-03 12:53:00,DEV372,testing,SQL,1350
IDE03195,2026-08-03 12:58:00,DEV013,terminal,Java,304
IDE05096,2026-08-03 12:59:00,DEV006,file_open,SQL,500
IDE07687,2026-08-03 12:59:00,DEV186,testing,SQL,985
IDE09335,2026-08-03 12:59:00,DEV392,terminal,Java,311
IDE07963,2026-08-03 13:00:00,DEV394,terminal,TypeScript,1780
IDE02989,2026-08-03 13:01:00,DEV104,file_open,Python,365
IDE07854,2026-08-03 13:01:00,DEV310,idle,JavaScript,1671
IDE07585,2026-08-03 13:02:00,DEV369,idle,JavaScript,1030
IDE04829,2026-08-03 13:05:00,DEV370,idle,TypeScript,1048
IDE05762,2026-08-03 13:07:00,DEV437,testing,TypeScript,856
IDE01862,2026-08-03 13:11:00,DEV093,terminal,TypeScript,1316
IDE06495,2026-08-03 13:11:00,DEV032,coding,SQL,288
IDE06894,2026-08-03 13:11:00,DEV181,file_open,JavaScript,628
IDE06923,2026-08-03 13:12:00,DEV377,coding,TypeScript,1794
IDE09695,2026-08-03 13:18:00,DEV358,debugging,TypeScript,1698
IDE07903,2026-08-03 13:19:00,DEV163,testing,TypeScript,71
IDE02220,2026-08-03 13:23:00,DEV447,file_open,Java,252
IDE03907,2026-08-03 13:23:00,DEV235,testing,Java,1151
IDE07274,2026-08-03 13:24:00,DEV403,terminal,Java,203
IDE05644,2026-08-03 13:26:00,DEV450,terminal,Java,1729
IDE06632,2026-08-03 13:27:00,DEV223,terminal,Java,746
IDE01448,2026-08-03 13:28:00,DEV301,idle,Python,851
IDE09409,2026-08-03 13:28:00,DEV102,terminal,TypeScript,1288
IDE05949,2026-08-03 13:38:00,DEV082,coding,Java,142
IDE07428,2026-08-03 13:38:00,DEV150,idle,SQL,1734
IDE06624,2026-08-03 13:39:00,DEV180,idle,Python,373
IDE02733,2026-08-03 13:41:00,DEV265,terminal,Java,1082
IDE08012,2026-08-03 13:41:00,DEV004,terminal,JavaScript,1136
IDE08094,2026-08-03 13:43:00,DEV232,debugging,SQL,583
IDE00734,2026-08-03 13:44:00,DEV476,file_open,Python,1352
IDE02344,2026-08-03 13:46:00,DEV144,terminal,Java,379
IDE04908,2026-08-03 13:47:00,DEV351,terminal,TypeScript,1784
IDE07384,2026-08-03 13:47:00,DEV278,idle,TypeScript,1128
IDE06307,2026-08-03 13:49:00,DEV182,testing,SQL,1425
IDE07497,2026-08-03 13:49:00,DEV460,debugging,JavaScript,1247
IDE02628,2026-08-03 13:53:00,DEV420,coding,SQL,995
IDE07542,2026-08-03 13:57:00,DEV194,terminal,JavaScript,1055
IDE03821,2026-08-03 13:58:00,DEV339,debugging,Java,1191
IDE03533,2026-08-03 14:00:00,DEV027,coding,Java,204
IDE00561,2026-08-03 14:01:00,DEV308,terminal,JavaScript,1184
IDE00661,2026-08-03 14:03:00,DEV342,coding,Java,1765
IDE04687,2026-08-03 14:03:00,DEV390,testing,Java,1686
IDE06099,2026-08-03 14:06:00,DEV165,coding,Java,1024
IDE06112,2026-08-03 14:06:00,DEV268,file_open,TypeScript,1153
IDE06380,2026-08-03 14:07:00,DEV023,file_open,Java,1358
IDE08495,2026-08-03 14:08:00,DEV091,debugging,JavaScript,30
IDE08909,2026-08-03 14:10:00,DEV409,idle,SQL,572
IDE05840,2026-08-03 14:11:00,DEV419,debugging,TypeScript,549
IDE06474,2026-08-03 14:13:00,DEV258,idle,SQL,1786
IDE06481,2026-08-03 14:17:00,DEV188,file_open,Java,1067
IDE09304,2026-08-03 14:17:00,DEV306,file_open,TypeScript,333
IDE02718,2026-08-03 14:19:00,DEV163,idle,TypeScript,1648
IDE01387,2026-08-03 14:20:00,DEV255,debugging,Python,1054
IDE00226,2026-08-03 14:21:00,DEV111,testing,Java,1049
IDE04696,2026-08-03 14:22:00,DEV221,file_open,Java,1092
IDE06154,2026-08-03 14:25:00,DEV019,testing,JavaScript,777
IDE09680,2026-08-03 14:25:00,DEV193,debugging,Java,1192
IDE03759,2026-08-03 14:28:00,DEV404,debugging,SQL,1542
IDE08390,2026-08-03 14:28:00,DEV469,coding,JavaScript,1770
IDE01304,2026-08-03 14:30:00,DEV429,testing,SQL,112
IDE04576,2026-08-03 14:33:00,DEV125,terminal,Java,313
IDE05152,2026-08-03 14:37:00,DEV001,terminal,Python,452
IDE06432,2026-08-03 14:37:00,DEV421,testing,JavaScript,1599
IDE09520,2026-08-03 14:44:00,DEV331,idle,Python,210
IDE04518,2026-08-03 14:46:00,DEV062,coding,Java,1294
IDE03438,2026-08-03 14:48:00,DEV475,testing,SQL,1614
IDE05294,2026-08-03 14:48:00,DEV180,coding,JavaScript,605
IDE01494,2026-08-03 14:52:00,DEV143,testing,SQL,1377
IDE01751,2026-08-03 14:56:00,DEV260,testing,JavaScript,1459
IDE04254,2026-08-03 14:57:00,DEV299,testing,JavaScript,1717
IDE07429,2026-08-03 14:57:00,DEV097,file_open,TypeScript,895
IDE03459,2026-08-03 14:58:00,DEV325,testing,TypeScript,676
IDE07580,2026-08-03 14:58:00,DEV143,idle,SQL,747
IDE00751,2026-08-03 15:02:00,DEV158,debugging,TypeScript,1205
IDE02611,2026-08-03 15:04:00,DEV008,file_open,TypeScript,163
IDE08793,2026-08-03 15:06:00,DEV305,terminal,Python,325
IDE02726,2026-08-03 15:07:00,DEV221,testing,Java,1088
IDE00353,2026-08-03 15:08:00,DEV371,idle,TypeScript,884
IDE01197,2026-08-03 15:11:00,DEV449,file_open,Python,1020
IDE01459,2026-08-03 15:12:00,DEV231,terminal,JavaScript,203
IDE09419,2026-08-03 15:12:00,DEV243,coding,JavaScript,539
IDE00823,2026-08-03 15:13:00,DEV119,debugging,TypeScript,39
IDE09931,2026-08-03 15:13:00,DEV273,testing,Java,270
IDE02479,2026-08-03 15:16:00,DEV222,terminal,Python,1362
IDE05676,2026-08-03 15:16:00,DEV067,idle,JavaScript,207
IDE01687,2026-08-03 15:17:00,DEV400,coding,Python,654
IDE05832,2026-08-03 15:17:00,DEV009,file_open,TypeScript,149
IDE04786,2026-08-03 15:19:00,DEV223,file_open,TypeScript,72
IDE02967,2026-08-03 15:21:00,DEV314,idle,TypeScript,1564
IDE05550,2026-08-03 15:23:00,DEV310,idle,TypeScript,1374
IDE06982,2026-08-03 15:30:00,DEV113,terminal,TypeScript,1059
IDE08976,2026-08-03 15:30:00,DEV484,terminal,Python,1533
IDE09980,2026-08-03 15:30:00,DEV203,file_open,TypeScript,812
IDE07417,2026-08-03 15:33:00,DEV062,file_open,JavaScript,300
IDE01078,2026-08-03 15:35:00,DEV037,coding,JavaScript,788
IDE06531,2026-08-03 15:35:00,DEV338,idle,SQL,163
IDE07426,2026-08-03 15:35:00,DEV056,file_open,Python,382
IDE03825,2026-08-03 15:39:00,DEV480,debugging,JavaScript,901
IDE05805,2026-08-03 15:43:00,DEV162,coding,SQL,1310
IDE03623,2026-08-03 15:48:00,DEV378,debugging,TypeScript,1678
IDE00298,2026-08-03 15:49:00,DEV182,terminal,JavaScript,511
IDE05646,2026-08-03 15:58:00,DEV481,debugging,JavaScript,465
IDE03973,2026-08-03 16:04:00,DEV339,testing,SQL,462
IDE03436,2026-08-03 16:12:00,DEV181,file_open,TypeScript,1439
IDE09234,2026-08-03 16:16:00,DEV452,terminal,JavaScript,40
IDE02040,2026-08-03 16:18:00,DEV121,debugging,Java,806
IDE00211,2026-08-03 16:21:00,DEV175,idle,Python,1338
IDE06739,2026-08-03 16:23:00,DEV116,file_open,SQL,854
IDE07183,2026-08-03 16:25:00,DEV342,idle,Python,156
IDE06806,2026-08-03 16:28:00,DEV455,coding,Java,699
IDE05731,2026-08-03 16:30:00,DEV483,coding,Python,1648
IDE00228,2026-08-03 16:34:00,DEV140,coding,Python,840
IDE00283,2026-08-03 16:39:00,DEV083,idle,TypeScript,1223
IDE09050,2026-08-03 16:42:00,DEV154,idle,Python,1599
IDE06974,2026-08-03 16:48:00,DEV288,debugging,TypeScript,977
IDE03422,2026-08-03 16:52:00,DEV060,idle,TypeScript,1435
IDE08000,2026-08-03 16:58:00,DEV286,file_open,JavaScript,301
IDE05975,2026-08-03 16:59:00,DEV457,debugging,Python,1584
IDE08236,2026-08-03 16:59:00,DEV446,file_open,JavaScript,68
IDE01310,2026-08-03 17:02:00,DEV212,idle,Python,1502
IDE00289,2026-08-03 17:03:00,DEV321,debugging,Python,719
IDE03796,2026-08-03 17:03:00,DEV019,coding,Python,447
IDE04011,2026-08-03 17:03:00,DEV106,idle,TypeScript,1194
IDE04752,2026-08-03 17:09:00,DEV488,coding,TypeScript,617
IDE05198,2026-08-03 17:09:00,DEV084,coding,TypeScript,934
IDE01405,2026-08-03 17:13:00,DEV400,debugging,SQL,1565
IDE08828,2026-08-03 17:13:00,DEV031,idle,Python,871
IDE09570,2026-08-03 17:14:00,DEV180,file_open,Java,206
IDE02880,2026-08-03 17:15:00,DEV325,testing,SQL,224
IDE02823,2026-08-03 17:16:00,DEV090,file_open,Python,796
IDE03575,2026-08-03 17:16:00,DEV379,file_open,JavaScript,1547
IDE07738,2026-08-03 17:16:00,DEV064,debugging,Python,1686
IDE02025,2026-08-03 17:21:00,DEV101,coding,Python,370
IDE03416,2026-08-03 17:23:00,DEV030,idle,Java,165
IDE05561,2026-08-03 17:23:00,DEV108,testing,Python,344
IDE04241,2026-08-03 17:28:00,DEV373,testing,SQL,1014
IDE03224,2026-08-03 17:31:00,DEV468,file_open,SQL,1138
IDE09090,2026-08-03 17:32:00,DEV181,terminal,TypeScript,668
IDE01240,2026-08-03 17:36:00,DEV033,idle,TypeScript,77
IDE02267,2026-08-03 17:37:00,DEV461,coding,JavaScript,146
IDE06748,2026-08-03 17:38:00,DEV049,debugging,JavaScript,1530
IDE09191,2026-08-03 17:41:00,DEV129,coding,JavaScript,1388
IDE02778,2026-08-03 17:42:00,DEV394,terminal,TypeScript,619
IDE00177,2026-08-03 17:47:00,DEV442,terminal,SQL,1760
IDE00148,2026-08-03 17:48:00,DEV370,file_open,JavaScript,1301
IDE08117,2026-08-03 17:49:00,DEV328,testing,SQL,814
IDE09916,2026-08-03 17:50:00,DEV012,idle,TypeScript,1752
IDE03792,2026-08-03 17:51:00,DEV295,terminal,Python,179
IDE01164,2026-08-03 17:52:00,DEV464,coding,JavaScript,957
IDE01307,2026-08-03 17:57:00,DEV407,coding,TypeScript,950
IDE07985,2026-08-03 17:59:00,DEV163,terminal,SQL,1296
IDE06818,2026-08-03 18:00:00,DEV376,testing,Java,107
IDE09741,2026-08-03 18:04:00,DEV216,file_open,Java,553
IDE01577,2026-08-03 18:05:00,DEV174,file_open,SQL,1152
IDE06150,2026-08-03 18:06:00,DEV187,file_open,TypeScript,318
IDE03354,2026-08-03 18:09:00,DEV092,testing,SQL,1343
IDE01223,2026-08-03 18:10:00,DEV371,testing,Java,1640
IDE07755,2026-08-03 18:13:00,DEV058,idle,JavaScript,1069
IDE03885,2026-08-03 18:15:00,DEV249,testing,SQL,1739
IDE04379,2026-08-03 18:16:00,DEV373,idle,Python,615
IDE02111,2026-08-03 18:18:00,DEV130,coding,TypeScript,101
IDE07852,2026-08-03 18:18:00,DEV425,file_open,Java,231
IDE00552,2026-08-03 18:23:00,DEV081,idle,Python,1437
IDE06866,2026-08-03 18:24:00,DEV039,terminal,Java,983
IDE00789,2026-08-03 18:28:00,DEV152,debugging,Java,67
IDE07934,2026-08-03 18:31:00,DEV276,debugging,Python,1425
IDE08409,2026-08-03 18:31:00,DEV250,terminal,TypeScript,1372
IDE00736,2026-08-03 18:32:00,DEV336,coding,Java,91
IDE02035,2026-08-03 18:33:00,DEV124,coding,Java,510
IDE03364,2026-08-03 18:34:00,DEV131,debugging,Java,370
IDE02743,2026-08-03 18:39:00,DEV335,terminal,Java,722
IDE00765,2026-08-03 18:40:00,DEV253,file_open,JavaScript,1554
IDE04718,2026-08-03 18:42:00,DEV187,file_open,SQL,340
IDE00780,2026-08-03 18:48:00,DEV321,terminal,JavaScript,996
IDE05752,2026-08-03 18:48:00,DEV069,file_open,Java,1172
IDE02238,2026-08-03 18:56:00,DEV390,debugging,SQL,1450
IDE05883,2026-08-03 18:56:00,DEV228,terminal,SQL,219
IDE02177,2026-08-03 18:57:00,DEV500,debugging,Java,522
IDE07792,2026-08-03 18:58:00,DEV289,file_open,SQL,546
IDE09285,2026-08-03 18:58:00,DEV453,idle,SQL,811
IDE08386,2026-08-03 18:59:00,DEV422,idle,TypeScript,599
IDE02580,2026-08-03 19:00:00,DEV247,testing,JavaScript,874
IDE05896,2026-08-03 19:01:00,DEV189,testing,Python,318
IDE09213,2026-08-03 19:05:00,DEV332,idle,Java,1025
IDE01904,2026-08-03 19:06:00,DEV224,coding,JavaScript,612
IDE05669,2026-08-03 19:06:00,DEV301,file_open,JavaScript,1712
IDE06192,2026-08-03 19:07:00,DEV221,coding,JavaScript,958
IDE05358,2026-08-03 19:11:00,DEV435,idle,Python,1338
IDE03345,2026-08-03 19:13:00,DEV127,coding,TypeScript,873
IDE00741,2026-08-03 19:14:00,DEV005,idle,Python,642
IDE01275,2026-08-03 19:14:00,DEV343,coding,Python,1795
IDE03753,2026-08-03 19:14:00,DEV402,debugging,JavaScript,420
IDE04172,2026-08-03 19:17:00,DEV076,coding,Java,1550
IDE04950,2026-08-03 19:17:00,DEV048,coding,TypeScript,1678
IDE00852,2026-08-03 19:18:00,DEV035,testing,Python,1134
IDE00092,2026-08-03 19:19:00,DEV493,file_open,TypeScript,525
IDE02100,2026-08-03 19:21:00,DEV086,coding,Python,1114
IDE07094,2026-08-03 19:21:00,DEV243,testing,TypeScript,151
IDE03404,2026-08-03 19:22:00,DEV303,coding,TypeScript,222
IDE06011,2026-08-03 19:22:00,DEV386,file_open,Python,419
IDE03984,2026-08-03 19:23:00,DEV483,file_open,SQL,209
IDE05888,2026-08-03 19:24:00,DEV364,debugging,TypeScript,1061
IDE06977,2026-08-03 19:29:00,DEV386,coding,Java,1750
IDE00223,2026-08-03 19:33:00,DEV479,testing,TypeScript,973
IDE07874,2026-08-03 19:33:00,DEV314,debugging,Python,1283
IDE09168,2026-08-03 19:34:00,DEV445,coding,SQL,1750
IDE04928,2026-08-03 19:38:00,DEV218,debugging,JavaScript,904
IDE05479,2026-08-03 19:41:00,DEV153,debugging,TypeScript,1498
IDE05904,2026-08-03 19:49:00,DEV229,debugging,Python,379
IDE08596,2026-08-03 19:50:00,DEV009,idle,Python,69
IDE02768,2026-08-03 19:53:00,DEV031,file_open,TypeScript,1676
IDE03002,2026-08-03 19:55:00,DEV137,terminal,Python,632
IDE05084,2026-08-03 19:58:00,DEV222,testing,Java,202
IDE05457,2026-08-03 19:58:00,DEV227,terminal,Python,1673
IDE00684,2026-08-03 19:59:00,DEV161,idle,TypeScript,1088
IDE07665,2026-08-03 19:59:00,DEV322,idle,Java,1344
IDE08168,2026-08-03 19:59:00,DEV001,terminal,Java,245
IDE04108,2026-08-03 20:01:00,DEV287,coding,Java,1596
IDE08347,2026-08-03 20:02:00,DEV143,file_open,JavaScript,397
IDE09160,2026-08-03 20:05:00,DEV416,testing,TypeScript,1106
IDE08217,2026-08-03 20:09:00,DEV264,terminal,JavaScript,1728
IDE06227,2026-08-03 20:10:00,DEV064,debugging,SQL,1188
IDE04478,2026-08-03 20:12:00,DEV275,testing,SQL,490
IDE08427,2026-08-03 20:13:00,DEV171,terminal,TypeScript,943
IDE03213,2026-08-03 20:18:00,DEV092,debugging,Java,68
IDE04425,2026-08-03 20:19:00,DEV409,testing,TypeScript,907
IDE05070,2026-08-03 20:24:00,DEV020,idle,Python,472
IDE04024,2026-08-03 20:25:00,DEV159,debugging,Python,1045
IDE04422,2026-08-03 20:25:00,DEV258,testing,Java,1489
IDE04830,2026-08-03 20:28:00,DEV422,testing,SQL,1203
IDE07342,2026-08-03 20:28:00,DEV008,coding,Python,670
IDE01454,2026-08-03 20:29:00,DEV443,file_open,Python,1245
IDE05681,2026-08-03 20:29:00,DEV039,terminal,JavaScript,1399
IDE06907,2026-08-03 20:29:00,DEV277,debugging,TypeScript,309
IDE05178,2026-08-03 20:30:00,DEV353,file_open,TypeScript,769
IDE02623,2026-08-03 20:32:00,DEV455,idle,Java,870
IDE06446,2026-08-03 20:33:00,DEV007,file_open,Python,1686
IDE05698,2026-08-03 20:47:00,DEV119,debugging,Java,409
IDE03289,2026-08-03 20:49:00,DEV209,idle,SQL,611
IDE08985,2026-08-03 20:50:00,DEV496,terminal,JavaScript,825
IDE09976,2026-08-03 20:50:00,DEV307,idle,Java,592
IDE07128,2026-08-03 20:54:00,DEV490,idle,JavaScript,256
IDE04219,2026-08-03 20:55:00,DEV265,terminal,TypeScript,1797
IDE00604,2026-08-03 20:56:00,DEV136,coding,Java,367
IDE02080,2026-08-03 21:00:00,DEV089,testing,JavaScript,651
IDE04133,2026-08-03 21:02:00,DEV272,debugging,JavaScript,472
IDE05655,2026-08-03 21:03:00,DEV329,coding,JavaScript,1280
IDE00641,2026-08-03 21:05:00,DEV276,coding,JavaScript,1785
IDE06877,2026-08-03 21:05:00,DEV116,terminal,Java,1487
IDE03514,2026-08-03 21:08:00,DEV407,terminal,JavaScript,1350
IDE04405,2026-08-03 21:09:00,DEV357,terminal,SQL,978
IDE00455,2026-08-03 21:11:00,DEV240,testing,Python,1242
IDE01841,2026-08-03 21:20:00,DEV392,terminal,TypeScript,464
IDE08730,2026-08-03 21:24:00,DEV392,terminal,Java,1110
IDE06034,2026-08-03 21:26:00,DEV345,idle,TypeScript,1410
IDE08380,2026-08-03 21:26:00,DEV460,debugging,SQL,148
IDE00986,2026-08-03 21:27:00,DEV462,idle,TypeScript,1676
IDE08353,2026-08-03 21:28:00,DEV416,testing,TypeScript,755
IDE07643,2026-08-03 21:29:00,DEV380,coding,SQL,730
IDE03894,2026-08-03 21:31:00,DEV393,file_open,Java,1550
IDE06147,2026-08-03 21:31:00,DEV290,testing,Python,996
IDE02310,2026-08-03 21:32:00,DEV153,coding,TypeScript,41
IDE03239,2026-08-03 21:32:00,DEV036,debugging,Python,158
IDE08423,2026-08-03 21:32:00,DEV133,idle,JavaScript,66
IDE05795,2026-08-03 21:37:00,DEV176,file_open,Java,121
IDE07348,2026-08-03 21:40:00,DEV023,terminal,Python,407
IDE07621,2026-08-03 21:45:00,DEV309,coding,JavaScript,1622
IDE04484,2026-08-03 21:50:00,DEV122,idle,Python,1574
IDE03424,2026-08-03 21:51:00,DEV224,coding,SQL,1497
IDE09634,2026-08-03 21:52:00,DEV368,idle,SQL,1171
IDE05168,2026-08-03 21:53:00,DEV165,testing,JavaScript,1105
IDE02521,2026-08-03 21:57:00,DEV003,debugging,SQL,664
IDE05637,2026-08-03 21:57:00,DEV333,testing,JavaScript,1162
IDE06023,2026-08-03 21:59:00,DEV319,terminal,SQL,540
IDE01280,2026-08-03 22:01:00,DEV187,idle,Python,535
IDE04022,2026-08-03 22:03:00,DEV250,idle,Python,154
IDE02788,2026-08-03 22:04:00,DEV305,file_open,TypeScript,312
IDE07987,2026-08-03 22:04:00,DEV376,file_open,JavaScript,184
IDE03280,2026-08-03 22:05:00,DEV478,testing,SQL,1465
IDE03865,2026-08-03 22:05:00,DEV125,idle,TypeScript,507
IDE05462,2026-08-03 22:05:00,DEV157,debugging,Python,828
IDE03877,2026-08-03 22:07:00,DEV462,file_open,JavaScript,1427
IDE06306,2026-08-03 22:07:00,DEV495,coding,Python,1393
IDE02427,2026-08-03 22:08:00,DEV043,debugging,TypeScript,1159
IDE00007,2026-08-03 22:10:00,DEV262,coding,Java,223
IDE04609,2026-08-03 22:10:00,DEV417,testing,TypeScript,1536
IDE05932,2026-08-03 22:11:00,DEV131,coding,SQL,521
IDE07770,2026-08-03 22:12:00,DEV175,idle,TypeScript,37
IDE09355,2026-08-03 22:13:00,DEV416,idle,SQL,1173
IDE01543,2026-08-03 22:16:00,DEV466,terminal,JavaScript,676
IDE08244,2026-08-03 22:17:00,DEV339,coding,JavaScript,416
IDE08197,2026-08-03 22:18:00,DEV189,testing,SQL,102
IDE06545,2026-08-03 22:19:00,DEV238,debugging,SQL,1524
IDE03076,2026-08-03 22:20:00,DEV088,coding,JavaScript,718
IDE07768,2026-08-03 22:20:00,DEV423,coding,TypeScript,1723
IDE07774,2026-08-03 22:21:00,DEV216,idle,Python,1333
IDE00492,2026-08-03 22:25:00,DEV469,file_open,JavaScript,330
IDE08261,2026-08-03 22:28:00,DEV366,testing,SQL,1337
IDE01913,2026-08-03 22:32:00,DEV247,terminal,TypeScript,182
IDE03186,2026-08-03 22:33:00,DEV061,coding,TypeScript,955
IDE04212,2026-08-03 22:38:00,DEV166,debugging,JavaScript,49
IDE01919,2026-08-03 22:41:00,DEV155,terminal,SQL,853
IDE07890,2026-08-03 22:47:00,DEV306,terminal,Java,1757
IDE05300,2026-08-03 22:53:00,DEV457,idle,TypeScript,1401
IDE07206,2026-08-03 22:54:00,DEV463,debugging,SQL,1310
IDE01488,2026-08-03 22:55:00,DEV206,coding,SQL,395
IDE05211,2026-08-03 22:55:00,DEV475,testing,Java,1601
IDE05329,2026-08-03 22:56:00,DEV319,terminal,TypeScript,1769
IDE06431,2026-08-03 22:58:00,DEV141,terminal,Python,435
IDE01984,2026-08-03 23:00:00,DEV071,debugging,Python,136
IDE07538,2026-08-03 23:01:00,DEV425,terminal,TypeScript,1727
IDE09074,2026-08-03 23:02:00,DEV007,terminal,Python,1404
IDE07747,2026-08-03 23:06:00,DEV328,terminal,Python,981
IDE02474,2026-08-03 23:07:00,DEV054,file_open,SQL,1709
IDE09620,2026-08-03 23:08:00,DEV176,testing,TypeScript,57
IDE03128,2026-08-03 23:10:00,DEV307,file_open,TypeScript,1769
IDE00863,2026-08-03 23:11:00,DEV492,testing,Python,162
IDE05775,2026-08-03 23:13:00,DEV358,idle,SQL,1233
IDE01719,2026-08-03 23:14:00,DEV438,debugging,Python,1256
IDE02493,2026-08-03 23:14:00,DEV060,testing,Python,755
IDE07090,2026-08-03 23:15:00,DEV127,coding,Python,434
IDE07249,2026-08-03 23:17:00,DEV250,testing,TypeScript,996
IDE04792,2026-08-03 23:19:00,DEV484,debugging,JavaScript,580
IDE07821,2026-08-03 23:20:00,DEV365,file_open,TypeScript,36
IDE01857,2026-08-03 23:22:00,DEV078,idle,Java,1502
IDE02697,2026-08-03 23:24:00,DEV018,terminal,SQL,366
IDE07674,2026-08-03 23:29:00,DEV171,idle,Python,288
IDE02360,2026-08-03 23:37:00,DEV467,idle,TypeScript,51
IDE08018,2026-08-03 23:37:00,DEV167,coding,JavaScript,635
IDE05851,2026-08-03 23:39:00,DEV436,testing,SQL,413
IDE00392,2026-08-03 23:42:00,DEV434,debugging,Python,422
IDE05583,2026-08-03 23:44:00,DEV170,testing,Python,1414
IDE00853,2026-08-03 23:45:00,DEV142,debugging,Java,214
IDE04193,2026-08-03 23:45:00,DEV430,terminal,TypeScript,1341
IDE06764,2026-08-03 23:45:00,DEV405,terminal,Java,195
IDE02804,2026-08-03 23:47:00,DEV321,debugging,Java,863
IDE01424,2026-08-03 23:48:00,DEV022,debugging,SQL,949
IDE03812,2026-08-03 23:48:00,DEV211,coding,TypeScript,1194
IDE01008,2026-08-03 23:49:00,DEV394,file_open,JavaScript,1537
IDE07556,2026-08-03 23:49:00,DEV418,testing,Java,75
IDE08924,2026-08-03 23:50:00,DEV138,coding,Java,69
IDE06191,2026-08-03 23:53:00,DEV148,terminal,SQL,458
IDE00815,2026-08-03 23:54:00,DEV078,file_open,Python,1480
IDE01945,2026-08-03 23:55:00,DEV230,debugging,TypeScript,1651
IDE00615,2026-08-03 23:57:00,DEV176,testing,TypeScript,31
IDE06601,2026-08-03 23:57:00,DEV430,debugging,SQL,581
IDE06339,2026-08-04 00:02:00,DEV125,idle,SQL,377
IDE00577,2026-08-04 00:06:00,DEV141,terminal,Python,1525
IDE05581,2026-08-04 00:07:00,DEV034,coding,SQL,1221
IDE04048,2026-08-04 00:14:00,DEV185,coding,TypeScript,50
IDE07813,2026-08-04 00:14:00,DEV077,idle,TypeScript,853
IDE03599,2026-08-04 00:16:00,DEV014,debugging,JavaScript,1652
IDE02301,2026-08-04 00:17:00,DEV031,file_open,SQL,284
IDE04995,2026-08-04 00:17:00,DEV346,idle,JavaScript,756
IDE06025,2026-08-04 00:21:00,DEV225,coding,JavaScript,49
IDE01232,2026-08-04 00:23:00,DEV285,testing,TypeScript,1130
IDE06801,2026-08-04 00:23:00,DEV302,idle,Java,609
IDE08842,2026-08-04 00:24:00,DEV195,file_open,Java,1208
IDE07136,2026-08-04 00:28:00,DEV127,testing,SQL,1265
IDE07444,2026-08-04 00:29:00,DEV301,terminal,Python,1305
IDE05307,2026-08-04 00:35:00,DEV214,idle,SQL,878
IDE09836,2026-08-04 00:35:00,DEV257,idle,SQL,1429
IDE01439,2026-08-04 00:40:00,DEV047,file_open,Python,1599
IDE00003,2026-08-04 00:42:00,DEV292,coding,Python,350
IDE05531,2026-08-04 00:42:00,DEV180,idle,Python,1081
IDE06513,2026-08-04 00:43:00,DEV065,file_open,TypeScript,1491
IDE08443,2026-08-04 00:44:00,DEV445,debugging,TypeScript,117
IDE05976,2026-08-04 00:45:00,DEV088,testing,Python,315
IDE03995,2026-08-04 00:47:00,DEV098,coding,JavaScript,1548
IDE01086,2026-08-04 00:48:00,DEV440,debugging,Java,353
IDE03532,2026-08-04 00:49:00,DEV208,file_open,Java,563
IDE04915,2026-08-04 00:51:00,DEV394,file_open,Python,1384
IDE04059,2026-08-04 00:52:00,DEV432,debugging,JavaScript,736
IDE08518,2026-08-04 00:52:00,DEV171,terminal,Java,538
IDE03048,2026-08-04 00:54:00,DEV458,debugging,SQL,120
IDE07380,2026-08-04 01:00:00,DEV473,file_open,Python,1129
IDE02921,2026-08-04 01:01:00,DEV235,testing,SQL,801
IDE02761,2026-08-04 01:04:00,DEV045,file_open,JavaScript,650
IDE03758,2026-08-04 01:08:00,DEV460,file_open,JavaScript,330
IDE01974,2026-08-04 01:10:00,DEV272,file_open,JavaScript,797
IDE00486,2026-08-04 01:11:00,DEV254,idle,SQL,644
IDE01236,2026-08-04 01:14:00,DEV390,terminal,JavaScript,376
IDE09421,2026-08-04 01:16:00,DEV254,testing,Java,483
IDE02902,2026-08-04 01:17:00,DEV152,idle,Python,1266
IDE02760,2026-08-04 01:18:00,DEV325,debugging,SQL,1186
IDE05384,2026-08-04 01:18:00,DEV135,idle,JavaScript,1554
IDE04887,2026-08-04 01:22:00,DEV429,terminal,Python,70
IDE05359,2026-08-04 01:22:00,DEV220,file_open,SQL,1722
IDE01221,2026-08-04 01:25:00,DEV182,file_open,JavaScript,810
IDE01696,2026-08-04 01:25:00,DEV132,testing,JavaScript,653
IDE08551,2026-08-04 01:25:00,DEV499,terminal,Python,1238
IDE08574,2026-08-04 01:25:00,DEV297,debugging,TypeScript,103
IDE00698,2026-08-04 01:27:00,DEV103,file_open,Java,1342
IDE08744,2026-08-04 01:27:00,DEV470,idle,SQL,1392
IDE05684,2026-08-04 01:28:00,DEV047,debugging,SQL,804
IDE09601,2026-08-04 01:30:00,DEV085,file_open,SQL,138
IDE02281,2026-08-04 01:31:00,DEV395,file_open,SQL,1757
IDE04837,2026-08-04 01:34:00,DEV133,debugging,Python,1576
IDE08548,2026-08-04 01:34:00,DEV126,terminal,Python,94
IDE05174,2026-08-04 01:35:00,DEV401,file_open,JavaScript,858
IDE06455,2026-08-04 01:36:00,DEV314,idle,SQL,1669
IDE05890,2026-08-04 01:37:00,DEV396,file_open,TypeScript,1479
IDE07658,2026-08-04 01:47:00,DEV011,debugging,TypeScript,918
IDE08039,2026-08-04 01:47:00,DEV145,terminal,TypeScript,821
IDE07154,2026-08-04 01:51:00,DEV075,coding,TypeScript,326
IDE09415,2026-08-04 01:52:00,DEV456,file_open,JavaScript,198
IDE00483,2026-08-04 01:53:00,DEV075,testing,TypeScript,1602
IDE00828,2026-08-04 01:53:00,DEV279,debugging,Java,1173
IDE06262,2026-08-04 01:53:00,DEV344,file_open,Java,1715
IDE08262,2026-08-04 01:55:00,DEV472,coding,SQL,840
IDE02247,2026-08-04 01:56:00,DEV159,debugging,Java,1068
IDE07927,2026-08-04 01:56:00,DEV395,idle,JavaScript,36
IDE06714,2026-08-04 02:00:00,DEV064,coding,TypeScript,245
IDE03976,2026-08-04 02:03:00,DEV189,debugging,Python,637
IDE04182,2026-08-04 02:03:00,DEV412,idle,TypeScript,375
IDE05056,2026-08-04 02:08:00,DEV420,debugging,SQL,1644
IDE05261,2026-08-04 02:10:00,DEV127,idle,SQL,215
IDE05528,2026-08-04 02:10:00,DEV258,terminal,TypeScript,1394
IDE03258,2026-08-04 02:11:00,DEV117,terminal,Python,990
IDE04608,2026-08-04 02:17:00,DEV176,debugging,Python,1473
IDE02225,2026-08-04 02:18:00,DEV401,coding,JavaScript,1270
IDE03890,2026-08-04 02:21:00,DEV406,coding,TypeScript,1110
IDE00876,2026-08-04 02:22:00,DEV094,terminal,Python,788
IDE00883,2026-08-04 02:25:00,DEV058,file_open,Python,444
IDE02551,2026-08-04 02:25:00,DEV181,terminal,Java,1295
IDE03184,2026-08-04 02:25:00,DEV443,file_open,JavaScript,1330
IDE04515,2026-08-04 02:29:00,DEV243,debugging,Java,1117
IDE06175,2026-08-04 02:29:00,DEV046,terminal,JavaScript,304
IDE00682,2026-08-04 02:33:00,DEV047,coding,Java,63
IDE09297,2026-08-04 02:33:00,DEV387,coding,Java,1029
IDE08352,2026-08-04 02:35:00,DEV292,debugging,SQL,1641
IDE02763,2026-08-04 02:42:00,DEV077,debugging,Java,772
IDE07721,2026-08-04 02:42:00,DEV172,file_open,SQL,1249
IDE08945,2026-08-04 02:42:00,DEV330,file_open,Python,937
IDE02872,2026-08-04 02:43:00,DEV164,testing,SQL,1294
IDE03871,2026-08-04 02:46:00,DEV456,idle,SQL,325
IDE00556,2026-08-04 02:51:00,DEV272,debugging,JavaScript,1234
IDE02446,2026-08-04 02:51:00,DEV044,file_open,Java,1258
IDE09146,2026-08-04 02:54:00,DEV288,debugging,Python,1033
IDE09400,2026-08-04 02:55:00,DEV416,testing,SQL,1551
IDE08065,2026-08-04 02:57:00,DEV192,coding,Java,69
IDE05615,2026-08-04 02:58:00,DEV021,idle,SQL,309
IDE08369,2026-08-04 02:59:00,DEV472,idle,SQL,1180
IDE05727,2026-08-04 03:00:00,DEV454,debugging,SQL,781
IDE04807,2026-08-04 03:01:00,DEV161,file_open,Java,1124
IDE09894,2026-08-04 03:03:00,DEV131,debugging,JavaScript,1303
IDE04975,2026-08-04 03:05:00,DEV298,coding,TypeScript,1045
IDE07724,2026-08-04 03:06:00,DEV359,coding,SQL,726
IDE05926,2026-08-04 03:07:00,DEV281,coding,JavaScript,1354
IDE03797,2026-08-04 03:18:00,DEV458,coding,SQL,308
IDE08799,2026-08-04 03:19:00,DEV384,idle,SQL,1000
IDE07304,2026-08-04 03:21:00,DEV376,file_open,Java,691
IDE06352,2026-08-04 03:22:00,DEV011,coding,Java,971
IDE04873,2026-08-04 03:26:00,DEV416,terminal,Java,749
IDE09787,2026-08-04 03:27:00,DEV003,testing,SQL,1798
IDE04556,2026-08-04 03:29:00,DEV198,testing,SQL,74
IDE00907,2026-08-04 03:30:00,DEV492,coding,Java,1094
IDE00361,2026-08-04 03:31:00,DEV386,testing,Python,981
IDE01016,2026-08-04 03:36:00,DEV481,coding,JavaScript,547
IDE01792,2026-08-04 03:38:00,DEV162,file_open,TypeScript,662
IDE03403,2026-08-04 03:38:00,DEV499,idle,Java,143
IDE05929,2026-08-04 03:39:00,DEV294,coding,Python,1007
IDE05348,2026-08-04 03:40:00,DEV229,file_open,Python,1467
IDE00938,2026-08-04 03:45:00,DEV297,terminal,TypeScript,1554
IDE09098,2026-08-04 03:46:00,DEV014,coding,Python,158
IDE04496,2026-08-04 03:48:00,DEV206,debugging,SQL,1273
IDE03891,2026-08-04 03:52:00,DEV437,terminal,JavaScript,1362
IDE06599,2026-08-04 03:52:00,DEV341,terminal,Python,780
IDE00021,2026-08-04 03:53:00,DEV074,debugging,Python,1299
IDE04896,2026-08-04 03:59:00,DEV446,idle,Python,1399
IDE03119,2026-08-04 04:00:00,DEV025,debugging,Python,1025
IDE02227,2026-08-04 04:05:00,DEV190,terminal,Java,1455
IDE03642,2026-08-04 04:06:00,DEV499,file_open,TypeScript,611
IDE06573,2026-08-04 04:08:00,DEV138,debugging,JavaScript,1325
IDE07841,2026-08-04 04:08:00,DEV426,debugging,SQL,135
IDE01523,2026-08-04 04:12:00,DEV366,testing,Python,282
IDE07320,2026-08-04 04:12:00,DEV471,debugging,Java,622
IDE09808,2026-08-04 04:14:00,DEV245,file_open,TypeScript,1651
IDE00399,2026-08-04 04:15:00,DEV181,coding,JavaScript,635
IDE08144,2026-08-04 04:20:00,DEV116,terminal,JavaScript,492
IDE01464,2026-08-04 04:31:00,DEV152,testing,Java,855
IDE07458,2026-08-04 04:31:00,DEV064,debugging,Java,903
IDE04509,2026-08-04 04:34:00,DEV326,terminal,Python,995
IDE08695,2026-08-04 04:34:00,DEV433,file_open,TypeScript,1594
IDE03534,2026-08-04 04:37:00,DEV429,coding,SQL,1740
IDE04731,2026-08-04 04:37:00,DEV409,coding,SQL,621
IDE05172,2026-08-04 04:37:00,DEV013,debugging,Java,1053
IDE00679,2026-08-04 04:41:00,DEV176,terminal,Python,1686
IDE00572,2026-08-04 04:43:00,DEV103,idle,JavaScript,632
IDE08469,2026-08-04 04:45:00,DEV267,idle,Python,1537
IDE02608,2026-08-04 04:51:00,DEV453,terminal,Python,724
IDE05861,2026-08-04 04:51:00,DEV413,file_open,SQL,1440
IDE05915,2026-08-04 04:52:00,DEV031,debugging,SQL,1615
IDE02734,2026-08-04 04:53:00,DEV451,terminal,JavaScript,218
IDE03860,2026-08-04 04:55:00,DEV224,idle,Python,655
IDE08327,2026-08-04 04:55:00,DEV130,debugging,SQL,279
IDE09223,2026-08-04 05:01:00,DEV114,terminal,Python,539
IDE05361,2026-08-04 05:07:00,DEV083,file_open,SQL,1748
IDE09446,2026-08-04 05:07:00,DEV411,file_open,Java,311
IDE03925,2026-08-04 05:10:00,DEV206,testing,Java,1026
IDE09478,2026-08-04 05:10:00,DEV171,file_open,TypeScript,1228
IDE01840,2026-08-04 05:12:00,DEV108,debugging,Java,1466
IDE01803,2026-08-04 05:14:00,DEV127,testing,JavaScript,371
IDE06989,2026-08-04 05:16:00,DEV291,idle,Python,1690
IDE00900,2026-08-04 05:19:00,DEV459,debugging,JavaScript,483
IDE00165,2026-08-04 05:22:00,DEV089,debugging,Java,1084
IDE06795,2026-08-04 05:23:00,DEV372,coding,TypeScript,540
IDE02637,2026-08-04 05:26:00,DEV284,file_open,JavaScript,464
IDE06773,2026-08-04 05:28:00,DEV196,terminal,Java,1357
IDE07312,2026-08-04 05:28:00,DEV488,coding,JavaScript,671
IDE01562,2026-08-04 05:29:00,DEV074,coding,Java,146
IDE03813,2026-08-04 05:30:00,DEV187,testing,SQL,1340
IDE02350,2026-08-04 05:38:00,DEV052,idle,Python,1340
IDE00587,2026-08-04 05:40:00,DEV334,coding,Python,725
IDE03727,2026-08-04 05:41:00,DEV191,idle,TypeScript,1208
IDE07092,2026-08-04 05:43:00,DEV237,coding,Python,664
IDE08577,2026-08-04 05:43:00,DEV304,file_open,Java,845
IDE02566,2026-08-04 05:47:00,DEV154,terminal,SQL,660
IDE02693,2026-08-04 05:49:00,DEV407,debugging,Python,1648
IDE01927,2026-08-04 05:52:00,DEV158,testing,SQL,976
IDE05250,2026-08-04 05:53:00,DEV115,idle,JavaScript,1269
IDE00195,2026-08-04 06:07:00,DEV324,file_open,Java,1224
IDE07657,2026-08-04 06:11:00,DEV137,file_open,SQL,323
IDE08738,2026-08-04 06:14:00,DEV073,idle,SQL,418
IDE09375,2026-08-04 06:14:00,DEV235,testing,Java,1709
IDE02678,2026-08-04 06:15:00,DEV418,coding,Java,619
IDE01506,2026-08-04 06:16:00,DEV171,debugging,Java,996
IDE06093,2026-08-04 06:22:00,DEV126,idle,TypeScript,1282
IDE08010,2026-08-04 06:26:00,DEV135,debugging,JavaScript,1656
IDE08148,2026-08-04 06:28:00,DEV161,coding,SQL,1789
IDE04532,2026-08-04 06:32:00,DEV289,idle,SQL,760
IDE03235,2026-08-04 06:36:00,DEV261,idle,TypeScript,1749
IDE08536,2026-08-04 06:36:00,DEV079,terminal,Python,559
IDE04131,2026-08-04 06:39:00,DEV248,coding,SQL,1323
IDE04349,2026-08-04 06:39:00,DEV150,debugging,Java,1250
IDE05824,2026-08-04 06:40:00,DEV227,debugging,SQL,533
IDE05276,2026-08-04 06:41:00,DEV022,terminal,SQL,445
IDE09385,2026-08-04 06:42:00,DEV015,testing,TypeScript,806
IDE03610,2026-08-04 06:44:00,DEV384,debugging,Python,72
IDE04499,2026-08-04 06:44:00,DEV307,testing,Python,1066
IDE09771,2026-08-04 06:44:00,DEV314,testing,Python,802
IDE02216,2026-08-04 06:45:00,DEV097,testing,TypeScript,53
IDE00138,2026-08-04 06:47:00,DEV383,coding,SQL,1759
IDE02667,2026-08-04 06:51:00,DEV213,debugging,JavaScript,804
IDE08184,2026-08-04 06:51:00,DEV301,testing,SQL,971
IDE02340,2026-08-04 06:56:00,DEV041,debugging,SQL,1038
IDE03301,2026-08-04 07:08:00,DEV461,testing,Java,1719
IDE08940,2026-08-04 07:08:00,DEV429,terminal,SQL,1096
IDE01299,2026-08-04 07:12:00,DEV171,idle,Python,1443
IDE01961,2026-08-04 07:12:00,DEV452,file_open,Java,1506
IDE03830,2026-08-04 07:12:00,DEV086,coding,SQL,1322
IDE09865,2026-08-04 07:12:00,DEV059,coding,Java,184
IDE02465,2026-08-04 07:14:00,DEV157,idle,Java,1665
IDE09866,2026-08-04 07:15:00,DEV170,testing,TypeScript,528
IDE06697,2026-08-04 07:19:00,DEV493,file_open,Java,441
IDE03729,2026-08-04 07:21:00,DEV282,file_open,TypeScript,503
IDE06825,2026-08-04 07:24:00,DEV161,file_open,Python,326
IDE05192,2026-08-04 07:25:00,DEV257,debugging,SQL,1676
IDE09924,2026-08-04 07:25:00,DEV212,debugging,SQL,38
IDE00592,2026-08-04 07:32:00,DEV246,terminal,Python,1512
IDE02113,2026-08-04 07:33:00,DEV202,coding,JavaScript,1472
IDE08634,2026-08-04 07:35:00,DEV474,terminal,JavaScript,897
IDE05412,2026-08-04 07:40:00,DEV253,idle,Python,389
IDE09188,2026-08-04 07:44:00,DEV462,file_open,SQL,529
IDE04345,2026-08-04 07:46:00,DEV392,testing,JavaScript,1286
IDE03324,2026-08-04 07:50:00,DEV158,coding,Python,401
IDE07360,2026-08-04 07:51:00,DEV040,idle,TypeScript,55
IDE09991,2026-08-04 07:51:00,DEV328,idle,Python,1694
IDE07367,2026-08-04 07:52:00,DEV158,file_open,TypeScript,727
IDE01319,2026-08-04 07:58:00,DEV058,testing,SQL,514
IDE05058,2026-08-04 07:59:00,DEV133,coding,JavaScript,1528
IDE03805,2026-08-04 08:07:00,DEV455,coding,Python,1570
IDE02121,2026-08-04 08:10:00,DEV396,coding,Java,780
IDE09051,2026-08-04 08:12:00,DEV213,debugging,JavaScript,581
IDE08062,2026-08-04 08:13:00,DEV340,idle,JavaScript,1321
IDE08304,2026-08-04 08:15:00,DEV359,terminal,SQL,825
IDE09410,2026-08-04 08:16:00,DEV080,debugging,Java,374
IDE01025,2026-08-04 08:17:00,DEV283,terminal,SQL,1425
IDE02998,2026-08-04 08:18:00,DEV100,file_open,JavaScript,1630
IDE01404,2026-08-04 08:19:00,DEV025,file_open,TypeScript,974
IDE05140,2026-08-04 08:23:00,DEV221,coding,SQL,749
IDE06519,2026-08-04 08:25:00,DEV060,terminal,JavaScript,1295
IDE07157,2026-08-04 08:30:00,DEV060,debugging,JavaScript,288
IDE08944,2026-08-04 08:32:00,DEV212,idle,Python,187
IDE00642,2026-08-04 08:37:00,DEV497,terminal,JavaScript,948
IDE05418,2026-08-04 08:40:00,DEV495,testing,Java,806
IDE05822,2026-08-04 08:41:00,DEV164,file_open,Java,220
IDE03122,2026-08-04 08:44:00,DEV496,debugging,Java,506
IDE03889,2026-08-04 08:45:00,DEV237,idle,Java,777
IDE08954,2026-08-04 08:55:00,DEV120,testing,SQL,1336
IDE01965,2026-08-04 08:56:00,DEV064,coding,JavaScript,1220
IDE06203,2026-08-04 08:58:00,DEV070,coding,TypeScript,827
IDE00696,2026-08-04 08:59:00,DEV041,terminal,Python,536
IDE03740,2026-08-04 09:00:00,DEV113,terminal,SQL,621
IDE03393,2026-08-04 09:01:00,DEV045,idle,TypeScript,385
IDE00896,2026-08-04 09:04:00,DEV111,terminal,Python,587
IDE06942,2026-08-04 09:04:00,DEV094,file_open,TypeScript,276
IDE00505,2026-08-04 09:06:00,DEV500,file_open,Python,1323
IDE03394,2026-08-04 09:08:00,DEV321,coding,SQL,1502
IDE06315,2026-08-04 09:10:00,DEV469,coding,JavaScript,485
IDE01410,2026-08-04 09:13:00,DEV225,file_open,Python,1759
IDE07501,2026-08-04 09:13:00,DEV277,testing,Java,604
IDE06516,2026-08-04 09:15:00,DEV188,debugging,JavaScript,1354
IDE08412,2026-08-04 09:16:00,DEV452,coding,JavaScript,1696
IDE00030,2026-08-04 09:18:00,DEV039,terminal,SQL,1363
IDE07860,2026-08-04 09:18:00,DEV052,idle,TypeScript,1414
IDE05530,2026-08-04 09:19:00,DEV350,idle,TypeScript,1318
IDE09474,2026-08-04 09:32:00,DEV230,file_open,Java,1349
IDE03232,2026-08-04 09:36:00,DEV313,terminal,Java,733
IDE00910,2026-08-04 09:37:00,DEV121,testing,TypeScript,1640
IDE04337,2026-08-04 09:37:00,DEV081,debugging,TypeScript,1168
IDE01059,2026-08-04 09:43:00,DEV374,coding,SQL,1651
IDE09683,2026-08-04 09:43:00,DEV097,coding,SQL,987
IDE02376,2026-08-04 09:46:00,DEV162,testing,Python,933
IDE02572,2026-08-04 09:51:00,DEV106,file_open,JavaScript,715
IDE08402,2026-08-04 09:53:00,DEV393,idle,Java,1158
IDE04767,2026-08-04 09:54:00,DEV500,coding,Python,563
IDE05356,2026-08-04 09:54:00,DEV422,file_open,JavaScript,706
IDE00819,2026-08-04 09:59:00,DEV478,idle,JavaScript,1669
IDE08449,2026-08-04 10:01:00,DEV328,coding,SQL,185
IDE01663,2026-08-04 10:09:00,DEV015,coding,Java,1361
IDE05893,2026-08-04 10:14:00,DEV182,file_open,TypeScript,663
IDE08592,2026-08-04 10:14:00,DEV281,coding,TypeScript,273
IDE03109,2026-08-04 10:15:00,DEV466,idle,SQL,848
IDE02664,2026-08-04 10:24:00,DEV436,testing,Java,1798
IDE06282,2026-08-04 10:24:00,DEV300,coding,JavaScript,358
IDE02341,2026-08-04 10:26:00,DEV401,terminal,SQL,890
IDE02277,2026-08-04 10:28:00,DEV320,debugging,SQL,1359
IDE03545,2026-08-04 10:29:00,DEV400,coding,SQL,1712
IDE04256,2026-08-04 10:29:00,DEV326,idle,TypeScript,342
IDE01924,2026-08-04 10:31:00,DEV089,coding,JavaScript,725
IDE09895,2026-08-04 10:32:00,DEV314,terminal,TypeScript,1048
IDE06456,2026-08-04 10:35:00,DEV390,idle,JavaScript,1793
IDE07067,2026-08-04 10:35:00,DEV240,idle,TypeScript,1717
IDE03903,2026-08-04 10:36:00,DEV222,terminal,SQL,941
IDE01181,2026-08-04 10:37:00,DEV016,file_open,JavaScript,633
IDE09751,2026-08-04 10:37:00,DEV499,terminal,Java,1778
IDE00859,2026-08-04 10:42:00,DEV321,testing,Python,1639
IDE01952,2026-08-04 10:44:00,DEV473,coding,Python,721
IDE04247,2026-08-04 10:44:00,DEV226,terminal,SQL,1015
IDE06482,2026-08-04 10:46:00,DEV001,testing,JavaScript,519
IDE04145,2026-08-04 10:51:00,DEV315,idle,Python,34
IDE07035,2026-08-04 10:52:00,DEV168,debugging,SQL,1054
IDE05970,2026-08-04 10:53:00,DEV067,file_open,JavaScript,433
IDE01118,2026-08-04 10:54:00,DEV055,testing,JavaScript,1295
IDE04018,2026-08-04 10:54:00,DEV148,file_open,SQL,1149
IDE07234,2026-08-04 10:56:00,DEV107,testing,SQL,1394
IDE01674,2026-08-04 10:58:00,DEV392,testing,TypeScript,1319
IDE02371,2026-08-04 10:59:00,DEV377,file_open,JavaScript,378
IDE04816,2026-08-04 11:01:00,DEV409,coding,Python,1214
IDE09217,2026-08-04 11:01:00,DEV003,testing,Java,42
IDE02563,2026-08-04 11:02:00,DEV452,file_open,JavaScript,777
IDE07593,2026-08-04 11:02:00,DEV182,idle,SQL,892
IDE06497,2026-08-04 11:03:00,DEV167,debugging,SQL,532
IDE08689,2026-08-04 11:03:00,DEV392,terminal,Python,203
IDE03832,2026-08-04 11:04:00,DEV135,testing,Python,782
IDE09869,2026-08-04 11:05:00,DEV134,file_open,Python,771
IDE06721,2026-08-04 11:06:00,DEV144,idle,Java,150
IDE01580,2026-08-04 11:07:00,DEV411,terminal,Java,319
IDE04015,2026-08-04 11:08:00,DEV195,coding,SQL,280
IDE06732,2026-08-04 11:12:00,DEV365,debugging,Java,1473
IDE02175,2026-08-04 11:16:00,DEV438,testing,Python,1075
IDE04056,2026-08-04 11:18:00,DEV119,file_open,JavaScript,780
IDE00221,2026-08-04 11:22:00,DEV290,file_open,SQL,1764
IDE00944,2026-08-04 11:22:00,DEV438,idle,SQL,376
IDE04093,2026-08-04 11:25:00,DEV329,testing,JavaScript,1525
IDE05801,2026-08-04 11:25:00,DEV441,testing,SQL,550
IDE08484,2026-08-04 11:26:00,DEV137,idle,Java,1173
IDE03820,2026-08-04 11:33:00,DEV423,testing,Python,780
IDE08681,2026-08-04 11:34:00,DEV284,debugging,Python,1312
IDE01411,2026-08-04 11:36:00,DEV083,file_open,Python,1102
IDE03124,2026-08-04 11:37:00,DEV009,debugging,Python,1307
IDE03757,2026-08-04 11:37:00,DEV304,idle,JavaScript,703
IDE03125,2026-08-04 11:38:00,DEV103,terminal,Java,586
IDE04768,2026-08-04 11:38:00,DEV224,testing,JavaScript,1382
IDE07764,2026-08-04 11:38:00,DEV346,testing,JavaScript,1368
IDE02185,2026-08-04 11:43:00,DEV222,idle,TypeScript,250
IDE00320,2026-08-04 11:44:00,DEV164,coding,TypeScript,1226
IDE01530,2026-08-04 11:46:00,DEV267,coding,SQL,1251
IDE04664,2026-08-04 11:46:00,DEV253,debugging,Java,248
IDE04960,2026-08-04 11:46:00,DEV236,testing,SQL,1060
IDE02000,2026-08-04 11:50:00,DEV303,testing,SQL,530
IDE00086,2026-08-04 11:51:00,DEV008,terminal,JavaScript,432
IDE04991,2026-08-04 11:51:00,DEV246,debugging,JavaScript,505
IDE05568,2026-08-04 11:53:00,DEV390,file_open,SQL,823
IDE05817,2026-08-04 11:58:00,DEV254,file_open,SQL,1316
IDE04970,2026-08-04 11:59:00,DEV006,terminal,JavaScript,30
IDE05392,2026-08-04 11:59:00,DEV370,coding,Python,634
IDE02843,2026-08-04 12:01:00,DEV422,idle,TypeScript,1619
IDE03006,2026-08-04 12:07:00,DEV219,debugging,SQL,1432
IDE00313,2026-08-04 12:08:00,DEV035,testing,SQL,1665
IDE08630,2026-08-04 12:10:00,DEV400,testing,Python,449
IDE09515,2026-08-04 12:12:00,DEV001,coding,SQL,285
IDE02789,2026-08-04 12:15:00,DEV089,coding,Python,822
IDE03388,2026-08-04 12:16:00,DEV326,testing,Python,458
IDE07340,2026-08-04 12:17:00,DEV224,testing,TypeScript,336
IDE03159,2026-08-04 12:20:00,DEV028,testing,JavaScript,1122
IDE09551,2026-08-04 12:21:00,DEV308,idle,JavaScript,1602
IDE04522,2026-08-04 12:22:00,DEV018,idle,Java,359
IDE08173,2026-08-04 12:22:00,DEV397,file_open,SQL,1283
IDE08568,2026-08-04 12:26:00,DEV056,terminal,JavaScript,418
IDE01814,2026-08-04 12:27:00,DEV236,idle,Python,577
IDE06918,2026-08-04 12:27:00,DEV193,coding,TypeScript,669
IDE03377,2026-08-04 12:32:00,DEV158,testing,JavaScript,463
IDE03253,2026-08-04 12:34:00,DEV242,coding,TypeScript,105
IDE09360,2026-08-04 12:35:00,DEV300,coding,Java,118
IDE02123,2026-08-04 12:36:00,DEV469,terminal,TypeScript,212
IDE03902,2026-08-04 12:36:00,DEV032,debugging,Java,846
IDE07043,2026-08-04 12:38:00,DEV381,testing,SQL,1314
IDE04423,2026-08-04 12:40:00,DEV041,terminal,JavaScript,643
IDE06187,2026-08-04 12:40:00,DEV468,terminal,TypeScript,282
IDE09922,2026-08-04 12:43:00,DEV463,debugging,Java,524
IDE01892,2026-08-04 12:44:00,DEV289,debugging,JavaScript,1597
IDE03764,2026-08-04 12:45:00,DEV066,coding,Java,1707
IDE00383,2026-08-04 12:47:00,DEV322,terminal,JavaScript,368
IDE03555,2026-08-04 12:52:00,DEV267,file_open,SQL,406
IDE07255,2026-08-04 12:52:00,DEV206,file_open,Python,1668
IDE02916,2026-08-04 12:53:00,DEV309,idle,Python,56
IDE07771,2026-08-04 12:53:00,DEV250,debugging,Python,1018
IDE00363,2026-08-04 12:57:00,DEV257,debugging,SQL,758
IDE07202,2026-08-04 12:57:00,DEV238,coding,Python,689
IDE07629,2026-08-04 12:57:00,DEV411,file_open,SQL,399
IDE02190,2026-08-04 12:58:00,DEV192,testing,Java,354
IDE01414,2026-08-04 13:06:00,DEV414,file_open,Python,1427
IDE04996,2026-08-04 13:06:00,DEV314,idle,Java,991
IDE00596,2026-08-04 13:07:00,DEV283,idle,Python,278
IDE04867,2026-08-04 13:08:00,DEV457,coding,SQL,958
IDE07600,2026-08-04 13:09:00,DEV408,debugging,SQL,499
IDE07370,2026-08-04 13:11:00,DEV177,terminal,SQL,757
IDE04737,2026-08-04 13:13:00,DEV459,file_open,JavaScript,660
IDE04401,2026-08-04 13:16:00,DEV160,file_open,Python,756
IDE06451,2026-08-04 13:16:00,DEV342,debugging,Java,1503
IDE03093,2026-08-04 13:18:00,DEV362,testing,Python,558
IDE03728,2026-08-04 13:18:00,DEV363,testing,SQL,448
IDE05349,2026-08-04 13:18:00,DEV099,testing,Java,1500
IDE03703,2026-08-04 13:22:00,DEV264,file_open,Java,261
IDE07498,2026-08-04 13:24:00,DEV028,idle,JavaScript,953
IDE00482,2026-08-04 13:25:00,DEV058,coding,TypeScript,1755
IDE09455,2026-08-04 13:26:00,DEV214,debugging,JavaScript,646
IDE06501,2026-08-04 13:27:00,DEV087,idle,TypeScript,1406
IDE01901,2026-08-04 13:29:00,DEV292,coding,TypeScript,623
IDE01627,2026-08-04 13:31:00,DEV054,idle,Python,341
IDE08041,2026-08-04 13:32:00,DEV494,debugging,JavaScript,223
IDE03900,2026-08-04 13:35:00,DEV161,coding,TypeScript,535
IDE04501,2026-08-04 13:40:00,DEV206,debugging,Java,1104
IDE09508,2026-08-04 13:40:00,DEV454,idle,SQL,1546
IDE01513,2026-08-04 13:42:00,DEV498,debugging,JavaScript,328
IDE06717,2026-08-04 13:42:00,DEV488,coding,TypeScript,918
IDE01744,2026-08-04 13:43:00,DEV376,testing,TypeScript,723
IDE04910,2026-08-04 13:43:00,DEV400,debugging,JavaScript,238
IDE09498,2026-08-04 13:46:00,DEV395,idle,Python,801
IDE04706,2026-08-04 13:47:00,DEV235,testing,TypeScript,1614
IDE02449,2026-08-04 13:50:00,DEV447,terminal,Java,175
IDE04721,2026-08-04 13:50:00,DEV149,file_open,SQL,465
IDE09235,2026-08-04 13:54:00,DEV297,file_open,SQL,1252
IDE09783,2026-08-04 13:56:00,DEV482,idle,Java,926
IDE05340,2026-08-04 14:00:00,DEV447,idle,SQL,1608
IDE05710,2026-08-04 14:01:00,DEV227,idle,Java,1336
IDE04840,2026-08-04 14:12:00,DEV352,coding,Python,866
IDE03325,2026-08-04 14:13:00,DEV351,file_open,Java,1635
IDE08134,2026-08-04 14:15:00,DEV180,coding,Java,1605
IDE03075,2026-08-04 14:17:00,DEV323,testing,Java,160
IDE04021,2026-08-04 14:23:00,DEV206,testing,TypeScript,1539
IDE05671,2026-08-04 14:23:00,DEV474,coding,Java,1274
IDE07484,2026-08-04 14:24:00,DEV200,debugging,TypeScript,610
IDE03451,2026-08-04 14:25:00,DEV390,coding,JavaScript,1712
IDE09651,2026-08-04 14:25:00,DEV180,file_open,Java,451
IDE06049,2026-08-04 14:27:00,DEV338,file_open,SQL,1036
IDE06725,2026-08-04 14:28:00,DEV102,debugging,JavaScript,759
IDE05670,2026-08-04 14:33:00,DEV489,coding,Java,751
IDE04277,2026-08-04 14:34:00,DEV193,debugging,JavaScript,1245
IDE04412,2026-08-04 14:41:00,DEV373,idle,TypeScript,1798
IDE09337,2026-08-04 14:41:00,DEV172,testing,TypeScript,951
IDE00701,2026-08-04 14:45:00,DEV219,file_open,Java,1606
IDE02936,2026-08-04 14:46:00,DEV010,coding,Python,969
IDE08430,2026-08-04 14:46:00,DEV439,idle,SQL,624
IDE02152,2026-08-04 14:48:00,DEV448,testing,Python,796
IDE07503,2026-08-04 14:48:00,DEV458,idle,TypeScript,990
IDE08073,2026-08-04 14:52:00,DEV054,terminal,Python,1674
IDE00526,2026-08-04 14:56:00,DEV026,idle,SQL,1697
IDE08357,2026-08-04 14:56:00,DEV484,idle,Java,1665
IDE05182,2026-08-04 15:02:00,DEV454,debugging,Java,960
IDE06921,2026-08-04 15:09:00,DEV413,file_open,TypeScript,1527
IDE01065,2026-08-04 15:15:00,DEV349,debugging,Python,1707
IDE07063,2026-08-04 15:16:00,DEV278,debugging,Java,1602
IDE08054,2026-08-04 15:17:00,DEV311,terminal,JavaScript,801
IDE00545,2026-08-04 15:19:00,DEV084,coding,SQL,186
IDE03776,2026-08-04 15:21:00,DEV373,testing,Python,422
IDE08648,2026-08-04 15:24:00,DEV173,file_open,Python,129
IDE02824,2026-08-04 15:27:00,DEV440,debugging,Python,623
IDE02181,2026-08-04 15:30:00,DEV179,idle,JavaScript,360
IDE09441,2026-08-04 15:30:00,DEV045,terminal,Python,1143
IDE00144,2026-08-04 15:32:00,DEV076,file_open,SQL,1305
IDE00955,2026-08-04 15:34:00,DEV477,testing,Python,1067
IDE03139,2026-08-04 15:35:00,DEV438,file_open,SQL,491
IDE09347,2026-08-04 15:38:00,DEV115,debugging,Python,593
IDE08436,2026-08-04 15:44:00,DEV206,debugging,SQL,1255
IDE06251,2026-08-04 15:45:00,DEV069,debugging,JavaScript,1521
IDE04732,2026-08-04 15:46:00,DEV008,testing,TypeScript,1066
IDE00775,2026-08-04 15:49:00,DEV215,idle,SQL,1338
IDE03513,2026-08-04 15:49:00,DEV053,coding,JavaScript,1184
IDE07705,2026-08-04 15:51:00,DEV009,testing,Java,1417
IDE08953,2026-08-04 15:56:00,DEV182,debugging,SQL,500
IDE07598,2026-08-04 15:57:00,DEV466,terminal,JavaScript,1691
IDE01962,2026-08-04 15:58:00,DEV089,file_open,Java,293
IDE04705,2026-08-04 15:59:00,DEV193,idle,JavaScript,719
IDE06386,2026-08-04 16:09:00,DEV367,file_open,SQL,680
IDE06610,2026-08-04 16:09:00,DEV014,terminal,SQL,312
IDE04521,2026-08-04 16:13:00,DEV482,idle,TypeScript,168
IDE01011,2026-08-04 16:14:00,DEV418,terminal,Java,452
IDE00155,2026-08-04 16:16:00,DEV044,debugging,Python,1063
IDE04386,2026-08-04 16:17:00,DEV414,debugging,TypeScript,1783
IDE09997,2026-08-04 16:21:00,DEV078,coding,SQL,536
IDE06904,2026-08-04 16:24:00,DEV340,idle,SQL,988
IDE00038,2026-08-04 16:26:00,DEV466,coding,Python,860
IDE08027,2026-08-04 16:30:00,DEV412,coding,Python,1768
IDE08500,2026-08-04 16:31:00,DEV400,idle,TypeScript,690
IDE08639,2026-08-04 16:33:00,DEV215,file_open,SQL,1135
IDE03356,2026-08-04 16:34:00,DEV221,coding,Python,1561
IDE00975,2026-08-04 16:35:00,DEV337,debugging,Python,565
IDE03351,2026-08-04 16:41:00,DEV254,testing,JavaScript,382
IDE07849,2026-08-04 16:46:00,DEV148,file_open,JavaScript,782
IDE00261,2026-08-04 16:50:00,DEV470,debugging,JavaScript,951
IDE08280,2026-08-04 16:56:00,DEV393,terminal,JavaScript,583
IDE00605,2026-08-04 16:59:00,DEV264,terminal,Java,304
IDE02003,2026-08-04 17:00:00,DEV306,debugging,Python,192
IDE03260,2026-08-04 17:00:00,DEV171,coding,TypeScript,491
IDE01644,2026-08-04 17:03:00,DEV012,terminal,Python,625
IDE06633,2026-08-04 17:03:00,DEV096,testing,Python,1231
IDE02477,2026-08-04 17:04:00,DEV385,terminal,Python,1366
IDE02893,2026-08-04 17:04:00,DEV128,file_open,Java,576
IDE02352,2026-08-04 17:06:00,DEV336,testing,Python,391
IDE08556,2026-08-04 17:06:00,DEV409,debugging,JavaScript,301
IDE05091,2026-08-04 17:07:00,DEV336,terminal,Python,88
IDE07740,2026-08-04 17:08:00,DEV122,file_open,JavaScript,1202
IDE03314,2026-08-04 17:11:00,DEV071,testing,JavaScript,665
IDE08462,2026-08-04 17:14:00,DEV494,terminal,JavaScript,981
IDE09863,2026-08-04 17:14:00,DEV048,file_open,Java,728
IDE07423,2026-08-04 17:15:00,DEV130,debugging,Python,1223
IDE05146,2026-08-04 17:17:00,DEV114,testing,SQL,767
IDE08540,2026-08-04 17:19:00,DEV265,idle,Python,1117
IDE00973,2026-08-04 17:20:00,DEV349,debugging,SQL,1653
IDE05120,2026-08-04 17:20:00,DEV417,file_open,Python,456
IDE03061,2026-08-04 17:22:00,DEV228,terminal,TypeScript,222
IDE06586,2026-08-04 17:22:00,DEV436,idle,Java,1391
IDE01066,2026-08-04 17:25:00,DEV045,terminal,JavaScript,1368
IDE09034,2026-08-04 17:25:00,DEV138,testing,JavaScript,384
IDE00591,2026-08-04 17:26:00,DEV419,coding,Python,103
IDE02215,2026-08-04 17:26:00,DEV139,coding,JavaScript,1374
IDE07029,2026-08-04 17:28:00,DEV278,debugging,Python,1557
IDE00688,2026-08-04 17:29:00,DEV453,coding,Java,318
IDE06194,2026-08-04 17:30:00,DEV037,coding,TypeScript,1155
IDE01977,2026-08-04 17:32:00,DEV467,debugging,Java,468
IDE03823,2026-08-04 17:36:00,DEV104,testing,TypeScript,1780
IDE06484,2026-08-04 17:44:00,DEV183,terminal,Java,397
IDE06784,2026-08-04 17:44:00,DEV223,debugging,TypeScript,1099
IDE08714,2026-08-04 17:48:00,DEV190,coding,Python,739
IDE02654,2026-08-04 17:50:00,DEV410,idle,Python,312
IDE02966,2026-08-04 17:51:00,DEV100,debugging,JavaScript,333
IDE06045,2026-08-04 17:52:00,DEV365,idle,SQL,400
IDE07231,2026-08-04 17:55:00,DEV366,file_open,SQL,1494
IDE04785,2026-08-04 17:56:00,DEV406,testing,Python,336
IDE03699,2026-08-04 17:58:00,DEV121,testing,Java,531
IDE01490,2026-08-04 18:01:00,DEV300,terminal,Python,457
IDE00915,2026-08-04 18:05:00,DEV047,debugging,Java,1456
IDE06591,2026-08-04 18:05:00,DEV235,terminal,Java,615
IDE04654,2026-08-04 18:06:00,DEV090,coding,Python,1137
IDE00956,2026-08-04 18:08:00,DEV218,idle,TypeScript,463
IDE08502,2026-08-04 18:08:00,DEV106,testing,SQL,1433
IDE08204,2026-08-04 18:11:00,DEV184,file_open,SQL,665
IDE03501,2026-08-04 18:15:00,DEV364,file_open,JavaScript,533
IDE05131,2026-08-04 18:22:00,DEV193,terminal,Java,269
IDE06176,2026-08-04 18:24:00,DEV490,coding,SQL,711
IDE03547,2026-08-04 18:26:00,DEV495,coding,SQL,157
IDE00897,2026-08-04 18:30:00,DEV225,idle,Python,1685
IDE02523,2026-08-04 18:33:00,DEV056,terminal,JavaScript,250
IDE08492,2026-08-04 18:36:00,DEV443,file_open,TypeScript,415
IDE05298,2026-08-04 18:45:00,DEV104,testing,TypeScript,1339
IDE05819,2026-08-04 18:45:00,DEV040,file_open,Python,1176
IDE05431,2026-08-04 18:46:00,DEV406,file_open,Python,678
IDE03063,2026-08-04 18:47:00,DEV064,terminal,JavaScript,128
IDE09290,2026-08-04 18:47:00,DEV405,terminal,Java,1086
IDE06076,2026-08-04 18:48:00,DEV249,file_open,JavaScript,925
IDE05273,2026-08-04 18:52:00,DEV158,terminal,JavaScript,1445
IDE03544,2026-08-04 18:54:00,DEV471,file_open,Python,1050
IDE04599,2026-08-04 18:55:00,DEV396,idle,Java,498
IDE01097,2026-08-04 18:57:00,DEV046,debugging,TypeScript,152
IDE07208,2026-08-04 18:57:00,DEV285,testing,Java,1709
IDE00269,2026-08-04 18:59:00,DEV204,file_open,TypeScript,928
IDE02660,2026-08-04 18:59:00,DEV102,file_open,Java,1529
IDE09121,2026-08-04 19:00:00,DEV473,idle,TypeScript,1795
IDE02836,2026-08-04 19:04:00,DEV102,idle,JavaScript,151
IDE01395,2026-08-04 19:10:00,DEV126,idle,TypeScript,451
IDE03347,2026-08-04 19:12:00,DEV357,idle,Python,932
IDE08756,2026-08-04 19:17:00,DEV348,debugging,TypeScript,321
IDE07786,2026-08-04 19:18:00,DEV211,debugging,Python,1353
IDE07848,2026-08-04 19:19:00,DEV444,debugging,Java,1435
IDE07069,2026-08-04 19:24:00,DEV157,idle,SQL,1188
IDE09202,2026-08-04 19:24:00,DEV312,idle,Java,1318
IDE01367,2026-08-04 19:25:00,DEV075,terminal,JavaScript,1049
IDE04474,2026-08-04 19:25:00,DEV002,debugging,TypeScript,1609
IDE04094,2026-08-04 19:27:00,DEV184,terminal,SQL,1686
IDE07608,2026-08-04 19:29:00,DEV362,testing,JavaScript,99
IDE01827,2026-08-04 19:31:00,DEV386,terminal,Python,1549
IDE01344,2026-08-04 19:32:00,DEV025,file_open,Java,929
IDE09852,2026-08-04 19:32:00,DEV107,testing,SQL,351
IDE04428,2026-08-04 19:34:00,DEV474,testing,SQL,497
IDE08914,2026-08-04 19:36:00,DEV303,testing,SQL,1394
IDE05776,2026-08-04 19:38:00,DEV330,coding,Java,290
IDE00618,2026-08-04 19:41:00,DEV405,idle,SQL,1762
IDE05020,2026-08-04 19:48:00,DEV454,testing,SQL,738
IDE01261,2026-08-04 19:49:00,DEV152,testing,Python,1199
IDE08114,2026-08-04 19:49:00,DEV401,coding,SQL,1560
IDE05981,2026-08-04 19:52:00,DEV339,coding,TypeScript,90
IDE05471,2026-08-04 19:53:00,DEV147,testing,JavaScript,1107
IDE04636,2026-08-04 19:56:00,DEV236,debugging,SQL,225
IDE06862,2026-08-04 19:56:00,DEV049,coding,TypeScript,1238
IDE07562,2026-08-04 19:57:00,DEV025,testing,TypeScript,262
IDE02568,2026-08-04 19:58:00,DEV058,testing,JavaScript,1385
IDE06077,2026-08-04 19:58:00,DEV137,terminal,JavaScript,1621
IDE03259,2026-08-04 20:02:00,DEV010,coding,TypeScript,689
IDE03395,2026-08-04 20:02:00,DEV413,terminal,Python,1633
IDE06311,2026-08-04 20:02:00,DEV128,terminal,Python,1591
IDE03577,2026-08-04 20:08:00,DEV474,idle,Python,484
IDE01435,2026-08-04 20:11:00,DEV125,coding,TypeScript,985
IDE02817,2026-08-04 20:14:00,DEV393,testing,SQL,1024
IDE09156,2026-08-04 20:16:00,DEV364,idle,Java,1308
IDE04818,2026-08-04 20:17:00,DEV028,idle,TypeScript,1601
IDE05225,2026-08-04 20:17:00,DEV492,testing,SQL,760
IDE05847,2026-08-04 20:17:00,DEV206,coding,Java,1678
IDE07239,2026-08-04 20:18:00,DEV054,idle,Python,723
IDE01790,2026-08-04 20:19:00,DEV052,coding,TypeScript,1122
IDE09216,2026-08-04 20:21:00,DEV012,file_open,TypeScript,1127
IDE05118,2026-08-04 20:23:00,DEV208,debugging,Java,1095
IDE07143,2026-08-04 20:24:00,DEV491,coding,Python,455
IDE08031,2026-08-04 20:32:00,DEV228,testing,SQL,612
IDE01476,2026-08-04 20:33:00,DEV262,testing,JavaScript,617
IDE06031,2026-08-04 20:34:00,DEV379,idle,Python,1156
IDE03657,2026-08-04 20:36:00,DEV149,idle,TypeScript,523
IDE05954,2026-08-04 20:37:00,DEV080,testing,Python,1444
IDE07083,2026-08-04 20:37:00,DEV010,testing,JavaScript,152
IDE04756,2026-08-04 20:39:00,DEV128,testing,JavaScript,571
IDE01843,2026-08-04 20:40:00,DEV457,idle,Java,779
IDE04723,2026-08-04 20:42:00,DEV277,debugging,JavaScript,1159
IDE07521,2026-08-04 20:43:00,DEV269,debugging,Python,1796
IDE01234,2026-08-04 20:44:00,DEV438,file_open,TypeScript,1127
IDE00540,2026-08-04 20:52:00,DEV376,testing,Python,1169
IDE08359,2026-08-04 20:53:00,DEV347,terminal,TypeScript,1567
IDE03296,2026-08-04 20:56:00,DEV267,terminal,Java,1590
IDE02441,2026-08-04 20:58:00,DEV025,terminal,TypeScript,1111
IDE02962,2026-08-04 20:59:00,DEV208,coding,Java,1025
IDE04175,2026-08-04 20:59:00,DEV499,file_open,JavaScript,772
IDE05053,2026-08-04 21:00:00,DEV261,terminal,Java,1481
IDE05875,2026-08-04 21:01:00,DEV300,testing,TypeScript,1548
IDE07628,2026-08-04 21:01:00,DEV323,idle,SQL,862
IDE02954,2026-08-04 21:06:00,DEV109,debugging,JavaScript,1763
IDE04083,2026-08-04 21:07:00,DEV116,debugging,SQL,469
IDE03557,2026-08-04 21:08:00,DEV407,terminal,Python,1405
IDE08961,2026-08-04 21:09:00,DEV057,coding,JavaScript,1479
IDE07567,2026-08-04 21:10:00,DEV413,debugging,SQL,897
IDE09073,2026-08-04 21:13:00,DEV490,coding,TypeScript,1231
IDE07270,2026-08-04 21:16:00,DEV417,idle,TypeScript,463
IDE03681,2026-08-04 21:17:00,DEV061,testing,SQL,1751
IDE04990,2026-08-04 21:17:00,DEV123,testing,JavaScript,1709
IDE01308,2026-08-04 21:20:00,DEV429,debugging,JavaScript,1118
IDE03908,2026-08-04 21:20:00,DEV096,file_open,Java,1301
IDE07988,2026-08-04 21:21:00,DEV363,testing,TypeScript,51
IDE02655,2026-08-04 21:22:00,DEV292,file_open,Python,369
IDE01519,2026-08-04 21:27:00,DEV040,idle,SQL,467
IDE06401,2026-08-04 21:28:00,DEV001,coding,Java,1484
IDE02364,2026-08-04 21:33:00,DEV199,testing,TypeScript,408
IDE04332,2026-08-04 21:41:00,DEV212,idle,Python,547
IDE09368,2026-08-04 21:43:00,DEV394,idle,Java,1150
IDE00635,2026-08-04 21:45:00,DEV346,coding,SQL,419
IDE00303,2026-08-04 21:46:00,DEV325,terminal,Java,379
IDE07594,2026-08-04 21:47:00,DEV456,debugging,TypeScript,1165
IDE08915,2026-08-04 21:49:00,DEV018,idle,JavaScript,536
IDE04805,2026-08-04 21:52:00,DEV020,terminal,Java,172
IDE07698,2026-08-04 21:52:00,DEV274,coding,TypeScript,471
IDE05436,2026-08-04 21:53:00,DEV286,coding,TypeScript,1250
IDE09512,2026-08-04 21:55:00,DEV500,coding,TypeScript,120
IDE02522,2026-08-04 21:56:00,DEV066,coding,Java,926
IDE07386,2026-08-04 21:58:00,DEV338,testing,TypeScript,1466
IDE00185,2026-08-04 21:59:00,DEV231,terminal,Python,628
IDE07173,2026-08-04 22:01:00,DEV227,debugging,TypeScript,1180
IDE08949,2026-08-04 22:01:00,DEV139,terminal,SQL,655
IDE06485,2026-08-04 22:04:00,DEV269,coding,Python,1223
IDE00652,2026-08-04 22:05:00,DEV203,idle,TypeScript,1056
IDE05404,2026-08-04 22:10:00,DEV500,debugging,JavaScript,1610
IDE08766,2026-08-04 22:13:00,DEV312,idle,Java,261
IDE01829,2026-08-04 22:17:00,DEV127,terminal,SQL,172
IDE02203,2026-08-04 22:17:00,DEV030,file_open,TypeScript,872
IDE08788,2026-08-04 22:21:00,DEV283,coding,Python,1701
IDE03593,2026-08-04 22:22:00,DEV108,testing,JavaScript,49
IDE01551,2026-08-04 22:25:00,DEV364,coding,Python,1457
IDE08973,2026-08-04 22:26:00,DEV362,idle,Java,1245
IDE07581,2026-08-04 22:28:00,DEV480,coding,TypeScript,324
IDE05253,2026-08-04 22:33:00,DEV235,testing,TypeScript,1775
IDE07324,2026-08-04 22:37:00,DEV060,terminal,SQL,149
IDE04508,2026-08-04 22:39:00,DEV481,idle,Java,216
IDE03462,2026-08-04 22:41:00,DEV061,idle,Java,1611
IDE06070,2026-08-04 22:43:00,DEV395,coding,TypeScript,395
IDE00411,2026-08-04 22:45:00,DEV143,file_open,JavaScript,1788
IDE09259,2026-08-04 22:47:00,DEV018,terminal,Python,1451
IDE01173,2026-08-04 22:48:00,DEV114,terminal,Python,1077
IDE06950,2026-08-04 22:51:00,DEV029,coding,Python,374
IDE00016,2026-08-04 22:53:00,DEV005,debugging,Python,1217
IDE04161,2026-08-04 22:54:00,DEV398,terminal,Java,380
IDE09521,2026-08-04 23:00:00,DEV133,coding,TypeScript,899
IDE05207,2026-08-04 23:03:00,DEV076,terminal,TypeScript,172
IDE08350,2026-08-04 23:04:00,DEV298,file_open,JavaScript,1046
IDE01995,2026-08-04 23:05:00,DEV377,file_open,SQL,174
IDE03966,2026-08-04 23:07:00,DEV299,coding,Java,523
IDE04467,2026-08-04 23:07:00,DEV411,testing,TypeScript,657
IDE01531,2026-08-04 23:10:00,DEV347,coding,SQL,226
IDE03254,2026-08-04 23:10:00,DEV059,file_open,SQL,1297
IDE07389,2026-08-04 23:14:00,DEV485,coding,JavaScript,1729
IDE08188,2026-08-04 23:16:00,DEV438,testing,Python,1063
IDE00402,2026-08-04 23:17:00,DEV448,coding,Java,975
IDE05722,2026-08-04 23:21:00,DEV092,terminal,Java,260
IDE04850,2026-08-04 23:22:00,DEV437,idle,JavaScript,872
IDE09720,2026-08-04 23:22:00,DEV301,terminal,TypeScript,1745
IDE02991,2026-08-04 23:23:00,DEV294,debugging,Java,461
IDE03367,2026-08-04 23:24:00,DEV235,terminal,JavaScript,1521
IDE08908,2026-08-04 23:24:00,DEV458,testing,Java,600
IDE05150,2026-08-04 23:26:00,DEV189,terminal,JavaScript,1035
IDE01363,2026-08-04 23:27:00,DEV403,terminal,JavaScript,107
IDE04374,2026-08-04 23:27:00,DEV235,terminal,TypeScript,434
IDE00106,2026-08-04 23:28:00,DEV133,terminal,SQL,100
IDE00581,2026-08-04 23:29:00,DEV091,testing,JavaScript,1754
IDE03428,2026-08-04 23:31:00,DEV320,coding,TypeScript,256
IDE03563,2026-08-04 23:34:00,DEV139,idle,JavaScript,1064
IDE00620,2026-08-04 23:36:00,DEV264,debugging,TypeScript,1324
IDE07516,2026-08-04 23:36:00,DEV108,file_open,JavaScript,969
IDE00570,2026-08-04 23:37:00,DEV390,idle,Python,1560
IDE02626,2026-08-04 23:38:00,DEV491,debugging,TypeScript,824
IDE08439,2026-08-04 23:38:00,DEV070,coding,SQL,754
IDE02511,2026-08-04 23:39:00,DEV150,idle,TypeScript,1504
IDE07881,2026-08-04 23:42:00,DEV019,terminal,JavaScript,1223
IDE00608,2026-08-04 23:48:00,DEV073,idle,Java,841
IDE03883,2026-08-04 23:48:00,DEV131,coding,JavaScript,1273
IDE04473,2026-08-04 23:52:00,DEV396,file_open,Python,1648
IDE05367,2026-08-04 23:55:00,DEV197,coding,Java,652
IDE08934,2026-08-05 00:00:00,DEV342,testing,JavaScript,532
IDE03449,2026-08-05 00:03:00,DEV343,file_open,TypeScript,745
IDE01306,2026-08-05 00:05:00,DEV439,debugging,Java,1478
IDE09799,2026-08-05 00:07:00,DEV173,idle,JavaScript,434
IDE05719,2026-08-05 00:10:00,DEV136,coding,Java,62
IDE00740,2026-08-05 00:11:00,DEV344,idle,SQL,1113
IDE07704,2026-08-05 00:11:00,DEV400,testing,Python,1500
IDE06870,2026-08-05 00:13:00,DEV146,testing,JavaScript,662
IDE09815,2026-08-05 00:13:00,DEV348,terminal,JavaScript,224
IDE01193,2026-08-05 00:19:00,DEV046,idle,Python,255
IDE09414,2026-08-05 00:23:00,DEV320,terminal,JavaScript,944
IDE08747,2026-08-05 00:27:00,DEV487,file_open,Java,935
IDE01656,2026-08-05 00:30:00,DEV090,file_open,Python,537
IDE09673,2026-08-05 00:30:00,DEV417,idle,Java,627
IDE05440,2026-08-05 00:34:00,DEV340,terminal,SQL,1722
IDE01293,2026-08-05 00:35:00,DEV014,testing,SQL,261
IDE07149,2026-08-05 00:37:00,DEV325,coding,Python,1707
IDE05884,2026-08-05 00:38:00,DEV099,testing,TypeScript,856
IDE03858,2026-08-05 00:39:00,DEV085,coding,SQL,1390
IDE00554,2026-08-05 00:40:00,DEV331,coding,Java,341
IDE09913,2026-08-05 00:40:00,DEV348,idle,TypeScript,603
IDE00668,2026-08-05 00:50:00,DEV440,testing,Python,285
IDE01394,2026-08-05 00:50:00,DEV216,debugging,Java,1651
IDE03763,2026-08-05 00:55:00,DEV367,file_open,Java,143
IDE07648,2026-08-05 00:55:00,DEV164,testing,Java,1386
IDE05304,2026-08-05 00:57:00,DEV014,testing,JavaScript,1570
IDE04945,2026-08-05 00:59:00,DEV023,file_open,Java,459
IDE01852,2026-08-05 01:02:00,DEV320,debugging,TypeScript,1755
IDE07605,2026-08-05 01:02:00,DEV167,terminal,JavaScript,149
IDE06362,2026-08-05 01:03:00,DEV242,coding,Python,705
IDE07373,2026-08-05 01:08:00,DEV092,debugging,TypeScript,1135
IDE00302,2026-08-05 01:09:00,DEV087,terminal,JavaScript,913
IDE09251,2026-08-05 01:10:00,DEV480,file_open,Java,611
IDE07779,2026-08-05 01:12:00,DEV070,idle,SQL,115
IDE02741,2026-08-05 01:13:00,DEV461,terminal,Java,1296
IDE00046,2026-08-05 01:18:00,DEV348,testing,Python,689
IDE09597,2026-08-05 01:18:00,DEV289,idle,TypeScript,794
IDE01148,2026-08-05 01:24:00,DEV319,terminal,Java,1746
IDE02940,2026-08-05 01:26:00,DEV345,testing,TypeScript,419
IDE01834,2026-08-05 01:32:00,DEV198,testing,SQL,297
IDE03152,2026-08-05 01:32:00,DEV101,terminal,Python,964
IDE06046,2026-08-05 01:36:00,DEV063,testing,TypeScript,1640
IDE00613,2026-08-05 01:39:00,DEV033,idle,Python,582
IDE01998,2026-08-05 01:43:00,DEV396,debugging,TypeScript,1753
IDE08178,2026-08-05 01:51:00,DEV306,testing,SQL,135
IDE09843,2026-08-05 01:51:00,DEV282,testing,SQL,1595
IDE06997,2026-08-05 01:53:00,DEV167,terminal,Python,768
IDE02252,2026-08-05 01:56:00,DEV360,testing,SQL,379
IDE05961,2026-08-05 01:57:00,DEV027,file_open,Python,1360
IDE02607,2026-08-05 02:03:00,DEV475,idle,TypeScript,197
IDE03636,2026-08-05 02:06:00,DEV109,file_open,TypeScript,65
IDE07292,2026-08-05 02:06:00,DEV199,debugging,JavaScript,1018
IDE06737,2026-08-05 02:10:00,DEV184,terminal,Java,1067
IDE09288,2026-08-05 02:10:00,DEV368,terminal,Python,1593
IDE08431,2026-08-05 02:13:00,DEV395,idle,JavaScript,885
IDE04497,2026-08-05 02:15:00,DEV454,debugging,Python,448
IDE08651,2026-08-05 02:16:00,DEV215,terminal,Java,1588
IDE08721,2026-08-05 02:16:00,DEV493,debugging,Java,1629
IDE03841,2026-08-05 02:26:00,DEV439,coding,SQL,676
IDE02657,2026-08-05 02:28:00,DEV262,coding,SQL,529
IDE02646,2026-08-05 02:35:00,DEV442,idle,TypeScript,1356
IDE05772,2026-08-05 02:35:00,DEV437,terminal,TypeScript,371
IDE02010,2026-08-05 02:41:00,DEV129,debugging,SQL,729
IDE02156,2026-08-05 02:41:00,DEV330,coding,TypeScript,1104
IDE07058,2026-08-05 02:43:00,DEV454,terminal,Python,975
IDE05504,2026-08-05 02:47:00,DEV290,idle,JavaScript,573
IDE08917,2026-08-05 02:47:00,DEV029,testing,JavaScript,167
IDE02381,2026-08-05 02:48:00,DEV496,testing,JavaScript,1579
IDE00326,2026-08-05 02:51:00,DEV385,coding,SQL,1478
IDE05665,2026-08-05 02:51:00,DEV062,file_open,JavaScript,169
IDE09299,2026-08-05 02:53:00,DEV431,terminal,Python,1671
IDE06166,2026-08-05 02:57:00,DEV295,coding,SQL,992
IDE09061,2026-08-05 02:57:00,DEV246,debugging,Python,698
IDE05514,2026-08-05 03:00:00,DEV230,terminal,Java,1766
IDE06086,2026-08-05 03:00:00,DEV090,file_open,SQL,1371
IDE00569,2026-08-05 03:02:00,DEV031,testing,Java,1561
IDE04972,2026-08-05 03:07:00,DEV256,terminal,SQL,584
IDE07018,2026-08-05 03:08:00,DEV422,idle,JavaScript,608
IDE00403,2026-08-05 03:13:00,DEV098,terminal,TypeScript,1398
IDE02105,2026-08-05 03:19:00,DEV271,debugging,Python,1492
IDE09553,2026-08-05 03:25:00,DEV395,idle,TypeScript,1327
IDE02221,2026-08-05 03:26:00,DEV021,debugging,TypeScript,712
IDE04891,2026-08-05 03:26:00,DEV132,idle,Python,1539
IDE00966,2026-08-05 03:27:00,DEV035,terminal,Python,1276
IDE01612,2026-08-05 03:27:00,DEV349,debugging,TypeScript,1777
IDE04359,2026-08-05 03:33:00,DEV390,file_open,JavaScript,801
IDE04869,2026-08-05 03:33:00,DEV260,idle,SQL,188
IDE08529,2026-08-05 03:35:00,DEV172,coding,SQL,393
IDE07159,2026-08-05 03:38:00,DEV452,debugging,SQL,600
IDE07015,2026-08-05 03:39:00,DEV478,debugging,JavaScript,469
IDE01212,2026-08-05 03:40:00,DEV116,idle,TypeScript,1577
IDE03211,2026-08-05 03:40:00,DEV080,debugging,SQL,759
IDE09109,2026-08-05 03:40:00,DEV101,testing,JavaScript,1480
IDE07744,2026-08-05 03:41:00,DEV160,coding,Java,627
IDE07110,2026-08-05 03:42:00,DEV071,file_open,Java,1408
IDE02886,2026-08-05 03:46:00,DEV068,coding,Java,904
IDE06105,2026-08-05 03:46:00,DEV161,debugging,Java,484
IDE02925,2026-08-05 03:51:00,DEV206,coding,JavaScript,1221
IDE04150,2026-08-05 03:51:00,DEV067,file_open,TypeScript,785
IDE01721,2026-08-05 03:52:00,DEV485,idle,Python,1160
IDE03029,2026-08-05 03:52:00,DEV070,file_open,JavaScript,1194
IDE00490,2026-08-05 03:54:00,DEV106,coding,SQL,1302
IDE01251,2026-08-05 04:00:00,DEV357,terminal,SQL,619
IDE05636,2026-08-05 04:03:00,DEV114,debugging,JavaScript,1219
IDE07564,2026-08-05 04:06:00,DEV041,file_open,Python,861
IDE09499,2026-08-05 04:08:00,DEV481,terminal,SQL,1071
IDE08228,2026-08-05 04:12:00,DEV422,idle,JavaScript,1471
IDE09182,2026-08-05 04:16:00,DEV342,idle,Python,1355
IDE08372,2026-08-05 04:23:00,DEV008,file_open,TypeScript,466
IDE08991,2026-08-05 04:25:00,DEV146,terminal,SQL,109
IDE09974,2026-08-05 04:26:00,DEV466,file_open,TypeScript,165
IDE06799,2026-08-05 04:27:00,DEV389,idle,TypeScript,972
IDE07333,2026-08-05 04:30:00,DEV246,file_open,Python,1433
IDE02847,2026-08-05 04:32:00,DEV419,idle,Java,1507
IDE07979,2026-08-05 04:33:00,DEV012,idle,Java,401
IDE03731,2026-08-05 04:38:00,DEV463,debugging,TypeScript,1087
IDE02766,2026-08-05 04:43:00,DEV452,debugging,Java,541
IDE04677,2026-08-05 04:43:00,DEV445,idle,JavaScript,1674
IDE02440,2026-08-05 04:44:00,DEV033,terminal,TypeScript,942
IDE02458,2026-08-05 04:45:00,DEV084,idle,TypeScript,1172
IDE05277,2026-08-05 04:45:00,DEV015,idle,JavaScript,1423
IDE01858,2026-08-05 04:47:00,DEV151,coding,JavaScript,576
IDE01281,2026-08-05 04:49:00,DEV314,idle,TypeScript,706
IDE07346,2026-08-05 04:50:00,DEV255,debugging,Python,1489
IDE06199,2026-08-05 04:51:00,DEV294,coding,Java,1563
IDE06137,2026-08-05 04:56:00,DEV276,coding,SQL,789
IDE07921,2026-08-05 04:56:00,DEV009,testing,SQL,1012
IDE02707,2026-08-05 04:58:00,DEV154,debugging,JavaScript,594
IDE09194,2026-08-05 04:58:00,DEV112,coding,Python,456
IDE07939,2026-08-05 05:02:00,DEV443,idle,Python,467
IDE01422,2026-08-05 05:05:00,DEV446,debugging,JavaScript,1527
IDE09311,2026-08-05 05:06:00,DEV125,file_open,Java,1391
IDE04922,2026-08-05 05:08:00,DEV473,coding,JavaScript,1559
IDE08239,2026-08-05 05:13:00,DEV388,coding,Python,121
IDE09805,2026-08-05 05:14:00,DEV133,terminal,JavaScript,1736
IDE05308,2026-08-05 05:16:00,DEV361,idle,Python,1119
IDE00217,2026-08-05 05:18:00,DEV306,file_open,Java,109
IDE03881,2026-08-05 05:18:00,DEV239,testing,JavaScript,1799
IDE02866,2026-08-05 05:27:00,DEV012,coding,SQL,1748
IDE01323,2026-08-05 05:29:00,DEV293,coding,Python,152
IDE03520,2026-08-05 05:29:00,DEV115,debugging,SQL,1555
IDE01264,2026-08-05 05:30:00,DEV187,file_open,JavaScript,842
IDE02605,2026-08-05 05:30:00,DEV300,debugging,JavaScript,895
IDE09108,2026-08-05 05:30:00,DEV022,testing,SQL,110
IDE02397,2026-08-05 05:32:00,DEV171,idle,Java,389
IDE05912,2026-08-05 05:34:00,DEV268,file_open,SQL,936
IDE09623,2026-08-05 05:34:00,DEV180,idle,TypeScript,1630
IDE01997,2026-08-05 05:35:00,DEV245,coding,Python,1473
IDE06667,2026-08-05 05:36:00,DEV358,idle,SQL,1403
IDE09489,2026-08-05 05:36:00,DEV444,debugging,Python,1085
IDE01453,2026-08-05 05:37:00,DEV207,coding,JavaScript,1779
IDE03149,2026-08-05 05:37:00,DEV017,debugging,Python,477
IDE06689,2026-08-05 05:37:00,DEV371,terminal,TypeScript,555
IDE08016,2026-08-05 05:37:00,DEV224,idle,SQL,475
IDE09273,2026-08-05 05:40:00,DEV268,testing,TypeScript,1258
IDE07293,2026-08-05 05:41:00,DEV027,file_open,TypeScript,458
IDE09946,2026-08-05 05:45:00,DEV297,file_open,SQL,480
IDE01659,2026-08-05 05:49:00,DEV248,debugging,TypeScript,1359
IDE00589,2026-08-05 05:51:00,DEV052,coding,JavaScript,447
IDE00152,2026-08-05 05:53:00,DEV162,testing,Python,1542
IDE06365,2026-08-05 06:03:00,DEV227,debugging,SQL,1723
IDE01198,2026-08-05 06:04:00,DEV244,testing,SQL,539
IDE00559,2026-08-05 06:07:00,DEV226,coding,JavaScript,1730
IDE04416,2026-08-05 06:08:00,DEV220,file_open,Java,1143
IDE04797,2026-08-05 06:12:00,DEV002,debugging,TypeScript,1312
IDE01926,2026-08-05 06:14:00,DEV059,debugging,JavaScript,35
IDE04971,2026-08-05 06:19:00,DEV225,idle,JavaScript,610
IDE09906,2026-08-05 06:19:00,DEV369,coding,Java,1524
IDE01686,2026-08-05 06:20:00,DEV225,coding,SQL,1257
IDE00738,2026-08-05 06:21:00,DEV060,idle,TypeScript,1135
IDE08417,2026-08-05 06:28:00,DEV053,coding,SQL,1364
IDE01724,2026-08-05 06:29:00,DEV199,idle,Java,217
IDE04616,2026-08-05 06:30:00,DEV418,idle,SQL,1276
IDE03646,2026-08-05 06:31:00,DEV057,idle,Java,622
IDE00127,2026-08-05 06:41:00,DEV063,terminal,TypeScript,985
IDE05444,2026-08-05 06:41:00,DEV453,idle,TypeScript,820
IDE09795,2026-08-05 06:45:00,DEV073,idle,TypeScript,1542
IDE02960,2026-08-05 06:51:00,DEV416,terminal,JavaScript,1155
IDE08136,2026-08-05 06:52:00,DEV358,testing,SQL,946
IDE03721,2026-08-05 06:53:00,DEV326,idle,SQL,1396
IDE04660,2026-08-05 06:56:00,DEV461,coding,Python,1438
IDE07911,2026-08-05 06:57:00,DEV459,terminal,Java,844
IDE08989,2026-08-05 06:57:00,DEV057,terminal,Python,1177
IDE04213,2026-08-05 07:00:00,DEV087,debugging,Python,506
IDE02422,2026-08-05 07:04:00,DEV347,file_open,JavaScript,213
IDE09758,2026-08-05 07:06:00,DEV224,coding,Java,1140
IDE00848,2026-08-05 07:12:00,DEV267,file_open,Python,644
IDE08734,2026-08-05 07:13:00,DEV182,file_open,TypeScript,1510
IDE00235,2026-08-05 07:20:00,DEV221,debugging,Python,254
IDE04184,2026-08-05 07:21:00,DEV121,terminal,Python,370
IDE03385,2026-08-05 07:25:00,DEV128,file_open,Java,538
IDE08840,2026-08-05 07:34:00,DEV491,terminal,Java,811
IDE09738,2026-08-05 07:34:00,DEV362,debugging,Java,1787
IDE08256,2026-08-05 07:40:00,DEV155,idle,JavaScript,248
IDE00424,2026-08-05 07:49:00,DEV191,testing,SQL,354
IDE01241,2026-08-05 07:51:00,DEV043,coding,SQL,1138
IDE06213,2026-08-05 07:51:00,DEV389,coding,Python,1250
IDE06729,2026-08-05 07:52:00,DEV283,testing,JavaScript,1429
IDE02329,2026-08-05 07:53:00,DEV013,terminal,Java,110
IDE01963,2026-08-05 07:54:00,DEV490,testing,Python,296
IDE02454,2026-08-05 07:58:00,DEV158,terminal,Python,170
IDE08485,2026-08-05 07:59:00,DEV264,terminal,Java,40
IDE09443,2026-08-05 08:01:00,DEV338,terminal,SQL,1722
IDE05450,2026-08-05 08:03:00,DEV076,debugging,SQL,164
IDE05380,2026-08-05 08:04:00,DEV161,idle,Java,585
IDE07889,2026-08-05 08:06:00,DEV168,file_open,JavaScript,542
IDE06993,2026-08-05 08:07:00,DEV031,testing,Java,328
IDE08420,2026-08-05 08:08:00,DEV265,debugging,SQL,672
IDE01720,2026-08-05 08:10:00,DEV104,debugging,Java,1168
IDE05134,2026-08-05 08:15:00,DEV257,testing,JavaScript,701
IDE05592,2026-08-05 08:15:00,DEV411,file_open,TypeScript,890
IDE03789,2026-08-05 08:16:00,DEV094,file_open,JavaScript,1251
IDE02133,2026-08-05 08:17:00,DEV421,terminal,Python,1380
IDE01761,2026-08-05 08:18:00,DEV478,debugging,Python,318
IDE04561,2026-08-05 08:19:00,DEV268,testing,JavaScript,1132
IDE00190,2026-08-05 08:20:00,DEV039,testing,TypeScript,1401
IDE04844,2026-08-05 08:25:00,DEV313,file_open,SQL,1542
IDE06583,2026-08-05 08:26:00,DEV381,file_open,JavaScript,1700
IDE07651,2026-08-05 08:28:00,DEV083,file_open,TypeScript,1215
IDE01276,2026-08-05 08:30:00,DEV046,terminal,SQL,42
IDE04355,2026-08-05 08:31:00,DEV275,idle,Java,1531
IDE09778,2026-08-05 08:31:00,DEV454,coding,TypeScript,855
IDE07237,2026-08-05 08:35:00,DEV005,idle,JavaScript,279
IDE04333,2026-08-05 08:36:00,DEV114,debugging,Python,1286
IDE05402,2026-08-05 08:36:00,DEV455,coding,TypeScript,1010
IDE04185,2026-08-05 08:38:00,DEV049,terminal,JavaScript,725
IDE00287,2026-08-05 08:39:00,DEV384,coding,TypeScript,1302
IDE06261,2026-08-05 08:40:00,DEV154,file_open,SQL,1435
IDE00206,2026-08-05 08:43:00,DEV115,file_open,Python,1041
IDE09555,2026-08-05 08:43:00,DEV140,file_open,SQL,101
IDE04663,2026-08-05 08:49:00,DEV026,coding,Python,624
IDE08591,2026-08-05 08:53:00,DEV237,idle,Python,1764
IDE00444,2026-08-05 08:54:00,DEV192,coding,Java,249
IDE00120,2026-08-05 08:55:00,DEV318,terminal,Python,1408
IDE02257,2026-08-05 08:55:00,DEV282,terminal,Java,907
IDE05295,2026-08-05 08:55:00,DEV234,idle,SQL,1358
IDE05685,2026-08-05 08:55:00,DEV068,debugging,Python,1745
IDE07666,2026-08-05 08:57:00,DEV147,coding,SQL,854
IDE04226,2026-08-05 09:01:00,DEV103,idle,SQL,892
IDE07537,2026-08-05 09:02:00,DEV353,coding,Python,284
IDE04362,2026-08-05 09:03:00,DEV145,file_open,Java,1178
IDE06647,2026-08-05 09:03:00,DEV084,debugging,JavaScript,79
IDE05560,2026-08-05 09:07:00,DEV106,terminal,Python,674
IDE00695,2026-08-05 09:08:00,DEV499,coding,Java,224
IDE06771,2026-08-05 09:09:00,DEV478,terminal,Python,1376
IDE08821,2026-08-05 09:10:00,DEV435,file_open,Java,903
IDE09635,2026-08-05 09:10:00,DEV098,debugging,Python,323
IDE09797,2026-08-05 09:10:00,DEV170,testing,SQL,540
IDE06109,2026-08-05 09:11:00,DEV379,terminal,Java,1724
IDE02336,2026-08-05 09:12:00,DEV175,debugging,SQL,1608
IDE02059,2026-08-05 09:16:00,DEV478,file_open,SQL,790
IDE06805,2026-08-05 09:16:00,DEV392,coding,Python,1720
IDE04658,2026-08-05 09:17:00,DEV431,coding,Java,853
IDE01785,2026-08-05 09:21:00,DEV475,terminal,Java,1583
IDE03660,2026-08-05 09:22:00,DEV079,file_open,SQL,1549
IDE01867,2026-08-05 09:23:00,DEV194,coding,JavaScript,140
IDE05221,2026-08-05 09:27:00,DEV412,debugging,Java,831
IDE08994,2026-08-05 09:28:00,DEV395,coding,Python,324
IDE01777,2026-08-05 09:33:00,DEV427,coding,JavaScript,299
IDE04879,2026-08-05 09:33:00,DEV335,coding,Java,1015
IDE00205,2026-08-05 09:34:00,DEV451,terminal,SQL,600
IDE07419,2026-08-05 09:35:00,DEV223,file_open,JavaScript,750
IDE00327,2026-08-05 09:36:00,DEV314,idle,JavaScript,743
IDE02459,2026-08-05 09:38:00,DEV110,file_open,JavaScript,1646
IDE09463,2026-08-05 09:40:00,DEV440,terminal,Java,801
IDE01021,2026-08-05 09:42:00,DEV404,coding,Java,1626
IDE01752,2026-08-05 09:42:00,DEV055,idle,Python,344
IDE02514,2026-08-05 09:48:00,DEV477,coding,TypeScript,872
IDE00722,2026-08-05 09:52:00,DEV495,debugging,JavaScript,824
IDE05122,2026-08-05 09:53:00,DEV247,debugging,JavaScript,48
IDE01202,2026-08-05 09:54:00,DEV387,testing,Java,1164
IDE01967,2026-08-05 09:54:00,DEV149,debugging,Python,844
IDE08260,2026-08-05 09:55:00,DEV299,idle,Java,279
IDE02821,2026-08-05 09:57:00,DEV452,terminal,TypeScript,740
IDE02042,2026-08-05 10:03:00,DEV173,debugging,SQL,712
IDE07187,2026-08-05 10:12:00,DEV336,terminal,JavaScript,463
IDE09374,2026-08-05 10:12:00,DEV223,terminal,SQL,476
IDE01109,2026-08-05 10:15:00,DEV298,testing,Python,1556
IDE06671,2026-08-05 10:15:00,DEV159,coding,TypeScript,1733
IDE03587,2026-08-05 10:17:00,DEV476,testing,Python,798
IDE07476,2026-08-05 10:18:00,DEV390,coding,TypeScript,1347
IDE07526,2026-08-05 10:18:00,DEV234,file_open,TypeScript,1292
IDE08333,2026-08-05 10:18:00,DEV304,file_open,Java,592
IDE08686,2026-08-05 10:18:00,DEV385,terminal,JavaScript,927
IDE08218,2026-08-05 10:21:00,DEV200,terminal,Python,1525
IDE05218,2026-08-05 10:22:00,DEV271,idle,Java,764
IDE09198,2026-08-05 10:22:00,DEV296,testing,SQL,1082
IDE09139,2026-08-05 10:25:00,DEV115,file_open,TypeScript,671
IDE04678,2026-08-05 10:29:00,DEV189,idle,Java,419
IDE08128,2026-08-05 10:32:00,DEV255,idle,SQL,274
IDE00054,2026-08-05 10:36:00,DEV146,terminal,SQL,997
IDE00220,2026-08-05 10:37:00,DEV304,file_open,SQL,1502
IDE01775,2026-08-05 10:38:00,DEV247,coding,SQL,134
IDE07393,2026-08-05 10:38:00,DEV304,testing,Java,1275
IDE05449,2026-08-05 10:41:00,DEV143,file_open,Java,1114
IDE08903,2026-08-05 10:42:00,DEV037,terminal,Python,1469
IDE00456,2026-08-05 10:46:00,DEV319,coding,Python,1419
IDE07966,2026-08-05 10:46:00,DEV056,file_open,JavaScript,181
IDE02179,2026-08-05 10:47:00,DEV457,file_open,SQL,73
IDE00939,2026-08-05 10:48:00,DEV164,idle,SQL,1543
IDE01649,2026-08-05 10:50:00,DEV398,coding,TypeScript,802
IDE04134,2026-08-05 10:50:00,DEV069,debugging,JavaScript,1262
IDE04765,2026-08-05 10:50:00,DEV380,file_open,Python,1795
IDE07008,2026-08-05 10:53:00,DEV041,coding,Python,57
IDE08266,2026-08-05 10:53:00,DEV095,debugging,Python,1255
IDE05759,2026-08-05 10:54:00,DEV395,idle,Java,515
IDE01279,2026-08-05 10:55:00,DEV247,terminal,Java,1235
IDE02273,2026-08-05 10:55:00,DEV202,coding,TypeScript,536
IDE01160,2026-08-05 10:57:00,DEV318,terminal,Python,271
IDE06718,2026-08-05 10:58:00,DEV177,terminal,Java,395
IDE06567,2026-08-05 11:00:00,DEV397,terminal,Java,1685
IDE00924,2026-08-05 11:01:00,DEV270,file_open,Java,177
IDE09114,2026-08-05 11:02:00,DEV389,idle,JavaScript,1138
IDE03458,2026-08-05 11:04:00,DEV265,debugging,Python,960
IDE07711,2026-08-05 11:14:00,DEV445,file_open,TypeScript,614
IDE00690,2026-08-05 11:19:00,DEV154,terminal,Java,1751
IDE02271,2026-08-05 11:21:00,DEV106,idle,Python,246
IDE03282,2026-08-05 11:21:00,DEV023,file_open,SQL,1646
IDE00906,2026-08-05 11:22:00,DEV255,terminal,SQL,407
IDE01983,2026-08-05 11:24:00,DEV418,testing,TypeScript,114
IDE02581,2026-08-05 11:24:00,DEV391,idle,TypeScript,84
IDE00758,2026-08-05 11:30:00,DEV498,testing,Java,1553
IDE08160,2026-08-05 11:30:00,DEV368,coding,SQL,312
IDE07125,2026-08-05 11:32:00,DEV182,idle,Python,1381
IDE08683,2026-08-05 11:33:00,DEV383,file_open,SQL,1379
IDE05274,2026-08-05 11:34:00,DEV376,terminal,TypeScript,809
IDE06722,2026-08-05 11:34:00,DEV351,testing,TypeScript,764
IDE05175,2026-08-05 11:36:00,DEV385,file_open,Python,754
IDE04625,2026-08-05 11:37:00,DEV023,file_open,Java,1254
IDE03257,2026-08-05 11:39:00,DEV371,coding,Python,1184
IDE08438,2026-08-05 11:40:00,DEV287,terminal,Python,1268
IDE08317,2026-08-05 11:42:00,DEV427,idle,Java,151
IDE05821,2026-08-05 11:44:00,DEV192,idle,JavaScript,1345
IDE05962,2026-08-05 11:58:00,DEV022,terminal,Python,1542
IDE01521,2026-08-05 12:08:00,DEV048,testing,TypeScript,619
IDE09959,2026-08-05 12:11:00,DEV074,testing,Python,1080
IDE06521,2026-08-05 12:12:00,DEV487,debugging,TypeScript,1668
IDE00123,2026-08-05 12:13:00,DEV065,debugging,TypeScript,1319
IDE08251,2026-08-05 12:13:00,DEV398,debugging,TypeScript,214
IDE08723,2026-08-05 12:13:00,DEV436,terminal,Python,1222
IDE09340,2026-08-05 12:13:00,DEV257,coding,JavaScript,551
IDE00802,2026-08-05 12:15:00,DEV115,idle,Python,1574
IDE06476,2026-08-05 12:15:00,DEV379,debugging,Python,895
IDE06173,2026-08-05 12:26:00,DEV233,coding,Python,1745
IDE07865,2026-08-05 12:27:00,DEV032,coding,TypeScript,193
IDE06781,2026-08-05 12:28:00,DEV175,coding,JavaScript,1170
IDE01031,2026-08-05 12:31:00,DEV333,testing,Python,1377
IDE02636,2026-08-05 12:32:00,DEV014,terminal,TypeScript,1725
IDE06669,2026-08-05 12:32:00,DEV183,debugging,JavaScript,887
IDE01267,2026-08-05 12:33:00,DEV214,coding,Java,1360
IDE02794,2026-08-05 12:35:00,DEV040,idle,JavaScript,1346
IDE03798,2026-08-05 12:47:00,DEV207,coding,SQL,314
IDE02150,2026-08-05 12:51:00,DEV115,testing,SQL,1367
IDE05002,2026-08-05 12:51:00,DEV297,file_open,JavaScript,1045
IDE02867,2026-08-05 12:53:00,DEV289,testing,SQL,1365
IDE02515,2026-08-05 12:54:00,DEV183,debugging,Python,1248
IDE03814,2026-08-05 12:58:00,DEV285,idle,Java,963
IDE06272,2026-08-05 12:58:00,DEV040,debugging,JavaScript,1049
IDE04510,2026-08-05 13:03:00,DEV328,file_open,Java,1435
IDE02976,2026-08-05 13:04:00,DEV296,idle,JavaScript,1449
IDE05345,2026-08-05 13:04:00,DEV056,idle,Java,1267
IDE07816,2026-08-05 13:05:00,DEV430,terminal,TypeScript,1794
IDE00532,2026-08-05 13:06:00,DEV117,terminal,TypeScript,1751
IDE05783,2026-08-05 13:09:00,DEV392,debugging,Java,857
IDE06119,2026-08-05 13:10:00,DEV473,terminal,JavaScript,40
IDE01326,2026-08-05 13:12:00,DEV058,file_open,SQL,535
IDE01033,2026-08-05 13:15:00,DEV391,idle,Python,43
IDE07801,2026-08-05 13:15:00,DEV073,file_open,Java,278
IDE04934,2026-08-05 13:16:00,DEV365,file_open,TypeScript,373
IDE07553,2026-08-05 13:17:00,DEV066,idle,Java,313
IDE07267,2026-08-05 13:18:00,DEV152,terminal,Python,1617
IDE00866,2026-08-05 13:20:00,DEV260,coding,JavaScript,1521
IDE00777,2026-08-05 13:27:00,DEV208,coding,Python,36
IDE01330,2026-08-05 13:29:00,DEV347,idle,JavaScript,640
IDE01392,2026-08-05 13:29:00,DEV354,coding,TypeScript,347
IDE07618,2026-08-05 13:29:00,DEV269,terminal,Python,1267
IDE06183,2026-08-05 13:31:00,DEV148,testing,Java,741
IDE08928,2026-08-05 13:31:00,DEV358,debugging,Java,1742
IDE02816,2026-08-05 13:34:00,DEV260,debugging,SQL,720
IDE05264,2026-08-05 13:36:00,DEV039,testing,SQL,1346
IDE06425,2026-08-05 13:37:00,DEV411,terminal,Python,639
IDE09582,2026-08-05 13:41:00,DEV001,debugging,Python,1135
IDE03007,2026-08-05 13:43:00,DEV186,debugging,JavaScript,1493
IDE04874,2026-08-05 13:45:00,DEV056,testing,JavaScript,172
IDE04688,2026-08-05 13:49:00,DEV114,coding,Python,1088
IDE07403,2026-08-05 13:53:00,DEV442,file_open,Python,1640
IDE02897,2026-08-05 13:56:00,DEV143,idle,Python,1539
IDE05224,2026-08-05 13:56:00,DEV286,file_open,Python,1412
IDE07688,2026-08-05 13:57:00,DEV308,file_open,SQL,200
IDE03511,2026-08-05 13:58:00,DEV023,idle,Python,136
IDE00225,2026-08-05 14:00:00,DEV397,testing,TypeScript,248
IDE07762,2026-08-05 14:00:00,DEV310,terminal,TypeScript,278
IDE06690,2026-08-05 14:02:00,DEV269,terminal,SQL,680
IDE04485,2026-08-05 14:04:00,DEV106,testing,JavaScript,1530
IDE04683,2026-08-05 14:04:00,DEV476,terminal,Python,297
IDE08361,2026-08-05 14:05:00,DEV362,idle,TypeScript,804
IDE09972,2026-08-05 14:05:00,DEV488,file_open,Python,347
IDE03208,2026-08-05 14:07:00,DEV459,testing,Java,964
IDE08871,2026-08-05 14:11:00,DEV007,idle,Java,172
IDE07672,2026-08-05 14:12:00,DEV071,terminal,JavaScript,305
IDE00256,2026-08-05 14:15:00,DEV254,testing,Java,1420
IDE00309,2026-08-05 14:22:00,DEV343,coding,TypeScript,474
IDE01786,2026-08-05 14:23:00,DEV448,debugging,Python,1096
IDE02472,2026-08-05 14:26:00,DEV384,file_open,Java,709
IDE09790,2026-08-05 14:26:00,DEV248,coding,Python,1133
IDE08690,2026-08-05 14:28:00,DEV339,testing,Python,737
IDE04006,2026-08-05 14:29:00,DEV436,testing,Java,1580
IDE06069,2026-08-05 14:30:00,DEV315,coding,JavaScript,315
IDE00109,2026-08-05 14:31:00,DEV053,idle,SQL,1315
IDE08709,2026-08-05 14:33:00,DEV271,coding,Python,961
IDE07025,2026-08-05 14:35:00,DEV448,terminal,Python,1344
IDE04372,2026-08-05 14:37:00,DEV459,idle,SQL,1376
IDE03988,2026-08-05 14:39:00,DEV331,terminal,SQL,1662
IDE04421,2026-08-05 14:39:00,DEV366,file_open,TypeScript,31
IDE09336,2026-08-05 14:44:00,DEV494,terminal,Java,1409
IDE05686,2026-08-05 14:48:00,DEV211,terminal,TypeScript,1113
IDE00401,2026-08-05 14:49:00,DEV038,terminal,TypeScript,942
IDE05742,2026-08-05 14:51:00,DEV473,testing,TypeScript,762
IDE00622,2026-08-05 14:53:00,DEV493,coding,Python,547
IDE01365,2026-08-05 14:54:00,DEV101,coding,Python,74
IDE03954,2026-08-05 14:55:00,DEV167,coding,Java,1425
IDE04321,2026-08-05 14:58:00,DEV089,coding,JavaScript,86
IDE01835,2026-08-05 14:59:00,DEV323,testing,Java,1271
IDE05629,2026-08-05 14:59:00,DEV226,debugging,JavaScript,835
IDE03953,2026-08-05 15:02:00,DEV002,coding,TypeScript,948
IDE05468,2026-08-05 15:02:00,DEV094,coding,JavaScript,1382
IDE01076,2026-08-05 15:10:00,DEV376,terminal,Java,1299
IDE05565,2026-08-05 15:10:00,DEV410,terminal,Python,548
IDE09822,2026-08-05 15:13:00,DEV166,debugging,SQL,1327
IDE03584,2026-08-05 15:15:00,DEV263,terminal,TypeScript,394
IDE01334,2026-08-05 15:19:00,DEV175,testing,SQL,1079
IDE05522,2026-08-05 15:19:00,DEV138,debugging,SQL,196
IDE05287,2026-08-05 15:20:00,DEV046,idle,TypeScript,964
IDE09694,2026-08-05 15:21:00,DEV373,debugging,Python,89
IDE01826,2026-08-05 15:22:00,DEV155,file_open,SQL,1048
IDE07788,2026-08-05 15:24:00,DEV289,terminal,JavaScript,1744
IDE04790,2026-08-05 15:28:00,DEV355,file_open,TypeScript,839
IDE09122,2026-08-05 15:29:00,DEV497,testing,TypeScript,238
IDE09855,2026-08-05 15:29:00,DEV335,terminal,Python,735
IDE06473,2026-08-05 15:30:00,DEV073,file_open,TypeScript,1410
IDE06917,2026-08-05 15:31:00,DEV388,coding,SQL,130
IDE02585,2026-08-05 15:32:00,DEV208,file_open,TypeScript,707
IDE01112,2026-08-05 15:33:00,DEV020,terminal,JavaScript,311
IDE06024,2026-08-05 15:43:00,DEV027,idle,Python,464
IDE09245,2026-08-05 15:45:00,DEV025,terminal,TypeScript,1599
IDE09813,2026-08-05 15:48:00,DEV450,file_open,JavaScript,1556
IDE01311,2026-08-05 15:51:00,DEV445,idle,Python,570
IDE01285,2026-08-05 15:52:00,DEV096,coding,Python,561
IDE04264,2026-08-05 15:55:00,DEV089,file_open,TypeScript,1535
IDE08863,2026-08-05 15:55:00,DEV013,coding,Python,1016
IDE09801,2026-08-05 15:55:00,DEV052,terminal,JavaScript,1199
IDE04486,2026-08-05 15:57:00,DEV158,debugging,Java,772
IDE06705,2026-08-05 15:59:00,DEV109,coding,JavaScript,1048
IDE08370,2026-08-05 16:01:00,DEV382,testing,JavaScript,1441
IDE06648,2026-08-05 16:02:00,DEV364,coding,JavaScript,1100
IDE05923,2026-08-05 16:06:00,DEV166,file_open,SQL,969
IDE00714,2026-08-05 16:09:00,DEV107,coding,SQL,421
IDE07695,2026-08-05 16:09:00,DEV388,idle,Java,263
IDE00949,2026-08-05 16:12:00,DEV004,testing,Java,1253
IDE05894,2026-08-05 16:14:00,DEV488,coding,SQL,1060
IDE07798,2026-08-05 16:15:00,DEV013,terminal,TypeScript,548
IDE04619,2026-08-05 16:16:00,DEV228,testing,Java,1235
IDE08795,2026-08-05 16:21:00,DEV120,terminal,JavaScript,161
IDE09729,2026-08-05 16:21:00,DEV316,testing,JavaScript,74
IDE01715,2026-08-05 16:23:00,DEV044,testing,TypeScript,854
IDE08348,2026-08-05 16:25:00,DEV347,testing,Java,1098
IDE08516,2026-08-05 16:28:00,DEV004,testing,SQL,1019
IDE05518,2026-08-05 16:29:00,DEV288,idle,Python,517
IDE07635,2026-08-05 16:29:00,DEV472,terminal,Python,100
IDE08464,2026-08-05 16:36:00,DEV041,terminal,Python,1159
IDE00742,2026-08-05 16:40:00,DEV298,debugging,Python,1356
IDE09576,2026-08-05 16:40:00,DEV416,coding,TypeScript,451
IDE07102,2026-08-05 16:44:00,DEV033,file_open,Java,49
IDE00431,2026-08-05 16:45:00,DEV376,terminal,Java,801
IDE08703,2026-08-05 16:47:00,DEV145,testing,Java,562
IDE00996,2026-08-05 16:48:00,DEV176,idle,JavaScript,1678
IDE01755,2026-08-05 16:48:00,DEV175,testing,Java,129
IDE07511,2026-08-05 16:49:00,DEV018,coding,SQL,259
IDE05638,2026-08-05 16:51:00,DEV450,debugging,SQL,1480
IDE00639,2026-08-05 16:55:00,DEV015,debugging,TypeScript,573
IDE09724,2026-08-05 16:55:00,DEV347,idle,Java,752
IDE09731,2026-08-05 16:55:00,DEV157,idle,Java,1020
IDE01220,2026-08-05 16:57:00,DEV035,file_open,JavaScript,739
IDE08211,2026-08-05 16:57:00,DEV344,testing,Java,174
IDE02070,2026-08-05 17:00:00,DEV461,terminal,Java,1416
IDE07493,2026-08-05 17:00:00,DEV137,debugging,Java,871
IDE01138,2026-08-05 17:02:00,DEV317,coding,SQL,1544
IDE00295,2026-08-05 17:03:00,DEV426,file_open,TypeScript,102
IDE03569,2026-08-05 17:03:00,DEV207,coding,Python,334
IDE06209,2026-08-05 17:03:00,DEV191,terminal,Python,1107
IDE07275,2026-08-05 17:07:00,DEV329,terminal,Python,1038
IDE02638,2026-08-05 17:08:00,DEV442,file_open,TypeScript,734
IDE03141,2026-08-05 17:12:00,DEV450,idle,Python,1281
IDE01154,2026-08-05 17:14:00,DEV395,idle,SQL,1135
IDE07937,2026-08-05 17:15:00,DEV059,coding,JavaScript,1553
IDE02519,2026-08-05 17:16:00,DEV491,debugging,Java,1598
IDE04099,2026-08-05 17:17:00,DEV026,debugging,Python,443
IDE04061,2026-08-05 17:22:00,DEV291,idle,TypeScript,1797
IDE06595,2026-08-05 17:22:00,DEV101,testing,SQL,709
IDE06346,2026-08-05 17:23:00,DEV485,debugging,Python,1232
IDE03979,2026-08-05 17:25:00,DEV086,debugging,Java,377
IDE06582,2026-08-05 17:25:00,DEV123,debugging,SQL,1030
IDE02032,2026-08-05 17:27:00,DEV137,idle,Python,967
IDE09450,2026-08-05 17:27:00,DEV105,idle,TypeScript,790
IDE07496,2026-08-05 17:30:00,DEV455,idle,TypeScript,880
IDE01458,2026-08-05 17:32:00,DEV187,coding,TypeScript,1090
IDE08946,2026-08-05 17:38:00,DEV284,testing,TypeScript,1168
IDE04456,2026-08-05 17:41:00,DEV139,coding,Java,328
IDE08943,2026-08-05 17:44:00,DEV331,idle,TypeScript,608
IDE07170,2026-08-05 17:49:00,DEV399,idle,SQL,528
IDE02325,2026-08-05 17:54:00,DEV027,testing,Java,466
IDE00366,2026-08-05 17:56:00,DEV121,idle,SQL,1632
IDE07940,2026-08-05 17:56:00,DEV290,coding,JavaScript,1163
IDE04602,2026-08-05 18:01:00,DEV133,debugging,SQL,1282
IDE00179,2026-08-05 18:02:00,DEV284,testing,Java,671
IDE00833,2026-08-05 18:03:00,DEV422,file_open,SQL,1741
IDE03482,2026-08-05 18:05:00,DEV491,idle,TypeScript,297
IDE05607,2026-08-05 18:05:00,DEV416,debugging,TypeScript,1793
IDE08356,2026-08-05 18:05:00,DEV131,idle,JavaScript,752
IDE03272,2026-08-05 18:06:00,DEV054,coding,SQL,534
IDE00087,2026-08-05 18:07:00,DEV389,testing,TypeScript,904
IDE09558,2026-08-05 18:11:00,DEV457,terminal,TypeScript,326
IDE06990,2026-08-05 18:15:00,DEV378,debugging,Java,700
IDE07506,2026-08-05 18:18:00,DEV452,file_open,SQL,504
IDE09616,2026-08-05 18:18:00,DEV142,coding,Python,322
IDE01693,2026-08-05 18:23:00,DEV378,idle,SQL,182
IDE03840,2026-08-05 18:28:00,DEV025,file_open,JavaScript,538
IDE00525,2026-08-05 18:30:00,DEV154,testing,JavaScript,896
IDE06464,2026-08-05 18:31:00,DEV473,terminal,TypeScript,746
IDE07009,2026-08-05 18:31:00,DEV405,file_open,Python,1727
IDE07754,2026-08-05 18:32:00,DEV080,file_open,TypeScript,1030
IDE06831,2026-08-05 18:39:00,DEV058,terminal,Python,657
IDE08169,2026-08-05 18:39:00,DEV409,debugging,Java,790
IDE07797,2026-08-05 18:42:00,DEV220,debugging,JavaScript,1488
IDE07870,2026-08-05 18:42:00,DEV016,debugging,Python,1172
IDE00196,2026-08-05 18:44:00,DEV014,idle,TypeScript,57
IDE01639,2026-08-05 18:48:00,DEV022,testing,SQL,1746
IDE01893,2026-08-05 18:49:00,DEV354,file_open,Python,1666
IDE00625,2026-08-05 18:58:00,DEV087,terminal,Java,503
IDE09187,2026-08-05 18:58:00,DEV258,testing,Python,1471
IDE00891,2026-08-05 18:59:00,DEV218,debugging,JavaScript,207
IDE01973,2026-08-05 19:03:00,DEV034,debugging,Python,1425
IDE03760,2026-08-05 19:05:00,DEV108,idle,SQL,542
IDE05252,2026-08-05 19:07:00,DEV220,terminal,Python,1195
IDE03293,2026-08-05 19:11:00,DEV019,idle,JavaScript,1527
IDE08838,2026-08-05 19:14:00,DEV024,testing,JavaScript,174
IDE05743,2026-08-05 19:16:00,DEV083,testing,SQL,989
IDE09639,2026-08-05 19:17:00,DEV327,terminal,TypeScript,1650
IDE01017,2026-08-05 19:20:00,DEV129,debugging,TypeScript,213
IDE07133,2026-08-05 19:23:00,DEV234,file_open,SQL,1170
IDE00049,2026-08-05 19:24:00,DEV009,debugging,Python,385
IDE03041,2026-08-05 19:30:00,DEV190,file_open,JavaScript,1165
IDE05938,2026-08-05 19:30:00,DEV435,testing,Python,1429
IDE05739,2026-08-05 19:31:00,DEV227,coding,TypeScript,1408
IDE04447,2026-08-05 19:32:00,DEV015,file_open,JavaScript,1024
IDE02997,2026-08-05 19:34:00,DEV318,idle,JavaScript,945
IDE07671,2026-08-05 19:34:00,DEV397,file_open,Java,956
IDE00567,2026-08-05 19:36:00,DEV494,testing,JavaScript,321
IDE00586,2026-08-05 19:39:00,DEV133,idle,Python,366
IDE07469,2026-08-05 19:41:00,DEV046,testing,Python,211
IDE01544,2026-08-05 19:42:00,DEV384,file_open,TypeScript,1793
IDE06708,2026-08-05 19:43:00,DEV215,idle,Java,1483
IDE08947,2026-08-05 19:47:00,DEV396,debugging,SQL,120
IDE09300,2026-08-05 19:47:00,DEV067,idle,TypeScript,1396
IDE05576,2026-08-05 19:49:00,DEV227,coding,SQL,1479
IDE02835,2026-08-05 19:54:00,DEV298,testing,TypeScript,505
IDE09271,2026-08-05 19:57:00,DEV194,idle,TypeScript,1039
IDE09897,2026-08-05 19:58:00,DEV365,debugging,Java,1502
IDE07295,2026-08-05 19:59:00,DEV353,testing,Python,1135
IDE05217,2026-08-05 20:00:00,DEV491,debugging,TypeScript,1107
IDE05492,2026-08-05 20:04:00,DEV412,file_open,SQL,1418
IDE05548,2026-08-05 20:06:00,DEV483,idle,SQL,1031
IDE00085,2026-08-05 20:10:00,DEV216,coding,SQL,849
IDE04315,2026-08-05 20:10:00,DEV244,file_open,TypeScript,116
IDE04435,2026-08-05 20:18:00,DEV445,idle,SQL,1400
IDE07407,2026-08-05 20:18:00,DEV230,coding,TypeScript,395
IDE02670,2026-08-05 20:19:00,DEV136,debugging,TypeScript,1542
IDE02345,2026-08-05 20:21:00,DEV458,coding,JavaScript,1168
IDE09243,2026-08-05 20:26:00,DEV267,terminal,TypeScript,1418
IDE06842,2026-08-05 20:27:00,DEV044,idle,JavaScript,1290
IDE02735,2026-08-05 20:28:00,DEV158,debugging,TypeScript,1252
IDE08657,2026-08-05 20:29:00,DEV151,testing,Java,1579
IDE04745,2026-08-05 20:31:00,DEV135,terminal,JavaScript,673
IDE08419,2026-08-05 20:31:00,DEV031,debugging,SQL,1529
IDE03405,2026-08-05 20:34:00,DEV309,idle,SQL,1006
IDE07388,2026-08-05 20:35:00,DEV419,file_open,SQL,1172
IDE04077,2026-08-05 20:38:00,DEV069,coding,Java,555
IDE06843,2026-08-05 20:42:00,DEV209,coding,JavaScript,1120
IDE04236,2026-08-05 20:43:00,DEV051,idle,JavaScript,1350
IDE06210,2026-08-05 20:44:00,DEV467,testing,SQL,30
IDE05899,2026-08-05 20:45:00,DEV213,coding,Java,1750
IDE06849,2026-08-05 20:46:00,DEV308,debugging,Python,496
IDE03158,2026-08-05 20:49:00,DEV191,idle,Java,1178
IDE02258,2026-08-05 20:51:00,DEV070,idle,TypeScript,1636
IDE07368,2026-08-05 20:52:00,DEV315,testing,SQL,1777
IDE07502,2026-08-05 20:53:00,DEV283,testing,JavaScript,1735
IDE00856,2026-08-05 20:58:00,DEV241,file_open,SQL,723
IDE08575,2026-08-05 20:58:00,DEV063,terminal,TypeScript,1326
IDE02642,2026-08-05 21:00:00,DEV309,debugging,TypeScript,1295
IDE03331,2026-08-05 21:00:00,DEV466,file_open,SQL,1324
IDE09662,2026-08-05 21:07:00,DEV246,terminal,Python,921
IDE01222,2026-08-05 21:08:00,DEV254,testing,Python,1551
IDE03243,2026-08-05 21:10:00,DEV196,terminal,JavaScript,1303
IDE05836,2026-08-05 21:11:00,DEV488,terminal,SQL,392
IDE05798,2026-08-05 21:13:00,DEV038,idle,SQL,1178
IDE00125,2026-08-05 21:14:00,DEV262,testing,Python,1563
IDE06508,2026-08-05 21:15:00,DEV156,coding,TypeScript,376
IDE02993,2026-08-05 21:18:00,DEV105,coding,Java,1355
IDE01095,2026-08-05 21:19:00,DEV495,file_open,Python,1794
IDE07734,2026-08-05 21:20:00,DEV227,debugging,Java,1029
IDE02885,2026-08-05 21:21:00,DEV011,file_open,Python,1269
IDE00311,2026-08-05 21:22:00,DEV275,terminal,TypeScript,1774
IDE09632,2026-08-05 21:25:00,DEV403,idle,SQL,1534
IDE07775,2026-08-05 21:35:00,DEV066,debugging,Java,1425
IDE06548,2026-08-05 21:39:00,DEV016,coding,TypeScript,664
IDE04864,2026-08-05 21:41:00,DEV030,idle,JavaScript,912
IDE03531,2026-08-05 21:45:00,DEV161,debugging,Python,1566
IDE07543,2026-08-05 21:45:00,DEV273,file_open,Python,1489
IDE06901,2026-08-05 21:46:00,DEV470,idle,TypeScript,551
IDE02814,2026-08-05 21:48:00,DEV230,coding,Python,580
IDE06488,2026-08-05 21:49:00,DEV318,idle,JavaScript,1205
IDE05196,2026-08-05 21:53:00,DEV023,coding,Java,1726
IDE05489,2026-08-05 21:53:00,DEV322,debugging,Java,1616
IDE06407,2026-08-05 21:55:00,DEV039,file_open,SQL,1459
IDE00703,2026-08-05 21:57:00,DEV374,file_open,JavaScript,253
IDE07509,2026-08-05 21:59:00,DEV280,file_open,JavaScript,1404
IDE00530,2026-08-05 22:01:00,DEV436,testing,Python,1660
IDE07922,2026-08-05 22:04:00,DEV196,file_open,TypeScript,193
IDE08848,2026-08-05 22:05:00,DEV358,terminal,SQL,1669
IDE04326,2026-08-05 22:06:00,DEV224,debugging,Java,673
IDE03958,2026-08-05 22:10:00,DEV101,idle,Python,1536
IDE05516,2026-08-05 22:10:00,DEV233,debugging,SQL,1161
IDE02620,2026-08-05 22:11:00,DEV286,file_open,TypeScript,289
IDE06072,2026-08-05 22:11:00,DEV230,file_open,Java,944
IDE05841,2026-08-05 22:12:00,DEV286,testing,TypeScript,674
IDE03801,2026-08-05 22:14:00,DEV045,coding,Java,397
IDE03478,2026-08-05 22:15:00,DEV316,file_open,TypeScript,1366
IDE03016,2026-08-05 22:18:00,DEV088,terminal,SQL,464
IDE05985,2026-08-05 22:18:00,DEV444,coding,SQL,855
IDE09656,2026-08-05 22:18:00,DEV087,idle,Java,1550
IDE02349,2026-08-05 22:20:00,DEV434,file_open,SQL,508
IDE05828,2026-08-05 22:20:00,DEV350,debugging,Java,155
IDE03567,2026-08-05 22:22:00,DEV297,debugging,TypeScript,1519
IDE09964,2026-08-05 22:23:00,DEV208,terminal,JavaScript,1227
IDE06662,2026-08-05 22:24:00,DEV367,coding,SQL,600
IDE06278,2026-08-05 22:25:00,DEV140,debugging,SQL,709
IDE08584,2026-08-05 22:25:00,DEV297,coding,Java,1115
IDE07344,2026-08-05 22:26:00,DEV083,testing,SQL,1036
IDE02020,2026-08-05 22:27:00,DEV410,terminal,SQL,1714
IDE08102,2026-08-05 22:27:00,DEV152,coding,Java,1795
IDE08479,2026-08-05 22:27:00,DEV189,idle,TypeScript,696
IDE01653,2026-08-05 22:30:00,DEV079,idle,TypeScript,1300
IDE04547,2026-08-05 22:31:00,DEV186,file_open,SQL,535
IDE01295,2026-08-05 22:34:00,DEV075,file_open,JavaScript,538
IDE01297,2026-08-05 22:35:00,DEV305,debugging,Java,1191
IDE04949,2026-08-05 22:36:00,DEV006,debugging,SQL,1124
IDE07412,2026-08-05 22:42:00,DEV131,coding,Java,1597
IDE00778,2026-08-05 22:46:00,DEV383,idle,Java,1162
IDE01594,2026-08-05 22:48:00,DEV096,terminal,Java,998
IDE03378,2026-08-05 22:49:00,DEV059,file_open,Java,824
IDE00795,2026-08-05 22:53:00,DEV497,file_open,Java,846
IDE05381,2026-08-05 22:56:00,DEV018,idle,TypeScript,1585
IDE08598,2026-08-05 22:56:00,DEV384,testing,Python,322
IDE06460,2026-08-05 23:00:00,DEV376,testing,SQL,1479
IDE03989,2026-08-05 23:05:00,DEV224,coding,Java,1278
IDE00277,2026-08-05 23:08:00,DEV308,debugging,Python,975
IDE01402,2026-08-05 23:09:00,DEV158,terminal,Java,1099
IDE08580,2026-08-05 23:11:00,DEV186,coding,Python,748
IDE05724,2026-08-05 23:13:00,DEV407,file_open,TypeScript,359
IDE09292,2026-08-05 23:15:00,DEV387,idle,Python,599
IDE05500,2026-08-05 23:16:00,DEV481,file_open,Python,530
IDE09174,2026-08-05 23:16:00,DEV290,terminal,JavaScript,175
IDE03242,2026-08-05 23:18:00,DEV350,idle,JavaScript,1629
IDE07879,2026-08-05 23:23:00,DEV229,terminal,SQL,1382
IDE09070,2026-08-05 23:24:00,DEV311,file_open,Java,230
IDE03040,2026-08-05 23:27:00,DEV466,idle,JavaScript,1627
IDE08476,2026-08-05 23:27:00,DEV104,debugging,TypeScript,1388
IDE00447,2026-08-05 23:28:00,DEV384,terminal,TypeScript,1009
IDE07376,2026-08-05 23:28:00,DEV373,coding,SQL,491
IDE07467,2026-08-05 23:28:00,DEV392,file_open,SQL,1150
IDE02569,2026-08-05 23:29:00,DEV187,file_open,Python,1292
IDE02688,2026-08-05 23:30:00,DEV341,idle,TypeScript,486
IDE01678,2026-08-05 23:31:00,DEV107,file_open,Java,497
IDE07147,2026-08-05 23:34:00,DEV233,coding,TypeScript,310
IDE04032,2026-08-05 23:35:00,DEV045,coding,JavaScript,1309
IDE07432,2026-08-05 23:36:00,DEV201,idle,JavaScript,398
IDE07678,2026-08-05 23:39:00,DEV297,file_open,Python,964
IDE00872,2026-08-05 23:40:00,DEV468,testing,SQL,1016
IDE03700,2026-08-05 23:42:00,DEV027,coding,TypeScript,1506
IDE06064,2026-08-05 23:47:00,DEV342,file_open,TypeScript,83
IDE02839,2026-08-05 23:51:00,DEV082,debugging,JavaScript,732
IDE08174,2026-08-05 23:55:00,DEV022,idle,Python,1001
IDE00230,2026-08-05 23:58:00,DEV168,idle,Python,645
IDE08425,2026-08-06 00:06:00,DEV219,file_open,JavaScript,1735
IDE05408,2026-08-06 00:08:00,DEV226,terminal,Python,1561
IDE02259,2026-08-06 00:17:00,DEV454,idle,Python,1114
IDE09309,2026-08-06 00:17:00,DEV067,idle,JavaScript,492
IDE00984,2026-08-06 00:18:00,DEV247,testing,TypeScript,1667
IDE06329,2026-08-06 00:25:00,DEV065,coding,Java,599
IDE09384,2026-08-06 00:31:00,DEV314,testing,SQL,822
IDE05951,2026-08-06 00:34:00,DEV188,debugging,Java,1747
IDE06712,2026-08-06 00:35:00,DEV069,coding,JavaScript,1380
IDE03773,2026-08-06 00:41:00,DEV407,terminal,SQL,470
IDE00771,2026-08-06 00:44:00,DEV080,coding,SQL,1244
IDE03025,2026-08-06 00:44:00,DEV267,terminal,TypeScript,958
IDE08783,2026-08-06 00:45:00,DEV365,debugging,Java,1785
IDE09661,2026-08-06 00:47:00,DEV082,testing,JavaScript,1531
IDE02106,2026-08-06 00:49:00,DEV328,testing,Java,1784
IDE06969,2026-08-06 00:49:00,DEV301,debugging,Java,563
IDE02574,2026-08-06 00:51:00,DEV284,coding,Python,1390
IDE06487,2026-08-06 00:58:00,DEV144,coding,JavaScript,1382
IDE00969,2026-08-06 00:59:00,DEV385,coding,Java,1608
IDE09287,2026-08-06 00:59:00,DEV174,coding,SQL,537
IDE05357,2026-08-06 01:01:00,DEV057,testing,JavaScript,1724
IDE02423,2026-08-06 01:05:00,DEV344,idle,JavaScript,580
IDE01890,2026-08-06 01:07:00,DEV244,coding,SQL,1575
IDE04913,2026-08-06 01:10:00,DEV250,debugging,JavaScript,1210
IDE09664,2026-08-06 01:14:00,DEV063,terminal,Python,1781
IDE00985,2026-08-06 01:16:00,DEV314,idle,Java,1192
IDE04655,2026-08-06 01:21:00,DEV342,file_open,Java,1429
IDE05651,2026-08-06 01:26:00,DEV380,file_open,Python,457
IDE01932,2026-08-06 01:28:00,DEV352,terminal,Python,1536
IDE01712,2026-08-06 01:29:00,DEV032,testing,TypeScript,1388
IDE00442,2026-08-06 01:33:00,DEV302,terminal,JavaScript,545
IDE02665,2026-08-06 01:40:00,DEV164,testing,Java,1135
IDE03318,2026-08-06 01:40:00,DEV161,file_open,Java,1750
IDE03164,2026-08-06 01:41:00,DEV273,file_open,SQL,897
IDE08029,2026-08-06 01:44:00,DEV052,coding,Python,755
IDE00930,2026-08-06 01:46:00,DEV378,debugging,TypeScript,1509
IDE08428,2026-08-06 01:47:00,DEV265,idle,Java,659
IDE02762,2026-08-06 01:49:00,DEV122,debugging,TypeScript,705
IDE03777,2026-08-06 01:52:00,DEV341,file_open,TypeScript,1389
IDE06680,2026-08-06 01:52:00,DEV382,terminal,SQL,660
IDE03210,2026-08-06 01:53:00,DEV055,testing,Python,697
IDE03094,2026-08-06 01:55:00,DEV236,file_open,JavaScript,1112
IDE06620,2026-08-06 02:01:00,DEV356,testing,SQL,1015
IDE07487,2026-08-06 02:04:00,DEV126,debugging,Python,161
IDE09958,2026-08-06 02:07:00,DEV232,idle,SQL,141
IDE07059,2026-08-06 02:09:00,DEV377,file_open,JavaScript,203
IDE04124,2026-08-06 02:11:00,DEV403,file_open,Python,680
IDE07602,2026-08-06 02:12:00,DEV209,debugging,Java,1145
IDE08415,2026-08-06 02:12:00,DEV318,testing,TypeScript,301
IDE09567,2026-08-06 02:20:00,DEV453,testing,Java,752
IDE05519,2026-08-06 02:22:00,DEV033,testing,SQL,1058
IDE01601,2026-08-06 02:25:00,DEV082,debugging,TypeScript,571
IDE02905,2026-08-06 02:26:00,DEV082,coding,TypeScript,424
IDE07080,2026-08-06 02:27:00,DEV094,idle,Python,1700
IDE05328,2026-08-06 02:28:00,DEV345,file_open,Python,991
IDE08652,2026-08-06 02:30:00,DEV237,testing,Java,420
IDE06578,2026-08-06 02:32:00,DEV308,idle,SQL,1797
IDE03304,2026-08-06 02:34:00,DEV322,file_open,SQL,437
IDE04250,2026-08-06 02:35:00,DEV100,testing,Java,974
IDE05771,2026-08-06 02:39:00,DEV396,debugging,Python,567
IDE06344,2026-08-06 02:39:00,DEV240,terminal,Java,948
IDE07583,2026-08-06 02:39:00,DEV489,debugging,JavaScript,997
IDE08015,2026-08-06 02:39:00,DEV482,testing,JavaScript,1769
IDE02614,2026-08-06 02:41:00,DEV177,terminal,SQL,755
IDE07242,2026-08-06 02:41:00,DEV206,debugging,SQL,666
IDE00772,2026-08-06 02:43:00,DEV297,debugging,JavaScript,826
IDE04314,2026-08-06 02:45:00,DEV265,debugging,TypeScript,373
IDE04629,2026-08-06 02:45:00,DEV041,file_open,JavaScript,1778
IDE04778,2026-08-06 02:49:00,DEV185,testing,JavaScript,1192
IDE07812,2026-08-06 02:52:00,DEV201,coding,TypeScript,348
IDE01045,2026-08-06 02:58:00,DEV149,idle,JavaScript,532
IDE03604,2026-08-06 02:58:00,DEV218,file_open,TypeScript,1712
IDE06226,2026-08-06 02:58:00,DEV059,idle,TypeScript,611
IDE00787,2026-08-06 03:00:00,DEV305,coding,TypeScript,606
IDE04235,2026-08-06 03:00:00,DEV385,debugging,Python,1773
IDE05708,2026-08-06 03:04:00,DEV203,idle,JavaScript,1006
IDE06369,2026-08-06 03:07:00,DEV097,idle,JavaScript,653
IDE04280,2026-08-06 03:14:00,DEV302,coding,Java,212
IDE03485,2026-08-06 03:15:00,DEV150,file_open,Python,1236
IDE09442,2026-08-06 03:19:00,DEV045,file_open,JavaScript,1703
IDE03497,2026-08-06 03:25:00,DEV479,debugging,Python,1409
IDE00537,2026-08-06 03:29:00,DEV055,testing,JavaScript,400
IDE00733,2026-08-06 03:29:00,DEV057,terminal,JavaScript,949
IDE01451,2026-08-06 03:30:00,DEV408,file_open,Java,1573
IDE05031,2026-08-06 03:34:00,DEV042,idle,Java,1497
IDE07840,2026-08-06 03:38:00,DEV174,file_open,Java,102
IDE07731,2026-08-06 03:45:00,DEV337,idle,Python,696
IDE02649,2026-08-06 03:51:00,DEV393,testing,SQL,91
IDE07265,2026-08-06 03:53:00,DEV214,coding,Java,1204
IDE08565,2026-08-06 03:57:00,DEV438,idle,JavaScript,1570
IDE05170,2026-08-06 04:01:00,DEV464,idle,TypeScript,613
IDE00470,2026-08-06 04:05:00,DEV296,file_open,Python,1261
IDE02610,2026-08-06 04:06:00,DEV279,testing,SQL,1298
IDE03508,2026-08-06 04:07:00,DEV385,testing,Python,1148
IDE02702,2026-08-06 04:08:00,DEV342,coding,JavaScript,153
IDE06066,2026-08-06 04:09:00,DEV464,terminal,JavaScript,147
IDE00063,2026-08-06 04:11:00,DEV341,idle,TypeScript,1378
IDE05027,2026-08-06 04:12:00,DEV320,coding,TypeScript,1392
IDE03586,2026-08-06 04:14:00,DEV153,testing,SQL,572
IDE05703,2026-08-06 04:16:00,DEV090,debugging,Java,1142
IDE07828,2026-08-06 04:16:00,DEV458,debugging,TypeScript,1337
IDE07485,2026-08-06 04:19:00,DEV225,testing,JavaScript,1166
IDE08981,2026-08-06 04:19:00,DEV084,testing,Java,269
IDE09633,2026-08-06 04:26:00,DEV070,idle,SQL,1486
IDE09127,2026-08-06 04:28:00,DEV281,file_open,Python,308
IDE06532,2026-08-06 04:29:00,DEV122,file_open,SQL,1767
IDE08019,2026-08-06 04:30:00,DEV029,terminal,JavaScript,329
IDE00869,2026-08-06 04:31:00,DEV452,terminal,TypeScript,1259
IDE00841,2026-08-06 04:32:00,DEV395,terminal,JavaScript,981
IDE01225,2026-08-06 04:33:00,DEV268,testing,TypeScript,1683
IDE01383,2026-08-06 04:34:00,DEV153,terminal,SQL,552
IDE07857,2026-08-06 04:35:00,DEV239,coding,TypeScript,99
IDE02978,2026-08-06 04:36:00,DEV479,debugging,Python,342
IDE04941,2026-08-06 04:36:00,DEV070,idle,JavaScript,1578
IDE05286,2026-08-06 04:36:00,DEV013,coding,SQL,1440
IDE05344,2026-08-06 04:36:00,DEV021,file_open,SQL,712
IDE08904,2026-08-06 04:37:00,DEV366,terminal,JavaScript,719
IDE00042,2026-08-06 04:42:00,DEV312,debugging,JavaScript,414
IDE06539,2026-08-06 04:44:00,DEV271,debugging,Java,67
IDE07139,2026-08-06 04:46:00,DEV248,coding,TypeScript,672
IDE08257,2026-08-06 04:46:00,DEV247,idle,Python,1560
IDE02791,2026-08-06 04:50:00,DEV305,file_open,SQL,1426
IDE01889,2026-08-06 04:52:00,DEV148,idle,JavaScript,1358
IDE02755,2026-08-06 04:54:00,DEV066,coding,Python,32
IDE06005,2026-08-06 04:54:00,DEV099,terminal,Python,635
IDE06763,2026-08-06 04:54:00,DEV153,debugging,JavaScript,1582
IDE01088,2026-08-06 04:57:00,DEV012,terminal,TypeScript,1155
IDE06674,2026-08-06 04:57:00,DEV235,testing,TypeScript,934
IDE07402,2026-08-06 04:58:00,DEV129,file_open,TypeScript,193
IDE01286,2026-08-06 04:59:00,DEV375,testing,Java,1076
IDE03383,2026-08-06 04:59:00,DEV225,terminal,Python,390
IDE04370,2026-08-06 05:00:00,DEV384,file_open,TypeScript,688
IDE04395,2026-08-06 05:00:00,DEV033,terminal,SQL,1480
IDE05948,2026-08-06 05:00:00,DEV306,idle,Python,104
IDE00184,2026-08-06 05:05:00,DEV210,file_open,JavaScript,1437
IDE04075,2026-08-06 05:05:00,DEV072,terminal,Java,846
IDE05543,2026-08-06 05:09:00,DEV303,debugging,TypeScript,1147
IDE08974,2026-08-06 05:09:00,DEV367,terminal,JavaScript,1660
IDE01727,2026-08-06 05:13:00,DEV110,file_open,SQL,650
IDE09102,2026-08-06 05:13:00,DEV121,coding,TypeScript,225
IDE00513,2026-08-06 05:15:00,DEV479,idle,JavaScript,1711
IDE09448,2026-08-06 05:16:00,DEV068,debugging,Python,102
IDE04409,2026-08-06 05:26:00,DEV132,idle,JavaScript,1391
IDE09746,2026-08-06 05:26:00,DEV330,file_open,SQL,45
IDE02321,2026-08-06 05:30:00,DEV312,debugging,JavaScript,1004
IDE07334,2026-08-06 05:32:00,DEV477,testing,TypeScript,1434
IDE08104,2026-08-06 05:32:00,DEV010,file_open,TypeScript,503
IDE06538,2026-08-06 05:33:00,DEV243,idle,Python,1052
IDE06613,2026-08-06 05:41:00,DEV027,debugging,Python,1371
IDE01252,2026-08-06 05:42:00,DEV338,terminal,Python,1165
IDE05167,2026-08-06 05:43:00,DEV112,coding,JavaScript,1610
IDE06281,2026-08-06 05:43:00,DEV222,terminal,Java,549
IDE09226,2026-08-06 05:44:00,DEV043,file_open,SQL,1389
IDE01456,2026-08-06 05:46:00,DEV497,file_open,TypeScript,898
IDE04942,2026-08-06 05:47:00,DEV059,idle,SQL,502
IDE09641,2026-08-06 05:48:00,DEV207,file_open,Java,310
IDE07095,2026-08-06 05:55:00,DEV465,testing,Java,1711
IDE01135,2026-08-06 05:56:00,DEV396,testing,SQL,1688
IDE04000,2026-08-06 05:58:00,DEV161,terminal,SQL,1439
IDE00080,2026-08-06 06:01:00,DEV040,testing,SQL,260
IDE05760,2026-08-06 06:01:00,DEV121,debugging,Java,1319
IDE00355,2026-08-06 06:02:00,DEV335,testing,TypeScript,410
IDE01247,2026-08-06 06:02:00,DEV245,testing,TypeScript,204
IDE01487,2026-08-06 06:07:00,DEV312,debugging,SQL,1481
IDE08147,2026-08-06 06:08:00,DEV160,debugging,JavaScript,1115
IDE03733,2026-08-06 06:09:00,DEV399,coding,Java,1636
IDE04580,2026-08-06 06:11:00,DEV084,file_open,JavaScript,508
IDE04843,2026-08-06 06:11:00,DEV079,testing,TypeScript,527
IDE07483,2026-08-06 06:11:00,DEV134,coding,TypeScript,469
IDE01630,2026-08-06 06:12:00,DEV043,testing,Java,1784
IDE04331,2026-08-06 06:18:00,DEV450,file_open,JavaScript,295
IDE08831,2026-08-06 06:21:00,DEV299,debugging,Java,1514
IDE08851,2026-08-06 06:21:00,DEV070,debugging,JavaScript,736
IDE07652,2026-08-06 06:23:00,DEV255,idle,JavaScript,769
IDE04782,2026-08-06 06:27:00,DEV255,coding,JavaScript,1397
IDE06684,2026-08-06 06:27:00,DEV342,file_open,TypeScript,743
IDE02229,2026-08-06 06:28:00,DEV466,debugging,JavaScript,60
IDE06786,2026-08-06 06:28:00,DEV136,idle,TypeScript,1012
IDE07401,2026-08-06 06:28:00,DEV054,debugging,Java,370
IDE05009,2026-08-06 06:29:00,DEV456,testing,Python,1316
IDE04432,2026-08-06 06:35:00,DEV495,terminal,JavaScript,1153
IDE09434,2026-08-06 06:35:00,DEV034,debugging,Java,1358
IDE05905,2026-08-06 06:39:00,DEV468,debugging,Java,1590
IDE05244,2026-08-06 06:41:00,DEV281,terminal,Python,1182
IDE09636,2026-08-06 06:43:00,DEV444,file_open,Python,432
IDE08745,2026-08-06 06:44:00,DEV333,terminal,SQL,611
IDE09833,2026-08-06 06:47:00,DEV317,file_open,SQL,435
IDE00943,2026-08-06 06:53:00,DEV299,testing,JavaScript,116
IDE05149,2026-08-06 06:53:00,DEV148,testing,Python,787
IDE08880,2026-08-06 06:53:00,DEV056,file_open,TypeScript,663
IDE08891,2026-08-06 06:57:00,DEV077,coding,TypeScript,1582
IDE01309,2026-08-06 06:58:00,DEV388,testing,SQL,1012
IDE09060,2026-08-06 07:04:00,DEV461,file_open,Java,500
IDE03348,2026-08-06 07:06:00,DEV298,idle,SQL,1506
IDE06152,2026-08-06 07:06:00,DEV277,file_open,TypeScript,93
IDE07897,2026-08-06 07:10:00,DEV201,terminal,SQL,1206
IDE08837,2026-08-06 07:20:00,DEV412,testing,Java,747
IDE04127,2026-08-06 07:21:00,DEV109,file_open,TypeScript,426
IDE00384,2026-08-06 07:23:00,DEV023,coding,Java,684
IDE08489,2026-08-06 07:24:00,DEV123,testing,TypeScript,1297
IDE07523,2026-08-06 07:26:00,DEV158,coding,JavaScript,649
IDE08933,2026-08-06 07:29:00,DEV093,idle,JavaScript,1345
IDE06463,2026-08-06 07:30:00,DEV267,terminal,SQL,491
IDE09702,2026-08-06 07:33:00,DEV492,file_open,TypeScript,514
IDE00229,2026-08-06 07:34:00,DEV214,coding,Python,754
IDE08491,2026-08-06 07:38:00,DEV194,idle,JavaScript,1718
IDE05477,2026-08-06 07:39:00,DEV069,testing,Python,926
IDE01929,2026-08-06 07:41:00,DEV010,idle,Python,1766
IDE06612,2026-08-06 07:45:00,DEV352,testing,TypeScript,1635
IDE00671,2026-08-06 07:47:00,DEV117,idle,Python,139
IDE01023,2026-08-06 07:48:00,DEV307,testing,SQL,594
IDE02400,2026-08-06 07:49:00,DEV426,terminal,SQL,1472
IDE02923,2026-08-06 07:50:00,DEV350,terminal,Python,351
IDE06952,2026-08-06 07:50:00,DEV500,terminal,SQL,1123
IDE08480,2026-08-06 07:52:00,DEV216,file_open,Java,1396
IDE09418,2026-08-06 07:52:00,DEV097,terminal,TypeScript,1223
IDE08612,2026-08-06 07:55:00,DEV113,idle,Java,1709
IDE02117,2026-08-06 07:57:00,DEV091,file_open,TypeScript,707
IDE05510,2026-08-06 07:58:00,DEV082,file_open,JavaScript,1659
IDE04271,2026-08-06 07:59:00,DEV228,debugging,JavaScript,1251
IDE05902,2026-08-06 08:02:00,DEV121,idle,JavaScript,1286
IDE08153,2026-08-06 08:04:00,DEV497,coding,TypeScript,1346
IDE04233,2026-08-06 08:05:00,DEV189,terminal,JavaScript,73
IDE07619,2026-08-06 08:05:00,DEV257,coding,JavaScript,1160
IDE00275,2026-08-06 08:06:00,DEV098,coding,Java,1131
IDE09518,2026-08-06 08:07:00,DEV480,terminal,SQL,768
IDE00884,2026-08-06 08:10:00,DEV451,testing,JavaScript,71
IDE06614,2026-08-06 08:13:00,DEV248,idle,Python,623
IDE05417,2026-08-06 08:15:00,DEV281,coding,SQL,1555
IDE02509,2026-08-06 08:20:00,DEV065,file_open,Python,1545
IDE03922,2026-08-06 08:20:00,DEV227,file_open,SQL,272
IDE02109,2026-08-06 08:21:00,DEV316,debugging,Python,612
IDE03566,2026-08-06 08:22:00,DEV011,coding,TypeScript,1688
IDE01982,2026-08-06 08:26:00,DEV037,testing,Python,596
IDE03838,2026-08-06 08:26:00,DEV204,coding,JavaScript,261
IDE06535,2026-08-06 08:28:00,DEV187,terminal,JavaScript,1349
IDE06905,2026-08-06 08:28:00,DEV040,idle,Java,887
IDE04393,2026-08-06 08:29:00,DEV128,terminal,TypeScript,1218
IDE07236,2026-08-06 08:29:00,DEV311,debugging,SQL,1014
IDE08510,2026-08-06 08:31:00,DEV228,terminal,Java,954
IDE06557,2026-08-06 08:33:00,DEV038,idle,Java,1743
IDE08398,2026-08-06 08:34:00,DEV047,coding,JavaScript,843
IDE01191,2026-08-06 08:35:00,DEV007,idle,TypeScript,89
IDE04243,2026-08-06 08:38:00,DEV462,testing,SQL,531
IDE07305,2026-08-06 08:43:00,DEV299,terminal,SQL,1636
IDE04791,2026-08-06 08:45:00,DEV266,file_open,Python,508
IDE05791,2026-08-06 08:46:00,DEV081,terminal,Java,1743
IDE04202,2026-08-06 08:48:00,DEV040,idle,JavaScript,1142
IDE06504,2026-08-06 08:53:00,DEV270,terminal,Python,764
IDE09124,2026-08-06 08:56:00,DEV108,terminal,TypeScript,1433
IDE02815,2026-08-06 08:58:00,DEV490,file_open,TypeScript,33
IDE00040,2026-08-06 08:59:00,DEV113,debugging,JavaScript,1536
IDE00663,2026-08-06 09:00:00,DEV128,idle,Java,190
IDE08271,2026-08-06 09:00:00,DEV295,file_open,JavaScript,718
IDE09776,2026-08-06 09:01:00,DEV226,debugging,Java,629
IDE06233,2026-08-06 09:02:00,DEV399,terminal,SQL,813
IDE09689,2026-08-06 09:02:00,DEV369,coding,TypeScript,320
IDE00533,2026-08-06 09:03:00,DEV090,idle,Java,1474
IDE02401,2026-08-06 09:03:00,DEV466,coding,TypeScript,1792
IDE05979,2026-08-06 09:04:00,DEV312,testing,Python,556
IDE03207,2026-08-06 09:06:00,DEV319,testing,JavaScript,1338
IDE09982,2026-08-06 09:09:00,DEV053,debugging,Python,582
IDE00575,2026-08-06 09:10:00,DEV150,coding,SQL,114
IDE08400,2026-08-06 09:10:00,DEV234,debugging,Java,1428
IDE07205,2026-08-06 09:13:00,DEV351,coding,Java,68
IDE03372,2026-08-06 09:14:00,DEV249,testing,SQL,844
IDE01106,2026-08-06 09:16:00,DEV356,terminal,Python,117
IDE01159,2026-08-06 09:17:00,DEV132,debugging,Java,570
IDE03934,2026-08-06 09:18:00,DEV407,terminal,SQL,572
IDE06530,2026-08-06 09:18:00,DEV354,terminal,Java,1469
IDE05130,2026-08-06 09:21:00,DEV113,testing,JavaScript,1176
IDE04871,2026-08-06 09:26:00,DEV123,terminal,TypeScript,919
IDE04881,2026-08-06 09:26:00,DEV205,terminal,TypeScript,1724
IDE02457,2026-08-06 09:34:00,DEV194,debugging,JavaScript,1174
IDE07446,2026-08-06 09:35:00,DEV037,coding,SQL,90
IDE03465,2026-08-06 09:38:00,DEV357,file_open,SQL,134
IDE02208,2026-08-06 09:39:00,DEV381,terminal,Java,605
IDE04919,2026-08-06 09:43:00,DEV231,coding,SQL,1483
IDE07254,2026-08-06 09:44:00,DEV019,coding,Java,1115
IDE08212,2026-08-06 09:44:00,DEV100,coding,JavaScript,197
IDE09574,2026-08-06 09:48:00,DEV229,terminal,Python,319
IDE02790,2026-08-06 09:52:00,DEV286,coding,Python,298
IDE03869,2026-08-06 10:00:00,DEV230,debugging,Python,393
IDE01282,2026-08-06 10:02:00,DEV271,testing,JavaScript,737
IDE06827,2026-08-06 10:06:00,DEV186,file_open,TypeScript,125
IDE02255,2026-08-06 10:08:00,DEV009,terminal,Python,1788
IDE04801,2026-08-06 10:08:00,DEV273,coding,Java,55
IDE02820,2026-08-06 10:10:00,DEV293,debugging,Java,1250
IDE06572,2026-08-06 10:11:00,DEV097,coding,SQL,1252
IDE08819,2026-08-06 10:12:00,DEV121,debugging,Java,362
IDE03937,2026-08-06 10:16:00,DEV425,file_open,Python,804
IDE05117,2026-08-06 10:19:00,DEV334,terminal,JavaScript,1648
IDE05755,2026-08-06 10:19:00,DEV465,testing,Python,468
IDE04103,2026-08-06 10:22:00,DEV285,terminal,TypeScript,111
IDE00066,2026-08-06 10:28:00,DEV389,testing,TypeScript,1738
IDE00745,2026-08-06 10:34:00,DEV352,idle,Python,1586
IDE01184,2026-08-06 10:34:00,DEV006,idle,TypeScript,634
IDE07781,2026-08-06 10:36:00,DEV488,debugging,SQL,1679
IDE03684,2026-08-06 10:37:00,DEV299,idle,JavaScript,918
IDE08301,2026-08-06 10:38:00,DEV485,testing,SQL,1369
IDE06135,2026-08-06 10:46:00,DEV465,terminal,Java,1406
IDE00306,2026-08-06 10:47:00,DEV315,idle,Python,643
IDE01249,2026-08-06 10:54:00,DEV493,testing,TypeScript,1125
IDE04650,2026-08-06 10:54:00,DEV174,debugging,TypeScript,1651
IDE06541,2026-08-06 10:54:00,DEV225,debugging,Java,1576
IDE00638,2026-08-06 10:57:00,DEV142,file_open,JavaScript,453
IDE09373,2026-08-06 10:57:00,DEV083,coding,SQL,1571
IDE09303,2026-08-06 11:00:00,DEV396,idle,Java,1506
IDE06354,2026-08-06 11:01:00,DEV051,coding,JavaScript,1326
IDE06342,2026-08-06 11:03:00,DEV013,debugging,Python,635
IDE03843,2026-08-06 11:06:00,DEV051,file_open,TypeScript,374
IDE05083,2026-08-06 11:06:00,DEV301,testing,JavaScript,878
IDE09592,2026-08-06 11:06:00,DEV170,debugging,SQL,379
IDE03998,2026-08-06 11:13:00,DEV486,testing,Java,1195
IDE07434,2026-08-06 11:13:00,DEV059,file_open,JavaScript,752
IDE07983,2026-08-06 11:13:00,DEV365,debugging,Python,1662
IDE04560,2026-08-06 11:14:00,DEV275,file_open,TypeScript,590
IDE03193,2026-08-06 11:18:00,DEV484,coding,TypeScript,1418
IDE09522,2026-08-06 11:28:00,DEV117,terminal,Java,1386
IDE03051,2026-08-06 11:30:00,DEV482,terminal,Python,1583
IDE07369,2026-08-06 11:30:00,DEV385,debugging,SQL,1088
IDE06931,2026-08-06 11:31:00,DEV223,testing,Python,499
IDE09123,2026-08-06 11:38:00,DEV352,coding,TypeScript,1667
IDE03409,2026-08-06 11:45:00,DEV459,terminal,JavaScript,271
IDE04007,2026-08-06 11:46:00,DEV349,coding,TypeScript,46
IDE08307,2026-08-06 11:47:00,DEV439,debugging,JavaScript,1635
IDE08269,2026-08-06 11:48:00,DEV207,debugging,Java,1263
IDE00058,2026-08-06 11:53:00,DEV246,idle,JavaScript,736
IDE05445,2026-08-06 11:55:00,DEV349,testing,TypeScript,367
IDE08059,2026-08-06 12:01:00,DEV015,testing,TypeScript,488
IDE06876,2026-08-06 12:04:00,DEV345,terminal,Python,1620
IDE00706,2026-08-06 12:09:00,DEV186,terminal,SQL,154
IDE07121,2026-08-06 12:09:00,DEV436,debugging,Java,685
IDE07278,2026-08-06 12:10:00,DEV434,idle,JavaScript,101
IDE07761,2026-08-06 12:10:00,DEV299,coding,TypeScript,971
IDE05387,2026-08-06 12:11:00,DEV447,idle,SQL,833
IDE07351,2026-08-06 12:11:00,DEV410,terminal,Python,949
IDE02013,2026-08-06 12:12:00,DEV013,idle,TypeScript,667
IDE05930,2026-08-06 12:12:00,DEV076,testing,JavaScript,1284
IDE03609,2026-08-06 12:16:00,DEV356,debugging,SQL,1165
IDE07448,2026-08-06 12:16:00,DEV058,terminal,Java,508
IDE00286,2026-08-06 12:19:00,DEV119,testing,Java,1217
IDE06817,2026-08-06 12:21:00,DEV135,file_open,Python,1046
IDE00880,2026-08-06 12:23:00,DEV020,terminal,TypeScript,542
IDE08465,2026-08-06 12:25:00,DEV097,coding,TypeScript,1355
IDE08105,2026-08-06 12:26:00,DEV229,coding,JavaScript,1289
IDE08305,2026-08-06 12:27:00,DEV452,terminal,TypeScript,1329
IDE04194,2026-08-06 12:29:00,DEV354,file_open,Java,777
IDE03977,2026-08-06 12:32:00,DEV171,testing,Python,163
IDE01246,2026-08-06 12:35:00,DEV037,testing,JavaScript,1319
IDE09889,2026-08-06 12:35:00,DEV256,debugging,JavaScript,1324
IDE02856,2026-08-06 12:38:00,DEV422,testing,Python,847
IDE08267,2026-08-06 12:40:00,DEV182,idle,SQL,1672
IDE01374,2026-08-06 12:45:00,DEV107,testing,Python,215
IDE07488,2026-08-06 12:45:00,DEV330,testing,SQL,1211
IDE00680,2026-08-06 12:46:00,DEV075,file_open,TypeScript,1798
IDE07207,2026-08-06 12:46:00,DEV470,terminal,Python,1449
IDE00096,2026-08-06 12:49:00,DEV167,debugging,TypeScript,45
IDE08319,2026-08-06 12:50:00,DEV465,testing,SQL,1098
IDE05835,2026-08-06 12:51:00,DEV137,file_open,JavaScript,737
IDE03089,2026-08-06 12:53:00,DEV389,terminal,Python,1765
IDE05064,2026-08-06 12:53:00,DEV340,debugging,Python,1727
IDE03975,2026-08-06 12:54:00,DEV186,testing,SQL,717
IDE06418,2026-08-06 12:55:00,DEV096,debugging,JavaScript,326
IDE04020,2026-08-06 12:56:00,DEV388,terminal,TypeScript,206
IDE04062,2026-08-06 12:56:00,DEV180,debugging,Python,1132
IDE09015,2026-08-06 12:56:00,DEV308,coding,Java,438
IDE01746,2026-08-06 13:01:00,DEV359,coding,SQL,200
IDE01300,2026-08-06 13:04:00,DEV298,file_open,SQL,1444
IDE02141,2026-08-06 13:07:00,DEV374,testing,JavaScript,926
IDE08735,2026-08-06 13:10:00,DEV105,coding,Java,789
IDE01908,2026-08-06 13:12:00,DEV154,coding,TypeScript,1499
IDE02833,2026-08-06 13:15:00,DEV306,coding,Java,892
IDE08119,2026-08-06 13:16:00,DEV031,file_open,SQL,193
IDE06861,2026-08-06 13:20:00,DEV001,file_open,Java,977
IDE08392,2026-08-06 13:20:00,DEV402,testing,Python,68
IDE09104,2026-08-06 13:29:00,DEV350,file_open,Python,1565
IDE02971,2026-08-06 13:31:00,DEV281,terminal,Java,276
IDE07077,2026-08-06 13:36:00,DEV237,coding,JavaScript,1403
IDE07313,2026-08-06 13:36:00,DEV057,terminal,SQL,621
IDE04588,2026-08-06 13:38:00,DEV128,idle,TypeScript,422
IDE06273,2026-08-06 13:39:00,DEV022,terminal,TypeScript,353
IDE02643,2026-08-06 13:40:00,DEV327,testing,JavaScript,1294
IDE04324,2026-08-06 13:42:00,DEV159,idle,Java,1399
IDE06797,2026-08-06 13:43:00,DEV357,terminal,TypeScript,1262
IDE09055,2026-08-06 13:43:00,DEV332,terminal,JavaScript,1122
IDE07260,2026-08-06 13:45:00,DEV210,testing,Java,397
IDE06320,2026-08-06 13:48:00,DEV144,idle,TypeScript,1403
IDE08810,2026-08-06 13:49:00,DEV327,file_open,TypeScript,563
IDE02430,2026-08-06 13:55:00,DEV258,debugging,JavaScript,657
IDE02677,2026-08-06 13:55:00,DEV153,terminal,JavaScript,552
IDE09141,2026-08-06 13:55:00,DEV212,idle,JavaScript,1237
IDE07945,2026-08-06 13:57:00,DEV282,terminal,Python,1334
IDE05957,2026-08-06 13:59:00,DEV031,idle,Python,1668
IDE00074,2026-08-06 14:01:00,DEV444,idle,Java,1027
IDE05235,2026-08-06 14:01:00,DEV044,idle,JavaScript,113
IDE01182,2026-08-06 14:06:00,DEV110,idle,JavaScript,1238
IDE00139,2026-08-06 14:07:00,DEV468,coding,Java,1548
IDE01460,2026-08-06 14:10:00,DEV365,terminal,SQL,73
IDE04665,2026-08-06 14:10:00,DEV368,debugging,SQL,1190
IDE01537,2026-08-06 14:13:00,DEV292,debugging,SQL,1265
IDE03673,2026-08-06 14:18:00,DEV490,idle,SQL,354
IDE09727,2026-08-06 14:18:00,DEV106,file_open,Java,837
IDE04424,2026-08-06 14:19:00,DEV066,testing,Python,592
IDE03617,2026-08-06 14:21:00,DEV481,idle,JavaScript,754
IDE03445,2026-08-06 14:22:00,DEV287,coding,TypeScript,565
IDE01637,2026-08-06 14:24:00,DEV102,coding,Java,1107
IDE05756,2026-08-06 14:25:00,DEV175,file_open,JavaScript,1039
IDE06925,2026-08-06 14:25:00,DEV080,testing,Python,780
IDE04096,2026-08-06 14:26:00,DEV384,testing,Java,1257
IDE09401,2026-08-06 14:33:00,DEV294,file_open,JavaScript,973
IDE00792,2026-08-06 14:38:00,DEV175,debugging,JavaScript,186
IDE03595,2026-08-06 14:40:00,DEV069,testing,SQL,1309
IDE05166,2026-08-06 14:41:00,DEV277,idle,Java,1327
IDE02573,2026-08-06 14:44:00,DEV422,idle,SQL,770
IDE04668,2026-08-06 14:45:00,DEV053,coding,SQL,1316
IDE03204,2026-08-06 14:48:00,DEV455,testing,TypeScript,447
IDE09269,2026-08-06 14:48:00,DEV142,debugging,JavaScript,1302
IDE07450,2026-08-06 14:50:00,DEV467,idle,Python,1309
IDE01850,2026-08-06 14:51:00,DEV487,debugging,JavaScript,198
IDE08157,2026-08-06 14:54:00,DEV228,idle,SQL,180
IDE04682,2026-08-06 14:55:00,DEV060,file_open,Java,173
IDE00875,2026-08-06 14:56:00,DEV339,terminal,Python,260
IDE06889,2026-08-06 14:57:00,DEV429,testing,SQL,1709
IDE08159,2026-08-06 14:57:00,DEV125,file_open,TypeScript,717
IDE05052,2026-08-06 15:00:00,DEV143,coding,JavaScript,712
IDE01839,2026-08-06 15:03:00,DEV033,coding,JavaScript,1535
IDE06637,2026-08-06 15:03:00,DEV065,testing,Java,1542
IDE04082,2026-08-06 15:05:00,DEV068,coding,SQL,1360
IDE08854,2026-08-06 15:05:00,DEV435,file_open,Python,707
IDE00909,2026-08-06 15:11:00,DEV264,debugging,Python,1119
IDE03252,2026-08-06 15:11:00,DEV005,file_open,Python,664
IDE05459,2026-08-06 15:12:00,DEV243,debugging,Python,854
IDE07301,2026-08-06 15:14:00,DEV277,idle,Java,1356
IDE05712,2026-08-06 15:15:00,DEV311,idle,Java,267
IDE03581,2026-08-06 15:16:00,DEV352,file_open,Python,493
IDE07306,2026-08-06 15:20:00,DEV404,idle,TypeScript,1586
IDE02524,2026-08-06 15:22:00,DEV252,idle,Java,1353
IDE02772,2026-08-06 15:22:00,DEV163,debugging,JavaScript,66
IDE03317,2026-08-06 15:22:00,DEV129,terminal,Java,266
IDE02481,2026-08-06 15:23:00,DEV136,coding,Python,1114
IDE04964,2026-08-06 15:25:00,DEV197,testing,Python,1601
IDE09796,2026-08-06 15:28:00,DEV418,debugging,Java,195
IDE04363,2026-08-06 15:30:00,DEV390,coding,JavaScript,735
IDE03137,2026-08-06 15:35:00,DEV358,file_open,JavaScript,1055
IDE07720,2026-08-06 15:36:00,DEV016,coding,SQL,530
IDE03590,2026-08-06 15:38:00,DEV156,debugging,JavaScript,1340
IDE01807,2026-08-06 15:43:00,DEV002,file_open,TypeScript,1703
IDE06554,2026-08-06 15:46:00,DEV463,coding,Python,1466
IDE00466,2026-08-06 15:47:00,DEV309,coding,Java,786
IDE03299,2026-08-06 15:47:00,DEV420,coding,SQL,1140
IDE08313,2026-08-06 15:47:00,DEV480,debugging,Java,638
IDE08670,2026-08-06 15:47:00,DEV157,terminal,Python,728
IDE07195,2026-08-06 15:52:00,DEV254,testing,Java,250
IDE01125,2026-08-06 15:57:00,DEV124,coding,SQL,531
IDE03038,2026-08-06 15:57:00,DEV200,debugging,JavaScript,1131
IDE02206,2026-08-06 16:00:00,DEV433,debugging,SQL,859
IDE00191,2026-08-06 16:01:00,DEV283,terminal,JavaScript,724
IDE00304,2026-08-06 16:02:00,DEV349,file_open,JavaScript,1055
IDE08753,2026-08-06 16:02:00,DEV499,idle,TypeScript,809
IDE01466,2026-08-06 16:04:00,DEV048,testing,SQL,1738
IDE02932,2026-08-06 16:07:00,DEV366,terminal,JavaScript,653
IDE02414,2026-08-06 16:13:00,DEV310,terminal,JavaScript,621
IDE04692,2026-08-06 16:16:00,DEV315,coding,TypeScript,525
IDE02363,2026-08-06 16:18:00,DEV378,file_open,TypeScript,797
IDE01111,2026-08-06 16:19:00,DEV244,testing,TypeScript,35
IDE06670,2026-08-06 16:21:00,DEV348,terminal,SQL,469
IDE00099,2026-08-06 16:25:00,DEV362,testing,JavaScript,1023
IDE05764,2026-08-06 16:27:00,DEV085,terminal,TypeScript,993
IDE00252,2026-08-06 16:30:00,DEV395,file_open,JavaScript,1300
IDE08037,2026-08-06 16:32:00,DEV265,terminal,Python,46
IDE09670,2026-08-06 16:33:00,DEV300,file_open,SQL,211
IDE08626,2026-08-06 16:35:00,DEV043,testing,SQL,1613
IDE05242,2026-08-06 16:38:00,DEV233,terminal,Python,386
IDE05371,2026-08-06 16:38:00,DEV139,testing,TypeScript,1718
IDE06158,2026-08-06 16:39:00,DEV351,file_open,TypeScript,1638
IDE09346,2026-08-06 16:42:00,DEV180,debugging,Python,887
IDE04439,2026-08-06 16:45:00,DEV131,terminal,JavaScript,1380
IDE02286,2026-08-06 16:46:00,DEV174,terminal,JavaScript,163
IDE01133,2026-08-06 16:47:00,DEV030,idle,JavaScript,1596
IDE05889,2026-08-06 16:47:00,DEV353,idle,Python,690
IDE09164,2026-08-06 16:50:00,DEV325,testing,JavaScript,882
IDE08253,2026-08-06 16:51:00,DEV430,testing,Java,1083
IDE04935,2026-08-06 16:52:00,DEV302,testing,Java,1499
IDE00034,2026-08-06 16:55:00,DEV287,terminal,Python,1062
IDE01084,2026-08-06 17:00:00,DEV166,terminal,TypeScript,157
IDE07151,2026-08-06 17:01:00,DEV093,testing,JavaScript,1177
IDE01243,2026-08-06 17:02:00,DEV025,terminal,TypeScript,1012
IDE09405,2026-08-06 17:02:00,DEV116,terminal,SQL,297
IDE06091,2026-08-06 17:03:00,DEV113,coding,Java,641
IDE09394,2026-08-06 17:05:00,DEV413,testing,TypeScript,609
IDE04019,2026-08-06 17:06:00,DEV247,coding,JavaScript,1253
IDE07461,2026-08-06 17:06:00,DEV293,terminal,TypeScript,1386
IDE01799,2026-08-06 17:09:00,DEV478,coding,TypeScript,58
IDE05047,2026-08-06 17:09:00,DEV288,idle,TypeScript,1094
IDE00643,2026-08-06 17:10:00,DEV014,debugging,Java,138
IDE03311,2026-08-06 17:10:00,DEV122,file_open,JavaScript,406
IDE00677,2026-08-06 17:13:00,DEV071,idle,JavaScript,1001
IDE06953,2026-08-06 17:13:00,DEV225,coding,SQL,1303
IDE03548,2026-08-06 17:14:00,DEV278,idle,JavaScript,408
IDE09012,2026-08-06 17:14:00,DEV006,debugging,TypeScript,741
IDE05320,2026-08-06 17:15:00,DEV135,idle,SQL,140
IDE00458,2026-08-06 17:16:00,DEV148,debugging,Java,1568
IDE08822,2026-08-06 17:19:00,DEV014,coding,SQL,1562
IDE06068,2026-08-06 17:20:00,DEV137,coding,TypeScript,1382
IDE02410,2026-08-06 17:22:00,DEV023,terminal,Python,1097
IDE07415,2026-08-06 17:22:00,DEV313,coding,TypeScript,438
IDE09482,2026-08-06 17:24:00,DEV109,idle,Java,462
IDE06263,2026-08-06 17:28:00,DEV396,testing,Python,162
IDE08150,2026-08-06 17:28:00,DEV452,idle,TypeScript,1714
IDE08815,2026-08-06 17:29:00,DEV463,terminal,Java,519
IDE05375,2026-08-06 17:30:00,DEV399,idle,TypeScript,353
IDE06569,2026-08-06 17:30:00,DEV480,terminal,Java,838
IDE06819,2026-08-06 17:31:00,DEV471,debugging,TypeScript,1087
IDE01660,2026-08-06 17:35:00,DEV312,testing,Java,1375
IDE05736,2026-08-06 17:36:00,DEV484,coding,TypeScript,372
IDE07424,2026-08-06 17:39:00,DEV219,coding,Java,725
IDE09511,2026-08-06 17:39:00,DEV223,file_open,Java,1646
IDE05171,2026-08-06 17:40:00,DEV006,coding,Java,456
IDE01876,2026-08-06 17:42:00,DEV178,terminal,Java,1370
IDE08937,2026-08-06 17:47:00,DEV106,debugging,SQL,309
IDE06835,2026-08-06 17:48:00,DEV454,terminal,Python,695
IDE08414,2026-08-06 17:51:00,DEV344,terminal,TypeScript,1138
IDE07437,2026-08-06 17:58:00,DEV271,debugging,JavaScript,946
IDE08297,2026-08-06 18:00:00,DEV430,terminal,JavaScript,110
IDE02498,2026-08-06 18:01:00,DEV384,idle,Java,47
IDE05556,2026-08-06 18:07:00,DEV288,testing,SQL,260
IDE07328,2026-08-06 18:07:00,DEV284,testing,SQL,1314
IDE05158,2026-08-06 18:08:00,DEV085,coding,Python,1435
IDE06999,2026-08-06 18:09:00,DEV404,coding,JavaScript,1512
IDE09608,2026-08-06 18:09:00,DEV098,file_open,JavaScript,691
IDE02435,2026-08-06 18:10:00,DEV209,terminal,Python,136
IDE03632,2026-08-06 18:10:00,DEV082,file_open,JavaScript,1060
IDE09142,2026-08-06 18:12:00,DEV407,idle,JavaScript,720
IDE04898,2026-08-06 18:13:00,DEV346,testing,Java,409
IDE08801,2026-08-06 18:14:00,DEV379,idle,SQL,1529
IDE06413,2026-08-06 18:15:00,DEV121,testing,JavaScript,884
IDE06881,2026-08-06 18:16:00,DEV123,testing,SQL,104
IDE08770,2026-08-06 18:16:00,DEV381,file_open,SQL,637
IDE02365,2026-08-06 18:18:00,DEV382,coding,JavaScript,1632
IDE03969,2026-08-06 18:18:00,DEV463,idle,SQL,1070
IDE04701,2026-08-06 18:22:00,DEV490,idle,TypeScript,467
IDE05990,2026-08-06 18:23:00,DEV306,terminal,TypeScript,424
IDE08202,2026-08-06 18:24:00,DEV076,terminal,Java,1668
IDE03265,2026-08-06 18:27:00,DEV068,coding,SQL,428
IDE03779,2026-08-06 18:30:00,DEV451,testing,SQL,1651
IDE04454,2026-08-06 18:32:00,DEV238,idle,TypeScript,1045
IDE05618,2026-08-06 18:32:00,DEV398,file_open,Python,1131
IDE07049,2026-08-06 18:34:00,DEV340,testing,SQL,344
IDE09589,2026-08-06 18:38:00,DEV156,idle,JavaScript,1545
IDE07843,2026-08-06 18:39:00,DEV154,testing,TypeScript,519
IDE01936,2026-08-06 18:40:00,DEV061,file_open,Java,665
IDE05593,2026-08-06 18:40:00,DEV340,file_open,Java,524
IDE05043,2026-08-06 18:44:00,DEV128,file_open,JavaScript,1071
IDE00718,2026-08-06 18:45:00,DEV059,file_open,Python,779
IDE07818,2026-08-06 18:51:00,DEV053,terminal,TypeScript,1070
IDE01351,2026-08-06 18:52:00,DEV315,debugging,Python,1150
IDE01150,2026-08-06 18:53:00,DEV308,testing,Python,1324
IDE09215,2026-08-06 18:53:00,DEV264,idle,SQL,409
IDE01912,2026-08-06 18:59:00,DEV166,coding,Python,769
IDE03491,2026-08-06 18:59:00,DEV466,idle,TypeScript,532
IDE07833,2026-08-06 18:59:00,DEV328,testing,TypeScript,916
IDE01137,2026-08-06 19:01:00,DEV149,debugging,Python,1512
IDE04270,2026-08-06 19:04:00,DEV467,testing,TypeScript,128
IDE03216,2026-08-06 19:05:00,DEV153,coding,TypeScript,394
IDE09970,2026-08-06 19:06:00,DEV380,idle,Java,397
IDE04736,2026-08-06 19:08:00,DEV324,file_open,TypeScript,335
IDE05725,2026-08-06 19:08:00,DEV041,terminal,Python,1547
IDE09086,2026-08-06 19:08:00,DEV372,coding,Java,561
IDE07005,2026-08-06 19:09:00,DEV495,debugging,JavaScript,744
IDE00118,2026-08-06 19:14:00,DEV305,terminal,TypeScript,64
IDE05953,2026-08-06 19:16:00,DEV278,debugging,SQL,1426
IDE05865,2026-08-06 19:29:00,DEV345,file_open,JavaScript,345
IDE07332,2026-08-06 19:29:00,DEV103,idle,Java,1433
IDE06518,2026-08-06 19:32:00,DEV216,terminal,Java,1012
IDE05234,2026-08-06 19:33:00,DEV025,coding,SQL,443
IDE05790,2026-08-06 19:37:00,DEV385,terminal,SQL,393
IDE04741,2026-08-06 19:38:00,DEV317,debugging,Python,1586
IDE07892,2026-08-06 19:38:00,DEV371,idle,TypeScript,451
IDE03744,2026-08-06 19:40:00,DEV284,debugging,Python,524
IDE00617,2026-08-06 19:41:00,DEV096,testing,SQL,382
IDE08844,2026-08-06 19:41:00,DEV309,testing,TypeScript,414
IDE03408,2026-08-06 19:42:00,DEV318,terminal,SQL,1072
IDE00528,2026-08-06 19:44:00,DEV143,testing,SQL,96
IDE06604,2026-08-06 19:46:00,DEV144,testing,SQL,1651
IDE03170,2026-08-06 19:51:00,DEV238,testing,Python,619
IDE09966,2026-08-06 19:57:00,DEV014,idle,SQL,100
IDE01324,2026-08-06 20:04:00,DEV082,file_open,Java,817
IDE09095,2026-08-06 20:04:00,DEV254,debugging,TypeScript,1325
IDE01094,2026-08-06 20:12:00,DEV029,testing,SQL,1783
IDE06660,2026-08-06 20:15:00,DEV091,terminal,Python,170
IDE09838,2026-08-06 20:17:00,DEV121,coding,TypeScript,1137
IDE02287,2026-08-06 20:19:00,DEV137,debugging,TypeScript,932
IDE02473,2026-08-06 20:22:00,DEV200,idle,SQL,437
IDE03597,2026-08-06 20:23:00,DEV322,idle,SQL,1356
IDE04311,2026-08-06 20:23:00,DEV139,idle,Java,671
IDE06136,2026-08-06 20:28:00,DEV327,debugging,SQL,605
IDE01797,2026-08-06 20:39:00,DEV099,coding,Python,691
IDE07053,2026-08-06 20:42:00,DEV072,idle,TypeScript,335
IDE03133,2026-08-06 20:45:00,DEV176,file_open,TypeScript,508
IDE07545,2026-08-06 20:51:00,DEV079,coding,Java,794
IDE03276,2026-08-06 20:53:00,DEV130,terminal,JavaScript,941
IDE00440,2026-08-06 20:54:00,DEV094,idle,Python,1278
IDE02980,2026-08-06 20:59:00,DEV465,idle,Java,432
IDE04281,2026-08-06 20:59:00,DEV349,file_open,JavaScript,507
IDE09792,2026-08-06 20:59:00,DEV303,debugging,Python,182
IDE05033,2026-08-06 21:04:00,DEV366,terminal,JavaScript,658
IDE08076,2026-08-06 21:04:00,DEV053,coding,JavaScript,1636
IDE02848,2026-08-06 21:12:00,DEV111,debugging,TypeScript,1788
IDE08406,2026-08-06 21:13:00,DEV164,debugging,JavaScript,282
IDE02399,2026-08-06 21:16:00,DEV253,coding,JavaScript,253
IDE06711,2026-08-06 21:17:00,DEV327,file_open,TypeScript,230
IDE02204,2026-08-06 21:22:00,DEV072,terminal,JavaScript,1794
IDE01742,2026-08-06 21:24:00,DEV245,coding,JavaScript,834
IDE05937,2026-08-06 21:24:00,DEV020,file_open,Python,1681
IDE09747,2026-08-06 21:25:00,DEV337,file_open,TypeScript,759
IDE06323,2026-08-06 21:28:00,DEV326,idle,SQL,313
IDE08520,2026-08-06 21:31:00,DEV108,testing,TypeScript,358
IDE00115,2026-08-06 21:32:00,DEV099,file_open,TypeScript,826
IDE03822,2026-08-06 21:42:00,DEV013,file_open,TypeScript,1603
IDE08395,2026-08-06 21:45:00,DEV039,file_open,SQL,81
IDE07071,2026-08-06 21:46:00,DEV096,debugging,JavaScript,320
IDE09824,2026-08-06 21:47:00,DEV472,idle,Python,1410
IDE09169,2026-08-06 21:52:00,DEV084,file_open,JavaScript,1202
IDE09193,2026-08-06 21:58:00,DEV322,testing,Java,733
IDE08042,2026-08-06 22:04:00,DEV267,terminal,JavaScript,108
IDE01813,2026-08-06 22:06:00,DEV500,terminal,TypeScript,1244
IDE01535,2026-08-06 22:10:00,DEV494,debugging,SQL,281
IDE02283,2026-08-06 22:11:00,DEV017,terminal,Java,899
IDE02403,2026-08-06 22:12:00,DEV392,coding,Java,588
IDE03608,2026-08-06 22:14:00,DEV182,coding,JavaScript,1773
IDE05266,2026-08-06 22:15:00,DEV237,terminal,JavaScript,1781
IDE06235,2026-08-06 22:21:00,DEV077,idle,JavaScript,885
IDE09068,2026-08-06 22:28:00,DEV015,testing,SQL,107
IDE09969,2026-08-06 22:28:00,DEV067,terminal,JavaScript,750
IDE05863,2026-08-06 22:29:00,DEV030,coding,SQL,408
IDE09484,2026-08-06 22:32:00,DEV030,file_open,SQL,1507
IDE08122,2026-08-06 22:33:00,DEV102,file_open,Python,163
IDE06926,2026-08-06 22:34:00,DEV146,debugging,SQL,1384
IDE09825,2026-08-06 22:35:00,DEV115,coding,SQL,846
IDE06350,2026-08-06 22:38:00,DEV073,file_open,Python,1344
IDE07363,2026-08-06 22:41:00,DEV283,testing,Python,879
IDE01808,2026-08-06 22:44:00,DEV438,terminal,SQL,235
IDE01009,2026-08-06 22:46:00,DEV293,file_open,TypeScript,1653
IDE09649,2026-08-06 22:46:00,DEV184,coding,JavaScript,657
IDE02129,2026-08-06 22:47:00,DEV435,file_open,SQL,694
IDE04517,2026-08-06 22:47:00,DEV205,file_open,JavaScript,1278
IDE09965,2026-08-06 22:51:00,DEV127,testing,SQL,1142
IDE02405,2026-08-06 22:53:00,DEV296,coding,TypeScript,185
IDE04304,2026-08-06 22:53:00,DEV148,terminal,SQL,211
IDE02076,2026-08-06 22:54:00,DEV317,testing,Python,1647
IDE09764,2026-08-06 22:59:00,DEV345,testing,SQL,348
IDE08901,2026-08-06 23:01:00,DEV210,terminal,Python,881
IDE00350,2026-08-06 23:09:00,DEV081,testing,Python,1200
IDE06486,2026-08-06 23:13:00,DEV429,file_open,SQL,751
IDE00580,2026-08-06 23:18:00,DEV370,idle,TypeScript,1451
IDE05389,2026-08-06 23:22:00,DEV247,file_open,Java,1619
IDE09022,2026-08-06 23:23:00,DEV093,coding,TypeScript,1111
IDE01798,2026-08-06 23:30:00,DEV471,testing,JavaScript,496
IDE02985,2026-08-06 23:31:00,DEV199,testing,Python,1538
IDE04969,2026-08-06 23:33:00,DEV372,testing,Java,693
IDE04178,2026-08-06 23:34:00,DEV103,terminal,Python,1712
IDE04819,2026-08-06 23:36:00,DEV006,terminal,JavaScript,515
IDE01711,2026-08-06 23:38:00,DEV182,debugging,SQL,38
IDE05051,2026-08-06 23:40:00,DEV270,idle,TypeScript,1748
IDE04546,2026-08-06 23:42:00,DEV033,debugging,TypeScript,732
IDE01550,2026-08-06 23:46:00,DEV215,debugging,JavaScript,584
IDE05368,2026-08-06 23:46:00,DEV226,file_open,Python,1590
IDE04725,2026-08-06 23:48:00,DEV370,debugging,TypeScript,1239
IDE01825,2026-08-06 23:51:00,DEV063,testing,Java,284
IDE07156,2026-08-06 23:53:00,DEV473,terminal,JavaScript,1011
IDE02595,2026-08-06 23:56:00,DEV195,terminal,Java,409
IDE09470,2026-08-06 23:57:00,DEV182,terminal,TypeScript,43
IDE01586,2026-08-07 00:00:00,DEV286,testing,TypeScript,1346
IDE02266,2026-08-07 00:00:00,DEV178,terminal,Python,487
IDE08095,2026-08-07 00:00:00,DEV263,debugging,Java,1125
IDE04548,2026-08-07 00:04:00,DEV435,testing,JavaScript,753
IDE04387,2026-08-07 00:10:00,DEV326,terminal,SQL,1058
IDE04392,2026-08-07 00:10:00,DEV300,coding,Java,1392
IDE06412,2026-08-07 00:10:00,DEV416,idle,JavaScript,1333
IDE06303,2026-08-07 00:15:00,DEV275,idle,Python,786
IDE01271,2026-08-07 00:16:00,DEV366,testing,SQL,104
IDE02017,2026-08-07 00:23:00,DEV089,debugging,Python,1038
IDE03384,2026-08-07 00:23:00,DEV254,debugging,JavaScript,1128
IDE05165,2026-08-07 00:23:00,DEV450,file_open,SQL,1359
IDE00204,2026-08-07 00:27:00,DEV306,file_open,TypeScript,1034
IDE04336,2026-08-07 00:31:00,DEV122,terminal,Java,1285
IDE01143,2026-08-07 00:32:00,DEV094,coding,Java,184
IDE02433,2026-08-07 00:33:00,DEV481,debugging,Java,1354
IDE09559,2026-08-07 00:37:00,DEV023,testing,SQL,742
IDE04151,2026-08-07 00:39:00,DEV325,testing,Python,665
IDE08913,2026-08-07 00:39:00,DEV230,file_open,JavaScript,1526
IDE01331,2026-08-07 00:42:00,DEV389,idle,JavaScript,122
IDE02639,2026-08-07 00:43:00,DEV143,coding,JavaScript,1723
IDE02669,2026-08-07 00:44:00,DEV205,file_open,JavaScript,1069
IDE00752,2026-08-07 00:47:00,DEV357,coding,TypeScript,809
IDE08995,2026-08-07 00:47:00,DEV360,terminal,Python,980
IDE04490,2026-08-07 00:48:00,DEV424,idle,Java,1038
IDE08034,2026-08-07 00:48:00,DEV256,file_open,TypeScript,329
IDE00374,2026-08-07 00:50:00,DEV248,testing,SQL,153
IDE06090,2026-08-07 00:50:00,DEV247,idle,Python,1667
IDE07119,2026-08-07 00:51:00,DEV112,idle,Python,431
IDE04419,2026-08-07 00:56:00,DEV290,coding,JavaScript,523
IDE09541,2026-08-07 00:56:00,DEV432,testing,JavaScript,1523
IDE06276,2026-08-07 01:03:00,DEV490,testing,Java,984
IDE05394,2026-08-07 01:06:00,DEV242,coding,TypeScript,57
IDE01117,2026-08-07 01:08:00,DEV207,debugging,Java,601
IDE02067,2026-08-07 01:10:00,DEV127,terminal,JavaScript,1621
IDE08950,2026-08-07 01:11:00,DEV401,testing,TypeScript,1137
IDE08011,2026-08-07 01:12:00,DEV223,coding,Python,1759
IDE09667,2026-08-07 01:12:00,DEV095,terminal,Python,1293
IDE05154,2026-08-07 01:14:00,DEV068,file_open,Java,104
IDE02497,2026-08-07 01:17:00,DEV089,coding,Python,1556
IDE09905,2026-08-07 01:17:00,DEV104,idle,TypeScript,1300
IDE07144,2026-08-07 01:21:00,DEV255,terminal,SQL,1514
IDE05420,2026-08-07 01:23:00,DEV093,idle,TypeScript,75
IDE08661,2026-08-07 01:29:00,DEV196,terminal,Python,615
IDE06324,2026-08-07 01:31:00,DEV069,terminal,Java,1463
IDE00036,2026-08-07 01:34:00,DEV068,debugging,Java,779
IDE09033,2026-08-07 01:35:00,DEV104,idle,Java,338
IDE07028,2026-08-07 01:40:00,DEV070,debugging,Python,1716
IDE05373,2026-08-07 01:41:00,DEV170,terminal,Python,1201
IDE00186,2026-08-07 01:44:00,DEV082,terminal,SQL,1135
IDE04859,2026-08-07 01:45:00,DEV126,testing,SQL,1203
IDE07965,2026-08-07 01:45:00,DEV243,terminal,Java,568
IDE04050,2026-08-07 01:54:00,DEV377,debugging,SQL,1220
IDE07499,2026-08-07 01:54:00,DEV448,coding,TypeScript,1532
IDE09278,2026-08-07 01:54:00,DEV480,coding,Python,213
IDE00232,2026-08-07 01:56:00,DEV354,debugging,Java,119
IDE09192,2026-08-07 01:56:00,DEV382,debugging,TypeScript,1587
IDE09674,2026-08-07 01:56:00,DEV042,debugging,Java,818
IDE09859,2026-08-07 01:58:00,DEV132,idle,Python,1331
IDE06156,2026-08-07 02:03:00,DEV321,coding,SQL,1627
IDE09178,2026-08-07 02:03:00,DEV356,coding,TypeScript,222
IDE01237,2026-08-07 02:04:00,DEV281,idle,Java,680
IDE06823,2026-08-07 02:04:00,DEV286,terminal,JavaScript,528
IDE09516,2026-08-07 02:04:00,DEV189,coding,Python,1634
IDE06568,2026-08-07 02:06:00,DEV089,file_open,Java,1583
IDE02911,2026-08-07 02:08:00,DEV253,coding,JavaScript,557
IDE04667,2026-08-07 02:08:00,DEV068,file_open,JavaScript,1465
IDE04464,2026-08-07 02:16:00,DEV008,idle,Python,1173
IDE07784,2026-08-07 02:17:00,DEV424,file_open,Java,1464
IDE09249,2026-08-07 02:21:00,DEV085,file_open,JavaScript,186
IDE09379,2026-08-07 02:21:00,DEV011,file_open,Java,1495
IDE08632,2026-08-07 02:23:00,DEV124,testing,Python,808
IDE04606,2026-08-07 02:24:00,DEV448,terminal,Python,696
IDE09665,2026-08-07 02:26:00,DEV476,debugging,SQL,1322
IDE04275,2026-08-07 02:27:00,DEV283,idle,Python,1741
IDE06636,2026-08-07 02:27:00,DEV058,testing,Python,1005
IDE02860,2026-08-07 02:28:00,DEV200,terminal,SQL,539
IDE01805,2026-08-07 02:33:00,DEV362,coding,Python,50
IDE03198,2026-08-07 02:35:00,DEV146,terminal,SQL,935
IDE09647,2026-08-07 02:36:00,DEV013,coding,SQL,821
IDE02115,2026-08-07 02:38:00,DEV029,debugging,SQL,1432
IDE08631,2026-08-07 02:38:00,DEV107,terminal,SQL,389
IDE06366,2026-08-07 02:42:00,DEV130,idle,JavaScript,181
IDE09286,2026-08-07 02:42:00,DEV375,terminal,SQL,868
IDE02305,2026-08-07 02:46:00,DEV434,debugging,Java,1399
IDE09501,2026-08-07 02:48:00,DEV224,coding,SQL,255
IDE09652,2026-08-07 02:52:00,DEV486,debugging,Java,111
IDE05248,2026-08-07 02:54:00,DEV012,file_open,JavaScript,51
IDE09076,2026-08-07 02:55:00,DEV217,coding,SQL,429
IDE05804,2026-08-07 03:00:00,DEV376,coding,Java,1290
IDE01168,2026-08-07 03:02:00,DEV006,file_open,JavaScript,959
IDE03717,2026-08-07 03:03:00,DEV161,idle,JavaScript,1477
IDE05611,2026-08-07 03:04:00,DEV297,file_open,SQL,1490
IDE04010,2026-08-07 03:05:00,DEV387,debugging,SQL,1356
IDE07725,2026-08-07 03:07:00,DEV067,coding,Python,381
IDE03479,2026-08-07 03:08:00,DEV318,idle,Python,432
IDE08857,2026-08-07 03:08:00,DEV149,coding,JavaScript,1709
IDE07210,2026-08-07 03:10:00,DEV327,coding,TypeScript,331
IDE00551,2026-08-07 03:11:00,DEV055,debugging,Java,604
IDE03302,2026-08-07 03:12:00,DEV348,debugging,SQL,462
IDE00376,2026-08-07 03:16:00,DEV037,debugging,SQL,216
IDE01047,2026-08-07 03:19:00,DEV311,debugging,SQL,1299
IDE01162,2026-08-07 03:19:00,DEV253,file_open,JavaScript,1600
IDE06975,2026-08-07 03:19:00,DEV468,coding,JavaScript,847
IDE03783,2026-08-07 03:22:00,DEV447,file_open,JavaScript,643
IDE01830,2026-08-07 03:24:00,DEV223,terminal,JavaScript,1148
IDE07917,2026-08-07 03:24:00,DEV013,idle,TypeScript,133
IDE07196,2026-08-07 03:26:00,DEV155,file_open,Python,87
IDE09177,2026-08-07 03:31:00,DEV390,file_open,TypeScript,1758
IDE00418,2026-08-07 03:35:00,DEV106,debugging,Java,1425
IDE02256,2026-08-07 03:35:00,DEV444,testing,JavaScript,1005
IDE01041,2026-08-07 03:36:00,DEV002,idle,SQL,677
IDE08205,2026-08-07 03:38:00,DEV366,debugging,Java,308
IDE07056,2026-08-07 03:39:00,DEV132,terminal,SQL,337
IDE09353,2026-08-07 03:39:00,DEV431,testing,Java,460
IDE05695,2026-08-07 03:40:00,DEV442,file_open,JavaScript,1503
IDE09678,2026-08-07 03:40:00,DEV297,debugging,Java,1631
IDE02055,2026-08-07 03:41:00,DEV126,terminal,JavaScript,1434
IDE04165,2026-08-07 03:41:00,DEV279,coding,JavaScript,1427
IDE09301,2026-08-07 03:41:00,DEV276,debugging,Python,692
IDE05763,2026-08-07 03:43:00,DEV404,file_open,TypeScript,1573
IDE08071,2026-08-07 03:43:00,DEV299,debugging,Python,997
IDE05855,2026-08-07 03:45:00,DEV192,coding,TypeScript,441
IDE03469,2026-08-07 03:46:00,DEV247,terminal,JavaScript,653
IDE08777,2026-08-07 03:46:00,DEV179,terminal,Python,169
IDE00423,2026-08-07 03:48:00,DEV250,debugging,JavaScript,1211
IDE01073,2026-08-07 03:48:00,DEV119,coding,Java,600
IDE06769,2026-08-07 03:49:00,DEV054,debugging,SQL,778
IDE09554,2026-08-07 03:50:00,DEV253,debugging,Python,471
IDE04229,2026-08-07 03:51:00,DEV010,coding,SQL,822
IDE00153,2026-08-07 03:53:00,DEV380,debugging,SQL,479
IDE09270,2026-08-07 03:55:00,DEV243,file_open,Python,1563
IDE06234,2026-08-07 03:57:00,DEV345,idle,Python,1574
IDE06793,2026-08-07 03:58:00,DEV335,idle,Python,1764
IDE04530,2026-08-07 04:03:00,DEV066,coding,Java,1415
IDE00585,2026-08-07 04:05:00,DEV202,terminal,Java,1321
IDE02562,2026-08-07 04:07:00,DEV142,coding,SQL,645
IDE06255,2026-08-07 04:08:00,DEV051,idle,TypeScript,706
IDE09604,2026-08-07 04:13:00,DEV079,testing,Java,1469
IDE00709,2026-08-07 04:14:00,DEV259,terminal,SQL,200
IDE04539,2026-08-07 04:14:00,DEV466,coding,SQL,947
IDE03963,2026-08-07 04:16:00,DEV201,debugging,Python,772
IDE02684,2026-08-07 04:24:00,DEV302,idle,Python,1064
IDE05482,2026-08-07 04:25:00,DEV304,terminal,Java,587
IDE03104,2026-08-07 04:26:00,DEV004,idle,TypeScript,1363
IDE00082,2026-08-07 04:29:00,DEV454,file_open,TypeScript,505
IDE04708,2026-08-07 04:32:00,DEV167,coding,JavaScript,1467
IDE00389,2026-08-07 04:40:00,DEV393,file_open,JavaScript,1164
IDE05030,2026-08-07 04:43:00,DEV308,debugging,Java,1359
IDE08841,2026-08-07 04:44:00,DEV091,terminal,SQL,61
IDE00110,2026-08-07 04:53:00,DEV488,debugging,TypeScript,91
IDE09037,2026-08-07 04:54:00,DEV080,file_open,Python,35
IDE02475,2026-08-07 04:55:00,DEV421,coding,TypeScript,1357
IDE03512,2026-08-07 04:55:00,DEV361,file_open,Python,1774
IDE06249,2026-08-07 04:55:00,DEV032,debugging,TypeScript,273
IDE03650,2026-08-07 04:58:00,DEV282,file_open,Java,530
IDE07425,2026-08-07 04:58:00,DEV274,idle,SQL,1681
IDE03765,2026-08-07 04:59:00,DEV065,coding,Python,1416
IDE05858,2026-08-07 05:03:00,DEV354,debugging,Python,978
IDE07259,2026-08-07 05:05:00,DEV261,idle,JavaScript,1353
IDE03180,2026-08-07 05:06:00,DEV210,terminal,TypeScript,233
IDE08069,2026-08-07 05:07:00,DEV475,debugging,Python,208
IDE08246,2026-08-07 05:11:00,DEV205,idle,JavaScript,1522
IDE02315,2026-08-07 05:13:00,DEV037,terminal,SQL,530
IDE01431,2026-08-07 05:16:00,DEV056,file_open,TypeScript,159
IDE02210,2026-08-07 05:16:00,DEV468,testing,Java,1498
IDE00489,2026-08-07 05:18:00,DEV418,idle,SQL,111
IDE08165,2026-08-07 05:22:00,DEV337,file_open,TypeScript,1663
IDE03220,2026-08-07 05:23:00,DEV446,file_open,Java,1003
IDE00168,2026-08-07 05:26:00,DEV289,terminal,SQL,1682
IDE04340,2026-08-07 05:28:00,DEV223,idle,TypeScript,1016
IDE01360,2026-08-07 05:29:00,DEV395,terminal,Java,565
IDE01250,2026-08-07 05:47:00,DEV302,debugging,TypeScript,1755
IDE04461,2026-08-07 05:47:00,DEV048,terminal,SQL,1639
IDE09486,2026-08-07 05:49:00,DEV299,coding,Python,553
IDE02438,2026-08-07 05:51:00,DEV286,debugging,TypeScript,1708
IDE00868,2026-08-07 05:53:00,DEV338,testing,Python,656
IDE07829,2026-08-07 05:54:00,DEV110,idle,Java,387
IDE02721,2026-08-07 06:00:00,DEV419,debugging,JavaScript,1765
IDE00011,2026-08-07 06:05:00,DEV383,debugging,Python,118
IDE01272,2026-08-07 06:06:00,DEV142,testing,TypeScript,1179
IDE08846,2026-08-07 06:06:00,DEV391,testing,TypeScript,1094
IDE04187,2026-08-07 06:07:00,DEV235,terminal,Java,1030
IDE00817,2026-08-07 06:08:00,DEV287,idle,TypeScript,561
IDE01200,2026-08-07 06:08:00,DEV261,debugging,SQL,1592
IDE03756,2026-08-07 06:13:00,DEV475,file_open,Java,872
IDE01522,2026-08-07 06:16:00,DEV181,terminal,TypeScript,1371
IDE09819,2026-08-07 06:19:00,DEV285,idle,TypeScript,395
IDE06528,2026-08-07 06:23:00,DEV378,debugging,TypeScript,137
IDE00339,2026-08-07 06:28:00,DEV380,testing,JavaScript,273
IDE08984,2026-08-07 06:31:00,DEV106,coding,TypeScript,1074
IDE04784,2026-08-07 06:33:00,DEV119,coding,Java,1009
IDE04918,2026-08-07 06:35:00,DEV337,testing,JavaScript,94
IDE08100,2026-08-07 06:39:00,DEV245,terminal,JavaScript,866
IDE00293,2026-08-07 06:44:00,DEV183,debugging,SQL,128
IDE07103,2026-08-07 06:45:00,DEV218,terminal,Python,415
IDE01058,2026-08-07 06:47:00,DEV255,terminal,JavaScript,1295
IDE00515,2026-08-07 06:48:00,DEV101,debugging,Python,713
IDE06389,2026-08-07 06:49:00,DEV433,debugging,Java,306
IDE09940,2026-08-07 06:49:00,DEV463,debugging,JavaScript,843
IDE00697,2026-08-07 06:53:00,DEV086,coding,Python,1664
IDE05653,2026-08-07 07:01:00,DEV235,file_open,Java,1219
IDE05635,2026-08-07 07:03:00,DEV159,debugging,Java,757
IDE02549,2026-08-07 07:04:00,DEV090,idle,SQL,1651
IDE00693,2026-08-07 07:05:00,DEV353,debugging,Java,1467
IDE08977,2026-08-07 07:06:00,DEV140,testing,TypeScript,1419
IDE00090,2026-08-07 07:10:00,DEV302,file_open,JavaScript,1753
IDE02467,2026-08-07 07:10:00,DEV487,idle,Java,1034
IDE07804,2026-08-07 07:11:00,DEV074,file_open,JavaScript,628
IDE09241,2026-08-07 07:14:00,DEV079,debugging,Python,1706
IDE03972,2026-08-07 07:15:00,DEV050,terminal,JavaScript,1157
IDE08426,2026-08-07 07:16:00,DEV431,coding,JavaScript,1330
IDE02116,2026-08-07 07:18:00,DEV025,file_open,TypeScript,1631
IDE06236,2026-08-07 07:18:00,DEV219,terminal,Python,1577
IDE04607,2026-08-07 07:20:00,DEV127,terminal,TypeScript,1387
IDE03455,2026-08-07 07:21:00,DEV255,idle,SQL,1279
IDE02353,2026-08-07 07:23:00,DEV455,coding,TypeScript,296
IDE08959,2026-08-07 07:24:00,DEV312,coding,Java,129
IDE00421,2026-08-07 07:27:00,DEV455,testing,TypeScript,346
IDE05527,2026-08-07 07:29:00,DEV182,coding,Java,1213
IDE08108,2026-08-07 07:29:00,DEV420,coding,Python,111
IDE09548,2026-08-07 07:29:00,DEV380,idle,SQL,1393
IDE07244,2026-08-07 07:30:00,DEV407,idle,TypeScript,284
IDE07850,2026-08-07 07:31:00,DEV193,file_open,JavaScript,1647
IDE03606,2026-08-07 07:32:00,DEV374,terminal,SQL,555
IDE09085,2026-08-07 07:33:00,DEV336,terminal,Python,1437
IDE05104,2026-08-07 07:34:00,DEV193,terminal,Java,814
IDE00494,2026-08-07 07:36:00,DEV420,terminal,SQL,1208
IDE06189,2026-08-07 07:44:00,DEV481,testing,JavaScript,1116
IDE03080,2026-08-07 07:45:00,DEV458,debugging,TypeScript,883
IDE03537,2026-08-07 07:48:00,DEV408,testing,Python,242
IDE04916,2026-08-07 07:48:00,DEV403,debugging,Java,795
IDE02939,2026-08-07 07:53:00,DEV492,idle,Python,745
IDE01473,2026-08-07 07:54:00,DEV107,terminal,SQL,260
IDE04098,2026-08-07 07:55:00,DEV184,debugging,Java,772
IDE05012,2026-08-07 07:55:00,DEV041,terminal,SQL,1256
IDE00782,2026-08-07 07:59:00,DEV134,debugging,JavaScript,1746
IDE03946,2026-08-07 08:05:00,DEV460,debugging,SQL,1004
IDE05802,2026-08-07 08:05:00,DEV249,coding,Python,284
IDE02460,2026-08-07 08:07:00,DEV220,idle,TypeScript,1217
IDE02094,2026-08-07 08:09:00,DEV279,terminal,Java,1724
IDE00272,2026-08-07 08:12:00,DEV168,idle,Java,1569
IDE03683,2026-08-07 08:12:00,DEV477,terminal,Java,687
IDE04986,2026-08-07 08:12:00,DEV017,terminal,JavaScript,1329
IDE02783,2026-08-07 08:15:00,DEV091,file_open,JavaScript,1757
IDE08275,2026-08-07 08:16:00,DEV424,testing,JavaScript,254
IDE08053,2026-08-07 08:22:00,DEV073,testing,SQL,1625
IDE08737,2026-08-07 08:22:00,DEV329,debugging,TypeScript,427
IDE04081,2026-08-07 08:23:00,DEV099,coding,Python,1794
IDE07326,2026-08-07 08:23:00,DEV156,terminal,Python,1457
IDE02706,2026-08-07 08:25:00,DEV035,file_open,TypeScript,547
IDE03837,2026-08-07 08:27:00,DEV007,testing,SQL,1439
IDE00651,2026-08-07 08:28:00,DEV479,debugging,Java,965
IDE03084,2026-08-07 08:28:00,DEV359,terminal,Python,913
IDE04965,2026-08-07 08:29:00,DEV174,debugging,TypeScript,1538
IDE01035,2026-08-07 08:32:00,DEV329,terminal,JavaScript,633
IDE06230,2026-08-07 08:32:00,DEV486,terminal,Java,1038
IDE02844,2026-08-07 08:34:00,DEV179,terminal,Python,218
IDE03437,2026-08-07 08:37:00,DEV037,file_open,SQL,1761
IDE00988,2026-08-07 08:39:00,DEV180,coding,Java,753
IDE03870,2026-08-07 08:39:00,DEV475,idle,Python,971
IDE06038,2026-08-07 08:40:00,DEV062,file_open,JavaScript,417
IDE06459,2026-08-07 08:40:00,DEV116,file_open,Java,894
IDE01216,2026-08-07 08:42:00,DEV153,idle,Java,1574
IDE06540,2026-08-07 08:42:00,DEV467,idle,Java,621
IDE08526,2026-08-07 08:44:00,DEV272,coding,Python,538
IDE09137,2026-08-07 08:45:00,DEV067,file_open,TypeScript,384
IDE08429,2026-08-07 08:47:00,DEV444,debugging,Python,703
IDE01793,2026-08-07 08:56:00,DEV295,debugging,Java,225
IDE09438,2026-08-07 08:59:00,DEV119,testing,JavaScript,937
IDE08298,2026-08-07 09:01:00,DEV338,coding,SQL,394
IDE08293,2026-08-07 09:04:00,DEV079,debugging,Python,522
IDE07718,2026-08-07 09:05:00,DEV169,idle,Java,329
IDE09584,2026-08-07 09:09:00,DEV104,debugging,JavaScript,1092
IDE07127,2026-08-07 09:11:00,DEV383,idle,Java,303
IDE03490,2026-08-07 09:14:00,DEV106,terminal,Python,1524
IDE02513,2026-08-07 09:16:00,DEV177,terminal,TypeScript,101
IDE00805,2026-08-07 09:17:00,DEV067,debugging,Python,538
IDE07785,2026-08-07 09:17:00,DEV365,terminal,JavaScript,872
IDE00107,2026-08-07 09:18:00,DEV280,coding,Python,671
IDE06468,2026-08-07 09:18:00,DEV097,coding,Python,899
IDE08517,2026-08-07 09:22:00,DEV458,debugging,TypeScript,746
IDE00936,2026-08-07 09:23:00,DEV458,idle,JavaScript,1385
IDE05872,2026-08-07 09:24:00,DEV357,file_open,SQL,713
IDE05233,2026-08-07 09:25:00,DEV286,idle,TypeScript,1398
IDE01718,2026-08-07 09:32:00,DEV231,debugging,SQL,553
IDE01070,2026-08-07 09:34:00,DEV289,terminal,JavaScript,1349
IDE02624,2026-08-07 09:38:00,DEV013,testing,TypeScript,61
IDE00842,2026-08-07 09:39:00,DEV078,coding,Python,549
IDE01371,2026-08-07 09:40:00,DEV342,debugging,SQL,636
IDE07875,2026-08-07 09:40:00,DEV140,debugging,SQL,1671
IDE04569,2026-08-07 09:41:00,DEV357,terminal,JavaScript,874
IDE09045,2026-08-07 09:41:00,DEV223,testing,Python,969
IDE09544,2026-08-07 09:43:00,DEV340,coding,Python,1447
IDE04885,2026-08-07 09:47:00,DEV376,coding,Java,1214
IDE05973,2026-08-07 09:50:00,DEV126,coding,Java,772
IDE04488,2026-08-07 09:52:00,DEV500,terminal,SQL,858
IDE02927,2026-08-07 09:53:00,DEV136,terminal,SQL,541
IDE02984,2026-08-07 10:08:00,DEV305,file_open,JavaScript,824
IDE09437,2026-08-07 10:11:00,DEV402,file_open,Python,730
IDE01661,2026-08-07 10:12:00,DEV214,idle,Python,934
IDE04459,2026-08-07 10:13:00,DEV478,idle,SQL,1600
IDE03747,2026-08-07 10:14:00,DEV416,debugging,TypeScript,356
IDE03634,2026-08-07 10:17:00,DEV241,file_open,Python,255
IDE07641,2026-08-07 10:19:00,DEV271,terminal,Java,1707
IDE07597,2026-08-07 10:21:00,DEV364,coding,Python,1551
IDE01920,2026-08-07 10:23:00,DEV384,testing,Java,1038
IDE08126,2026-08-07 10:23:00,DEV139,testing,TypeScript,565
IDE04813,2026-08-07 10:28:00,DEV281,terminal,JavaScript,719
IDE02153,2026-08-07 10:29:00,DEV491,idle,TypeScript,950
IDE08052,2026-08-07 10:30:00,DEV230,terminal,TypeScript,1577
IDE03476,2026-08-07 10:31:00,DEV228,debugging,Python,752
IDE05815,2026-08-07 10:31:00,DEV446,file_open,JavaScript,100
IDE05447,2026-08-07 10:34:00,DEV276,debugging,TypeScript,373
IDE05628,2026-08-07 10:34:00,DEV214,coding,TypeScript,1264
IDE08641,2026-08-07 10:35:00,DEV005,testing,Python,1300
IDE06590,2026-08-07 10:36:00,DEV418,coding,JavaScript,991
IDE04929,2026-08-07 10:38:00,DEV357,file_open,Java,1217
IDE05321,2026-08-07 10:44:00,DEV282,idle,SQL,134
IDE09039,2026-08-07 10:45:00,DEV288,testing,Python,825
IDE08163,2026-08-07 10:46:00,DEV443,file_open,JavaScript,1152
IDE02961,2026-08-07 10:52:00,DEV477,debugging,Python,128
IDE09883,2026-08-07 10:55:00,DEV168,terminal,Python,1485
IDE06443,2026-08-07 10:58:00,DEV350,idle,Java,944
IDE01868,2026-08-07 11:00:00,DEV500,terminal,JavaScript,1291
IDE02958,2026-08-07 11:00:00,DEV362,idle,TypeScript,64
IDE03955,2026-08-07 11:02:00,DEV475,coding,Java,1316
IDE03781,2026-08-07 11:03:00,DEV472,testing,SQL,1073
IDE07655,2026-08-07 11:04:00,DEV141,file_open,SQL,863
IDE07266,2026-08-07 11:05:00,DEV131,coding,Python,170
IDE00603,2026-08-07 11:06:00,DEV413,testing,JavaScript,1246
IDE04988,2026-08-07 11:08:00,DEV384,coding,TypeScript,142
IDE08805,2026-08-07 11:10:00,DEV282,testing,Python,1752
IDE03525,2026-08-07 11:11:00,DEV090,file_open,JavaScript,1661
IDE04704,2026-08-07 11:11:00,DEV094,testing,TypeScript,245
IDE00268,2026-08-07 11:13:00,DEV443,testing,JavaScript,1387
IDE01684,2026-08-07 11:17:00,DEV314,terminal,TypeScript,1285
IDE09784,2026-08-07 11:17:00,DEV213,testing,TypeScript,40
IDE07780,2026-08-07 11:19:00,DEV237,idle,TypeScript,567
IDE03185,2026-08-07 11:21:00,DEV376,coding,TypeScript,312
IDE03605,2026-08-07 11:21:00,DEV013,idle,JavaScript,160
IDE03695,2026-08-07 11:23:00,DEV278,debugging,SQL,863
IDE05750,2026-08-07 11:23:00,DEV218,testing,JavaScript,1452
IDE07233,2026-08-07 11:23:00,DEV280,idle,SQL,733
IDE07661,2026-08-07 11:24:00,DEV497,coding,TypeScript,568
IDE07669,2026-08-07 11:24:00,DEV105,terminal,Java,1343
IDE07668,2026-08-07 11:25:00,DEV423,debugging,Python,1595
IDE01509,2026-08-07 11:26:00,DEV338,terminal,Python,459
IDE06616,2026-08-07 11:26:00,DEV058,file_open,TypeScript,1605
IDE02237,2026-08-07 11:33:00,DEV040,testing,JavaScript,1514
IDE07283,2026-08-07 11:35:00,DEV239,testing,Java,1382
IDE08523,2026-08-07 11:36:00,DEV206,file_open,JavaScript,421
IDE05806,2026-08-07 11:37:00,DEV482,idle,JavaScript,1304
IDE01446,2026-08-07 11:45:00,DEV016,debugging,TypeScript,1773
IDE01853,2026-08-07 11:45:00,DEV308,terminal,JavaScript,1235
IDE00820,2026-08-07 11:46:00,DEV190,testing,JavaScript,716
IDE08678,2026-08-07 11:46:00,DEV435,coding,Java,807
IDE05216,2026-08-07 11:52:00,DEV449,idle,TypeScript,1183
IDE08980,2026-08-07 11:52:00,DEV428,terminal,Java,1032
IDE08786,2026-08-07 11:54:00,DEV338,debugging,TypeScript,538
IDE06979,2026-08-07 11:55:00,DEV132,idle,Java,406
IDE08702,2026-08-07 11:57:00,DEV207,terminal,Python,208
IDE00454,2026-08-07 11:59:00,DEV283,terminal,Java,884
IDE08775,2026-08-07 11:59:00,DEV466,idle,Python,434
IDE09330,2026-08-07 12:03:00,DEV347,coding,TypeScript,430
IDE07888,2026-08-07 12:04:00,DEV359,debugging,Java,258
IDE01802,2026-08-07 12:06:00,DEV169,debugging,TypeScript,868
IDE05639,2026-08-07 12:06:00,DEV187,debugging,TypeScript,979
IDE03044,2026-08-07 12:09:00,DEV091,coding,SQL,726
IDE02705,2026-08-07 12:13:00,DEV031,terminal,Python,1749
IDE00131,2026-08-07 12:15:00,DEV353,file_open,SQL,752
IDE08647,2026-08-07 12:15:00,DEV268,debugging,TypeScript,891
IDE07729,2026-08-07 12:16:00,DEV417,debugging,SQL,1647
IDE05079,2026-08-07 12:18:00,DEV425,coding,TypeScript,109
IDE09880,2026-08-07 12:18:00,DEV489,coding,JavaScript,747
IDE01740,2026-08-07 12:21:00,DEV041,debugging,Java,282
IDE02613,2026-08-07 12:22:00,DEV241,terminal,TypeScript,852
IDE07981,2026-08-07 12:23:00,DEV103,testing,TypeScript,710
IDE08283,2026-08-07 12:24:00,DEV284,coding,Python,689
IDE00008,2026-08-07 12:27:00,DEV491,file_open,Python,1310
IDE01396,2026-08-07 12:29:00,DEV477,testing,Java,1402
IDE08471,2026-08-07 12:32:00,DEV275,testing,Python,449
IDE02752,2026-08-07 12:34:00,DEV108,coding,Python,177
IDE09404,2026-08-07 12:34:00,DEV196,file_open,SQL,172
IDE04026,2026-08-07 12:40:00,DEV118,debugging,JavaScript,1166
IDE05910,2026-08-07 12:47:00,DEV088,testing,Java,1131
IDE02810,2026-08-07 12:49:00,DEV236,testing,Java,831
IDE06581,2026-08-07 12:51:00,DEV395,debugging,Java,1223
IDE06351,2026-08-07 12:56:00,DEV471,testing,Python,1307
IDE01650,2026-08-07 12:58:00,DEV119,testing,JavaScript,965
IDE04475,2026-08-07 12:59:00,DEV179,coding,JavaScript,1241
IDE06808,2026-08-07 13:04:00,DEV494,file_open,SQL,521
IDE04183,2026-08-07 13:07:00,DEV292,debugging,SQL,639
IDE06181,2026-08-07 13:08:00,DEV441,testing,JavaScript,75
IDE00448,2026-08-07 13:10:00,DEV490,testing,Python,68
IDE01120,2026-08-07 13:10:00,DEV114,terminal,Python,237
IDE01352,2026-08-07 13:13:00,DEV095,file_open,JavaScript,121
IDE06560,2026-08-07 13:16:00,DEV112,testing,Java,1361
IDE09821,2026-08-07 13:18:00,DEV070,file_open,TypeScript,77
IDE04838,2026-08-07 13:20:00,DEV101,coding,Java,980
IDE03498,2026-08-07 13:21:00,DEV037,file_open,Java,1118
IDE00035,2026-08-07 13:23:00,DEV443,terminal,JavaScript,956
IDE06483,2026-08-07 13:24:00,DEV328,debugging,Java,1608
IDE00994,2026-08-07 13:27:00,DEV387,terminal,Java,237
IDE03219,2026-08-07 13:30:00,DEV485,testing,SQL,1433
IDE05900,2026-08-07 13:30:00,DEV228,debugging,JavaScript,88
IDE05283,2026-08-07 13:33:00,DEV136,idle,Python,1433
IDE00763,2026-08-07 13:34:00,DEV278,file_open,SQL,1128
IDE01617,2026-08-07 13:40:00,DEV056,file_open,Python,1625
IDE00263,2026-08-07 13:44:00,DEV322,file_open,Python,445
IDE00443,2026-08-07 13:48:00,DEV483,testing,JavaScript,131
IDE09513,2026-08-07 13:54:00,DEV408,terminal,JavaScript,1600
IDE01801,2026-08-07 13:57:00,DEV339,file_open,JavaScript,1601
IDE02143,2026-08-07 14:02:00,DEV453,terminal,Java,282
IDE06588,2026-08-07 14:02:00,DEV382,idle,Java,1759
IDE06125,2026-08-07 14:04:00,DEV135,testing,SQL,620
IDE00051,2026-08-07 14:06:00,DEV455,terminal,TypeScript,538
IDE02813,2026-08-07 14:07:00,DEV131,testing,JavaScript,494
IDE06743,2026-08-07 14:09:00,DEV390,file_open,Python,1097
IDE06653,2026-08-07 14:16:00,DEV487,testing,Python,1222
IDE06325,2026-08-07 14:19:00,DEV146,idle,Java,992
IDE04858,2026-08-07 14:22:00,DEV274,debugging,SQL,1082
IDE08653,2026-08-07 14:22:00,DEV379,file_open,TypeScript,862
IDE09725,2026-08-07 14:24:00,DEV381,idle,SQL,522
IDE09829,2026-08-07 14:26:00,DEV143,testing,SQL,1379
IDE04917,2026-08-07 14:31:00,DEV102,terminal,TypeScript,680
IDE06040,2026-08-07 14:34:00,DEV038,testing,JavaScript,1521
IDE02299,2026-08-07 14:35:00,DEV116,coding,SQL,1145
IDE09079,2026-08-07 14:43:00,DEV046,idle,TypeScript,1141
IDE06361,2026-08-07 14:45:00,DEV376,terminal,JavaScript,602
IDE00628,2026-08-07 14:49:00,DEV323,file_open,SQL,802
IDE08189,2026-08-07 14:52:00,DEV299,testing,SQL,46
IDE01763,2026-08-07 14:54:00,DEV217,debugging,JavaScript,1019
IDE06828,2026-08-07 14:56:00,DEV099,file_open,TypeScript,183
IDE06520,2026-08-07 14:57:00,DEV073,coding,SQL,58
IDE08393,2026-08-07 14:57:00,DEV130,testing,Java,388
IDE07953,2026-08-07 15:04:00,DEV368,idle,TypeScript,724
IDE01563,2026-08-07 15:05:00,DEV093,file_open,Java,785
IDE04373,2026-08-07 15:08:00,DEV301,idle,TypeScript,385
IDE03399,2026-08-07 15:09:00,DEV062,testing,JavaScript,418
IDE04238,2026-08-07 15:12:00,DEV078,debugging,JavaScript,285
IDE06987,2026-08-07 15:12:00,DEV309,terminal,JavaScript,1562
IDE03701,2026-08-07 15:17:00,DEV325,idle,SQL,303
IDE04894,2026-08-07 15:19:00,DEV362,testing,TypeScript,1697
IDE05188,2026-08-07 15:20:00,DEV122,file_open,Python,1640
IDE09435,2026-08-07 15:23:00,DEV379,testing,Python,1596
IDE08336,2026-08-07 15:28:00,DEV267,idle,Python,291
IDE08642,2026-08-07 15:28:00,DEV480,debugging,JavaScript,71
IDE01413,2026-08-07 15:29:00,DEV442,coding,TypeScript,1545
IDE07374,2026-08-07 15:32:00,DEV490,file_open,Python,319
IDE00433,2026-08-07 15:36:00,DEV331,coding,TypeScript,789
IDE08328,2026-08-07 15:40:00,DEV142,file_open,SQL,423
IDE03026,2026-08-07 15:44:00,DEV267,idle,JavaScript,58
IDE04122,2026-08-07 15:46:00,DEV293,file_open,Java,480
IDE04656,2026-08-07 15:46:00,DEV335,debugging,JavaScript,246
IDE06159,2026-08-07 15:46:00,DEV417,file_open,Python,817
IDE01140,2026-08-07 15:49:00,DEV309,coding,JavaScript,1452
IDE06133,2026-08-07 15:57:00,DEV259,debugging,JavaScript,339
IDE08112,2026-08-07 15:57:00,DEV094,testing,TypeScript,1062
IDE09248,2026-08-07 15:57:00,DEV143,debugging,Java,733
IDE08787,2026-08-07 15:58:00,DEV061,terminal,JavaScript,373
IDE01211,2026-08-07 16:02:00,DEV018,file_open,SQL,1059
IDE08688,2026-08-07 16:02:00,DEV107,testing,TypeScript,1136
IDE07728,2026-08-07 16:03:00,DEV478,file_open,JavaScript,801
IDE04657,2026-08-07 16:05:00,DEV176,terminal,Python,413
IDE04072,2026-08-07 16:12:00,DEV082,terminal,JavaScript,899
IDE05696,2026-08-07 16:12:00,DEV307,terminal,Python,486
IDE03483,2026-08-07 16:16:00,DEV146,file_open,Java,430
IDE02786,2026-08-07 16:17:00,DEV408,terminal,JavaScript,1284
IDE04769,2026-08-07 16:17:00,DEV473,terminal,TypeScript,1746
IDE02616,2026-08-07 16:19:00,DEV135,debugging,Java,1560
IDE08110,2026-08-07 16:23:00,DEV497,file_open,Python,1333
IDE00588,2026-08-07 16:25:00,DEV088,idle,TypeScript,1108
IDE06770,2026-08-07 16:25:00,DEV350,idle,Java,1286
IDE09530,2026-08-07 16:29:00,DEV313,file_open,TypeScript,1613
IDE02530,2026-08-07 16:31:00,DEV034,file_open,JavaScript,1733
IDE07167,2026-08-07 16:32:00,DEV285,terminal,SQL,1712
IDE09451,2026-08-07 16:32:00,DEV373,file_open,JavaScript,198
IDE06980,2026-08-07 16:34:00,DEV398,terminal,Java,1500
IDE08524,2026-08-07 16:34:00,DEV407,terminal,SQL,1253
IDE09955,2026-08-07 16:34:00,DEV231,terminal,Python,1066
IDE00849,2026-08-07 16:35:00,DEV115,idle,Java,224
IDE02114,2026-08-07 16:35:00,DEV111,file_open,SQL,146
IDE08637,2026-08-07 16:41:00,DEV407,testing,TypeScript,283
IDE00882,2026-08-07 16:45:00,DEV269,file_open,TypeScript,338
IDE04240,2026-08-07 16:47:00,DEV349,testing,Python,1670
IDE08309,2026-08-07 16:47:00,DEV198,testing,SQL,997
IDE01706,2026-08-07 16:49:00,DEV228,testing,SQL,1312
IDE07477,2026-08-07 16:50:00,DEV379,coding,SQL,1574
IDE09944,2026-08-07 16:53:00,DEV171,coding,SQL,522
IDE08813,2026-08-07 16:55:00,DEV220,testing,TypeScript,1246
IDE04170,2026-08-07 16:59:00,DEV216,idle,JavaScript,782
IDE04863,2026-08-07 16:59:00,DEV363,file_open,Python,1154
IDE02751,2026-08-07 17:00:00,DEV080,file_open,SQL,1361
IDE07343,2026-08-07 17:02:00,DEV282,testing,Python,525
IDE04905,2026-08-07 17:04:00,DEV357,file_open,Python,985
IDE07871,2026-08-07 17:07:00,DEV038,debugging,JavaScript,430
IDE04173,2026-08-07 17:08:00,DEV499,testing,JavaScript,1533
IDE00057,2026-08-07 17:09:00,DEV299,debugging,TypeScript,1743
IDE06724,2026-08-07 17:10:00,DEV165,testing,Java,1411
IDE01144,2026-08-07 17:12:00,DEV356,testing,SQL,1183
IDE05488,2026-08-07 17:19:00,DEV495,debugging,JavaScript,218
IDE02118,2026-08-07 17:21:00,DEV182,debugging,JavaScript,1341
IDE05797,2026-08-07 17:22:00,DEV166,coding,JavaScript,783
IDE02217,2026-08-07 17:25:00,DEV485,coding,Java,332
IDE03834,2026-08-07 17:30:00,DEV042,testing,Java,441
IDE04167,2026-08-07 17:30:00,DEV036,terminal,SQL,1354
IDE05814,2026-08-07 17:30:00,DEV342,file_open,TypeScript,934
IDE02198,2026-08-07 17:31:00,DEV253,coding,Python,129
IDE07327,2026-08-07 17:31:00,DEV018,testing,Python,296
IDE04014,2026-08-07 17:33:00,DEV128,testing,Python,1704
IDE05411,2026-08-07 17:33:00,DEV417,coding,TypeScript,1750
IDE05919,2026-08-07 17:36:00,DEV207,terminal,TypeScript,418
IDE00808,2026-08-07 17:37:00,DEV354,debugging,Python,858
IDE03862,2026-08-07 17:39:00,DEV057,terminal,Python,1712
IDE07142,2026-08-07 17:40:00,DEV412,coding,JavaScript,204
IDE07590,2026-08-07 17:42:00,DEV357,idle,TypeScript,332
IDE03107,2026-08-07 17:43:00,DEV446,file_open,TypeScript,633
IDE08549,2026-08-07 17:44:00,DEV259,terminal,SQL,1506
IDE01925,2026-08-07 17:45:00,DEV299,debugging,SQL,291
IDE09362,2026-08-07 17:56:00,DEV182,debugging,SQL,111
IDE00791,2026-08-07 17:57:00,DEV007,debugging,TypeScript,1048
IDE03546,2026-08-07 18:04:00,DEV475,coding,SQL,418
IDE07494,2026-08-07 18:04:00,DEV064,idle,Java,677
IDE06589,2026-08-07 18:05:00,DEV113,testing,Java,165
IDE00728,2026-08-07 18:06:00,DEV302,idle,Java,1583
IDE08177,2026-08-07 18:08:00,DEV443,testing,Java,585
IDE01244,2026-08-07 18:09:00,DEV180,testing,JavaScript,921
IDE06664,2026-08-07 18:10:00,DEV477,debugging,Java,1746
IDE05807,2026-08-07 18:14:00,DEV354,idle,Python,221
IDE08453,2026-08-07 18:17:00,DEV161,testing,TypeScript,1193
IDE04351,2026-08-07 18:18:00,DEV318,debugging,JavaScript,1710
IDE01938,2026-08-07 18:20:00,DEV333,idle,Python,1589
IDE04597,2026-08-07 18:20:00,DEV333,debugging,Java,1622
IDE01217,2026-08-07 18:22:00,DEV364,debugging,TypeScript,1169
IDE04912,2026-08-07 18:22:00,DEV033,idle,JavaScript,498
IDE00237,2026-08-07 18:24:00,DEV441,testing,SQL,48
IDE05829,2026-08-07 18:25:00,DEV326,terminal,Python,139
IDE04503,2026-08-07 18:28:00,DEV483,idle,JavaScript,1484
IDE04968,2026-08-07 18:28:00,DEV335,file_open,JavaScript,933
IDE02640,2026-08-07 18:31:00,DEV155,file_open,SQL,157
IDE07459,2026-08-07 18:31:00,DEV332,coding,Java,1558
IDE07443,2026-08-07 18:34:00,DEV242,coding,JavaScript,829
IDE02413,2026-08-07 18:35:00,DEV412,debugging,JavaScript,839
IDE09780,2026-08-07 18:35:00,DEV385,idle,TypeScript,601
IDE01652,2026-08-07 18:40:00,DEV211,debugging,TypeScript,1657
IDE06467,2026-08-07 18:41:00,DEV262,testing,Python,1277
IDE04109,2026-08-07 18:42:00,DEV115,debugging,Python,1080
IDE00174,2026-08-07 18:43:00,DEV195,testing,Java,802
IDE02969,2026-08-07 18:45:00,DEV095,terminal,TypeScript,316
IDE02696,2026-08-07 18:46:00,DEV318,testing,TypeScript,215
IDE09915,2026-08-07 18:47:00,DEV372,coding,TypeScript,183
IDE05770,2026-08-07 18:50:00,DEV272,file_open,JavaScript,907
IDE05816,2026-08-07 18:50:00,DEV291,testing,Python,461
IDE08232,2026-08-07 18:52:00,DEV418,file_open,TypeScript,657
IDE09827,2026-08-07 18:52:00,DEV123,debugging,JavaScript,585
IDE00472,2026-08-07 18:53:00,DEV427,file_open,Python,214
IDE04227,2026-08-07 18:56:00,DEV447,testing,Java,1235
IDE05758,2026-08-07 18:57:00,DEV003,file_open,SQL,1226
IDE00347,2026-08-07 19:04:00,DEV207,testing,Python,1064
IDE00727,2026-08-07 19:05:00,DEV105,terminal,TypeScript,406
IDE07041,2026-08-07 19:06:00,DEV233,idle,Java,1766
IDE06981,2026-08-07 19:07:00,DEV244,file_open,Python,314
IDE06898,2026-08-07 19:09:00,DEV228,testing,Java,491
IDE03285,2026-08-07 19:13:00,DEV041,idle,JavaScript,821
IDE07974,2026-08-07 19:13:00,DEV168,coding,Python,149
IDE06651,2026-08-07 19:18:00,DEV406,debugging,SQL,621
IDE07996,2026-08-07 19:18:00,DEV362,testing,Python,801
IDE06703,2026-08-07 19:19:00,DEV308,idle,Python,127
IDE01062,2026-08-07 19:22:00,DEV461,coding,TypeScript,1223
IDE00055,2026-08-07 19:30:00,DEV404,file_open,Java,941
IDE00729,2026-08-07 19:30:00,DEV138,idle,Java,60
IDE09606,2026-08-07 19:35:00,DEV086,idle,TypeScript,883
IDE07252,2026-08-07 19:38:00,DEV150,file_open,Java,1654
IDE01795,2026-08-07 19:41:00,DEV198,coding,TypeScript,553
IDE04624,2026-08-07 19:42:00,DEV084,testing,JavaScript,1792
IDE01679,2026-08-07 19:47:00,DEV436,idle,JavaScript,1479
IDE04811,2026-08-07 19:47:00,DEV407,idle,SQL,1109
IDE02717,2026-08-07 19:50:00,DEV478,coding,SQL,806
IDE01429,2026-08-07 19:55:00,DEV029,debugging,Java,349
IDE07309,2026-08-07 20:00:00,DEV495,terminal,JavaScript,589
IDE06375,2026-08-07 20:04:00,DEV179,coding,TypeScript,181
IDE01606,2026-08-07 20:06:00,DEV006,coding,Java,1244
IDE02088,2026-08-07 20:06:00,DEV170,coding,Java,782
IDE00368,2026-08-07 20:07:00,DEV023,testing,Java,1739
IDE03277,2026-08-07 20:10:00,DEV245,file_open,SQL,308
IDE05774,2026-08-07 20:15:00,DEV403,idle,TypeScript,1172
IDE01254,2026-08-07 20:17:00,DEV172,terminal,SQL,501
IDE08321,2026-08-07 20:19:00,DEV013,file_open,JavaScript,414
IDE03948,2026-08-07 20:23:00,DEV318,coding,Java,333
IDE05461,2026-08-07 20:24:00,DEV478,file_open,Python,141
IDE07188,2026-08-07 20:27:00,DEV011,testing,Python,655
IDE03113,2026-08-07 20:28:00,DEV040,coding,TypeScript,1721
IDE06617,2026-08-07 20:28:00,DEV331,testing,TypeScript,954
IDE07439,2026-08-07 20:29:00,DEV111,coding,Java,1542
IDE00669,2026-08-07 20:33:00,DEV394,terminal,Java,260
IDE09609,2026-08-07 20:33:00,DEV472,coding,SQL,1708
IDE03647,2026-08-07 20:34:00,DEV042,idle,TypeScript,1782
IDE04286,2026-08-07 20:34:00,DEV195,testing,Python,1517
IDE07137,2026-08-07 20:36:00,DEV006,debugging,SQL,1379
IDE09256,2026-08-07 20:40:00,DEV380,terminal,JavaScript,470
IDE09284,2026-08-07 20:41:00,DEV063,coding,SQL,455
IDE02659,2026-08-07 20:43:00,DEV393,file_open,TypeScript,972
IDE07213,2026-08-07 20:45:00,DEV102,debugging,Python,863
IDE00548,2026-08-07 20:47:00,DEV180,coding,JavaScript,806
IDE01895,2026-08-07 20:51:00,DEV164,testing,Python,1214
IDE06899,2026-08-07 20:51:00,DEV443,debugging,Python,839
IDE07012,2026-08-07 20:54:00,DEV207,coding,JavaScript,588
IDE04305,2026-08-07 20:56:00,DEV080,testing,Java,1621
IDE00491,2026-08-07 20:57:00,DEV157,coding,Python,231
IDE03767,2026-08-07 20:57:00,DEV077,idle,TypeScript,916
IDE06264,2026-08-07 20:59:00,DEV282,file_open,SQL,93
IDE01914,2026-08-07 21:00:00,DEV490,file_open,JavaScript,909
IDE04188,2026-08-07 21:00:00,DEV151,terminal,TypeScript,54
IDE05936,2026-08-07 21:00:00,DEV320,testing,SQL,263
IDE02418,2026-08-07 21:05:00,DEV442,testing,TypeScript,629
IDE02711,2026-08-07 21:10:00,DEV479,coding,TypeScript,1485
IDE02062,2026-08-07 21:15:00,DEV346,terminal,Java,1051
IDE04622,2026-08-07 21:16:00,DEV309,coding,Python,1236
IDE07377,2026-08-07 21:16:00,DEV075,debugging,Python,663
IDE08405,2026-08-07 21:20:00,DEV458,testing,SQL,1147
IDE06457,2026-08-07 21:21:00,DEV298,idle,JavaScript,396
IDE06713,2026-08-07 21:26:00,DEV125,coding,JavaScript,268
IDE09427,2026-08-07 21:27:00,DEV382,terminal,Java,1727
IDE05717,2026-08-07 21:28:00,DEV199,coding,Java,828
IDE04617,2026-08-07 21:29:00,DEV063,terminal,JavaScript,1448
IDE08660,2026-08-07 21:29:00,DEV234,coding,JavaScript,400
IDE01806,2026-08-07 21:34:00,DEV096,coding,Python,1629
IDE01820,2026-08-07 21:38:00,DEV035,terminal,SQL,648
IDE04761,2026-08-07 21:38:00,DEV230,idle,SQL,1572
IDE08143,2026-08-07 21:39:00,DEV355,testing,Python,1744
IDE07858,2026-08-07 21:44:00,DEV319,terminal,SQL,1048
IDE04868,2026-08-07 21:46:00,DEV452,terminal,Java,524
IDE07776,2026-08-07 21:47:00,DEV088,testing,Java,876
IDE08922,2026-08-07 21:49:00,DEV212,idle,JavaScript,230
IDE03194,2026-08-07 21:52:00,DEV423,coding,SQL,830
IDE00888,2026-08-07 21:53:00,DEV359,file_open,Python,1455
IDE08410,2026-08-07 21:53:00,DEV171,idle,Java,229
IDE02849,2026-08-07 21:54:00,DEV413,testing,Java,1143
IDE05035,2026-08-07 21:54:00,DEV216,coding,TypeScript,1688
IDE02384,2026-08-07 21:57:00,DEV234,testing,TypeScript,832
IDE07385,2026-08-07 21:58:00,DEV307,file_open,JavaScript,393
IDE01461,2026-08-07 22:00:00,DEV469,coding,JavaScript,1364
IDE01542,2026-08-07 22:01:00,DEV103,debugging,JavaScript,700
IDE00468,2026-08-07 22:10:00,DEV457,debugging,Python,644
IDE01099,2026-08-07 22:13:00,DEV085,debugging,JavaScript,1513
IDE05705,2026-08-07 22:13:00,DEV107,idle,Java,1671
IDE05272,2026-08-07 22:14:00,DEV355,file_open,Java,1756
IDE05664,2026-08-07 22:16:00,DEV053,idle,JavaScript,1525
IDE06628,2026-08-07 22:16:00,DEV213,terminal,TypeScript,774
IDE00150,2026-08-07 22:19:00,DEV204,idle,Java,1565
IDE00488,2026-08-07 22:19:00,DEV145,coding,TypeScript,1744
IDE01822,2026-08-07 22:21:00,DEV016,debugging,Java,650
IDE05768,2026-08-07 22:21:00,DEV403,terminal,JavaScript,299
IDE08175,2026-08-07 22:21:00,DEV214,debugging,SQL,615
IDE00980,2026-08-07 22:22:00,DEV304,testing,Python,1407
IDE05293,2026-08-07 22:22:00,DEV365,testing,Java,436
IDE04230,2026-08-07 22:23:00,DEV194,idle,TypeScript,255
IDE03138,2026-08-07 22:27:00,DEV268,coding,JavaScript,56
IDE00093,2026-08-07 22:29:00,DEV291,testing,Java,465
IDE03079,2026-08-07 22:30:00,DEV087,file_open,Java,311
IDE06848,2026-08-07 22:30:00,DEV004,testing,SQL,619
IDE06394,2026-08-07 22:38:00,DEV066,idle,TypeScript,731
IDE03689,2026-08-07 22:39:00,DEV353,file_open,TypeScript,447
IDE00048,2026-08-07 22:40:00,DEV009,coding,JavaScript,269
IDE01417,2026-08-07 22:50:00,DEV451,testing,JavaScript,1158
IDE02072,2026-08-07 22:52:00,DEV236,debugging,Python,1561
IDE01005,2026-08-07 22:53:00,DEV352,debugging,Python,426
IDE06257,2026-08-07 22:54:00,DEV353,idle,SQL,306
IDE05093,2026-08-07 22:55:00,DEV152,file_open,JavaScript,477
IDE09841,2026-08-07 23:00:00,DEV339,terminal,Java,946
IDE07184,2026-08-07 23:01:00,DEV101,terminal,Python,1774
IDE03179,2026-08-07 23:04:00,DEV394,coding,JavaScript,1444
IDE07642,2026-08-07 23:06:00,DEV289,coding,TypeScript,658
IDE06207,2026-08-07 23:10:00,DEV139,terminal,SQL,39
IDE08072,2026-08-07 23:10:00,DEV483,coding,Java,1617
IDE01643,2026-08-07 23:11:00,DEV205,coding,TypeScript,756
IDE02850,2026-08-07 23:12:00,DEV435,file_open,Java,945
IDE00009,2026-08-07 23:13:00,DEV018,file_open,SQL,226
IDE06370,2026-08-07 23:13:00,DEV331,file_open,JavaScript,280
IDE03515,2026-08-07 23:16:00,DEV010,idle,Python,224
IDE05291,2026-08-07 23:16:00,DEV104,coding,TypeScript,757
IDE09847,2026-08-07 23:17:00,DEV122,debugging,SQL,1521
IDE01570,2026-08-07 23:19:00,DEV083,debugging,Python,322
IDE08677,2026-08-07 23:19:00,DEV221,file_open,TypeScript,789
IDE09331,2026-08-07 23:19:00,DEV414,idle,Java,823
IDE04139,2026-08-07 23:23:00,DEV351,idle,JavaScript,1735
IDE06776,2026-08-07 23:23:00,DEV229,file_open,SQL,1269
IDE07115,2026-08-07 23:27:00,DEV469,file_open,Python,1484
IDE09333,2026-08-07 23:27:00,DEV016,debugging,SQL,386
IDE07554,2026-08-07 23:28:00,DEV316,coding,SQL,1780
IDE04802,2026-08-07 23:29:00,DEV241,terminal,SQL,974
IDE00659,2026-08-07 23:30:00,DEV126,debugging,TypeScript,199
IDE03018,2026-08-07 23:32:00,DEV478,debugging,Java,1383
IDE04831,2026-08-07 23:32:00,DEV096,file_open,SQL,1461
IDE05062,2026-08-07 23:34:00,DEV447,terminal,Python,291
IDE02525,2026-08-07 23:36:00,DEV435,terminal,SQL,1437
IDE04012,2026-08-07 23:36:00,DEV260,terminal,TypeScript,437
IDE06892,2026-08-07 23:38:00,DEV070,debugging,SQL,1470
IDE01090,2026-08-07 23:40:00,DEV144,debugging,Java,1092
IDE02200,2026-08-07 23:41:00,DEV249,file_open,Java,1704
IDE04105,2026-08-07 23:41:00,DEV068,coding,JavaScript,405
IDE05721,2026-08-07 23:41:00,DEV309,testing,JavaScript,135
IDE01425,2026-08-07 23:44:00,DEV216,testing,JavaScript,1496
IDE04536,2026-08-07 23:45:00,DEV273,debugging,TypeScript,582
IDE01863,2026-08-07 23:49:00,DEV383,idle,Java,1011
IDE04604,2026-08-07 23:49:00,DEV123,idle,JavaScript,162
IDE04279,2026-08-07 23:50:00,DEV478,debugging,TypeScript,1221
IDE05021,2026-08-07 23:51:00,DEV032,testing,Python,1432
IDE05424,2026-08-07 23:54:00,DEV219,terminal,JavaScript,1068
IDE03588,2026-08-07 23:55:00,DEV257,testing,JavaScript,890
IDE03410,2026-08-07 23:56:00,DEV365,debugging,JavaScript,354
IDE06440,2026-08-07 23:57:00,DEV333,testing,Java,1584
IDE05460,2026-08-07 23:58:00,DEV323,terminal,TypeScript,955
IDE08932,2026-08-08 00:02:00,DEV416,debugging,JavaScript,352
IDE00239,2026-08-08 00:05:00,DEV089,coding,TypeScript,1642
IDE01203,2026-08-08 00:05:00,DEV027,idle,Java,1431
IDE07003,2026-08-08 00:10:00,DEV142,file_open,TypeScript,715
IDE05041,2026-08-08 00:11:00,DEV183,coding,Java,1750
IDE05913,2026-08-08 00:11:00,DEV445,coding,TypeScript,347
IDE06285,2026-08-08 00:11:00,DEV302,coding,JavaScript,137
IDE08331,2026-08-08 00:11:00,DEV380,testing,JavaScript,371
IDE09564,2026-08-08 00:18:00,DEV474,idle,Java,1113
IDE07490,2026-08-08 00:19:00,DEV405,terminal,Java,680
IDE09424,2026-08-08 00:20:00,DEV006,terminal,SQL,1790
IDE09380,2026-08-08 00:22:00,DEV466,testing,TypeScript,62
IDE00832,2026-08-08 00:25:00,DEV466,terminal,Java,932
IDE02935,2026-08-08 00:26:00,DEV141,terminal,Python,1045
IDE03687,2026-08-08 00:27:00,DEV303,idle,JavaScript,1511
IDE06688,2026-08-08 00:28:00,DEV371,testing,SQL,1661
IDE07291,2026-08-08 00:29:00,DEV240,debugging,JavaScript,952
IDE08699,2026-08-08 00:29:00,DEV255,testing,Java,633
IDE09666,2026-08-08 00:38:00,DEV490,file_open,SQL,1667
IDE01525,2026-08-08 00:40:00,DEV073,idle,SQL,1394
IDE06248,2026-08-08 00:40:00,DEV389,coding,SQL,1037
IDE09939,2026-08-08 00:46:00,DEV400,terminal,SQL,109
IDE09189,2026-08-08 00:47:00,DEV253,terminal,JavaScript,822
IDE00282,2026-08-08 00:48:00,DEV219,terminal,SQL,1793
IDE08241,2026-08-08 00:49:00,DEV164,terminal,Python,1776
IDE04605,2026-08-08 00:50:00,DEV413,idle,TypeScript,1753
IDE05624,2026-08-08 00:50:00,DEV302,testing,SQL,415
IDE04033,2026-08-08 00:52:00,DEV361,idle,SQL,223
IDE08374,2026-08-08 00:54:00,DEV022,idle,Java,784
IDE00329,2026-08-08 00:56:00,DEV474,debugging,SQL,1607
IDE04927,2026-08-08 00:57:00,DEV046,coding,SQL,1445
IDE07442,2026-08-08 00:57:00,DEV439,debugging,SQL,535
IDE06026,2026-08-08 01:04:00,DEV327,testing,JavaScript,1722
IDE06087,2026-08-08 01:07:00,DEV341,file_open,Java,1485
IDE07345,2026-08-08 01:07:00,DEV224,testing,SQL,933
IDE09870,2026-08-08 01:07:00,DEV499,idle,SQL,1479
IDE06223,2026-08-08 01:18:00,DEV391,coding,TypeScript,1154
IDE05011,2026-08-08 01:20:00,DEV120,terminal,JavaScript,65
IDE09387,2026-08-08 01:21:00,DEV159,coding,SQL,1776
IDE00022,2026-08-08 01:23:00,DEV472,idle,Python,587
IDE02892,2026-08-08 01:24:00,DEV141,debugging,SQL,1233
IDE00117,2026-08-08 01:26:00,DEV268,terminal,Python,1211
IDE04806,2026-08-08 01:26:00,DEV371,coding,Python,195
IDE03596,2026-08-08 01:27:00,DEV214,terminal,Java,479
IDE00627,2026-08-08 01:28:00,DEV272,coding,Java,1451
IDE08455,2026-08-08 01:29:00,DEV174,terminal,SQL,1716
IDE06110,2026-08-08 01:34:00,DEV254,idle,JavaScript,284
IDE06741,2026-08-08 01:34:00,DEV277,debugging,Python,527
IDE08367,2026-08-08 01:37:00,DEV020,idle,JavaScript,1463
IDE00804,2026-08-08 01:40:00,DEV054,idle,TypeScript,371
IDE07223,2026-08-08 01:40:00,DEV162,idle,Python,779
IDE00175,2026-08-08 01:41:00,DEV100,idle,JavaScript,256
IDE08067,2026-08-08 01:42:00,DEV455,coding,TypeScript,296
IDE04798,2026-08-08 01:46:00,DEV271,idle,SQL,1560
IDE05463,2026-08-08 01:48:00,DEV335,terminal,JavaScript,208
IDE07465,2026-08-08 01:48:00,DEV379,debugging,JavaScript,1212
IDE00210,2026-08-08 01:50:00,DEV395,debugging,TypeScript,1023
IDE02876,2026-08-08 01:55:00,DEV097,debugging,JavaScript,1412
IDE02679,2026-08-08 01:56:00,DEV451,testing,TypeScript,454
IDE02841,2026-08-08 01:57:00,DEV175,testing,TypeScript,1765
IDE07663,2026-08-08 01:58:00,DEV049,terminal,Python,465
IDE04360,2026-08-08 01:59:00,DEV361,terminal,Java,199
IDE07390,2026-08-08 02:00:00,DEV403,debugging,Java,1140
IDE03667,2026-08-08 02:02:00,DEV163,idle,TypeScript,997
IDE05672,2026-08-08 02:04:00,DEV014,testing,TypeScript,38
IDE09987,2026-08-08 02:05:00,DEV058,debugging,SQL,441
IDE09700,2026-08-08 02:07:00,DEV118,terminal,Java,326
IDE01689,2026-08-08 02:08:00,DEV330,file_open,JavaScript,1156
IDE01089,2026-08-08 02:09:00,DEV341,file_open,JavaScript,1694
IDE00315,2026-08-08 02:13:00,DEV390,file_open,Java,846
IDE05917,2026-08-08 02:13:00,DEV276,testing,TypeScript,118
IDE09733,2026-08-08 02:14:00,DEV163,terminal,Python,1026
IDE04564,2026-08-08 02:15:00,DEV415,idle,SQL,1177
IDE09272,2026-08-08 02:18:00,DEV097,debugging,Java,1461
IDE07150,2026-08-08 02:20:00,DEV134,debugging,TypeScript,1378
IDE09816,2026-08-08 02:20:00,DEV188,file_open,TypeScript,428
IDE02692,2026-08-08 02:22:00,DEV325,terminal,SQL,468
IDE02541,2026-08-08 02:23:00,DEV352,file_open,SQL,1752
IDE05090,2026-08-08 02:27:00,DEV380,coding,TypeScript,609
IDE05562,2026-08-08 02:27:00,DEV121,testing,TypeScript,1087
IDE04060,2026-08-08 02:28:00,DEV192,debugging,JavaScript,1516
IDE05425,2026-08-08 02:28:00,DEV483,terminal,TypeScript,1030
IDE09472,2026-08-08 02:29:00,DEV440,testing,JavaScript,929
IDE03340,2026-08-08 02:31:00,DEV071,terminal,Java,1559
IDE04420,2026-08-08 02:33:00,DEV478,coding,TypeScript,809
IDE09598,2026-08-08 02:33:00,DEV420,testing,Java,716
IDE05068,2026-08-08 02:34:00,DEV036,debugging,Python,1746
IDE06986,2026-08-08 02:34:00,DEV341,testing,TypeScript,1083
IDE02075,2026-08-08 02:36:00,DEV232,debugging,Java,1267
IDE08792,2026-08-08 02:39:00,DEV395,testing,SQL,725
IDE04040,2026-08-08 02:41:00,DEV455,file_open,SQL,539
IDE03643,2026-08-08 02:43:00,DEV074,idle,TypeScript,617
IDE06746,2026-08-08 02:44:00,DEV132,debugging,TypeScript,376
IDE07472,2026-08-08 02:44:00,DEV084,debugging,SQL,1524
IDE03387,2026-08-08 02:48:00,DEV406,terminal,Python,1335
IDE01475,2026-08-08 02:49:00,DEV393,coding,Python,807
IDE09823,2026-08-08 02:51:00,DEV204,testing,SQL,955
IDE01515,2026-08-08 02:55:00,DEV224,testing,SQL,1456
IDE06934,2026-08-08 02:56:00,DEV384,testing,Java,1631
IDE09603,2026-08-08 02:56:00,DEV066,coding,Python,1581
IDE02108,2026-08-08 02:58:00,DEV223,terminal,TypeScript,477
IDE03603,2026-08-08 03:03:00,DEV312,file_open,JavaScript,605
IDE04406,2026-08-08 03:05:00,DEV044,terminal,SQL,934
IDE02535,2026-08-08 03:06:00,DEV309,file_open,Python,1103
IDE06215,2026-08-08 03:09:00,DEV006,debugging,Java,1186
IDE04543,2026-08-08 03:14:00,DEV440,terminal,Java,558
IDE04775,2026-08-08 03:16:00,DEV245,terminal,Python,266
IDE06609,2026-08-08 03:16:00,DEV490,coding,Java,842
IDE04357,2026-08-08 03:17:00,DEV035,coding,Java,1691
IDE01573,2026-08-08 03:20:00,DEV001,testing,TypeScript,1278
IDE07844,2026-08-08 03:22:00,DEV299,file_open,Python,1391
IDE04446,2026-08-08 03:24:00,DEV094,debugging,JavaScript,1486
IDE04793,2026-08-08 03:26:00,DEV419,file_open,JavaScript,417
IDE07690,2026-08-08 03:28:00,DEV415,debugging,Python,398
IDE08166,2026-08-08 03:30:00,DEV222,testing,Python,811
IDE00946,2026-08-08 03:31:00,DEV098,coding,TypeScript,937
IDE08640,2026-08-08 03:35:00,DEV332,idle,SQL,847
IDE00840,2026-08-08 03:39:00,DEV388,idle,Python,783
IDE06597,2026-08-08 03:45:00,DEV431,terminal,SQL,298
IDE07520,2026-08-08 03:49:00,DEV153,terminal,JavaScript,1166
IDE09321,2026-08-08 03:53:00,DEV097,testing,TypeScript,354
IDE02265,2026-08-08 03:57:00,DEV451,idle,Java,489
IDE02543,2026-08-08 03:57:00,DEV364,file_open,TypeScript,841
IDE08675,2026-08-08 04:00:00,DEV449,coding,JavaScript,1347
IDE00475,2026-08-08 04:03:00,DEV423,file_open,TypeScript,894
IDE05190,2026-08-08 04:03:00,DEV256,file_open,JavaScript,1652
IDE09534,2026-08-08 04:11:00,DEV470,idle,TypeScript,518
IDE08615,2026-08-08 04:12:00,DEV202,testing,Python,954
IDE03172,2026-08-08 04:13:00,DEV087,debugging,Java,328
IDE05325,2026-08-08 04:13:00,DEV187,terminal,Python,1254
IDE07607,2026-08-08 04:13:00,DEV475,testing,SQL,978
IDE02887,2026-08-08 04:17:00,DEV049,terminal,Java,927
IDE03914,2026-08-08 04:18:00,DEV091,file_open,Java,993
IDE05848,2026-08-08 04:20:00,DEV193,idle,Java,884
IDE00316,2026-08-08 04:23:00,DEV414,coding,TypeScript,1530
IDE01481,2026-08-08 04:23:00,DEV043,file_open,JavaScript,84
IDE03921,2026-08-08 04:23:00,DEV204,debugging,TypeScript,794
IDE03708,2026-08-08 04:24:00,DEV291,terminal,Python,1577
IDE00764,2026-08-08 04:26:00,DEV448,debugging,TypeScript,1004
IDE00113,2026-08-08 04:31:00,DEV008,terminal,JavaScript,267
IDE02540,2026-08-08 04:31:00,DEV447,debugging,Java,475
IDE01119,2026-08-08 04:35:00,DEV367,idle,Java,1611
IDE03720,2026-08-08 04:35:00,DEV159,testing,TypeScript,62
IDE07185,2026-08-08 04:40:00,DEV409,testing,Java,638
IDE07096,2026-08-08 04:44:00,DEV347,testing,TypeScript,506
IDE03112,2026-08-08 04:47:00,DEV380,testing,JavaScript,60
IDE06847,2026-08-08 04:51:00,DEV409,idle,Java,942
IDE04160,2026-08-08 04:52:00,DEV387,idle,SQL,462
IDE04931,2026-08-08 04:52:00,DEV177,coding,SQL,348
IDE01029,2026-08-08 04:53:00,DEV273,testing,SQL,1216
IDE05395,2026-08-08 04:53:00,DEV105,coding,JavaScript,436
IDE02673,2026-08-08 04:55:00,DEV173,file_open,Python,511
IDE06716,2026-08-08 04:55:00,DEV140,coding,JavaScript,1278
IDE00776,2026-08-08 04:56:00,DEV219,debugging,SQL,831
IDE08209,2026-08-08 04:56:00,DEV431,testing,JavaScript,1093
IDE09111,2026-08-08 04:56:00,DEV254,debugging,SQL,670
IDE06593,2026-08-08 05:00:00,DEV083,terminal,JavaScript,827
IDE01671,2026-08-08 05:02:00,DEV252,idle,Java,776
IDE08573,2026-08-08 05:03:00,DEV008,terminal,JavaScript,670
IDE08101,2026-08-08 05:04:00,DEV037,terminal,Python,1543
IDE04555,2026-08-08 05:06:00,DEV349,debugging,Java,991
IDE08135,2026-08-08 05:08:00,DEV268,coding,SQL,82
IDE07529,2026-08-08 05:09:00,DEV326,file_open,SQL,870
IDE00536,2026-08-08 05:10:00,DEV257,testing,JavaScript,1280
IDE08607,2026-08-08 05:10:00,DEV483,coding,JavaScript,278
IDE03083,2026-08-08 05:13:00,DEV406,testing,SQL,1340
IDE04907,2026-08-08 05:13:00,DEV230,testing,SQL,650
IDE06832,2026-08-08 05:15:00,DEV140,coding,JavaScript,698
IDE08199,2026-08-08 05:16:00,DEV492,debugging,SQL,290
IDE00100,2026-08-08 05:17:00,DEV292,file_open,JavaScript,840
IDE02313,2026-08-08 05:17:00,DEV406,coding,TypeScript,772
IDE00720,2026-08-08 05:22:00,DEV452,file_open,Python,1407
IDE02022,2026-08-08 05:22:00,DEV382,coding,Java,1377
IDE06911,2026-08-08 05:22:00,DEV382,idle,SQL,428
IDE07311,2026-08-08 05:22:00,DEV215,terminal,Java,1221
IDE07992,2026-08-08 05:22:00,DEV080,testing,JavaScript,520
IDE04902,2026-08-08 05:24:00,DEV272,idle,JavaScript,880
IDE07800,2026-08-08 05:25:00,DEV424,terminal,Java,1314
IDE09436,2026-08-08 05:27:00,DEV431,idle,JavaScript,234
IDE04600,2026-08-08 05:29:00,DEV087,file_open,JavaScript,517
IDE09610,2026-08-08 05:30:00,DEV239,debugging,Java,1750
IDE01075,2026-08-08 05:31:00,DEV129,idle,Java,930
IDE00101,2026-08-08 05:32:00,DEV325,testing,Java,849
IDE09546,2026-08-08 05:32:00,DEV395,testing,TypeScript,569
IDE01676,2026-08-08 05:33:00,DEV366,testing,JavaScript,1759
IDE00265,2026-08-08 05:34:00,DEV435,coding,TypeScript,1156
IDE07646,2026-08-08 05:34:00,DEV189,coding,Python,575
IDE04344,2026-08-08 05:36:00,DEV421,idle,Python,733
IDE04429,2026-08-08 05:36:00,DEV225,terminal,Python,284
IDE08375,2026-08-08 05:38:00,DEV472,debugging,TypeScript,1431
IDE00600,2026-08-08 05:40:00,DEV021,debugging,Python,672
IDE01400,2026-08-08 05:42:00,DEV284,file_open,TypeScript,1549
IDE09152,2026-08-08 05:46:00,DEV286,terminal,TypeScript,1654
IDE06937,2026-08-08 05:47:00,DEV378,idle,Python,630
IDE07577,2026-08-08 05:48:00,DEV352,file_open,Java,1715
IDE07430,2026-08-08 05:52:00,DEV238,idle,Python,1071
IDE02681,2026-08-08 05:53:00,DEV076,testing,Python,1313
IDE00664,2026-08-08 05:54:00,DEV159,file_open,Java,1001
IDE00477,2026-08-08 05:56:00,DEV330,coding,Java,1005
IDE01491,2026-08-08 05:58:00,DEV315,coding,SQL,1598
IDE06720,2026-08-08 05:58:00,DEV487,file_open,Python,1001
IDE09318,2026-08-08 06:01:00,DEV394,file_open,JavaScript,1794
IDE01316,2026-08-08 06:02:00,DEV161,idle,Python,397
IDE06470,2026-08-08 06:03:00,DEV084,idle,Python,614
IDE02641,2026-08-08 06:04:00,DEV454,coding,TypeScript,1779
IDE05484,2026-08-08 06:06:00,DEV447,debugging,SQL,866
IDE06002,2026-08-08 06:07:00,DEV481,debugging,Java,194
IDE02590,2026-08-08 06:08:00,DEV129,terminal,Python,43
IDE03074,2026-08-08 06:11:00,DEV426,idle,JavaScript,735
IDE01127,2026-08-08 06:16:00,DEV467,terminal,TypeScript,1788
IDE04295,2026-08-08 06:16:00,DEV177,terminal,JavaScript,960
IDE03413,2026-08-08 06:18:00,DEV107,debugging,Java,1198
IDE06012,2026-08-08 06:20:00,DEV433,debugging,TypeScript,1473
IDE00181,2026-08-08 06:22:00,DEV024,terminal,Java,1557
IDE08181,2026-08-08 06:27:00,DEV309,testing,Java,1360
IDE07830,2026-08-08 06:29:00,DEV461,idle,Java,99
IDE07086,2026-08-08 06:30:00,DEV194,idle,Java,492
IDE06416,2026-08-08 06:32:00,DEV467,idle,JavaScript,269
IDE04742,2026-08-08 06:34:00,DEV377,file_open,Python,1604
IDE09210,2026-08-08 06:36:00,DEV155,file_open,Java,1800
IDE03278,2026-08-08 06:38:00,DEV272,testing,Python,770
IDE03553,2026-08-08 06:39:00,DEV430,file_open,JavaScript,1336
IDE07030,2026-08-08 06:41:00,DEV371,testing,Java,1774
IDE02933,2026-08-08 06:45:00,DEV147,testing,Python,1761
IDE06622,2026-08-08 06:45:00,DEV163,file_open,Java,1643
IDE04066,2026-08-08 06:46:00,DEV300,file_open,TypeScript,247
IDE06517,2026-08-08 06:47:00,DEV496,testing,SQL,600
IDE01942,2026-08-08 06:50:00,DEV443,coding,JavaScript,1465
IDE06379,2026-08-08 06:51:00,DEV142,idle,TypeScript,1730
IDE05390,2026-08-08 06:52:00,DEV329,testing,SQL,1668
IDE05474,2026-08-08 06:53:00,DEV322,terminal,Python,107
IDE02039,2026-08-08 07:00:00,DEV409,file_open,JavaScript,176
IDE09328,2026-08-08 07:01:00,DEV304,terminal,SQL,1402
IDE05487,2026-08-08 07:02:00,DEV480,debugging,Python,159
IDE09263,2026-08-08 07:03:00,DEV434,debugging,TypeScript,1685
IDE05208,2026-08-08 07:05:00,DEV102,testing,Java,572
IDE01036,2026-08-08 07:07:00,DEV300,coding,JavaScript,340
IDE01517,2026-08-08 07:09:00,DEV128,coding,SQL,1269
IDE07930,2026-08-08 07:09:00,DEV345,idle,Java,292
IDE08191,2026-08-08 07:12:00,DEV115,file_open,JavaScript,1153
IDE04948,2026-08-08 07:14:00,DEV001,terminal,JavaScript,1169
IDE02275,2026-08-08 07:15:00,DEV228,coding,SQL,845
IDE04364,2026-08-08 07:15:00,DEV469,debugging,Java,1166
IDE07057,2026-08-08 07:16:00,DEV315,file_open,TypeScript,895
IDE01110,2026-08-08 07:17:00,DEV014,testing,Java,1502
IDE01520,2026-08-08 07:21:00,DEV154,coding,JavaScript,940
IDE03503,2026-08-08 07:21:00,DEV485,testing,Python,664
IDE06423,2026-08-08 07:25:00,DEV291,testing,JavaScript,669
IDE04943,2026-08-08 07:27:00,DEV382,idle,JavaScript,586
IDE01082,2026-08-08 07:33:00,DEV361,terminal,SQL,1413
IDE06928,2026-08-08 07:33:00,DEV023,debugging,JavaScript,1038
IDE03884,2026-08-08 07:35:00,DEV190,idle,Python,935
IDE08097,2026-08-08 07:35:00,DEV241,testing,JavaScript,1657
IDE08643,2026-08-08 07:36:00,DEV481,testing,Java,1737
IDE02818,2026-08-08 07:37:00,DEV432,testing,Python,479
IDE08746,2026-08-08 07:37:00,DEV032,file_open,SQL,1226
IDE05236,2026-08-08 07:39:00,DEV408,debugging,Python,1795
IDE08823,2026-08-08 07:39:00,DEV139,idle,JavaScript,848
IDE06561,2026-08-08 07:41:00,DEV142,file_open,JavaScript,1307
IDE00251,2026-08-08 07:43:00,DEV374,file_open,SQL,1574
IDE03676,2026-08-08 07:46:00,DEV182,debugging,Java,464
IDE05094,2026-08-08 07:48:00,DEV059,idle,Java,1584
IDE00459,2026-08-08 07:49:00,DEV203,coding,Java,1517
IDE08825,2026-08-08 07:54:00,DEV470,debugging,Python,1701
IDE02499,2026-08-08 07:55:00,DEV142,debugging,JavaScript,115
IDE01502,2026-08-08 07:56:00,DEV007,testing,JavaScript,1387
IDE06536,2026-08-08 07:57:00,DEV451,terminal,Java,1100
IDE09460,2026-08-08 07:59:00,DEV354,testing,SQL,805
IDE09491,2026-08-08 08:00:00,DEV219,coding,Java,1227
IDE09698,2026-08-08 08:00:00,DEV108,coding,TypeScript,1746
IDE09706,2026-08-08 08:02:00,DEV378,idle,Python,344
IDE03270,2026-08-08 08:04:00,DEV465,testing,Java,30
IDE05989,2026-08-08 08:05:00,DEV392,terminal,SQL,1367
IDE08182,2026-08-08 08:06:00,DEV441,debugging,SQL,833
IDE06940,2026-08-08 08:07:00,DEV399,idle,Python,1463
IDE08238,2026-08-08 08:07:00,DEV027,terminal,TypeScript,1795
IDE01113,2026-08-08 08:09:00,DEV388,testing,Java,417
IDE02658,2026-08-08 08:10:00,DEV416,coding,JavaScript,1211
IDE09874,2026-08-08 08:10:00,DEV409,idle,Java,1696
IDE00060,2026-08-08 08:11:00,DEV017,file_open,Java,1467
IDE06021,2026-08-08 08:11:00,DEV279,testing,Python,1584
IDE07617,2026-08-08 08:13:00,DEV391,testing,TypeScript,1554
IDE00583,2026-08-08 08:14:00,DEV122,terminal,JavaScript,349
IDE02500,2026-08-08 08:15:00,DEV379,coding,Python,1059
IDE00365,2026-08-08 08:17:00,DEV310,file_open,JavaScript,1520
IDE09428,2026-08-08 08:20:00,DEV024,coding,Python,759
IDE07349,2026-08-08 08:24:00,DEV142,coding,TypeScript,980
IDE08890,2026-08-08 08:26:00,DEV377,idle,TypeScript,1706
IDE01611,2026-08-08 08:29:00,DEV299,debugging,Java,592
IDE07866,2026-08-08 08:29:00,DEV006,coding,JavaScript,80
IDE07873,2026-08-08 08:30:00,DEV136,file_open,JavaScript,933
IDE07831,2026-08-08 08:32:00,DEV201,coding,Python,1557
IDE01638,2026-08-08 08:33:00,DEV012,file_open,Java,1713
IDE03060,2026-08-08 08:36:00,DEV061,debugging,TypeScript,1004
IDE03926,2026-08-08 08:37:00,DEV181,coding,JavaScript,794
IDE02478,2026-08-08 08:39:00,DEV387,testing,Java,686
IDE03072,2026-08-08 08:39:00,DEV145,terminal,JavaScript,278
IDE09585,2026-08-08 08:40:00,DEV025,coding,Java,460
IDE00324,2026-08-08 08:41:00,DEV456,file_open,SQL,353
IDE01482,2026-08-08 08:41:00,DEV414,idle,Java,1445
IDE06510,2026-08-08 08:44:00,DEV280,debugging,SQL,1714
IDE08468,2026-08-08 08:44:00,DEV313,terminal,JavaScript,736
IDE01103,2026-08-08 08:45:00,DEV386,file_open,TypeScript,480
IDE01875,2026-08-08 08:48:00,DEV394,terminal,Java,1115
IDE03099,2026-08-08 08:49:00,DEV379,debugging,Java,1731
IDE04661,2026-08-08 08:52:00,DEV002,testing,Python,1226
IDE09058,2026-08-08 08:58:00,DEV441,testing,SQL,332
IDE06576,2026-08-08 09:02:00,DEV172,testing,SQL,1198
IDE04771,2026-08-08 09:03:00,DEV247,testing,TypeScript,613
IDE05060,2026-08-08 09:04:00,DEV127,idle,JavaScript,783
IDE02060,2026-08-08 09:05:00,DEV143,testing,Java,259
IDE07106,2026-08-08 09:09:00,DEV323,testing,Python,801
IDE06951,2026-08-08 09:10:00,DEV230,debugging,Python,1001
IDE01985,2026-08-08 09:14:00,DEV403,terminal,Java,1452
IDE05931,2026-08-08 09:14:00,DEV483,testing,TypeScript,855
IDE00045,2026-08-08 09:16:00,DEV207,debugging,TypeScript,1694
IDE03904,2026-08-08 09:21:00,DEV320,testing,SQL,559
IDE07175,2026-08-08 09:22:00,DEV365,coding,JavaScript,855
IDE03341,2026-08-08 09:30:00,DEV255,testing,Java,606
IDE06290,2026-08-08 09:30:00,DEV126,terminal,JavaScript,33
IDE01208,2026-08-08 09:34:00,DEV140,terminal,Java,890
IDE01988,2026-08-08 09:37:00,DEV042,terminal,SQL,1533
IDE02176,2026-08-08 09:39:00,DEV020,coding,JavaScript,373
IDE06694,2026-08-08 09:39:00,DEV318,terminal,JavaScript,1017
IDE06140,2026-08-08 09:44:00,DEV113,debugging,Java,1541
IDE09017,2026-08-08 09:50:00,DEV179,coding,Python,1421
IDE01467,2026-08-08 09:54:00,DEV035,testing,Java,484
IDE02019,2026-08-08 09:54:00,DEV263,file_open,Java,1319
IDE00259,2026-08-08 09:55:00,DEV424,coding,Python,93
IDE04702,2026-08-08 09:55:00,DEV188,terminal,Python,848
IDE00893,2026-08-08 09:57:00,DEV446,idle,SQL,910
IDE04205,2026-08-08 09:58:00,DEV466,testing,SQL,339
IDE07616,2026-08-08 09:58:00,DEV237,file_open,JavaScript,1179
IDE06659,2026-08-08 10:02:00,DEV240,file_open,TypeScript,791
IDE09542,2026-08-08 10:02:00,DEV489,debugging,TypeScript,1172
IDE02391,2026-08-08 10:03:00,DEV054,coding,Java,570
IDE09861,2026-08-08 10:05:00,DEV220,file_open,TypeScript,1745
IDE04832,2026-08-08 10:06:00,DEV223,debugging,Python,1247
IDE08655,2026-08-08 10:06:00,DEV075,file_open,Java,157
IDE04974,2026-08-08 10:07:00,DEV311,testing,JavaScript,1476
IDE09378,2026-08-08 10:07:00,DEV396,debugging,TypeScript,1199
IDE05014,2026-08-08 10:08:00,DEV189,debugging,SQL,1773
IDE06051,2026-08-08 10:08:00,DEV016,file_open,Java,314
IDE06003,2026-08-08 10:09:00,DEV116,file_open,Python,963
IDE08043,2026-08-08 10:10:00,DEV177,idle,Java,1023
IDE08817,2026-08-08 10:10:00,DEV140,testing,Java,1601
IDE04375,2026-08-08 10:11:00,DEV246,coding,JavaScript,370
IDE00932,2026-08-08 10:13:00,DEV181,file_open,Java,769
IDE03432,2026-08-08 10:18:00,DEV389,terminal,TypeScript,729
IDE01697,2026-08-08 10:19:00,DEV463,file_open,TypeScript,903
IDE04659,2026-08-08 10:19:00,DEV093,terminal,SQL,1574
IDE05785,2026-08-08 10:19:00,DEV065,file_open,SQL,1095
IDE03130,2026-08-08 10:22:00,DEV438,debugging,Java,884
IDE07737,2026-08-08 10:22:00,DEV046,debugging,Java,1758
IDE05302,2026-08-08 10:24:00,DEV332,testing,Java,46
IDE07859,2026-08-08 10:26:00,DEV475,file_open,TypeScript,176
IDE08727,2026-08-08 10:27:00,DEV226,coding,JavaScript,259
IDE00121,2026-08-08 10:29:00,DEV062,testing,Python,330
IDE01866,2026-08-08 10:29:00,DEV279,terminal,Python,265
IDE02004,2026-08-08 10:29:00,DEV206,file_open,JavaScript,745
IDE07427,2026-08-08 10:32:00,DEV021,file_open,Java,411
IDE04940,2026-08-08 10:35:00,DEV079,testing,SQL,1174
IDE05132,2026-08-08 10:36:00,DEV091,idle,Python,578
IDE06726,2026-08-08 10:36:00,DEV475,testing,TypeScript,527
IDE08966,2026-08-08 10:36:00,DEV261,file_open,JavaScript,410
IDE09734,2026-08-08 10:36:00,DEV220,coding,Java,102
IDE08351,2026-08-08 10:37:00,DEV349,idle,Java,643
IDE08649,2026-08-08 10:42:00,DEV102,idle,Java,265
IDE06938,2026-08-08 10:46:00,DEV314,terminal,TypeScript,75
IDE09082,2026-08-08 10:51:00,DEV412,coding,SQL,741
IDE02279,2026-08-08 10:52:00,DEV278,coding,SQL,1587
IDE03391,2026-08-08 10:52:00,DEV466,coding,Java,1291
IDE06675,2026-08-08 10:52:00,DEV372,testing,JavaScript,63
IDE02052,2026-08-08 10:55:00,DEV219,terminal,Java,944
IDE00762,2026-08-08 11:01:00,DEV082,idle,Python,787
IDE01992,2026-08-08 11:02:00,DEV353,testing,SQL,583
IDE04394,2026-08-08 11:02:00,DEV133,coding,Python,1141
IDE03047,2026-08-08 11:03:00,DEV257,coding,TypeScript,1161
IDE08590,2026-08-08 11:04:00,DEV289,idle,JavaScript,1397
IDE06301,2026-08-08 11:08:00,DEV291,debugging,SQL,1031
IDE03916,2026-08-08 11:09:00,DEV198,idle,SQL,145
IDE09445,2026-08-08 11:10:00,DEV064,file_open,Python,485
IDE01292,2026-08-08 11:14:00,DEV434,idle,TypeScript,1553
IDE09154,2026-08-08 11:14:00,DEV136,coding,Java,51
IDE09233,2026-08-08 11:15:00,DEV037,idle,SQL,674
IDE05619,2026-08-08 11:18:00,DEV246,debugging,SQL,1151
IDE04620,2026-08-08 11:20:00,DEV209,coding,Python,416
IDE08005,2026-08-08 11:23:00,DEV081,testing,JavaScript,1175
IDE01821,2026-08-08 11:28:00,DEV317,terminal,SQL,1662
IDE05643,2026-08-08 11:28:00,DEV146,terminal,Java,1129
IDE09535,2026-08-08 11:28:00,DEV287,idle,SQL,1271
IDE08461,2026-08-08 11:29:00,DEV303,terminal,Java,1240
IDE08046,2026-08-08 11:33:00,DEV244,testing,TypeScript,1797
IDE09749,2026-08-08 11:33:00,DEV369,testing,Java,1741
IDE01501,2026-08-08 11:37:00,DEV094,terminal,SQL,305
IDE01378,2026-08-08 11:40:00,DEV048,coding,JavaScript,1172
IDE07399,2026-08-08 11:48:00,DEV307,idle,Python,1405
IDE07193,2026-08-08 11:54:00,DEV317,coding,TypeScript,917
IDE00134,2026-08-08 11:55:00,DEV074,file_open,TypeScript,1521
IDE04155,2026-08-08 11:55:00,DEV338,terminal,Java,1375
IDE01302,2026-08-08 11:58:00,DEV407,testing,TypeScript,793
IDE06955,2026-08-08 12:00:00,DEV042,idle,TypeScript,1517
IDE04722,2026-08-08 12:02:00,DEV129,testing,Java,852
IDE06211,2026-08-08 12:03:00,DEV366,file_open,JavaScript,1235
IDE01847,2026-08-08 12:07:00,DEV319,terminal,JavaScript,983
IDE05280,2026-08-08 12:09:00,DEV233,debugging,Java,169
IDE07772,2026-08-08 12:09:00,DEV411,file_open,TypeScript,1035
IDE06696,2026-08-08 12:13:00,DEV484,file_open,JavaScript,85
IDE00606,2026-08-08 12:20:00,DEV020,idle,SQL,291
IDE01443,2026-08-08 12:22:00,DEV462,terminal,TypeScript,1134
IDE06007,2026-08-08 12:25:00,DEV433,debugging,Python,1369
IDE06851,2026-08-08 12:26:00,DEV421,idle,JavaScript,1754
IDE04961,2026-08-08 12:30:00,DEV312,debugging,TypeScript,36
IDE06294,2026-08-08 12:32:00,DEV089,debugging,JavaScript,1477
IDE05341,2026-08-08 12:35:00,DEV068,file_open,TypeScript,927
IDE09454,2026-08-08 12:36:00,DEV239,testing,JavaScript,1454
IDE03784,2026-08-08 12:38:00,DEV066,debugging,Python,299
IDE07105,2026-08-08 12:39:00,DEV082,coding,Python,512
IDE02378,2026-08-08 12:40:00,DEV190,idle,Java,1224
IDE01369,2026-08-08 12:42:00,DEV443,debugging,JavaScript,1419
IDE03633,2026-08-08 12:42:00,DEV004,idle,SQL,202
IDE07132,2026-08-08 12:42:00,DEV084,idle,Python,731
IDE07943,2026-08-08 12:43:00,DEV436,file_open,JavaScript,1362
IDE04707,2026-08-08 12:44:00,DEV223,coding,JavaScript,441
IDE01541,2026-08-08 12:45:00,DEV334,coding,Python,1167
IDE06644,2026-08-08 12:45:00,DEV463,debugging,JavaScript,66
IDE09327,2026-08-08 12:47:00,DEV142,file_open,JavaScript,631
IDE00797,2026-08-08 12:56:00,DEV487,idle,JavaScript,1618
IDE02776,2026-08-08 12:58:00,DEV227,terminal,Java,1347
IDE05903,2026-08-08 13:00:00,DEV080,debugging,Java,1434
IDE05267,2026-08-08 13:07:00,DEV406,file_open,TypeScript,1317
IDE01614,2026-08-08 13:13:00,DEV433,file_open,Java,1267
IDE07806,2026-08-08 13:16:00,DEV139,debugging,Java,195
IDE09854,2026-08-08 13:16:00,DEV018,terminal,JavaScript,32
IDE04444,2026-08-08 13:17:00,DEV482,coding,Java,261
IDE07122,2026-08-08 13:17:00,DEV381,terminal,Java,1360
IDE08466,2026-08-08 13:18:00,DEV414,debugging,TypeScript,1721
IDE05201,2026-08-08 13:19:00,DEV103,coding,TypeScript,1578
IDE08508,2026-08-08 13:20:00,DEV089,testing,JavaScript,471
IDE03309,2026-08-08 13:25:00,DEV453,coding,Python,1379
IDE03853,2026-08-08 13:25:00,DEV210,idle,TypeScript,432
IDE02097,2026-08-08 13:29:00,DEV059,debugging,Python,341
IDE04932,2026-08-08 13:30:00,DEV228,debugging,SQL,1000
IDE09081,2026-08-08 13:32:00,DEV348,idle,Python,369
IDE04237,2026-08-08 13:39:00,DEV410,terminal,JavaScript,903
IDE01421,2026-08-08 13:44:00,DEV392,idle,Python,712
IDE02567,2026-08-08 13:51:00,DEV032,idle,SQL,533
IDE07300,2026-08-08 13:51:00,DEV279,idle,SQL,1327
IDE07950,2026-08-08 13:51:00,DEV159,terminal,Java,393
IDE08542,2026-08-08 13:53:00,DEV488,debugging,Python,347
IDE03815,2026-08-08 13:58:00,DEV229,terminal,SQL,487
IDE05435,2026-08-08 13:58:00,DEV274,testing,SQL,1229
IDE00441,2026-08-08 13:59:00,DEV345,terminal,Java,743
IDE00831,2026-08-08 14:02:00,DEV482,coding,TypeScript,215
IDE07084,2026-08-08 14:02:00,DEV394,file_open,Python,720
IDE04110,2026-08-08 14:04:00,DEV277,testing,TypeScript,1370
IDE00958,2026-08-08 14:06:00,DEV005,file_open,JavaScript,33
IDE08554,2026-08-08 14:12:00,DEV343,idle,Java,195
IDE08210,2026-08-08 14:14:00,DEV049,terminal,JavaScript,1150
IDE05868,2026-08-08 14:17:00,DEV085,testing,TypeScript,1057
IDE00233,2026-08-08 14:22:00,DEV456,coding,TypeScript,147
IDE02687,2026-08-08 14:23:00,DEV371,idle,JavaScript,1728
IDE09926,2026-08-08 14:26:00,DEV080,idle,TypeScript,1549
IDE06756,2026-08-08 14:28:00,DEV258,coding,Python,981
IDE04886,2026-08-08 14:32:00,DEV214,debugging,Java,659
IDE05258,2026-08-08 14:35:00,DEV069,terminal,Python,1559
IDE01781,2026-08-08 14:36:00,DEV283,idle,Java,797
IDE03111,2026-08-08 14:36:00,DEV189,file_open,Python,1413
IDE09397,2026-08-08 14:36:00,DEV126,debugging,Python,809
IDE06802,2026-08-08 14:37:00,DEV413,file_open,SQL,875
IDE03918,2026-08-08 14:38:00,DEV269,terminal,Python,430
IDE04559,2026-08-08 14:40:00,DEV227,terminal,TypeScript,556
IDE08797,2026-08-08 14:40:00,DEV447,debugging,Python,383
IDE01101,2026-08-08 14:42:00,DEV253,testing,JavaScript,1093
IDE04303,2026-08-08 14:45:00,DEV249,file_open,TypeScript,936
IDE06363,2026-08-08 14:49:00,DEV371,terminal,SQL,1417
IDE00685,2026-08-08 14:50:00,DEV320,terminal,SQL,107
IDE04257,2026-08-08 14:52:00,DEV345,coding,Python,683
IDE03261,2026-08-08 14:54:00,DEV382,idle,Java,376
IDE00473,2026-08-08 15:00:00,DEV124,testing,Java,1448
IDE02583,2026-08-08 15:02:00,DEV023,file_open,TypeScript,320
IDE02781,2026-08-08 15:06:00,DEV500,file_open,Java,164
IDE05897,2026-08-08 15:13:00,DEV213,terminal,TypeScript,951
IDE03750,2026-08-08 15:15:00,DEV386,terminal,Java,44
IDE08896,2026-08-08 15:15:00,DEV348,file_open,JavaScript,1762
IDE03390,2026-08-08 15:19:00,DEV384,idle,SQL,200
IDE06954,2026-08-08 15:25:00,DEV051,testing,Java,1270
IDE05141,2026-08-08 15:31:00,DEV179,debugging,Python,296
IDE05197,2026-08-08 15:31:00,DEV022,idle,Java,587
IDE09461,2026-08-08 15:31:00,DEV224,terminal,JavaScript,1150
IDE08617,2026-08-08 15:32:00,DEV207,terminal,JavaScript,224
IDE09556,2026-08-08 15:33:00,DEV286,debugging,Python,553
IDE06893,2026-08-08 15:35:00,DEV398,file_open,JavaScript,1025
IDE09527,2026-08-08 15:35:00,DEV281,idle,TypeScript,288
IDE00864,2026-08-08 15:36:00,DEV354,testing,TypeScript,422
IDE00415,2026-08-08 15:37:00,DEV468,debugging,Java,512
IDE09052,2026-08-08 15:38:00,DEV206,coding,SQL,168
IDE02532,2026-08-08 15:39:00,DEV392,terminal,TypeScript,1357
IDE08295,2026-08-08 15:39:00,DEV222,terminal,TypeScript,112
IDE05991,2026-08-08 15:43:00,DEV057,terminal,Python,927
IDE01939,2026-08-08 15:44:00,DEV036,testing,JavaScript,978
IDE05443,2026-08-08 15:44:00,DEV122,coding,Java,1689
IDE03507,2026-08-08 15:45:00,DEV049,idle,JavaScript,887
IDE07500,2026-08-08 15:45:00,DEV180,debugging,SQL,1688
IDE01909,2026-08-08 15:46:00,DEV408,terminal,Java,947
IDE06607,2026-08-08 15:48:00,DEV235,idle,Python,1240
IDE09533,2026-08-08 15:50:00,DEV435,debugging,Python,773
IDE02388,2026-08-08 15:52:00,DEV101,debugging,TypeScript,302
IDE05227,2026-08-08 15:52:00,DEV252,coding,JavaScript,1039
IDE00992,2026-08-08 15:59:00,DEV401,debugging,Python,1110
IDE08379,2026-08-08 16:01:00,DEV115,debugging,Java,1363
IDE04031,2026-08-08 16:03:00,DEV017,idle,SQL,399
IDE07568,2026-08-08 16:05:00,DEV448,debugging,SQL,1783
IDE00632,2026-08-08 16:09:00,DEV267,idle,Python,1005
IDE04952,2026-08-08 16:10:00,DEV184,coding,Python,1695
IDE03161,2026-08-08 16:11:00,DEV068,terminal,JavaScript,654
IDE03541,2026-08-08 16:11:00,DEV183,terminal,Java,1495
IDE02178,2026-08-08 16:12:00,DEV026,debugging,TypeScript,49
IDE05202,2026-08-08 16:14:00,DEV402,testing,SQL,1085
IDE06710,2026-08-08 16:16:00,DEV125,idle,SQL,1529
IDE05318,2026-08-08 16:20:00,DEV099,debugging,Java,1093
IDE05853,2026-08-08 16:30:00,DEV487,terminal,TypeScript,1023
IDE05780,2026-08-08 16:38:00,DEV268,debugging,SQL,1591
IDE01667,2026-08-08 16:39:00,DEV160,idle,TypeScript,654
IDE00460,2026-08-08 16:43:00,DEV369,idle,Python,1457
IDE00582,2026-08-08 16:44:00,DEV374,coding,Python,1662
IDE07126,2026-08-08 16:46:00,DEV107,debugging,Python,49
IDE03320,2026-08-08 16:50:00,DEV372,testing,Java,188
IDE08451,2026-08-08 16:52:00,DEV296,testing,SQL,356
IDE00998,2026-08-08 16:55:00,DEV443,debugging,Python,314
IDE07152,2026-08-08 16:55:00,DEV064,testing,SQL,1774
IDE08279,2026-08-08 16:55:00,DEV394,file_open,JavaScript,589
IDE04404,2026-08-08 16:56:00,DEV425,terminal,JavaScript,1166
IDE08055,2026-08-08 16:56:00,DEV178,testing,Python,1691
IDE09540,2026-08-08 16:58:00,DEV387,testing,Java,71
IDE07117,2026-08-08 17:00:00,DEV115,idle,Java,775
IDE08505,2026-08-08 17:00:00,DEV227,idle,Python,298
IDE03248,2026-08-08 17:01:00,DEV003,idle,Java,1378
IDE00687,2026-08-08 17:02:00,DEV119,testing,Python,1561
IDE00514,2026-08-08 17:03:00,DEV378,file_open,SQL,1760
IDE04323,2026-08-08 17:13:00,DEV446,terminal,Java,1154
IDE04878,2026-08-08 17:13:00,DEV486,idle,Java,1513
IDE02131,2026-08-08 17:17:00,DEV286,terminal,TypeScript,1136
IDE08685,2026-08-08 17:17:00,DEV027,debugging,TypeScript,1480
IDE08741,2026-08-08 17:19:00,DEV202,file_open,SQL,364
IDE04052,2026-08-08 17:20:00,DEV445,idle,Java,1670
IDE02066,2026-08-08 17:23:00,DEV486,file_open,JavaScript,205
IDE05376,2026-08-08 17:28:00,DEV200,testing,Java,553
IDE03142,2026-08-08 17:31:00,DEV446,debugging,Python,1685
IDE00248,2026-08-08 17:34:00,DEV320,coding,Python,588
IDE09456,2026-08-08 17:35:00,DEV428,testing,Python,1470
IDE06524,2026-08-08 17:37:00,DEV118,terminal,JavaScript,495
IDE06605,2026-08-08 17:40:00,DEV344,debugging,JavaScript,613
IDE06050,2026-08-08 17:41:00,DEV219,testing,TypeScript,1258
IDE00224,2026-08-08 17:43:00,DEV280,coding,TypeScript,1093
IDE03739,2026-08-08 17:49:00,DEV275,debugging,SQL,1678
IDE02293,2026-08-08 17:50:00,DEV237,coding,Java,1028
IDE04820,2026-08-08 17:50:00,DEV353,testing,SQL,628
IDE06983,2026-08-08 17:50:00,DEV094,terminal,JavaScript,134
IDE04630,2026-08-08 17:52:00,DEV228,terminal,SQL,1527
IDE01956,2026-08-08 17:55:00,DEV114,file_open,Python,1746
IDE05177,2026-08-08 17:55:00,DEV400,debugging,Java,1301
IDE05222,2026-08-08 17:57:00,DEV494,coding,JavaScript,1134
IDE09268,2026-08-08 17:57:00,DEV005,file_open,TypeScript,1145
IDE00845,2026-08-08 18:01:00,DEV434,coding,TypeScript,540
IDE08960,2026-08-08 18:04:00,DEV434,terminal,Python,1057
IDE03266,2026-08-08 18:11:00,DEV448,testing,TypeScript,541
IDE02436,2026-08-08 18:13:00,DEV253,terminal,Python,424
IDE06992,2026-08-08 18:13:00,DEV003,coding,Java,700
IDE02965,2026-08-08 18:14:00,DEV076,debugging,JavaScript,917
IDE05604,2026-08-08 18:14:00,DEV384,coding,SQL,1473
IDE08373,2026-08-08 18:14:00,DEV285,testing,SQL,1550
IDE05413,2026-08-08 18:20:00,DEV363,testing,Java,1134
IDE07212,2026-08-08 18:20:00,DEV116,terminal,JavaScript,1604
IDE05879,2026-08-08 18:21:00,DEV040,debugging,JavaScript,1237
IDE08807,2026-08-08 18:22:00,DEV340,coding,TypeScript,129
IDE05015,2026-08-08 18:25:00,DEV080,coding,JavaScript,252
IDE05022,2026-08-08 18:25:00,DEV391,idle,Java,708
IDE06260,2026-08-08 18:25:00,DEV215,debugging,SQL,487
IDE03818,2026-08-08 18:26:00,DEV384,idle,Python,1745
IDE05317,2026-08-08 18:26:00,DEV405,terminal,SQL,445
IDE05434,2026-08-08 18:28:00,DEV339,testing,Java,1604
IDE04163,2026-08-08 18:29:00,DEV269,debugging,SQL,884
IDE00801,2026-08-08 18:30:00,DEV301,terminal,Python,180
IDE06919,2026-08-08 18:31:00,DEV100,debugging,Java,176
IDE03262,2026-08-08 18:32:00,DEV254,coding,Python,1649
IDE07038,2026-08-08 18:32:00,DEV307,coding,Java,1686
IDE07299,2026-08-08 18:32:00,DEV060,terminal,SQL,1397
IDE02536,2026-08-08 18:35:00,DEV474,terminal,Python,1428
IDE00307,2026-08-08 18:37:00,DEV289,terminal,JavaScript,1122
IDE01878,2026-08-08 18:39:00,DEV174,debugging,Java,655
IDE06514,2026-08-08 18:42:00,DEV005,coding,TypeScript,356
IDE03570,2026-08-08 18:46:00,DEV338,terminal,TypeScript,1460
IDE05145,2026-08-08 18:48:00,DEV231,coding,Python,668
IDE08864,2026-08-08 18:49:00,DEV053,debugging,JavaScript,560
IDE04054,2026-08-08 18:51:00,DEV335,debugging,JavaScript,922
IDE08416,2026-08-08 18:52:00,DEV483,terminal,TypeScript,1352
IDE00249,2026-08-08 18:55:00,DEV456,testing,Java,458
IDE05032,2026-08-08 19:00:00,DEV087,testing,JavaScript,1006
IDE02002,2026-08-08 19:10:00,DEV201,idle,Python,843
IDE09444,2026-08-08 19:11:00,DEV219,coding,Python,429
IDE00089,2026-08-08 19:14:00,DEV240,idle,Java,1130
IDE02691,2026-08-08 19:15:00,DEV500,testing,SQL,1318
IDE07219,2026-08-08 19:17:00,DEV120,coding,Python,1049
IDE06787,2026-08-08 19:18:00,DEV166,coding,SQL,1299
IDE00452,2026-08-08 19:19:00,DEV234,coding,Python,978
IDE07638,2026-08-08 19:19:00,DEV350,debugging,Python,266
IDE07960,2026-08-08 19:19:00,DEV439,testing,Python,446
IDE05537,2026-08-08 19:21:00,DEV264,file_open,SQL,735
IDE06846,2026-08-08 19:21:00,DEV105,coding,Java,1199
IDE04203,2026-08-08 19:24:00,DEV249,file_open,Java,1689
IDE09008,2026-08-08 19:27:00,DEV488,idle,SQL,1653
IDE07182,2026-08-08 19:28:00,DEV298,coding,SQL,822
IDE06509,2026-08-08 19:30:00,DEV040,terminal,Python,1785
IDE02396,2026-08-08 19:31:00,DEV004,file_open,TypeScript,448
IDE09411,2026-08-08 19:34:00,DEV124,terminal,TypeScript,1313
IDE02854,2026-08-08 19:36:00,DEV248,terminal,JavaScript,1651
IDE06854,2026-08-08 19:36:00,DEV418,testing,SQL,249
IDE05507,2026-08-08 19:38:00,DEV433,coding,Java,168
IDE03116,2026-08-08 19:40:00,DEV159,coding,SQL,517
IDE08722,2026-08-08 19:40:00,DEV196,coding,JavaScript,1148
IDE04091,2026-08-08 19:42:00,DEV237,file_open,Python,1317
IDE08075,2026-08-08 19:42:00,DEV440,terminal,TypeScript,909
IDE00916,2026-08-08 19:43:00,DEV455,terminal,SQL,1047
IDE02139,2026-08-08 19:45:00,DEV232,terminal,Java,83
IDE00935,2026-08-08 19:47:00,DEV255,testing,SQL,866
IDE03519,2026-08-08 19:47:00,DEV288,testing,Java,1046
IDE00861,2026-08-08 19:48:00,DEV172,debugging,JavaScript,244
IDE08773,2026-08-08 19:52:00,DEV361,file_open,Java,1628
IDE07714,2026-08-08 19:54:00,DEV381,idle,SQL,157
IDE05603,2026-08-08 19:56:00,DEV316,testing,SQL,256
IDE00308,2026-08-08 19:57:00,DEV343,coding,TypeScript,177
IDE02807,2026-08-08 20:05:00,DEV251,idle,JavaScript,1718
IDE06957,2026-08-08 20:09:00,DEV345,debugging,Python,1448
IDE01514,2026-08-08 20:12:00,DEV481,debugging,Java,923
IDE04880,2026-08-08 20:13:00,DEV305,debugging,Java,1537
IDE03102,2026-08-08 20:15:00,DEV352,debugging,Java,278
IDE03281,2026-08-08 20:16:00,DEV209,debugging,TypeScript,421
IDE08899,2026-08-08 20:16:00,DEV289,idle,JavaScript,1136
IDE02453,2026-08-08 20:18:00,DEV320,idle,Python,1176
IDE04695,2026-08-08 20:18:00,DEV449,idle,Java,581
IDE01338,2026-08-08 20:23:00,DEV081,debugging,Java,940
IDE04407,2026-08-08 20:23:00,DEV043,coding,TypeScript,874
IDE08763,2026-08-08 20:26:00,DEV433,debugging,TypeScript,1474
IDE01447,2026-08-08 20:27:00,DEV036,file_open,Python,1741
IDE07620,2026-08-08 20:29:00,DEV412,idle,Python,1787
IDE05125,2026-08-08 20:30:00,DEV107,testing,JavaScript,158
IDE08314,2026-08-08 20:33:00,DEV331,coding,JavaScript,1335
IDE07909,2026-08-08 20:34:00,DEV023,idle,TypeScript,1022
IDE00197,2026-08-08 20:40:00,DEV070,idle,TypeScript,166
IDE04507,2026-08-08 20:40:00,DEV005,idle,Python,1458
IDE09236,2026-08-08 20:42:00,DEV270,testing,JavaScript,1551
IDE03799,2026-08-08 20:43:00,DEV302,file_open,JavaScript,1045
IDE00522,2026-08-08 20:48:00,DEV070,idle,Java,1668
IDE09732,2026-08-08 20:51:00,DEV028,idle,TypeScript,1095
IDE00258,2026-08-08 20:56:00,DEV126,coding,Java,1645
IDE00970,2026-08-08 20:56:00,DEV381,idle,Python,639
IDE01568,2026-08-08 20:58:00,DEV172,debugging,SQL,1132
IDE08586,2026-08-08 20:59:00,DEV244,terminal,Python,1016
IDE02899,2026-08-08 21:03:00,DEV217,file_open,TypeScript,1740
IDE06333,2026-08-08 21:06:00,DEV344,terminal,JavaScript,865
IDE08796,2026-08-08 21:07:00,DEV263,debugging,Python,1312
IDE07787,2026-08-08 21:08:00,DEV144,coding,JavaScript,1048
IDE06123,2026-08-08 21:10:00,DEV276,testing,SQL,1212
IDE07398,2026-08-08 21:11:00,DEV365,coding,JavaScript,611
IDE03286,2026-08-08 21:12:00,DEV183,coding,TypeScript,136
IDE07480,2026-08-08 21:12:00,DEV400,idle,TypeScript,842
IDE08582,2026-08-08 21:13:00,DEV149,idle,SQL,1533
IDE08585,2026-08-08 21:13:00,DEV094,coding,Java,1143
IDE02759,2026-08-08 21:15:00,DEV165,terminal,JavaScript,945
IDE06336,2026-08-08 21:20:00,DEV433,idle,JavaScript,133
IDE05353,2026-08-08 21:26:00,DEV365,terminal,Python,1667
IDE09846,2026-08-08 21:29:00,DEV305,terminal,Java,901
IDE09224,2026-08-08 21:31:00,DEV422,terminal,Python,1047
IDE06564,2026-08-08 21:32:00,DEV117,coding,JavaScript,1302
IDE01397,2026-08-08 21:33:00,DEV402,terminal,Python,619
IDE04973,2026-08-08 21:34:00,DEV491,idle,Python,1340
IDE06891,2026-08-08 21:36:00,DEV438,coding,Python,997
IDE01206,2026-08-08 21:38:00,DEV211,file_open,SQL,229
IDE09423,2026-08-08 21:38:00,DEV485,testing,JavaScript,468
IDE08929,2026-08-08 21:40:00,DEV252,coding,SQL,599
IDE00565,2026-08-08 21:42:00,DEV434,file_open,Python,1751
IDE04457,2026-08-08 21:42:00,DEV437,terminal,JavaScript,1734
IDE07016,2026-08-08 21:42:00,DEV181,testing,JavaScript,997
IDE02698,2026-08-08 21:45:00,DEV408,terminal,Java,1467
IDE01899,2026-08-08 21:47:00,DEV416,terminal,Java,967
IDE03592,2026-08-08 21:50:00,DEV371,coding,Python,1441
IDE09615,2026-08-08 21:50:00,DEV078,coding,Python,122
IDE07689,2026-08-08 21:54:00,DEV409,testing,TypeScript,597
IDE09133,2026-08-08 21:56:00,DEV306,file_open,Python,829
IDE04888,2026-08-08 21:57:00,DEV436,terminal,Java,1683
IDE09468,2026-08-08 21:59:00,DEV346,idle,TypeScript,1228
IDE01600,2026-08-08 22:00:00,DEV258,debugging,SQL,1153
IDE02851,2026-08-08 22:01:00,DEV388,terminal,Java,1306
IDE02173,2026-08-08 22:02:00,DEV300,coding,Python,1655
IDE08564,2026-08-08 22:02:00,DEV442,idle,Python,1077
IDE04210,2026-08-08 22:03:00,DEV317,debugging,Python,221
IDE09310,2026-08-08 22:03:00,DEV192,debugging,JavaScript,1291
IDE00467,2026-08-08 22:04:00,DEV130,idle,SQL,161
IDE07976,2026-08-08 22:05:00,DEV240,file_open,TypeScript,1662
IDE03371,2026-08-08 22:06:00,DEV290,debugging,TypeScript,1100
IDE03630,2026-08-08 22:06:00,DEV237,debugging,JavaScript,1791
IDE07079,2026-08-08 22:07:00,DEV120,coding,JavaScript,1253
IDE00318,2026-08-08 22:08:00,DEV104,testing,Java,1365
IDE03624,2026-08-08 22:08:00,DEV099,idle,Java,747
IDE05523,2026-08-08 22:08:00,DEV496,testing,Java,419
IDE02891,2026-08-08 22:11:00,DEV396,debugging,TypeScript,61
IDE04479,2026-08-08 22:14:00,DEV262,testing,TypeScript,1433
IDE05972,2026-08-08 22:21:00,DEV462,debugging,TypeScript,218
IDE06445,2026-08-08 22:21:00,DEV015,idle,TypeScript,523
IDE07887,2026-08-08 22:22:00,DEV010,idle,Java,1604
IDE03795,2026-08-08 22:26:00,DEV057,idle,SQL,1544
IDE02990,2026-08-08 22:27:00,DEV480,terminal,SQL,1216
IDE03768,2026-08-08 22:39:00,DEV098,coding,Python,599
IDE04810,2026-08-08 22:41:00,DEV451,file_open,TypeScript,983
IDE03560,2026-08-08 22:42:00,DEV149,idle,TypeScript,1584
IDE04866,2026-08-08 22:42:00,DEV009,file_open,Java,1040
IDE06253,2026-08-08 22:43:00,DEV494,debugging,Python,316
IDE02644,2026-08-08 22:49:00,DEV332,coding,SQL,703
IDE05289,2026-08-08 22:51:00,DEV064,testing,TypeScript,338
IDE02014,2026-08-08 22:55:00,DEV269,terminal,Java,373
IDE08963,2026-08-08 22:55:00,DEV064,terminal,JavaScript,1781
IDE03231,2026-08-08 22:56:00,DEV271,coding,Python,374
IDE09185,2026-08-08 23:02:00,DEV423,testing,TypeScript,1100
IDE06057,2026-08-08 23:06:00,DEV359,testing,TypeScript,1209
IDE03225,2026-08-08 23:10:00,DEV219,idle,SQL,866
IDE03502,2026-08-08 23:11:00,DEV013,file_open,SQL,893
IDE01888,2026-08-08 23:12:00,DEV466,debugging,Python,1751
IDE07823,2026-08-08 23:16:00,DEV134,testing,JavaScript,870
IDE09710,2026-08-08 23:18:00,DEV319,file_open,SQL,485
IDE02757,2026-08-08 23:20:00,DEV391,idle,JavaScript,86
IDE02029,2026-08-08 23:21:00,DEV290,idle,Python,1439
IDE04483,2026-08-08 23:22:00,DEV079,debugging,TypeScript,990
IDE06274,2026-08-08 23:22:00,DEV029,terminal,TypeScript,1496
IDE09903,2026-08-08 23:22:00,DEV014,idle,TypeScript,93
IDE06060,2026-08-08 23:24:00,DEV344,idle,Java,1697
IDE00822,2026-08-08 23:25:00,DEV065,terminal,SQL,1306
IDE02240,2026-08-08 23:30:00,DEV353,debugging,Java,990
IDE02710,2026-08-08 23:31:00,DEV108,file_open,Java,1447
IDE08499,2026-08-08 23:34:00,DEV084,testing,SQL,1630
IDE03833,2026-08-08 23:36:00,DEV128,idle,Java,563
IDE03640,2026-08-08 23:37:00,DEV230,testing,Java,855
IDE00976,2026-08-08 23:38:00,DEV470,file_open,SQL,601
IDE03131,2026-08-08 23:38:00,DEV476,file_open,Python,830
IDE09840,2026-08-08 23:39:00,DEV240,debugging,Java,109
IDE04290,2026-08-08 23:40:00,DEV108,terminal,JavaScript,429
IDE07294,2026-08-08 23:41:00,DEV420,testing,SQL,1685
IDE09396,2026-08-08 23:41:00,DEV105,terminal,SQL,882
IDE00851,2026-08-08 23:44:00,DEV385,debugging,Python,63
IDE06860,2026-08-08 23:45:00,DEV318,coding,SQL,470
IDE01561,2026-08-08 23:47:00,DEV296,file_open,Java,1317
IDE04347,2026-08-08 23:47:00,DEV046,coding,Python,398
IDE08856,2026-08-08 23:47:00,DEV100,file_open,TypeScript,1232
IDE00188,2026-08-08 23:48:00,DEV176,idle,Java,1127
IDE05906,2026-08-08 23:52:00,DEV034,coding,SQL,299
IDE05947,2026-08-08 23:54:00,DEV050,terminal,SQL,1479
IDE02906,2026-08-08 23:57:00,DEV446,testing,TypeScript,1611
IDE08354,2026-08-09 00:00:00,DEV381,file_open,Python,1568
IDE01990,2026-08-09 00:01:00,DEV210,idle,Java,1487
IDE00088,2026-08-09 00:04:00,DEV216,file_open,Python,830
IDE05544,2026-08-09 00:07:00,DEV493,file_open,JavaScript,74
IDE03897,2026-08-09 00:08:00,DEV259,coding,Java,1399
IDE09562,2026-08-09 00:12:00,DEV248,debugging,JavaScript,1246
IDE03772,2026-08-09 00:13:00,DEV262,testing,Java,289
IDE04013,2026-08-09 00:14:00,DEV246,file_open,TypeScript,1299
IDE04716,2026-08-09 00:14:00,DEV046,idle,TypeScript,1766
IDE08633,2026-08-09 00:15:00,DEV097,debugging,JavaScript,730
IDE07955,2026-08-09 00:17:00,DEV258,testing,Java,727
IDE08048,2026-08-09 00:19:00,DEV431,terminal,JavaScript,1167
IDE07954,2026-08-09 00:22:00,DEV066,idle,TypeScript,1497
IDE09914,2026-08-09 00:24:00,DEV264,coding,Python,1233
IDE08547,2026-08-09 00:27:00,DEV394,debugging,Java,150
IDE06559,2026-08-09 00:29:00,DEV303,terminal,JavaScript,1397
IDE08710,2026-08-09 00:29:00,DEV462,terminal,TypeScript,1741
IDE00974,2026-08-09 00:30:00,DEV397,coding,Java,1604
IDE03715,2026-08-09 00:32:00,DEV351,file_open,SQL,1665
IDE08481,2026-08-09 00:33:00,DEV178,coding,TypeScript,318
IDE04396,2026-08-09 00:37:00,DEV377,testing,TypeScript,39
IDE08004,2026-08-09 00:37:00,DEV025,terminal,Java,1285
IDE07924,2026-08-09 00:39:00,DEV477,idle,Python,1500
IDE01565,2026-08-09 00:40:00,DEV030,debugging,TypeScript,336
IDE07532,2026-08-09 00:40:00,DEV040,terminal,JavaScript,1387
IDE06618,2026-08-09 00:41:00,DEV094,testing,SQL,364
IDE05039,2026-08-09 00:43:00,DEV167,testing,TypeScript,1504
IDE09849,2026-08-09 00:45:00,DEV027,debugging,Python,1520
IDE08335,2026-08-09 00:46:00,DEV404,idle,TypeScript,687
IDE02251,2026-08-09 00:49:00,DEV097,coding,SQL,947
IDE03506,2026-08-09 00:50:00,DEV258,terminal,JavaScript,301
IDE02419,2026-08-09 00:53:00,DEV438,debugging,Python,705
IDE06020,2026-08-09 00:53:00,DEV473,idle,TypeScript,394
IDE04808,2026-08-09 00:54:00,DEV407,testing,JavaScript,998
IDE02868,2026-08-09 00:56:00,DEV226,coding,TypeScript,1036
IDE03123,2026-08-09 00:57:00,DEV430,coding,Python,1364
IDE06037,2026-08-09 00:57:00,DEV261,testing,Java,1451
IDE02343,2026-08-09 00:59:00,DEV212,terminal,TypeScript,1722
IDE03940,2026-08-09 00:59:00,DEV434,debugging,Java,1270
IDE07805,2026-08-09 01:00:00,DEV296,terminal,SQL,1672
IDE01258,2026-08-09 01:03:00,DEV444,idle,Java,1312
IDE01327,2026-08-09 01:03:00,DEV206,testing,Java,884
IDE01738,2026-08-09 01:09:00,DEV437,file_open,SQL,141
IDE06127,2026-08-09 01:10:00,DEV359,testing,SQL,258
IDE03360,2026-08-09 01:11:00,DEV272,coding,TypeScript,135
IDE08081,2026-08-09 01:11:00,DEV499,terminal,SQL,1005
IDE08779,2026-08-09 01:14:00,DEV208,idle,Java,1718
IDE09200,2026-08-09 01:14:00,DEV101,file_open,JavaScript,477
IDE07913,2026-08-09 01:17:00,DEV484,terminal,Java,1013
IDE02806,2026-08-09 01:19:00,DEV179,file_open,TypeScript,1617
IDE01633,2026-08-09 01:21:00,DEV482,terminal,JavaScript,1722
IDE02840,2026-08-09 01:31:00,DEV222,idle,Java,686
IDE01877,2026-08-09 01:37:00,DEV189,idle,Python,550
IDE09302,2026-08-09 01:37:00,DEV251,testing,Java,1688
IDE02793,2026-08-09 01:38:00,DEV493,idle,TypeScript,1431
IDE05778,2026-08-09 01:39:00,DEV041,debugging,JavaScript,1300
IDE09989,2026-08-09 01:41:00,DEV260,testing,TypeScript,751
IDE00631,2026-08-09 01:43:00,DEV231,file_open,JavaScript,787
IDE05023,2026-08-09 01:43:00,DEV078,file_open,JavaScript,1357
IDE09366,2026-08-09 01:51:00,DEV152,file_open,SQL,538
IDE01170,2026-08-09 01:53:00,DEV436,testing,Java,885
IDE05575,2026-08-09 01:56:00,DEV233,file_open,SQL,1653
IDE03882,2026-08-09 01:58:00,DEV053,file_open,Java,112
IDE04004,2026-08-09 01:59:00,DEV030,terminal,SQL,1462
IDE08545,2026-08-09 02:02:00,DEV249,idle,Python,1398
IDE03627,2026-08-09 02:03:00,DEV103,terminal,Python,1241
IDE05880,2026-08-09 02:03:00,DEV099,coding,Java,998
IDE09255,2026-08-09 02:04:00,DEV065,coding,Java,688
IDE02547,2026-08-09 02:06:00,DEV450,terminal,JavaScript,1248
IDE01450,2026-08-09 02:08:00,DEV137,debugging,Java,580
IDE04983,2026-08-09 02:08:00,DEV217,coding,TypeScript,1330
IDE09578,2026-08-09 02:10:00,DEV003,testing,JavaScript,1779
IDE03143,2026-08-09 02:16:00,DEV389,terminal,JavaScript,1310
IDE06655,2026-08-09 02:16:00,DEV487,testing,TypeScript,140
IDE08083,2026-08-09 02:22:00,DEV162,file_open,Python,1523
IDE06719,2026-08-09 02:25:00,DEV100,terminal,SQL,820
IDE00064,2026-08-09 02:30:00,DEV228,terminal,Python,1203
IDE02545,2026-08-09 02:32:00,DEV115,coding,Java,968
IDE07681,2026-08-09 02:33:00,DEV413,testing,SQL,1701
IDE05997,2026-08-09 02:34:00,DEV080,idle,JavaScript,45
IDE03817,2026-08-09 02:43:00,DEV257,terminal,JavaScript,1372
IDE08767,2026-08-09 02:44:00,DEV491,terminal,Java,886
IDE04120,2026-08-09 02:45:00,DEV425,testing,SQL,284
IDE03856,2026-08-09 02:46:00,DEV145,idle,Java,1709
IDE03010,2026-08-09 02:49:00,DEV130,file_open,JavaScript,1792
IDE06715,2026-08-09 02:51:00,DEV116,debugging,TypeScript,524
IDE02879,2026-08-09 02:54:00,DEV376,file_open,Python,1662
IDE07473,2026-08-09 02:55:00,DEV177,idle,TypeScript,102
IDE08742,2026-08-09 02:56:00,DEV026,coding,TypeScript,1526
IDE05082,2026-08-09 02:59:00,DEV090,testing,SQL,1581
IDE00905,2026-08-09 03:02:00,DEV195,coding,JavaScript,1764
IDE09247,2026-08-09 03:03:00,DEV327,file_open,JavaScript,531
IDE01970,2026-08-09 03:04:00,DEV358,terminal,Python,1692
IDE04136,2026-08-09 03:04:00,DEV159,file_open,Python,419
IDE07172,2026-08-09 03:05:00,DEV463,testing,Python,438
IDE03662,2026-08-09 03:06:00,DEV006,idle,SQL,1250
IDE07238,2026-08-09 03:08:00,DEV010,testing,Python,850
IDE09607,2026-08-09 03:09:00,DEV370,terminal,Python,1393
IDE04055,2026-08-09 03:11:00,DEV293,idle,JavaScript,427
IDE09054,2026-08-09 03:11:00,DEV302,idle,Java,546
IDE00590,2026-08-09 03:16:00,DEV350,debugging,TypeScript,1507
IDE07685,2026-08-09 03:16:00,DEV247,coding,SQL,852
IDE07700,2026-08-09 03:16:00,DEV416,file_open,SQL,79
IDE07559,2026-08-09 03:17:00,DEV192,idle,JavaScript,1005
IDE04947,2026-08-09 03:22:00,DEV453,file_open,Java,1532
IDE05869,2026-08-09 03:25:00,DEV256,terminal,SQL,491
IDE02877,2026-08-09 03:26:00,DEV091,terminal,SQL,336
IDE08692,2026-08-09 03:28:00,DEV185,file_open,Python,1562
IDE04209,2026-08-09 03:32:00,DEV140,idle,JavaScript,805
IDE05882,2026-08-09 03:33:00,DEV251,terminal,Python,1437
IDE07113,2026-08-09 03:33:00,DEV009,idle,Python,616
IDE00428,2026-08-09 03:36:00,DEV103,idle,Python,411
IDE04442,2026-08-09 03:40:00,DEV093,coding,JavaScript,1024
IDE05689,2026-08-09 03:44:00,DEV308,coding,Python,1572
IDE02102,2026-08-09 03:46:00,DEV372,terminal,SQL,1778
IDE01071,2026-08-09 03:49:00,DEV496,coding,Python,1136
IDE05271,2026-08-09 03:49:00,DEV286,coding,TypeScript,785
IDE08385,2026-08-09 03:53:00,DEV114,coding,JavaScript,1788
IDE06765,2026-08-09 03:54:00,DEV116,coding,Java,1534
IDE06978,2026-08-09 03:55:00,DEV232,file_open,JavaScript,200
IDE07880,2026-08-09 04:00:00,DEV496,testing,Python,530
IDE09046,2026-08-09 04:06:00,DEV045,terminal,JavaScript,1652
IDE05761,2026-08-09 04:07:00,DEV173,coding,JavaScript,1323
IDE05088,2026-08-09 04:10:00,DEV223,debugging,Java,38
IDE07569,2026-08-09 04:11:00,DEV271,coding,TypeScript,973
IDE08496,2026-08-09 04:12:00,DEV123,file_open,JavaScript,1609
IDE07894,2026-08-09 04:13:00,DEV215,file_open,Java,1310
IDE04856,2026-08-09 04:18:00,DEV426,debugging,SQL,713
IDE06449,2026-08-09 04:18:00,DEV157,file_open,Python,333
IDE01432,2026-08-09 04:23:00,DEV382,idle,SQL,1092
IDE02124,2026-08-09 04:23:00,DEV329,testing,Python,1687
IDE04017,2026-08-09 04:29:00,DEV132,terminal,JavaScript,489
IDE00172,2026-08-09 04:32:00,DEV094,terminal,TypeScript,216
IDE03571,2026-08-09 04:32:00,DEV302,file_open,TypeScript,293
IDE04353,2026-08-09 04:34:00,DEV235,terminal,Java,1055
IDE07739,2026-08-09 04:35:00,DEV340,file_open,SQL,684
IDE06502,2026-08-09 04:38:00,DEV497,idle,Python,392
IDE01132,2026-08-09 04:39:00,DEV385,file_open,JavaScript,788
IDE02827,2026-08-09 04:42:00,DEV194,terminal,Python,367
IDE00925,2026-08-09 04:45:00,DEV124,testing,TypeScript,408
IDE00502,2026-08-09 04:46:00,DEV419,testing,TypeScript,1334
IDE08300,2026-08-09 04:48:00,DEV089,terminal,Java,229
IDE05157,2026-08-09 04:51:00,DEV287,coding,SQL,1282
IDE01346,2026-08-09 04:53:00,DEV077,coding,Python,1111
IDE03043,2026-08-09 04:54:00,DEV277,idle,TypeScript,116
IDE05881,2026-08-09 04:54:00,DEV179,debugging,Java,135
IDE07708,2026-08-09 04:54:00,DEV291,terminal,TypeScript,579
IDE00143,2026-08-09 04:56:00,DEV423,idle,TypeScript,508
IDE01277,2026-08-09 04:56:00,DEV011,debugging,JavaScript,686
IDE02534,2026-08-09 04:56:00,DEV429,file_open,JavaScript,1382
IDE02974,2026-08-09 04:59:00,DEV427,debugging,JavaScript,635
IDE06774,2026-08-09 05:00:00,DEV457,testing,TypeScript,501
IDE03344,2026-08-09 05:01:00,DEV235,coding,SQL,871
IDE03806,2026-08-09 05:07:00,DEV202,debugging,JavaScript,1792
IDE00785,2026-08-09 05:09:00,DEV050,idle,Java,1422
IDE06409,2026-08-09 05:09:00,DEV354,debugging,JavaScript,1033
IDE00375,2026-08-09 05:10:00,DEV445,terminal,Java,996
IDE01902,2026-08-09 05:10:00,DEV468,debugging,SQL,1434
IDE00886,2026-08-09 05:11:00,DEV041,coding,Python,1365
IDE02956,2026-08-09 05:12:00,DEV443,debugging,Java,345
IDE03549,2026-08-09 05:19:00,DEV242,idle,SQL,1436
IDE03936,2026-08-09 05:19:00,DEV027,coding,Python,1399
IDE05180,2026-08-09 05:19:00,DEV401,idle,SQL,1319
IDE02195,2026-08-09 05:20:00,DEV163,testing,Java,1185
IDE01655,2026-08-09 05:24:00,DEV196,idle,JavaScript,1134
IDE08527,2026-08-09 05:24:00,DEV231,file_open,Python,1233
IDE04453,2026-08-09 05:25:00,DEV079,idle,Java,188
IDE07101,2026-08-09 05:25:00,DEV435,terminal,JavaScript,734
IDE05085,2026-08-09 05:26:00,DEV399,terminal,Java,768
IDE05467,2026-08-09 05:26:00,DEV401,terminal,Java,1133
IDE06318,2026-08-09 05:27:00,DEV449,debugging,Python,1369
IDE08706,2026-08-09 05:27:00,DEV445,testing,Python,106
IDE03510,2026-08-09 05:29:00,DEV196,debugging,TypeScript,869
IDE00031,2026-08-09 05:31:00,DEV467,terminal,Python,591
IDE02550,2026-08-09 05:31:00,DEV335,testing,Python,800
IDE06039,2026-08-09 05:32:00,DEV407,testing,Java,1085
IDE02031,2026-08-09 05:36:00,DEV431,testing,Java,699
IDE08619,2026-08-09 05:36:00,DEV031,file_open,Python,476
IDE07470,2026-08-09 05:42:00,DEV475,coding,Java,274
IDE09919,2026-08-09 05:42:00,DEV258,testing,TypeScript,636
IDE04049,2026-08-09 05:43:00,DEV110,terminal,SQL,1417
IDE05128,2026-08-09 05:44:00,DEV406,debugging,SQL,1299
IDE05355,2026-08-09 05:44:00,DEV105,testing,JavaScript,1437
IDE02462,2026-08-09 05:49:00,DEV194,file_open,Python,659
IDE07303,2026-08-09 05:52:00,DEV049,debugging,Java,552
IDE00015,2026-08-09 05:54:00,DEV316,idle,Python,599
IDE07994,2026-08-09 05:57:00,DEV296,debugging,TypeScript,1736
IDE07482,2026-08-09 05:59:00,DEV166,terminal,TypeScript,1564
IDE00519,2026-08-09 06:01:00,DEV363,coding,Java,1393
IDE03924,2026-08-09 06:02:00,DEV272,idle,Java,1260
IDE02579,2026-08-09 06:03:00,DEV478,coding,JavaScript,1446
IDE03434,2026-08-09 06:04:00,DEV473,idle,Java,50
IDE06887,2026-08-09 06:04:00,DEV436,file_open,TypeScript,358
IDE07310,2026-08-09 06:04:00,DEV073,testing,JavaScript,1747
IDE06244,2026-08-09 06:06:00,DEV082,testing,TypeScript,1478
IDE05269,2026-08-09 06:09:00,DEV311,debugging,TypeScript,198
IDE08486,2026-08-09 06:11:00,DEV292,idle,SQL,497
IDE04215,2026-08-09 06:12:00,DEV281,terminal,TypeScript,1153
IDE01931,2026-08-09 06:13:00,DEV373,terminal,SQL,972
IDE04540,2026-08-09 06:16:00,DEV252,debugging,JavaScript,1539
IDE09101,2026-08-09 06:16:00,DEV008,file_open,TypeScript,578
IDE02996,2026-08-09 06:18:00,DEV320,idle,JavaScript,137
IDE07163,2026-08-09 06:22:00,DEV499,idle,Java,1060
IDE05360,2026-08-09 06:26:00,DEV099,debugging,JavaScript,1380
IDE07530,2026-08-09 06:27:00,DEV410,terminal,Python,1183
IDE00666,2026-08-09 06:30:00,DEV325,terminal,SQL,291
IDE05029,2026-08-09 06:32:00,DEV243,coding,TypeScript,1689
IDE04378,2026-08-09 06:37:00,DEV369,coding,Java,629
IDE02041,2026-08-09 06:43:00,DEV156,debugging,SQL,739
IDE09307,2026-08-09 06:44:00,DEV108,coding,Java,37
IDE03517,2026-08-09 06:53:00,DEV439,file_open,Python,494
IDE03638,2026-08-09 06:55:00,DEV235,idle,SQL,896
IDE01624,2026-08-09 07:01:00,DEV314,coding,Java,903
IDE02571,2026-08-09 07:01:00,DEV458,coding,TypeScript,1747
IDE02765,2026-08-09 07:02:00,DEV130,idle,Python,498
IDE01705,2026-08-09 07:07:00,DEV493,terminal,Java,523
IDE09388,2026-08-09 07:08:00,DEV044,testing,Java,652
IDE07915,2026-08-09 07:10:00,DEV141,testing,TypeScript,1404
IDE09099,2026-08-09 07:10:00,DEV168,coding,Java,1226
IDE00357,2026-08-09 07:11:00,DEV464,debugging,Python,121
IDE07814,2026-08-09 07:13:00,DEV453,coding,SQL,1026
IDE09466,2026-08-09 07:16:00,DEV219,testing,Java,367
IDE07355,2026-08-09 07:20:00,DEV430,terminal,TypeScript,490
IDE04502,2026-08-09 07:23:00,DEV419,coding,Java,217
IDE06437,2026-08-09 07:23:00,DEV288,file_open,Java,1462
IDE01511,2026-08-09 07:24:00,DEV316,testing,Java,1138
IDE04823,2026-08-09 07:24:00,DEV299,debugging,Python,1272
IDE00990,2026-08-09 07:26:00,DEV236,coding,Python,1677
IDE02601,2026-08-09 07:27:00,DEV120,idle,TypeScript,274
IDE02045,2026-08-09 07:29:00,DEV048,debugging,JavaScript,491
IDE05572,2026-08-09 07:29:00,DEV381,file_open,SQL,1668
IDE02337,2026-08-09 07:33:00,DEV294,testing,TypeScript,502
IDE02737,2026-08-09 07:34:00,DEV461,file_open,SQL,926
IDE00657,2026-08-09 07:37:00,DEV097,idle,Java,1213
IDE01865,2026-08-09 07:43:00,DEV384,debugging,SQL,1355
IDE03028,2026-08-09 07:43:00,DEV109,testing,Python,169
IDE08021,2026-08-09 07:45:00,DEV063,terminal,TypeScript,1228
IDE05025,2026-08-09 07:50:00,DEV320,file_open,SQL,83
IDE08858,2026-08-09 07:50:00,DEV312,idle,Python,1558
IDE00908,2026-08-09 07:51:00,DEV029,file_open,TypeScript,372
IDE01626,2026-08-09 07:53:00,DEV296,file_open,JavaScript,1698
IDE07709,2026-08-09 07:57:00,DEV373,coding,Python,995
IDE05306,2026-08-09 07:58:00,DEV111,terminal,SQL,671
IDE07614,2026-08-09 08:06:00,DEV151,coding,SQL,583
IDE07856,2026-08-09 08:06:00,DEV161,idle,Java,624
IDE01691,2026-08-09 08:09:00,DEV102,coding,Java,1282
IDE01885,2026-08-09 08:09:00,DEV070,terminal,TypeScript,1465
IDE07802,2026-08-09 08:14:00,DEV053,idle,Python,1304
IDE00541,2026-08-09 08:18:00,DEV402,terminal,TypeScript,1409
IDE07431,2026-08-09 08:19:00,DEV269,terminal,TypeScript,1458
IDE02434,2026-08-09 08:27:00,DEV315,idle,JavaScript,476
IDE06454,2026-08-09 08:29:00,DEV399,coding,JavaScript,91
IDE09705,2026-08-09 08:29:00,DEV192,testing,SQL,1650
IDE03201,2026-08-09 08:30:00,DEV239,coding,Python,1644
IDE03848,2026-08-09 08:35:00,DEV002,file_open,JavaScript,977
IDE04772,2026-08-09 08:36:00,DEV271,file_open,TypeScript,1324
IDE00330,2026-08-09 08:40:00,DEV114,debugging,JavaScript,147
IDE08207,2026-08-09 08:40:00,DEV034,file_open,Java,1307
IDE07692,2026-08-09 08:44:00,DEV469,coding,SQL,55
IDE04662,2026-08-09 08:47:00,DEV472,coding,SQL,125
IDE02303,2026-08-09 08:49:00,DEV092,debugging,Python,1700
IDE04111,2026-08-09 08:50:00,DEV078,coding,JavaScript,258
IDE01556,2026-08-09 08:52:00,DEV029,terminal,Java,657
IDE04307,2026-08-09 08:55:00,DEV149,debugging,TypeScript,1147
IDE04300,2026-08-09 08:57:00,DEV197,terminal,TypeScript,1049
IDE00445,2026-08-09 08:58:00,DEV500,debugging,JavaScript,993
IDE05151,2026-08-09 08:58:00,DEV445,file_open,TypeScript,1106
IDE05723,2026-08-09 08:58:00,DEV059,terminal,TypeScript,497
IDE05826,2026-08-09 08:58:00,DEV079,debugging,JavaScript,250
IDE07153,2026-08-09 08:58:00,DEV391,debugging,JavaScript,1421
IDE07468,2026-08-09 09:03:00,DEV022,idle,JavaScript,919
IDE05405,2026-08-09 09:04:00,DEV408,file_open,TypeScript,726
IDE05137,2026-08-09 09:05:00,DEV103,coding,TypeScript,645
IDE02065,2026-08-09 09:07:00,DEV210,idle,Python,497
IDE04348,2026-08-09 09:08:00,DEV019,idle,Java,490
IDE08078,2026-08-09 09:09:00,DEV109,coding,JavaScript,504
IDE00691,2026-08-09 09:12:00,DEV004,terminal,TypeScript,704
IDE01737,2026-08-09 09:12:00,DEV162,terminal,Java,1796
IDE05613,2026-08-09 09:18:00,DEV065,idle,TypeScript,502
IDE01468,2026-08-09 09:22:00,DEV320,coding,Python,326
IDE07214,2026-08-09 09:27:00,DEV134,terminal,JavaScript,1733
IDE01567,2026-08-09 09:32:00,DEV445,file_open,JavaScript,751
IDE09266,2026-08-09 09:38:00,DEV437,coding,Python,1558
IDE02913,2026-08-09 09:39:00,DEV487,file_open,SQL,630
IDE02330,2026-08-09 09:42:00,DEV011,testing,SQL,690
IDE05169,2026-08-09 09:44:00,DEV040,debugging,JavaScript,1220
IDE05895,2026-08-09 09:45:00,DEV304,file_open,JavaScript,1192
IDE07993,2026-08-09 09:46:00,DEV394,testing,TypeScript,733
IDE06558,2026-08-09 09:55:00,DEV217,debugging,SQL,33
IDE03982,2026-08-09 10:02:00,DEV135,idle,Python,1433
IDE07896,2026-08-09 10:02:00,DEV225,idle,Python,1495
IDE02051,2026-08-09 10:05:00,DEV273,file_open,JavaScript,1147
IDE08120,2026-08-09 10:08:00,DEV127,terminal,Python,565
IDE04634,2026-08-09 10:09:00,DEV075,terminal,TypeScript,1536
IDE05503,2026-08-09 10:21:00,DEV178,file_open,JavaScript,1224
IDE07104,2026-08-09 10:25:00,DEV038,debugging,JavaScript,1195
IDE08337,2026-08-09 10:27:00,DEV301,terminal,SQL,640
IDE05715,2026-08-09 10:28:00,DEV157,idle,Java,1158
IDE09264,2026-08-09 10:29:00,DEV325,terminal,TypeScript,1645
IDE05103,2026-08-09 10:31:00,DEV070,idle,JavaScript,567
IDE02561,2026-08-09 10:36:00,DEV206,coding,Python,791
IDE00257,2026-08-09 10:39:00,DEV168,coding,TypeScript,648
IDE02898,2026-08-09 10:39:00,DEV213,idle,SQL,412
IDE04740,2026-08-09 10:40:00,DEV016,file_open,TypeScript,378
IDE00284,2026-08-09 10:42:00,DEV475,testing,TypeScript,410
IDE01504,2026-08-09 10:42:00,DEV062,file_open,Java,1483
IDE01610,2026-08-09 10:42:00,DEV052,testing,SQL,1230
IDE02554,2026-08-09 10:44:00,DEV287,file_open,Java,245
IDE05193,2026-08-09 10:45:00,DEV270,terminal,Java,55
IDE08277,2026-08-09 10:46:00,DEV016,file_open,JavaScript,1535
IDE02001,2026-08-09 10:55:00,DEV491,idle,SQL,524
IDE02650,2026-08-09 10:57:00,DEV286,coding,SQL,772
IDE08784,2026-08-09 10:57:00,DEV407,idle,Python,511
IDE07507,2026-08-09 10:58:00,DEV029,idle,TypeScript,812
IDE02749,2026-08-09 11:00:00,DEV406,terminal,SQL,1769
IDE03321,2026-08-09 11:00:00,DEV445,file_open,Java,1536
IDE07796,2026-08-09 11:01:00,DEV233,file_open,Java,1591
IDE05370,2026-08-09 11:09:00,DEV217,terminal,JavaScript,1714
IDE09306,2026-08-09 11:11:00,DEV109,debugging,TypeScript,1302
IDE06302,2026-08-09 11:14:00,DEV109,coding,SQL,965
IDE01020,2026-08-09 11:19:00,DEV069,debugging,Java,1533
IDE05751,2026-08-09 11:19:00,DEV083,file_open,Python,1623
IDE03938,2026-08-09 11:21:00,DEV062,testing,SQL,1457
IDE04955,2026-08-09 11:31:00,DEV460,debugging,SQL,403
IDE04783,2026-08-09 11:32:00,DEV216,terminal,SQL,75
IDE02159,2026-08-09 11:34:00,DEV291,testing,JavaScript,1130
IDE02828,2026-08-09 11:34:00,DEV406,debugging,Java,200
IDE00321,2026-08-09 11:37:00,DEV055,testing,SQL,1739
IDE00961,2026-08-09 11:38:00,DEV062,terminal,TypeScript,375
IDE04141,2026-08-09 11:38:00,DEV276,debugging,TypeScript,773
IDE01483,2026-08-09 11:41:00,DEV381,debugging,Python,1275
IDE03453,2026-08-09 11:42:00,DEV101,debugging,SQL,327
IDE03295,2026-08-09 11:46:00,DEV047,terminal,JavaScript,1655
IDE00018,2026-08-09 11:47:00,DEV289,debugging,SQL,258
IDE03087,2026-08-09 11:51:00,DEV414,coding,TypeScript,1359
IDE07471,2026-08-09 11:52:00,DEV226,terminal,JavaScript,905
IDE04265,2026-08-09 11:54:00,DEV196,idle,JavaScript,1509
IDE02582,2026-08-09 11:56:00,DEV163,testing,JavaScript,785
IDE06960,2026-08-09 12:01:00,DEV043,coding,TypeScript,1124
IDE02297,2026-08-09 12:09:00,DEV415,idle,JavaScript,1752
IDE05545,2026-08-09 12:09:00,DEV336,coding,Python,1294
IDE09351,2026-08-09 12:09:00,DEV492,testing,JavaScript,289
IDE03879,2026-08-09 12:10:00,DEV337,file_open,JavaScript,424
IDE02756,2026-08-09 12:12:00,DEV266,testing,JavaScript,247
IDE03468,2026-08-09 12:12:00,DEV295,idle,Java,336
IDE08676,2026-08-09 12:12:00,DEV175,debugging,SQL,490
IDE01010,2026-08-09 12:17:00,DEV292,file_open,Java,1687
IDE02249,2026-08-09 12:17:00,DEV273,terminal,TypeScript,1128
IDE00151,2026-08-09 12:18:00,DEV405,debugging,JavaScript,1627
IDE08853,2026-08-09 12:18:00,DEV078,coding,Java,1012
IDE09113,2026-08-09 12:20:00,DEV154,debugging,Python,703
IDE07440,2026-08-09 12:22:00,DEV087,coding,JavaScript,440
IDE00071,2026-08-09 12:26:00,DEV040,coding,Python,67
IDE03696,2026-08-09 12:26:00,DEV461,testing,Java,587
IDE02494,2026-08-09 12:27:00,DEV040,testing,TypeScript,526
IDE09519,2026-08-09 12:30:00,DEV346,terminal,Java,1362
IDE05311,2026-08-09 12:38:00,DEV096,file_open,SQL,31
IDE06139,2026-08-09 12:38:00,DEV400,file_open,TypeScript,616
IDE00471,2026-08-09 12:39:00,DEV151,terminal,TypeScript,1686
IDE07733,2026-08-09 12:39:00,DEV436,debugging,SQL,1474
IDE05934,2026-08-09 12:40:00,DEV288,file_open,TypeScript,485
IDE08541,2026-08-09 12:40:00,DEV477,file_open,SQL,1385
IDE00243,2026-08-09 12:41:00,DEV110,coding,Java,1062
IDE07941,2026-08-09 12:41:00,DEV308,debugging,JavaScript,415
IDE00890,2026-08-09 12:42:00,DEV434,coding,SQL,670
IDE08839,2026-08-09 12:43:00,DEV084,testing,Python,1479
IDE02016,2026-08-09 12:47:00,DEV318,file_open,JavaScript,935
IDE03685,2026-08-09 12:48:00,DEV037,debugging,Python,552
IDE08926,2026-08-09 12:50:00,DEV451,testing,SQL,625
IDE04268,2026-08-09 12:52:00,DEV289,testing,JavaScript,699
IDE02586,2026-08-09 12:55:00,DEV055,terminal,Java,1782
IDE09618,2026-08-09 12:55:00,DEV336,file_open,Python,1705
IDE05494,2026-08-09 13:03:00,DEV471,testing,TypeScript,153
IDE00630,2026-08-09 13:04:00,DEV389,coding,JavaScript,1548
IDE06631,2026-08-09 13:05:00,DEV265,idle,JavaScript,152
IDE06296,2026-08-09 13:09:00,DEV107,coding,SQL,850
IDE06932,2026-08-09 13:13:00,DEV078,debugging,Python,1211
IDE08749,2026-08-09 13:17:00,DEV444,coding,Python,237
IDE08249,2026-08-09 13:19:00,DEV115,coding,Python,1765
IDE01804,2026-08-09 13:21:00,DEV433,testing,Python,402
IDE04750,2026-08-09 13:21:00,DEV133,terminal,TypeScript,43
IDE04635,2026-08-09 13:24:00,DEV085,testing,JavaScript,992
IDE09628,2026-08-09 13:25:00,DEV191,file_open,TypeScript,1032
IDE07438,2026-08-09 13:26:00,DEV410,coding,Python,772
IDE04283,2026-08-09 13:30:00,DEV412,idle,Java,287
IDE08470,2026-08-09 13:33:00,DEV161,idle,TypeScript,125
IDE09763,2026-08-09 13:35:00,DEV331,idle,Java,231
IDE03484,2026-08-09 13:36:00,DEV024,testing,Java,1632
IDE02412,2026-08-09 13:37:00,DEV126,coding,Python,372
IDE09493,2026-08-09 13:37:00,DEV184,debugging,TypeScript,1049
IDE06095,2026-08-09 13:39:00,DEV164,debugging,SQL,568
IDE09047,2026-08-09 13:41:00,DEV401,debugging,Python,275
IDE04848,2026-08-09 13:43:00,DEV401,idle,Java,310
IDE06506,2026-08-09 13:44:00,DEV396,debugging,TypeScript,344
IDE09449,2026-08-09 13:49:00,DEV154,terminal,SQL,1403
IDE07315,2026-08-09 13:53:00,DEV022,terminal,JavaScript,1485
IDE05687,2026-08-09 13:55:00,DEV029,file_open,JavaScript,1660
IDE08035,2026-08-09 13:59:00,DEV254,coding,SQL,769
IDE00892,2026-08-09 14:01:00,DEV310,coding,SQL,856
IDE08233,2026-08-09 14:03:00,DEV248,terminal,JavaScript,729
IDE02598,2026-08-09 14:04:00,DEV178,coding,JavaScript,1585
IDE07353,2026-08-09 14:04:00,DEV404,terminal,Python,739
IDE04817,2026-08-09 14:06:00,DEV410,file_open,Python,405
IDE00019,2026-08-09 14:07:00,DEV175,coding,JavaScript,1272
IDE03037,2026-08-09 14:07:00,DEV392,coding,Python,116
IDE06852,2026-08-09 14:07:00,DEV500,terminal,JavaScript,846
IDE04524,2026-08-09 14:10:00,DEV074,coding,Python,1089
IDE08781,2026-08-09 14:11:00,DEV075,testing,JavaScript,785
IDE06041,2026-08-09 14:12:00,DEV007,testing,JavaScript,404
IDE00176,2026-08-09 14:13:00,DEV174,terminal,SQL,771
IDE01121,2026-08-09 14:15:00,DEV242,idle,JavaScript,380
IDE04690,2026-08-09 14:18:00,DEV339,debugging,SQL,1557
IDE04505,2026-08-09 14:23:00,DEV017,coding,TypeScript,206
IDE09812,2026-08-09 14:27:00,DEV254,file_open,Java,320
IDE05142,2026-08-09 14:31:00,DEV183,coding,Java,474
IDE03290,2026-08-09 14:34:00,DEV037,coding,SQL,575
IDE07197,2026-08-09 14:37:00,DEV308,terminal,Java,544
IDE05515,2026-08-09 14:45:00,DEV079,coding,Java,339
IDE07375,2026-08-09 14:48:00,DEV258,terminal,SQL,127
IDE07933,2026-08-09 14:49:00,DEV119,testing,JavaScript,1351
IDE04341,2026-08-09 14:51:00,DEV133,idle,SQL,508
IDE09038,2026-08-09 14:52:00,DEV209,debugging,Python,1694
IDE05336,2026-08-09 14:56:00,DEV492,file_open,Python,304
IDE07603,2026-08-09 15:02:00,DEV181,file_open,Python,122
IDE01894,2026-08-09 15:04:00,DEV477,debugging,Java,1780
IDE00673,2026-08-09 15:06:00,DEV322,coding,SQL,580
IDE00826,2026-08-09 15:06:00,DEV135,testing,Python,845
IDE02211,2026-08-09 15:08:00,DEV141,testing,TypeScript,665
IDE04491,2026-08-09 15:12:00,DEV190,debugging,Python,1426
IDE04989,2026-08-09 15:13:00,DEV463,file_open,Java,1458
IDE06913,2026-08-09 15:16:00,DEV257,idle,TypeScript,676
IDE09755,2026-08-09 15:16:00,DEV427,terminal,JavaScript,106
IDE01342,2026-08-09 15:18:00,DEV422,file_open,Java,1273
IDE07357,2026-08-09 15:24:00,DEV003,terminal,Python,684
IDE08504,2026-08-09 15:24:00,DEV350,file_open,Python,1385
IDE07074,2026-08-09 15:30:00,DEV021,terminal,Python,1027
IDE06359,2026-08-09 15:31:00,DEV214,debugging,Java,746
IDE01242,2026-08-09 15:38:00,DEV287,terminal,JavaScript,1662
IDE00667,2026-08-09 15:39:00,DEV081,coding,SQL,866
IDE04681,2026-08-09 15:40:00,DEV183,idle,Python,645
IDE02417,2026-08-09 15:41:00,DEV203,idle,Java,162
IDE09951,2026-08-09 15:45:00,DEV350,debugging,Python,1189
IDE08437,2026-08-09 15:47:00,DEV497,terminal,Python,1650
IDE00451,2026-08-09 15:53:00,DEV142,debugging,TypeScript,1653
IDE01959,2026-08-09 15:53:00,DEV398,coding,Python,174
IDE05111,2026-08-09 15:56:00,DEV300,coding,Java,1707
IDE05941,2026-08-09 16:00:00,DEV196,debugging,SQL,512
IDE04759,2026-08-09 16:01:00,DEV159,coding,TypeScript,1115
IDE08092,2026-08-09 16:03:00,DEV191,coding,JavaScript,1046
IDE07916,2026-08-09 16:05:00,DEV164,coding,TypeScript,1285
IDE08939,2026-08-09 16:09:00,DEV127,idle,SQL,1064
IDE01613,2026-08-09 16:14:00,DEV180,idle,Java,384
IDE06206,2026-08-09 16:14:00,DEV189,terminal,Java,130
IDE03927,2026-08-09 16:15:00,DEV342,file_open,Java,1329
IDE02931,2026-08-09 16:17:00,DEV222,idle,Java,1736
IDE01040,2026-08-09 16:18:00,DEV202,terminal,Java,766
IDE08562,2026-08-09 16:19:00,DEV286,terminal,TypeScript,400
IDE03097,2026-08-09 16:21:00,DEV092,testing,TypeScript,1339
IDE01756,2026-08-09 16:23:00,DEV382,coding,Java,1704
IDE06871,2026-08-09 16:26:00,DEV196,idle,TypeScript,459
IDE02322,2026-08-09 16:28:00,DEV173,file_open,JavaScript,1573
IDE09856,2026-08-09 16:35:00,DEV374,debugging,TypeScript,1188
IDE06179,2026-08-09 16:36:00,DEV432,testing,SQL,891
IDE02212,2026-08-09 16:37:00,DEV180,testing,TypeScript,1387
IDE03463,2026-08-09 16:38:00,DEV366,coding,JavaScript,51
IDE07218,2026-08-09 16:41:00,DEV189,idle,Python,1102
IDE02194,2026-08-09 16:43:00,DEV474,debugging,SQL,522
IDE09930,2026-08-09 16:43:00,DEV103,coding,TypeScript,76
IDE06971,2026-08-09 16:49:00,DEV474,coding,SQL,1369
IDE06428,2026-08-09 16:50:00,DEV371,coding,JavaScript,219
IDE02745,2026-08-09 16:53:00,DEV266,debugging,Python,819
IDE03283,2026-08-09 16:57:00,DEV460,coding,TypeScript,1489
IDE06001,2026-08-09 16:57:00,DEV429,debugging,SQL,140
IDE07929,2026-08-09 16:57:00,DEV470,testing,JavaScript,236
IDE01165,2026-08-09 16:59:00,DEV082,file_open,JavaScript,714
IDE02054,2026-08-09 17:01:00,DEV264,coding,Java,1726
IDE08887,2026-08-09 17:01:00,DEV167,coding,Java,194
IDE05614,2026-08-09 17:02:00,DEV112,idle,Java,1161
IDE05765,2026-08-09 17:05:00,DEV361,terminal,TypeScript,1509
IDE01571,2026-08-09 17:07:00,DEV342,file_open,JavaScript,1278
IDE00960,2026-08-09 17:08:00,DEV486,file_open,SQL,273
IDE03034,2026-08-09 17:09:00,DEV261,debugging,Java,628
IDE04272,2026-08-09 17:16:00,DEV279,terminal,Python,1542
IDE03373,2026-08-09 17:19:00,DEV248,debugging,JavaScript,1476
IDE09568,2026-08-09 17:19:00,DEV320,testing,SQL,948
IDE06785,2026-08-09 17:25:00,DEV339,idle,Java,1261
IDE02609,2026-08-09 17:26:00,DEV277,coding,JavaScript,1597
IDE03329,2026-08-09 17:28:00,DEV217,file_open,JavaScript,204
IDE03322,2026-08-09 17:29:00,DEV352,testing,SQL,719
IDE06419,2026-08-09 17:31:00,DEV351,idle,Python,348
IDE04684,2026-08-09 17:35:00,DEV215,coding,Java,1502
IDE05454,2026-08-09 17:36:00,DEV463,testing,SQL,1226
IDE00790,2026-08-09 17:39:00,DEV404,idle,TypeScript,1448
IDE05886,2026-08-09 17:39:00,DEV449,idle,SQL,303
IDE02914,2026-08-09 17:40:00,DEV279,coding,TypeScript,1511
IDE08604,2026-08-09 17:40:00,DEV201,idle,JavaScript,1744
IDE02071,2026-08-09 17:42:00,DEV043,file_open,SQL,847
IDE03819,2026-08-09 17:45:00,DEV492,terminal,Java,564
IDE02245,2026-08-09 17:54:00,DEV336,testing,Python,423
IDE09402,2026-08-09 17:55:00,DEV252,testing,Java,921
IDE04334,2026-08-09 17:56:00,DEV130,terminal,Java,1698
IDE06623,2026-08-09 17:57:00,DEV222,idle,TypeScript,986
IDE01809,2026-08-09 18:00:00,DEV142,testing,Java,466
IDE01156,2026-08-09 18:01:00,DEV199,idle,SQL,241
IDE08068,2026-08-09 18:01:00,DEV392,file_open,Python,367
IDE00291,2026-08-09 18:02:00,DEV174,idle,Java,828
IDE03895,2026-08-09 18:03:00,DEV168,debugging,Java,210
IDE08812,2026-08-09 18:03:00,DEV378,coding,Java,414
IDE05718,2026-08-09 18:06:00,DEV205,testing,Python,1211
IDE02930,2026-08-09 18:09:00,DEV368,idle,SQL,621
IDE08560,2026-08-09 18:14:00,DEV407,coding,SQL,1703
IDE03335,2026-08-09 18:18:00,DEV040,idle,JavaScript,1483
IDE05114,2026-08-09 18:19:00,DEV125,file_open,Python,1133
IDE08760,2026-08-09 18:19:00,DEV302,coding,SQL,1636
IDE06858,2026-08-09 18:20:00,DEV321,debugging,Java,859
IDE08512,2026-08-09 18:24:00,DEV392,idle,TypeScript,112
IDE04177,2026-08-09 18:31:00,DEV415,debugging,JavaScript,1216
IDE00171,2026-08-09 18:36:00,DEV433,terminal,JavaScript,1746
IDE04009,2026-08-09 18:43:00,DEV005,idle,SQL,123
IDE02073,2026-08-09 18:44:00,DEV261,file_open,Java,200
IDE09848,2026-08-09 18:44:00,DEV471,terminal,TypeScript,803
IDE09663,2026-08-09 18:47:00,DEV068,file_open,TypeScript,36
IDE05621,2026-08-09 18:48:00,DEV247,testing,SQL,128
IDE04591,2026-08-09 18:52:00,DEV416,file_open,Python,1732
IDE08736,2026-08-09 18:52:00,DEV110,file_open,Java,1654
IDE01386,2026-08-09 18:53:00,DEV423,coding,TypeScript,1009
IDE01714,2026-08-09 18:53:00,DEV261,idle,JavaScript,745
IDE03315,2026-08-09 18:53:00,DEV146,file_open,JavaScript,517
IDE05834,2026-08-09 18:55:00,DEV491,testing,JavaScript,891
IDE06340,2026-08-09 18:55:00,DEV407,testing,TypeScript,974
IDE08141,2026-08-09 18:55:00,DEV018,idle,TypeScript,998
IDE00903,2026-08-09 18:56:00,DEV464,terminal,Python,1631
IDE02838,2026-08-09 18:58:00,DEV171,terminal,JavaScript,1012
IDE09918,2026-08-09 19:02:00,DEV187,coding,Python,106
IDE03690,2026-08-09 19:03:00,DEV005,idle,Python,122
IDE00102,2026-08-09 19:10:00,DEV267,coding,TypeScript,589
IDE06378,2026-08-09 19:12:00,DEV040,debugging,Java,1220
IDE04674,2026-08-09 19:15:00,DEV178,coding,Python,740
IDE01415,2026-08-09 19:22:00,DEV186,file_open,SQL,1634
IDE03656,2026-08-09 19:25:00,DEV056,file_open,JavaScript,1335
IDE01426,2026-08-09 19:27:00,DEV305,idle,SQL,1567
IDE07519,2026-08-09 19:30:00,DEV195,debugging,JavaScript,1153
IDE02404,2026-08-09 19:34:00,DEV121,idle,TypeScript,363
IDE04327,2026-08-09 19:36:00,DEV360,idle,TypeScript,364
IDE06868,2026-08-09 19:36:00,DEV165,idle,Java,1102
IDE07998,2026-08-09 19:36:00,DEV107,debugging,SQL,1190
IDE07396,2026-08-09 19:39:00,DEV204,coding,Python,1298
IDE01183,2026-08-09 19:42:00,DEV052,terminal,Java,1087
IDE04339,2026-08-09 19:45:00,DEV223,file_open,JavaScript,558
IDE03898,2026-08-09 19:46:00,DEV022,testing,Java,1209
IDE02652,2026-08-09 19:48:00,DEV346,terminal,TypeScript,524
IDE00644,2026-08-09 19:49:00,DEV167,coding,SQL,262
IDE03686,2026-08-09 19:55:00,DEV336,idle,Python,1025
IDE05546,2026-08-09 19:56:00,DEV035,terminal,Java,1679
IDE06941,2026-08-09 19:56:00,DEV442,idle,Java,93
IDE03221,2026-08-09 20:01:00,DEV202,idle,TypeScript,1408
IDE05391,2026-08-09 20:03:00,DEV175,testing,JavaScript,516
IDE05988,2026-08-09 20:04:00,DEV395,debugging,TypeScript,1423
IDE03651,2026-08-09 20:06:00,DEV053,testing,JavaScript,902
IDE01149,2026-08-09 20:14:00,DEV188,idle,JavaScript,1420
IDE00646,2026-08-09 20:16:00,DEV201,idle,JavaScript,1376
IDE00129,2026-08-09 20:18:00,DEV067,idle,Python,1043
IDE04377,2026-08-09 20:18:00,DEV291,terminal,TypeScript,1384
IDE09323,2026-08-09 20:18:00,DEV023,file_open,Java,59
IDE07757,2026-08-09 20:19:00,DEV191,terminal,JavaScript,226
IDE05940,2026-08-09 20:20:00,DEV460,idle,Java,1695
IDE03183,2026-08-09 20:23:00,DEV334,testing,TypeScript,844
IDE03433,2026-08-09 20:24:00,DEV197,coding,JavaScript,1622
IDE04267,2026-08-09 20:25:00,DEV384,debugging,JavaScript,552
IDE03032,2026-08-09 20:26:00,DEV387,debugging,Java,1260
IDE04176,2026-08-09 20:26:00,DEV473,file_open,JavaScript,273
IDE05935,2026-08-09 20:26:00,DEV017,idle,Java,1341
IDE07958,2026-08-09 20:26:00,DEV209,debugging,Java,945
IDE08478,2026-08-09 20:26:00,DEV497,debugging,JavaScript,1290
IDE03053,2026-08-09 20:28:00,DEV287,terminal,JavaScript,556
IDE03169,2026-08-09 20:29:00,DEV078,terminal,Java,285
IDE07891,2026-08-09 20:30:00,DEV037,testing,Python,1192
IDE02539,2026-08-09 20:31:00,DEV200,debugging,JavaScript,1553
IDE08259,2026-08-09 20:31:00,DEV345,idle,TypeScript,961
IDE05495,2026-08-09 20:33:00,DEV257,coding,Python,1478
IDE02800,2026-08-09 20:36:00,DEV037,coding,JavaScript,101
IDE06243,2026-08-09 20:38:00,DEV164,terminal,SQL,139
IDE02260,2026-08-09 20:42:00,DEV480,idle,TypeScript,1698
IDE01433,2026-08-09 20:48:00,DEV484,idle,TypeScript,804
IDE01329,2026-08-09 20:54:00,DEV127,file_open,Python,1283
IDE06571,2026-08-09 20:58:00,DEV004,coding,JavaScript,1479
IDE08587,2026-08-09 20:58:00,DEV172,idle,Python,1531
IDE04369,2026-08-09 21:00:00,DEV298,idle,SQL,36
IDE07751,2026-08-09 21:00:00,DEV096,idle,SQL,950
IDE06973,2026-08-09 21:01:00,DEV153,file_open,Java,1792
IDE00724,2026-08-09 21:04:00,DEV062,file_open,SQL,833
IDE08694,2026-08-09 21:07:00,DEV128,idle,SQL,548
IDE04747,2026-08-09 21:08:00,DEV328,idle,Python,312
IDE09005,2026-08-09 21:08:00,DEV432,testing,TypeScript,1678
IDE02901,2026-08-09 21:10:00,DEV451,file_open,JavaScript,818
IDE00497,2026-08-09 21:13:00,DEV233,testing,SQL,1052
IDE01215,2026-08-09 21:13:00,DEV213,debugging,Python,182
IDE04223,2026-08-09 21:14:00,DEV325,idle,TypeScript,97
IDE02528,2026-08-09 21:15:00,DEV215,idle,Java,1742
IDE01760,2026-08-09 21:16:00,DEV292,debugging,JavaScript,1061
IDE07864,2026-08-09 21:17:00,DEV100,idle,SQL,1056
IDE00889,2026-08-09 21:18:00,DEV223,coding,JavaScript,163
IDE01796,2026-08-09 21:19:00,DEV192,idle,TypeScript,1018
IDE01646,2026-08-09 21:21:00,DEV123,file_open,JavaScript,755
IDE00328,2026-08-09 21:22:00,DEV476,debugging,SQL,1118
IDE02407,2026-08-09 21:25:00,DEV450,coding,Python,505
IDE04189,2026-08-09 21:25:00,DEV428,testing,Java,600
IDE07040,2026-08-09 21:31:00,DEV216,coding,Java,70
IDE00390,2026-08-09 21:34:00,DEV250,idle,Python,49
IDE01027,2026-08-09 21:34:00,DEV349,debugging,SQL,339
IDE01773,2026-08-09 21:34:00,DEV060,coding,Python,645
IDE02784,2026-08-09 21:35:00,DEV060,testing,TypeScript,1038
IDE08467,2026-08-09 21:36:00,DEV270,terminal,TypeScript,923
IDE05943,2026-08-09 21:44:00,DEV152,terminal,Java,620
IDE04568,2026-08-09 21:51:00,DEV487,terminal,Java,650
IDE08089,2026-08-09 21:52:00,DEV137,idle,Java,553
IDE09159,2026-08-09 21:52:00,DEV216,coding,Java,1270
IDE08222,2026-08-09 21:58:00,DEV298,file_open,Java,1074
IDE02622,2026-08-09 21:59:00,DEV212,coding,Java,673
IDE03014,2026-08-09 21:59:00,DEV490,terminal,TypeScript,1229
IDE01864,2026-08-09 22:01:00,DEV410,file_open,SQL,338
IDE06075,2026-08-09 22:03:00,DEV113,idle,Python,443
IDE09342,2026-08-09 22:03:00,DEV495,terminal,JavaScript,755
IDE04958,2026-08-09 22:05:00,DEV500,file_open,SQL,297
IDE05573,2026-08-09 22:05:00,DEV068,coding,Python,469
IDE09762,2026-08-09 22:08:00,DEV458,debugging,Java,1175
IDE08811,2026-08-09 22:13:00,DEV132,debugging,Java,63
IDE09206,2026-08-09 22:14:00,DEV172,debugging,TypeScript,485
IDE04152,2026-08-09 22:16:00,DEV030,idle,JavaScript,1131
IDE09041,2026-08-09 22:17:00,DEV128,debugging,TypeScript,1446
IDE09688,2026-08-09 22:19:00,DEV468,terminal,JavaScript,1408
IDE02302,2026-08-09 22:20:00,DEV324,coding,SQL,1337
IDE08772,2026-08-09 22:24:00,DEV285,file_open,Java,1146
IDE06695,2026-08-09 22:29:00,DEV140,idle,Python,818
IDE03358,2026-08-09 22:35:00,DEV402,testing,SQL,376
IDE06686,2026-08-09 22:37:00,DEV186,debugging,TypeScript,332
IDE08972,2026-08-09 22:37:00,DEV253,file_open,Python,296
IDE03233,2026-08-09 22:40:00,DEV134,coding,Java,1405
IDE01964,2026-08-09 22:42:00,DEV154,terminal,TypeScript,1293
IDE04079,2026-08-09 22:42:00,DEV002,testing,TypeScript,621
IDE02168,2026-08-09 22:45:00,DEV359,terminal,Java,756
IDE02372,2026-08-09 22:49:00,DEV008,debugging,Python,277
IDE07189,2026-08-09 22:50:00,DEV340,terminal,Java,279
IDE09528,2026-08-09 22:55:00,DEV220,file_open,Python,1656
IDE04511,2026-08-09 22:57:00,DEV213,testing,TypeScript,1111
IDE03017,2026-08-09 22:58:00,DEV399,idle,TypeScript,638
IDE04562,2026-08-09 22:58:00,DEV183,debugging,Java,1632
IDE09316,2026-08-09 22:58:00,DEV239,idle,Java,421
IDE08780,2026-08-09 23:02:00,DEV343,coding,TypeScript,852
IDE02754,2026-08-09 23:08:00,DEV131,testing,Python,291
IDE08566,2026-08-09 23:09:00,DEV340,idle,Python,1029
IDE01887,2026-08-09 23:10:00,DEV264,file_open,JavaScript,933
IDE08850,2026-08-09 23:10:00,DEV193,idle,JavaScript,390
IDE07466,2026-08-09 23:11:00,DEV241,idle,TypeScript,167
IDE07900,2026-08-09 23:11:00,DEV414,idle,Java,1134
IDE06062,2026-08-09 23:12:00,DEV184,idle,Java,1521
IDE03070,2026-08-09 23:15:00,DEV426,idle,SQL,441
IDE03880,2026-08-09 23:17:00,DEV179,debugging,SQL,959
IDE07177,2026-08-09 23:17:00,DEV058,file_open,SQL,1056
IDE04717,2026-08-09 23:18:00,DEV166,idle,Python,968
IDE03155,2026-08-09 23:22:00,DEV279,file_open,SQL,813
IDE08133,2026-08-09 23:22:00,DEV374,idle,TypeScript,1493
IDE08444,2026-08-09 23:22:00,DEV213,terminal,JavaScript,1358
IDE01122,2026-08-09 23:24:00,DEV063,idle,Python,755
IDE06014,2026-08-09 23:25:00,DEV273,coding,Python,1531
IDE01657,2026-08-09 23:27:00,DEV482,testing,Python,156
IDE04853,2026-08-09 23:27:00,DEV019,coding,JavaScript,1268
IDE02234,2026-08-09 23:31:00,DEV176,terminal,SQL,605
IDE06411,2026-08-09 23:36:00,DEV323,idle,SQL,1221
IDE09839,2026-08-09 23:40:00,DEV493,terminal,Java,1689
IDE01832,2026-08-09 23:41:00,DEV168,debugging,Java,1300
IDE04834,2026-08-09 23:41:00,DEV084,testing,SQL,781
IDE02924,2026-08-09 23:43:00,DEV461,idle,Java,1740
IDE05873,2026-08-09 23:43:00,DEV200,terminal,Java,1591
IDE08268,2026-08-09 23:43:00,DEV335,debugging,SQL,402
IDE02138,2026-08-09 23:44:00,DEV134,terminal,Java,1271
IDE05223,2026-08-09 23:45:00,DEV301,file_open,Python,1529
IDE04795,2026-08-09 23:49:00,DEV413,idle,Java,321
IDE04443,2026-08-09 23:50:00,DEV291,terminal,Java,84
IDE02787,2026-08-09 23:52:00,DEV117,idle,SQL,122
IDE05856,2026-08-09 23:53:00,DEV405,testing,JavaScript,317
IDE09408,2026-08-09 23:58:00,DEV432,coding,Python,1781
IDE04278,2026-08-10 00:01:00,DEV369,idle,JavaScript,1260
IDE06108,2026-08-10 00:01:00,DEV369,coding,TypeScript,421
IDE00692,2026-08-10 00:03:00,DEV438,debugging,Java,1544
IDE03682,2026-08-10 00:03:00,DEV269,testing,Python,768
IDE08360,2026-08-10 00:06:00,DEV390,coding,Python,1795
IDE05087,2026-08-10 00:07:00,DEV316,testing,TypeScript,1282
IDE08866,2026-08-10 00:09:00,DEV298,file_open,SQL,333
IDE09775,2026-08-10 00:10:00,DEV421,testing,JavaScript,779
IDE02450,2026-08-10 00:12:00,DEV143,idle,Python,1040
IDE07827,2026-08-10 00:12:00,DEV452,coding,TypeScript,1053
IDE09025,2026-08-10 00:15:00,DEV218,file_open,JavaScript,1571
IDE01270,2026-08-10 00:16:00,DEV375,debugging,TypeScript,1460
IDE00002,2026-08-10 00:17:00,DEV116,file_open,Python,490
IDE02495,2026-08-10 00:17:00,DEV287,debugging,TypeScript,583
IDE08726,2026-08-10 00:18:00,DEV261,debugging,TypeScript,1160
IDE02981,2026-08-10 00:19:00,DEV360,file_open,Java,162
IDE03189,2026-08-10 00:25:00,DEV246,file_open,Java,393
IDE03714,2026-08-10 00:32:00,DEV390,testing,Python,424
IDE04626,2026-08-10 00:34:00,DEV094,idle,TypeScript,59
IDE07449,2026-08-10 00:35:00,DEV222,terminal,Python,194
IDE00531,2026-08-10 00:38:00,DEV270,coding,SQL,1383
IDE00957,2026-08-10 00:43:00,DEV103,file_open,JavaScript,910
IDE06652,2026-08-10 00:45:00,DEV342,debugging,SQL,1702
IDE02771,2026-08-10 00:48:00,DEV041,idle,Python,517
IDE07717,2026-08-10 00:49:00,DEV387,testing,JavaScript,262
IDE06155,2026-08-10 00:51:00,DEV248,testing,JavaScript,1755
IDE04724,2026-08-10 00:52:00,DEV060,coding,JavaScript,714
IDE03775,2026-08-10 00:53:00,DEV456,terminal,JavaScript,1773
IDE09806,2026-08-10 00:55:00,DEV067,debugging,JavaScript,1544
IDE02603,2026-08-10 00:57:00,DEV499,terminal,SQL,953
IDE09753,2026-08-10 00:57:00,DEV354,idle,Python,213
IDE03671,2026-08-10 01:00:00,DEV495,debugging,Python,804
IDE08595,2026-08-10 01:03:00,DEV391,coding,TypeScript,1568
IDE06035,2026-08-10 01:06:00,DEV029,file_open,Java,441
IDE00811,2026-08-10 01:07:00,DEV281,testing,SQL,1313
IDE02882,2026-08-10 01:07:00,DEV186,testing,SQL,33
IDE07645,2026-08-10 01:09:00,DEV392,debugging,Java,1343
IDE02963,2026-08-10 01:11:00,DEV119,file_open,Python,957
IDE02136,2026-08-10 01:18:00,DEV284,debugging,SQL,827
IDE03004,2026-08-10 01:18:00,DEV325,coding,SQL,908
IDE03625,2026-08-10 01:21:00,DEV474,debugging,SQL,923
IDE04985,2026-08-10 01:21:00,DEV303,coding,Java,1179
IDE08090,2026-08-10 01:21:00,DEV111,coding,JavaScript,1285
IDE05792,2026-08-10 01:22:00,DEV054,idle,Python,1688
IDE09314,2026-08-10 01:22:00,DEV479,idle,Python,67
IDE00919,2026-08-10 01:23:00,DEV269,testing,JavaScript,530
IDE07914,2026-08-10 01:23:00,DEV248,testing,Java,1501
IDE00084,2026-08-10 01:25:00,DEV357,testing,Python,710
IDE06645,2026-08-10 01:26:00,DEV198,file_open,SQL,981
IDE07072,2026-08-10 01:26:00,DEV163,terminal,Java,1472
IDE04924,2026-08-10 01:27:00,DEV340,testing,Java,1632
IDE00813,2026-08-10 01:28:00,DEV401,debugging,TypeScript,456
IDE03223,2026-08-10 01:29:00,DEV488,file_open,Java,1006
IDE04860,2026-08-10 01:31:00,DEV166,testing,Java,649
IDE09766,2026-08-10 01:31:00,DEV294,idle,TypeScript,317
IDE02319,2026-08-10 01:33:00,DEV195,file_open,TypeScript,1781
IDE02442,2026-08-10 01:37:00,DEV257,testing,SQL,452
IDE08152,2026-08-10 01:39:00,DEV273,idle,JavaScript,1224
IDE03012,2026-08-10 01:40:00,DEV348,terminal,TypeScript,115
IDE07578,2026-08-10 01:40:00,DEV411,testing,Python,1274
IDE09416,2026-08-10 01:40:00,DEV330,file_open,TypeScript,407
IDE01385,2026-08-10 01:42:00,DEV491,debugging,Python,1216
IDE01619,2026-08-10 01:42:00,DEV486,idle,JavaScript,688
IDE03712,2026-08-10 01:44:00,DEV108,debugging,TypeScript,61
IDE06698,2026-08-10 01:45:00,DEV025,debugging,Python,1355
IDE00748,2026-08-10 01:47:00,DEV294,idle,SQL,826
IDE04575,2026-08-10 01:47:00,DEV155,debugging,SQL,1298
IDE09807,2026-08-10 01:51:00,DEV327,file_open,Python,725
IDE01283,2026-08-10 01:54:00,DEV483,testing,SQL,1195
IDE07908,2026-08-10 01:55:00,DEV326,debugging,Java,780
IDE00337,2026-08-10 01:58:00,DEV189,idle,JavaScript,60
IDE02732,2026-08-10 02:02:00,DEV453,terminal,Java,1676
IDE01774,2026-08-10 02:03:00,DEV132,terminal,Python,264
IDE00331,2026-08-10 02:04:00,DEV462,idle,Java,1721
IDE08621,2026-08-10 02:06:00,DEV151,coding,Java,819
IDE05483,2026-08-10 02:07:00,DEV174,terminal,TypeScript,1007
IDE08452,2026-08-10 02:07:00,DEV435,coding,Python,1021
IDE00574,2026-08-10 02:09:00,DEV299,debugging,Java,1643
IDE09893,2026-08-10 02:09:00,DEV468,file_open,Java,789
IDE00069,2026-08-10 02:11:00,DEV062,debugging,SQL,560
IDE02471,2026-08-10 02:13:00,DEV315,terminal,Python,1588
IDE01142,2026-08-10 02:14:00,DEV081,debugging,Python,1117
IDE09630,2026-08-10 02:15:00,DEV373,debugging,Java,1229
IDE06143,2026-08-10 02:17:00,DEV438,testing,TypeScript,728
IDE02488,2026-08-10 02:19:00,DEV074,coding,TypeScript,358
IDE03554,2026-08-10 02:20:00,DEV292,file_open,TypeScript,902
IDE00348,2026-08-10 02:22:00,DEV125,debugging,SQL,1696
IDE07032,2026-08-10 02:23:00,DEV020,file_open,Java,605
IDE05978,2026-08-10 02:29:00,DEV080,debugging,JavaScript,1031
IDE03115,2026-08-10 02:30:00,DEV226,debugging,Python,68
IDE03613,2026-08-10 02:31:00,DEV070,idle,JavaScript,1184
IDE01915,2026-08-10 02:34:00,DEV171,file_open,JavaScript,1249
IDE05098,2026-08-10 02:36:00,DEV182,idle,SQL,815
IDE07595,2026-08-10 02:40:00,DEV463,terminal,Python,830
IDE09594,2026-08-10 02:40:00,DEV163,terminal,Java,698
IDE01749,2026-08-10 02:41:00,DEV412,file_open,TypeScript,687
IDE00704,2026-08-10 02:42:00,DEV040,debugging,TypeScript,1265
IDE07951,2026-08-10 02:42:00,DEV370,idle,SQL,925
IDE08606,2026-08-10 02:43:00,DEV035,testing,SQL,517
IDE06543,2026-08-10 02:45:00,DEV042,idle,JavaScript,996
IDE04076,2026-08-10 02:49:00,DEV056,coding,Java,1238
IDE05741,2026-08-10 02:50:00,DEV277,file_open,Java,1659
IDE06341,2026-08-10 02:50:00,DEV289,terminal,SQL,996
IDE01321,2026-08-10 02:51:00,DEV495,debugging,Java,1220
IDE06128,2026-08-10 02:51:00,DEV208,terminal,TypeScript,1379
IDE00474,2026-08-10 02:52:00,DEV069,testing,Python,1303
IDE01882,2026-08-10 02:52:00,DEV076,idle,TypeScript,626
IDE01592,2026-08-10 02:59:00,DEV188,idle,Java,1545
IDE08403,2026-08-10 03:09:00,DEV129,idle,Python,639
IDE07533,2026-08-10 03:10:00,DEV422,terminal,Python,1081
IDE09151,2026-08-10 03:10:00,DEV332,debugging,SQL,665
IDE04814,2026-08-10 03:11:00,DEV172,file_open,JavaScript,615
IDE05226,2026-08-10 03:11:00,DEV342,debugging,Java,66
IDE09204,2026-08-10 03:11:00,DEV016,idle,SQL,910
IDE09757,2026-08-10 03:19:00,DEV018,idle,SQL,855
IDE01290,2026-08-10 03:21:00,DEV334,file_open,SQL,558
IDE03001,2026-08-10 03:23:00,DEV207,terminal,JavaScript,1061
IDE04525,2026-08-10 03:23:00,DEV068,coding,Java,655
IDE09134,2026-08-10 03:28:00,DEV014,testing,TypeScript,972
IDE08558,2026-08-10 03:29:00,DEV392,terminal,Java,1506
IDE09132,2026-08-10 03:41:00,DEV358,idle,Java,1558
IDE00523,2026-08-10 03:42:00,DEV361,idle,Python,497
IDE05690,2026-08-10 03:42:00,DEV347,testing,Java,44
IDE05337,2026-08-10 03:45:00,DEV211,testing,JavaScript,162
IDE02428,2026-08-10 03:46:00,DEV261,terminal,SQL,1359
IDE00850,2026-08-10 03:49:00,DEV019,testing,JavaScript,121
IDE09322,2026-08-10 03:52:00,DEV298,idle,SQL,1133
IDE04162,2026-08-10 03:54:00,DEV261,testing,Java,946
IDE06107,2026-08-10 03:54:00,DEV438,testing,JavaScript,1578
IDE01898,2026-08-10 03:55:00,DEV332,coding,JavaScript,1164
IDE08291,2026-08-10 03:55:00,DEV006,file_open,SQL,1078
IDE04070,2026-08-10 03:57:00,DEV242,testing,Python,392
IDE09789,2026-08-10 04:02:00,DEV342,debugging,Java,905
IDE01704,2026-08-10 04:03:00,DEV375,coding,JavaScript,317
IDE02314,2026-08-10 04:03:00,DEV217,idle,Java,1612
IDE07793,2026-08-10 04:10:00,DEV227,terminal,TypeScript,398
IDE03077,2026-08-10 04:15:00,DEV178,testing,TypeScript,1331
IDE07160,2026-08-10 04:16:00,DEV476,terminal,Java,734
IDE04618,2026-08-10 04:17:00,DEV193,debugging,TypeScript,285
IDE03857,2026-08-10 04:18:00,DEV416,debugging,JavaScript,539
IDE08229,2026-08-10 04:21:00,DEV015,coding,Python,1617
IDE08368,2026-08-10 04:21:00,DEV221,file_open,TypeScript,1267
IDE01683,2026-08-10 04:22:00,DEV252,debugging,Python,856
IDE04643,2026-08-10 04:25:00,DEV402,idle,SQL,1670
IDE03499,2026-08-10 04:27:00,DEV307,coding,TypeScript,1385
IDE04266,2026-08-10 04:31:00,DEV337,idle,Java,653
IDE04632,2026-08-10 04:32:00,DEV279,idle,JavaScript,50
IDE09975,2026-08-10 04:33:00,DEV415,debugging,TypeScript,221
IDE00598,2026-08-10 04:34:00,DEV170,testing,TypeScript,1653
IDE05401,2026-08-10 04:36:00,DEV364,coding,Python,1794
IDE05692,2026-08-10 04:36:00,DEV132,testing,Python,408
IDE07656,2026-08-10 04:38:00,DEV089,debugging,Python,1602
IDE07042,2026-08-10 04:42:00,DEV128,testing,TypeScript,949
IDE09978,2026-08-10 04:45:00,DEV398,file_open,Python,146
IDE06085,2026-08-10 04:46:00,DEV030,idle,Python,1276
IDE08708,2026-08-10 04:46:00,DEV475,terminal,TypeScript,1712
IDE02018,2026-08-10 04:49:00,DEV032,coding,Python,875
IDE09723,2026-08-10 04:53:00,DEV412,terminal,TypeScript,1535
IDE08456,2026-08-10 04:58:00,DEV030,testing,Java,1548
IDE09645,2026-08-10 04:58:00,DEV171,coding,JavaScript,1215
IDE05438,2026-08-10 05:02:00,DEV091,terminal,TypeScript,939
IDE03939,2026-08-10 05:04:00,DEV236,testing,Java,1015
IDE09621,2026-08-10 05:05:00,DEV421,file_open,TypeScript,1340
IDE04129,2026-08-10 05:07:00,DEV484,idle,TypeScript,563
IDE08534,2026-08-10 05:10:00,DEV214,file_open,Java,1322
IDE03145,2026-08-10 05:18:00,DEV256,testing,Python,744
IDE04845,2026-08-10 05:20:00,DEV444,coding,SQL,1025
IDE09586,2026-08-10 05:20:00,DEV246,file_open,SQL,754
IDE02048,2026-08-10 05:21:00,DEV422,debugging,Java,1694
IDE05569,2026-08-10 05:21:00,DEV102,debugging,Java,1769
IDE02085,2026-08-10 05:26:00,DEV202,terminal,Python,620
IDE09350,2026-08-10 05:27:00,DEV324,testing,SQL,717
IDE04251,2026-08-10 05:28:00,DEV481,idle,Python,484
IDE03147,2026-08-10 05:30:00,DEV020,debugging,Java,387
IDE08247,2026-08-10 05:30:00,DEV321,coding,JavaScript,159
IDE06798,2026-08-10 05:31:00,DEV126,coding,SQL,1574
IDE09221,2026-08-10 05:34:00,DEV495,file_open,Python,1719
IDE01733,2026-08-10 05:36:00,DEV074,idle,SQL,1537
IDE09465,2026-08-10 05:38:00,DEV369,idle,TypeScript,1554
IDE07263,2026-08-10 05:39:00,DEV266,coding,JavaScript,172
IDE06271,2026-08-10 05:41:00,DEV123,testing,TypeScript,302
IDE03828,2026-08-10 05:42:00,DEV313,testing,Java,1657
IDE04368,2026-08-10 05:44:00,DEV445,file_open,Python,911
IDE05048,2026-08-10 05:45:00,DEV115,testing,SQL,1081
IDE04027,2026-08-10 05:46:00,DEV404,terminal,Java,1704
IDE04255,2026-08-10 05:47:00,DEV056,debugging,JavaScript,278
IDE00159,2026-08-10 05:48:00,DEV186,idle,Java,1700
IDE06256,2026-08-10 05:48:00,DEV347,idle,Java,1426
IDE03337,2026-08-10 05:50:00,DEV326,debugging,Java,1695
IDE07055,2026-08-10 06:00:00,DEV433,coding,JavaScript,414
IDE08882,2026-08-10 06:04:00,DEV326,idle,Python,1663
IDE00108,2026-08-10 06:05:00,DEV481,idle,TypeScript,53
IDE08687,2026-08-10 06:05:00,DEV002,testing,Java,802
IDE08235,2026-08-10 06:10:00,DEV343,debugging,JavaScript,1270
IDE09713,2026-08-10 06:11:00,DEV471,terminal,SQL,328
IDE09339,2026-08-10 06:15:00,DEV491,terminal,TypeScript,1319
IDE01248,2026-08-10 06:16:00,DEV140,file_open,SQL,1513
IDE01729,2026-08-10 06:17:00,DEV075,debugging,Java,867
IDE00694,2026-08-10 06:19:00,DEV115,coding,Java,283
IDE01603,2026-08-10 06:23:00,DEV214,debugging,JavaScript,355
IDE08835,2026-08-10 06:23:00,DEV444,file_open,JavaScript,535
IDE04861,2026-08-10 06:26:00,DEV208,testing,Java,1364
IDE07631,2026-08-10 06:27:00,DEV022,coding,Java,1013
IDE02491,2026-08-10 06:28:00,DEV500,testing,TypeScript,1381
IDE01972,2026-08-10 06:31:00,DEV006,terminal,Java,1008
IDE07222,2026-08-10 06:35:00,DEV401,terminal,TypeScript,607
IDE04760,2026-08-10 06:36:00,DEV207,file_open,Python,744
IDE09660,2026-08-10 06:37:00,DEV266,file_open,SQL,1148
IDE07693,2026-08-10 06:38:00,DEV041,file_open,Python,504
IDE00879,2026-08-10 06:39:00,DEV322,testing,Java,332
IDE03993,2026-08-10 06:39:00,DEV157,file_open,Java,1188
IDE02602,2026-08-10 06:40:00,DEV449,idle,SQL,1395
IDE06685,2026-08-10 06:41:00,DEV254,idle,JavaScript,272
IDE02617,2026-08-10 06:42:00,DEV236,debugging,SQL,680
IDE00044,2026-08-10 06:44:00,DEV274,testing,Python,1337
IDE02147,2026-08-10 06:45:00,DEV316,coding,SQL,245
IDE04727,2026-08-10 06:47:00,DEV329,testing,TypeScript,47
IDE00825,2026-08-10 06:50:00,DEV308,terminal,TypeScript,1386
IDE01716,2026-08-10 06:52:00,DEV375,coding,SQL,1589
IDE07630,2026-08-10 06:53:00,DEV387,file_open,SQL,1660
IDE06043,2026-08-10 06:59:00,DEV070,debugging,Python,210
IDE00349,2026-08-10 07:01:00,DEV276,file_open,SQL,1787
IDE01368,2026-08-10 07:01:00,DEV050,idle,Java,630
IDE06102,2026-08-10 07:02:00,DEV204,file_open,TypeScript,1527
IDE03836,2026-08-10 07:04:00,DEV332,coding,Python,1039
IDE08965,2026-08-10 07:04:00,DEV250,idle,Java,670
IDE00754,2026-08-10 07:06:00,DEV201,testing,JavaScript,1642
IDE00430,2026-08-10 07:10:00,DEV403,file_open,SQL,864
IDE06058,2026-08-10 07:14:00,DEV413,terminal,Python,998
IDE03905,2026-08-10 07:15:00,DEV022,testing,SQL,743
IDE03420,2026-08-10 07:18:00,DEV480,file_open,TypeScript,1520
IDE02621,2026-08-10 07:22:00,DEV325,idle,JavaScript,893
IDE03412,2026-08-10 07:22:00,DEV355,file_open,TypeScript,1197
IDE06178,2026-08-10 07:22:00,DEV237,file_open,TypeScript,517
IDE08907,2026-08-10 07:25:00,DEV496,debugging,Java,1161
IDE06367,2026-08-10 07:29:00,DEV494,testing,Python,1793
IDE02542,2026-08-10 07:31:00,DEV065,file_open,TypeScript,98
IDE04489,2026-08-10 07:33:00,DEV323,coding,SQL,795
IDE03435,2026-08-10 07:35:00,DEV059,terminal,TypeScript,1141
IDE04085,2026-08-10 07:35:00,DEV208,debugging,TypeScript,1355
IDE02910,2026-08-10 07:37:00,DEV480,terminal,SQL,901
IDE05383,2026-08-10 07:40:00,DEV072,terminal,Python,236
IDE06122,2026-08-10 07:40:00,DEV378,file_open,TypeScript,1135
IDE07033,2026-08-10 07:41:00,DEV480,idle,JavaScript,1278
IDE08769,2026-08-10 07:41:00,DEV368,testing,JavaScript,513
IDE06810,2026-08-10 07:45:00,DEV490,coding,Java,78
IDE01884,2026-08-10 07:48:00,DEV251,testing,SQL,1119
IDE07783,2026-08-10 07:49:00,DEV460,debugging,Java,1587
IDE09642,2026-08-10 07:50:00,DEV175,file_open,TypeScript,133
IDE03741,2026-08-10 07:51:00,DEV115,file_open,Java,60
IDE03751,2026-08-10 07:51:00,DEV022,testing,SQL,470
IDE07421,2026-08-10 07:54:00,DEV161,debugging,TypeScript,1455
IDE01472,2026-08-10 07:55:00,DEV408,testing,Python,45
IDE00827,2026-08-10 08:00:00,DEV298,file_open,JavaScript,625
IDE09267,2026-08-10 08:01:00,DEV396,debugging,SQL,1053
IDE02470,2026-08-10 08:07:00,DEV087,terminal,Java,1271
IDE05491,2026-08-10 08:07:00,DEV095,terminal,SQL,383
IDE09083,2026-08-10 08:07:00,DEV405,testing,Java,554
IDE05159,2026-08-10 08:09:00,DEV454,terminal,Python,466
IDE09138,2026-08-10 08:10:00,DEV480,file_open,SQL,1036
IDE04587,2026-08-10 08:11:00,DEV109,coding,TypeScript,1300
IDE06198,2026-08-10 08:19:00,DEV317,file_open,SQL,1540
IDE08382,2026-08-10 08:20:00,DEV252,file_open,Python,467
IDE05632,2026-08-10 08:21:00,DEV190,testing,TypeScript,1503
IDE03312,2026-08-10 08:22:00,DEV032,testing,SQL,848
IDE09590,2026-08-10 08:22:00,DEV256,debugging,TypeScript,1068
IDE05827,2026-08-10 08:27:00,DEV483,idle,Java,334
IDE00611,2026-08-10 08:30:00,DEV046,coding,SQL,950
IDE07141,2026-08-10 08:31:00,DEV334,testing,Java,651
IDE01694,2026-08-10 08:32:00,DEV356,testing,Python,513
IDE01538,2026-08-10 08:34:00,DEV098,terminal,SQL,1241
IDE02008,2026-08-10 08:34:00,DEV013,coding,SQL,177
IDE05781,2026-08-10 08:34:00,DEV113,debugging,SQL,1201
IDE06570,2026-08-10 08:35:00,DEV177,idle,Java,872
IDE00982,2026-08-10 08:37:00,DEV277,file_open,JavaScript,776
IDE02612,2026-08-10 08:40:00,DEV341,testing,Python,282
IDE01769,2026-08-10 08:41:00,DEV395,terminal,SQL,1797
IDE04168,2026-08-10 08:41:00,DEV108,coding,Python,266
IDE07336,2026-08-10 08:42:00,DEV098,coding,Python,180
IDE01609,2026-08-10 08:43:00,DEV214,terminal,Python,1730
IDE06335,2026-08-10 08:43:00,DEV340,coding,JavaScript,1476
IDE07171,2026-08-10 08:44:00,DEV316,file_open,SQL,1800
IDE02773,2026-08-10 08:45:00,DEV144,debugging,TypeScript,235
IDE04397,2026-08-10 08:46:00,DEV373,debugging,SQL,1309
IDE02764,2026-08-10 08:49:00,DEV008,terminal,TypeScript,1018
IDE04646,2026-08-10 08:50:00,DEV062,coding,Python,782
IDE04191,2026-08-10 08:52:00,DEV055,terminal,Java,662
IDE08918,2026-08-10 08:53:00,DEV255,testing,Java,1247
IDE06343,2026-08-10 08:59:00,DEV462,debugging,JavaScript,890
IDE04166,2026-08-10 09:00:00,DEV100,testing,Java,189
IDE04008,2026-08-10 09:02:00,DEV496,coding,Python,1541
IDE08448,2026-08-10 09:02:00,DEV063,coding,JavaScript,452
IDE00512,2026-08-10 09:03:00,DEV250,coding,SQL,1044
IDE03398,2026-08-10 09:04:00,DEV085,terminal,Java,1372
IDE09126,2026-08-10 09:07:00,DEV478,coding,TypeScript,1719
IDE04330,2026-08-10 09:09:00,DEV351,coding,Python,1478
IDE05599,2026-08-10 09:09:00,DEV112,terminal,JavaScript,187
IDE03049,2026-08-10 09:13:00,DEV008,testing,SQL,691
IDE06402,2026-08-10 09:13:00,DEV091,debugging,Java,1497
IDE06435,2026-08-10 09:17:00,DEV235,idle,Java,1522
IDE01238,2026-08-10 09:20:00,DEV454,idle,TypeScript,101
IDE09514,2026-08-10 09:20:00,DEV178,debugging,JavaScript,1351
IDE05661,2026-08-10 09:22:00,DEV138,idle,Python,1746
IDE09999,2026-08-10 09:23:00,DEV008,file_open,TypeScript,499
IDE06549,2026-08-10 09:25:00,DEV184,debugging,Python,95
IDE09072,2026-08-10 09:26:00,DEV294,idle,Java,1320
IDE03400,2026-08-10 09:29:00,DEV130,file_open,TypeScript,449
IDE05220,2026-08-10 09:29:00,DEV076,file_open,JavaScript,1376
IDE08245,2026-08-10 09:30:00,DEV276,idle,JavaScript,1666
IDE07464,2026-08-10 09:37:00,DEV068,file_open,Java,55
IDE06611,2026-08-10 09:41:00,DEV023,testing,SQL,1121
IDE01587,2026-08-10 09:44:00,DEV143,testing,JavaScript,356
IDE01528,2026-08-10 09:45:00,DEV029,testing,JavaScript,1022
IDE08441,2026-08-10 09:45:00,DEV046,terminal,TypeScript,1159
IDE02292,2026-08-10 09:47:00,DEV374,debugging,TypeScript,643
IDE04506,2026-08-10 09:51:00,DEV216,testing,SQL,823
IDE08620,2026-08-10 09:51:00,DEV476,testing,SQL,836
IDE06903,2026-08-10 09:53:00,DEV208,terminal,Java,727
IDE02324,2026-08-10 09:54:00,DEV208,debugging,JavaScript,542
IDE09195,2026-08-10 09:54:00,DEV008,testing,Python,414
IDE04261,2026-08-10 09:56:00,DEV431,terminal,Python,1554
IDE08036,2026-08-10 10:02:00,DEV081,terminal,SQL,395
IDE05077,2026-08-10 10:04:00,DEV238,idle,Java,1660
IDE01253,2026-08-10 10:05:00,DEV451,debugging,Java,891
IDE06646,2026-08-10 10:06:00,DEV398,idle,SQL,339
IDE02926,2026-08-10 10:10:00,DEV452,file_open,SQL,1640
IDE05326,2026-08-10 10:11:00,DEV030,testing,TypeScript,821
IDE09614,2026-08-10 10:16:00,DEV426,file_open,TypeScript,388
IDE03631,2026-08-10 10:18:00,DEV323,file_open,Python,291
IDE07281,2026-08-10 10:18:00,DEV242,file_open,JavaScript,972
IDE03374,2026-08-10 10:20:00,DEV033,debugging,Java,1024
IDE04200,2026-08-10 10:20:00,DEV344,file_open,TypeScript,669
IDE09398,2026-08-10 10:22:00,DEV431,testing,JavaScript,242
IDE01190,2026-08-10 10:23:00,DEV256,debugging,SQL,978
IDE09440,2026-08-10 10:25:00,DEV078,terminal,TypeScript,740
IDE07280,2026-08-10 10:26:00,DEV049,debugging,TypeScript,261
IDE08579,2026-08-10 10:26:00,DEV123,terminal,TypeScript,500
IDE02163,2026-08-10 10:27:00,DEV277,idle,Python,1172
IDE05185,2026-08-10 10:28:00,DEV177,file_open,Python,979
IDE09600,2026-08-10 10:28:00,DEV061,debugging,Java,1287
IDE01358,2026-08-10 10:31:00,DEV480,terminal,JavaScript,589
IDE03274,2026-08-10 10:35:00,DEV308,terminal,Python,913
IDE05673,2026-08-10 10:35:00,DEV338,debugging,JavaScript,1714
IDE02316,2026-08-10 10:39:00,DEV227,debugging,TypeScript,268
IDE07563,2026-08-10 10:40:00,DEV236,debugging,SQL,1696
IDE01702,2026-08-10 10:41:00,DEV331,idle,JavaScript,1611
IDE06677,2026-08-10 10:42:00,DEV005,testing,JavaScript,1210
IDE09064,2026-08-10 10:44:00,DEV312,debugging,Python,477
IDE05237,2026-08-10 10:48:00,DEV021,terminal,TypeScript,34
IDE03957,2026-08-10 10:49:00,DEV010,terminal,SQL,1332
IDE05964,2026-08-10 10:49:00,DEV494,coding,SQL,398
IDE06869,2026-08-10 10:52:00,DEV288,coding,JavaScript,1279
IDE01423,2026-08-10 10:56:00,DEV197,terminal,TypeScript,428
IDE05642,2026-08-10 10:58:00,DEV182,idle,Python,1725
IDE00396,2026-08-10 11:00:00,DEV361,idle,SQL,1704
IDE01401,2026-08-10 11:01:00,DEV317,coding,JavaScript,31
IDE02656,2026-08-10 11:01:00,DEV054,coding,SQL,1567
IDE07512,2026-08-10 11:03:00,DEV486,testing,JavaScript,202
IDE04113,2026-08-10 11:11:00,DEV302,terminal,SQL,738
IDE05580,2026-08-10 11:12:00,DEV119,testing,TypeScript,1565
IDE07378,2026-08-10 11:14:00,DEV411,testing,JavaScript,263
IDE00806,2026-08-10 11:20:00,DEV201,testing,Java,1258
IDE08345,2026-08-10 11:21:00,DEV278,testing,TypeScript,1317
IDE02948,2026-08-10 11:25:00,DEV180,coding,Java,538
IDE04787,2026-08-10 11:25:00,DEV096,debugging,JavaScript,305
IDE00506,2026-08-10 11:28:00,DEV138,terminal,Java,791
IDE02730,2026-08-10 11:32:00,DEV166,coding,SQL,1096
IDE03762,2026-08-10 11:32:00,DEV109,debugging,SQL,767
IDE07845,2026-08-10 11:36:00,DEV099,file_open,SQL,148
IDE08700,2026-08-10 11:42:00,DEV140,testing,SQL,851
IDE03749,2026-08-10 11:44:00,DEV372,idle,Java,434
IDE06562,2026-08-10 11:45:00,DEV118,file_open,SQL,1440
IDE07885,2026-08-10 11:47:00,DEV141,idle,Python,1264
IDE07948,2026-08-10 11:49:00,DEV194,file_open,TypeScript,1119
IDE08391,2026-08-10 11:52:00,DEV483,debugging,JavaScript,1620
IDE02222,2026-08-10 11:53:00,DEV170,testing,TypeScript,720
IDE00161,2026-08-10 11:55:00,DEV232,idle,SQL,1563
IDE04825,2026-08-10 11:56:00,DEV359,debugging,Python,1662
IDE03267,2026-08-10 11:58:00,DEV282,coding,SQL,633
IDE06640,2026-08-10 11:59:00,DEV311,idle,SQL,1169
IDE00584,2026-08-10 12:03:00,DEV229,coding,Python,55
IDE03256,2026-08-10 12:03:00,DEV025,coding,TypeScript,241
IDE00028,2026-08-10 12:05:00,DEV207,file_open,Java,951
IDE05520,2026-08-10 12:09:00,DEV036,file_open,TypeScript,814
IDE04044,2026-08-10 12:10:00,DEV388,coding,SQL,142
IDE03117,2026-08-10 12:15:00,DEV421,terminal,SQL,543
IDE03962,2026-08-10 12:17:00,DEV073,debugging,JavaScript,468
IDE09490,2026-08-10 12:17:00,DEV038,coding,SQL,1634
IDE07791,2026-08-10 12:21:00,DEV262,coding,JavaScript,1231
IDE04431,2026-08-10 12:22:00,DEV468,file_open,TypeScript,1248
IDE00346,2026-08-10 12:23:00,DEV404,idle,Java,444
IDE09566,2026-08-10 12:24:00,DEV317,coding,SQL,111
IDE04073,2026-08-10 12:28:00,DEV225,testing,JavaScript,403
IDE01348,2026-08-10 12:31:00,DEV241,debugging,TypeScript,1346
IDE06706,2026-08-10 12:33:00,DEV089,file_open,JavaScript,1064
IDE07200,2026-08-10 12:34:00,DEV123,idle,Java,650
IDE09003,2026-08-10 12:35:00,DEV135,terminal,SQL,781
IDE09743,2026-08-10 12:35:00,DEV456,idle,JavaScript,498
IDE08897,2026-08-10 12:37:00,DEV498,terminal,Python,1642
IDE07851,2026-08-10 12:39:00,DEV140,testing,Java,1771
IDE00279,2026-08-10 12:45:00,DEV383,file_open,Python,1661
IDE03909,2026-08-10 12:45:00,DEV387,idle,Java,233
IDE00039,2026-08-10 12:48:00,DEV196,testing,Java,949
IDE07019,2026-08-10 12:51:00,DEV237,debugging,SQL,256
IDE01607,2026-08-10 12:53:00,DEV179,file_open,SQL,52
IDE03487,2026-08-10 12:55:00,DEV039,file_open,Java,160
IDE07550,2026-08-10 12:55:00,DEV211,terminal,JavaScript,670
IDE09862,2026-08-10 12:57:00,DEV170,testing,TypeScript,34
IDE05230,2026-08-10 12:59:00,DEV182,debugging,TypeScript,1632
IDE09770,2026-08-10 12:59:00,DEV010,terminal,Java,138
IDE06994,2026-08-10 13:03:00,DEV198,testing,SQL,1286
IDE01934,2026-08-10 13:05:00,DEV305,debugging,Java,1788
IDE02634,2026-08-10 13:08:00,DEV305,file_open,Java,729
IDE01210,2026-08-10 13:10:00,DEV095,coding,JavaScript,974
IDE08513,2026-08-10 13:15:00,DEV294,coding,Python,622
IDE01524,2026-08-10 13:18:00,DEV091,idle,Python,1269
IDE07810,2026-08-10 13:21:00,DEV146,terminal,JavaScript,630
IDE09996,2026-08-10 13:21:00,DEV468,testing,TypeScript,1771
IDE01508,2026-08-10 13:23:00,DEV041,terminal,Java,547
IDE04774,2026-08-10 13:25:00,DEV148,terminal,JavaScript,1784
IDE06775,2026-08-10 13:25:00,DEV110,coding,SQL,33
IDE04892,2026-08-10 13:26:00,DEV332,debugging,Java,327
IDE08931,2026-08-10 13:29:00,DEV028,file_open,SQL,981
IDE03893,2026-08-10 13:31:00,DEV139,terminal,Python,1307
IDE03334,2026-08-10 13:36:00,DEV287,debugging,Java,681
IDE00405,2026-08-10 13:38:00,DEV319,debugging,Java,1083
IDE09065,2026-08-10 13:38:00,DEV441,idle,SQL,53
IDE10000,2026-08-10 13:41:00,DEV039,terminal,Python,872
IDE02700,2026-08-10 13:44:00,DEV118,debugging,TypeScript,184
IDE03678,2026-08-10 13:45:00,DEV295,coding,JavaScript,956
IDE04481,2026-08-10 13:46:00,DEV134,debugging,SQL,204
IDE06436,2026-08-10 13:46:00,DEV370,file_open,JavaScript,695
IDE07276,2026-08-10 13:46:00,DEV121,file_open,JavaScript,1622
IDE01262,2026-08-10 13:50:00,DEV393,testing,Java,1424
IDE07245,2026-08-10 13:56:00,DEV027,file_open,TypeScript,974
IDE00053,2026-08-10 13:57:00,DEV394,debugging,JavaScript,1013
IDE09873,2026-08-10 13:57:00,DEV432,testing,SQL,721
IDE01870,2026-08-10 14:00:00,DEV363,testing,TypeScript,1719
IDE07726,2026-08-10 14:00:00,DEV210,idle,Java,1467
IDE05971,2026-08-10 14:03:00,DEV489,idle,TypeScript,726
IDE05833,2026-08-10 14:07:00,DEV207,testing,Java,1332
IDE09492,2026-08-10 14:09:00,DEV272,file_open,TypeScript,1505
IDE09344,2026-08-10 14:10:00,DEV233,terminal,Java,1022
IDE00005,2026-08-10 14:12:00,DEV393,idle,TypeScript,763
IDE01618,2026-08-10 14:14:00,DEV305,idle,Python,1262
IDE00385,2026-08-10 14:17:00,DEV366,coding,TypeScript,1529
IDE07769,2026-08-10 14:17:00,DEV486,debugging,SQL,1100
IDE02268,2026-08-10 14:25:00,DEV400,idle,Java,1216
IDE04804,2026-08-10 14:28:00,DEV412,file_open,Python,719
IDE07011,2026-08-10 14:28:00,DEV287,terminal,JavaScript,1234
IDE03419,2026-08-10 14:31:00,DEV352,idle,TypeScript,1483
IDE05121,2026-08-10 14:32:00,DEV311,file_open,SQL,435
IDE00626,2026-08-10 14:33:00,DEV267,idle,TypeScript,304
IDE05455,2026-08-10 14:38:00,DEV125,file_open,SQL,233
IDE00253,2026-08-10 14:39:00,DEV312,coding,Python,1272
IDE02957,2026-08-10 14:41:00,DEV231,debugging,Python,1116
IDE03669,2026-08-10 14:44:00,DEV036,file_open,SQL,517
IDE08555,2026-08-10 14:44:00,DEV185,terminal,JavaScript,1440
IDE09904,2026-08-10 14:48:00,DEV461,terminal,TypeScript,92
IDE04672,2026-08-10 14:50:00,DEV146,testing,Java,225
IDE07001,2026-08-10 14:50:00,DEV159,terminal,JavaScript,96
IDE07321,2026-08-10 14:51:00,DEV275,terminal,JavaScript,1518
IDE00137,2026-08-10 14:52:00,DEV407,terminal,Python,830
IDE06948,2026-08-10 14:55:00,DEV258,debugging,Python,505
IDE05867,2026-08-10 15:01:00,DEV001,coding,JavaScript,899
IDE02424,2026-08-10 15:02:00,DEV086,coding,JavaScript,1421
IDE04694,2026-08-10 15:03:00,DEV252,testing,SQL,1012
IDE00993,2026-08-10 15:04:00,DEV060,testing,Python,74
IDE06267,2026-08-10 15:04:00,DEV096,debugging,Java,589
IDE07020,2026-08-10 15:08:00,DEV088,terminal,SQL,303
IDE00854,2026-08-10 15:13:00,DEV173,terminal,Java,359
IDE03504,2026-08-10 15:13:00,DEV372,testing,JavaScript,872
IDE09565,2026-08-10 15:20:00,DEV028,coding,Python,973
IDE06322,2026-08-10 15:21:00,DEV352,testing,TypeScript,1433
IDE05911,2026-08-10 15:27:00,DEV256,testing,TypeScript,945
IDE01409,2026-08-10 15:37:00,DEV494,coding,JavaScript,176
IDE02501,2026-08-10 15:37:00,DEV448,coding,TypeScript,988
IDE07611,2026-08-10 15:38:00,DEV387,testing,Python,1352
IDE04171,2026-08-10 15:42:00,DEV145,debugging,TypeScript,1168
IDE03294,2026-08-10 15:43:00,DEV193,testing,TypeScript,591
IDE06334,2026-08-10 15:46:00,DEV258,debugging,Java,486
IDE02520,2026-08-10 15:49:00,DEV055,testing,SQL,376
IDE02812,2026-08-10 15:53:00,DEV118,debugging,SQL,1650
IDE04803,2026-08-10 15:54:00,DEV263,terminal,Java,1216
IDE09230,2026-08-10 15:54:00,DEV001,terminal,TypeScript,396
IDE02584,2026-08-10 15:56:00,DEV312,file_open,Java,1684
IDE08968,2026-08-10 16:04:00,DEV010,debugging,JavaScript,1779
IDE03448,2026-08-10 16:05:00,DEV407,coding,JavaScript,1255
IDE00001,2026-08-10 16:06:00,DEV267,testing,Python,391
IDE03612,2026-08-10 16:08:00,DEV128,testing,Python,1695
IDE06022,2026-08-10 16:09:00,DEV417,idle,TypeScript,834
IDE09781,2026-08-10 16:10:00,DEV227,coding,JavaScript,1144
IDE08250,2026-08-10 16:11:00,DEV090,file_open,JavaScript,1496
IDE06853,2026-08-10 16:12:00,DEV015,file_open,SQL,798
IDE08139,2026-08-10 16:13:00,DEV159,file_open,SQL,990
IDE03842,2026-08-10 16:14:00,DEV223,debugging,SQL,1368
IDE01923,2026-08-10 16:15:00,DEV088,debugging,Python,1438
IDE01485,2026-08-10 16:20:00,DEV369,coding,TypeScript,1382
IDE04403,2026-08-10 16:20:00,DEV347,testing,TypeScript,1767
IDE05338,2026-08-10 16:25:00,DEV001,file_open,JavaScript,745
IDE07807,2026-08-10 16:26:00,DEV136,terminal,JavaScript,250
IDE06838,2026-08-10 16:27:00,DEV368,idle,SQL,155
IDE07166,2026-08-10 16:30:00,DEV254,terminal,JavaScript,275
IDE07634,2026-08-10 16:30:00,DEV471,debugging,Python,224
IDE07100,2026-08-10 16:33:00,DEV482,coding,JavaScript,865
IDE04514,2026-08-10 16:35:00,DEV318,terminal,Java,870
IDE02529,2026-08-10 16:37:00,DEV358,coding,JavaScript,162
IDE04030,2026-08-10 16:37:00,DEV472,testing,Python,111
IDE03068,2026-08-10 16:38:00,DEV022,debugging,Python,828
IDE04594,2026-08-10 16:39:00,DEV021,debugging,Java,1112
IDE07118,2026-08-10 16:41:00,DEV023,debugging,Python,426
IDE09878,2026-08-10 16:42:00,DEV343,terminal,Python,1467
IDE00945,2026-08-10 16:45:00,DEV009,debugging,SQL,964
IDE06945,2026-08-10 16:47:00,DEV075,terminal,Python,111
IDE08325,2026-08-10 16:54:00,DEV368,file_open,SQL,1247
IDE09157,2026-08-10 16:56:00,DEV122,testing,Java,1239
IDE02785,2026-08-10 16:58:00,DEV435,terminal,Java,61
IDE00898,2026-08-10 17:00:00,DEV230,debugging,TypeScript,1370
IDE02826,2026-08-10 17:01:00,DEV490,file_open,Java,1019
IDE08215,2026-08-10 17:06:00,DEV422,idle,SQL,455
IDE00660,2026-08-10 17:11:00,DEV225,coding,Python,88
IDE01377,2026-08-10 17:12:00,DEV286,file_open,SQL,933
IDE09772,2026-08-10 17:15:00,DEV386,file_open,SQL,124
IDE08171,2026-08-10 17:21:00,DEV369,testing,TypeScript,1445
IDE01053,2026-08-10 17:23:00,DEV339,coding,JavaScript,1760
IDE09232,2026-08-10 17:25:00,DEV321,testing,Python,1051
IDE01105,2026-08-10 17:35:00,DEV321,coding,SQL,481
IDE06499,2026-08-10 17:36:00,DEV043,debugging,SQL,401
IDE02439,2026-08-10 17:37:00,DEV148,idle,TypeScript,1148
IDE00674,2026-08-10 17:39:00,DEV038,terminal,Java,429
IDE05403,2026-08-10 17:39:00,DEV011,file_open,JavaScript,1485
IDE08748,2026-08-10 17:40:00,DEV021,debugging,Python,1772
IDE01789,2026-08-10 17:41:00,DEV493,terminal,TypeScript,489
IDE04179,2026-08-10 17:43:00,DEV242,testing,Python,396
IDE06337,2026-08-10 17:43:00,DEV029,debugging,TypeScript,940
IDE00274,2026-08-10 17:46:00,DEV481,testing,Java,757
IDE01549,2026-08-10 17:47:00,DEV317,idle,JavaScript,634
IDE08338,2026-08-10 17:52:00,DEV460,idle,JavaScript,948
IDE09370,2026-08-10 17:56:00,DEV362,terminal,JavaScript,378
IDE09779,2026-08-10 17:57:00,DEV293,file_open,SQL,1132
IDE05699,2026-08-10 17:58:00,DEV310,idle,Python,1159
IDE05278,2026-08-10 18:02:00,DEV353,file_open,SQL,1240
IDE02201,2026-08-10 18:03:00,DEV088,coding,Python,444
IDE04450,2026-08-10 18:06:00,DEV240,file_open,TypeScript,1330
IDE06944,2026-08-10 18:16:00,DEV197,testing,JavaScript,1537
IDE00242,2026-08-10 18:17:00,DEV203,testing,Java,439
IDE01388,2026-08-10 18:19:00,DEV305,debugging,SQL,922
IDE08047,2026-08-10 18:19:00,DEV312,testing,Java,1043
IDE01635,2026-08-10 18:22:00,DEV020,file_open,Java,1054
IDE01589,2026-08-10 18:24:00,DEV477,testing,Java,1523
IDE04780,2026-08-10 18:24:00,DEV041,terminal,TypeScript,309
IDE05811,2026-08-10 18:24:00,DEV201,testing,JavaScript,1051
IDE07114,2026-08-10 18:24:00,DEV099,coding,Python,484
IDE01741,2026-08-10 18:27:00,DEV116,testing,Java,858
IDE08060,2026-08-10 18:27:00,DEV356,file_open,TypeScript,283
IDE03873,2026-08-10 18:29:00,DEV011,terminal,SQL,473
IDE04642,2026-08-10 18:31:00,DEV462,debugging,Java,363
IDE06886,2026-08-10 18:31:00,DEV167,coding,TypeScript,1563
IDE09483,2026-08-10 18:31:00,DEV459,coding,JavaScript,1475
IDE00818,2026-08-10 18:32:00,DEV110,debugging,SQL,744
IDE08292,2026-08-10 18:32:00,DEV355,idle,TypeScript,1732
IDE00595,2026-08-10 18:33:00,DEV200,idle,JavaScript,972
IDE05442,2026-08-10 18:35:00,DEV241,debugging,TypeScript,473
IDE01449,2026-08-10 18:38:00,DEV317,testing,JavaScript,643
IDE03591,2026-08-10 18:43:00,DEV224,coding,Java,217
IDE09030,2026-08-10 18:43:00,DEV419,idle,SQL,135
IDE03470,2026-08-10 18:50:00,DEV002,testing,JavaScript,809
IDE07307,2026-08-10 18:50:00,DEV380,idle,SQL,496
IDE08482,2026-08-10 18:51:00,DEV298,debugging,Java,309
IDE06809,2026-08-10 18:53:00,DEV138,terminal,TypeScript,954
IDE02125,2026-08-10 18:56:00,DEV291,debugging,Java,584
IDE02604,2026-08-10 18:58:00,DEV438,testing,TypeScript,449
IDE02309,2026-08-10 18:59:00,DEV314,coding,JavaScript,1691
IDE03473,2026-08-10 19:00:00,DEV291,debugging,JavaScript,1046
IDE03168,2026-08-10 19:08:00,DEV154,testing,SQL,116
IDE01576,2026-08-10 19:11:00,DEV141,idle,JavaScript,866
IDE07584,2026-08-10 19:12:00,DEV350,testing,SQL,400
IDE01854,2026-08-10 19:13:00,DEV468,testing,TypeScript,1558
IDE08876,2026-08-10 19:15:00,DEV489,debugging,SQL,522
IDE02803,2026-08-10 19:18:00,DEV420,testing,Java,143
IDE02796,2026-08-10 19:19:00,DEV216,file_open,JavaScript,1060
IDE02548,2026-08-10 19:20:00,DEV189,testing,Java,1200
IDE03942,2026-08-10 19:21:00,DEV188,debugging,Java,666
IDE01136,2026-08-10 19:23:00,DEV391,testing,JavaScript,233
IDE02107,2026-08-10 19:24:00,DEV297,file_open,Python,978
IDE04354,2026-08-10 19:28:00,DEV328,testing,Java,776
IDE04228,2026-08-10 19:29:00,DEV133,idle,Python,1012
IDE08183,2026-08-10 19:30:00,DEV432,coding,TypeScript,1647
IDE09044,2026-08-10 19:31:00,DEV049,idle,TypeScript,61
IDE04084,2026-08-10 19:33:00,DEV238,coding,TypeScript,259
IDE03055,2026-08-10 19:35:00,DEV360,idle,Java,1412
IDE01668,2026-08-10 19:36:00,DEV379,terminal,Python,370
IDE00535,2026-08-10 19:37:00,DEV283,idle,TypeScript,1615
IDE02171,2026-08-10 19:39:00,DEV428,debugging,JavaScript,595
IDE00380,2026-08-10 19:41:00,DEV422,coding,TypeScript,483
IDE07284,2026-08-10 19:44:00,DEV288,idle,JavaScript,395
IDE06286,2026-08-10 19:47:00,DEV130,terminal,Java,992
IDE00723,2026-08-10 19:49:00,DEV015,terminal,TypeScript,1091
IDE00163,2026-08-10 19:51:00,DEV368,idle,JavaScript,1684
IDE00358,2026-08-10 19:57:00,DEV149,idle,SQL,1612
IDE08515,2026-08-10 19:59:00,DEV359,debugging,TypeScript,580
IDE00427,2026-08-10 20:00:00,DEV181,terminal,JavaScript,894
IDE04207,2026-08-10 20:01:00,DEV133,idle,Java,843
IDE04117,2026-08-10 20:02:00,DEV039,coding,Python,1622
IDE05400,2026-08-10 20:02:00,DEV249,idle,TypeScript,899
IDE03725,2026-08-10 20:05:00,DEV050,idle,TypeScript,1222
IDE06004,2026-08-10 20:06:00,DEV228,testing,Python,655
IDE08194,2026-08-10 20:06:00,DEV207,debugging,TypeScript,1459
IDE07227,2026-08-10 20:07:00,DEV495,coding,JavaScript,865
IDE05097,2026-08-10 20:08:00,DEV382,debugging,TypeScript,1743
IDE04911,2026-08-10 20:09:00,DEV140,testing,Python,922
IDE06820,2026-08-10 20:13:00,DEV211,idle,TypeScript,342
IDE07002,2026-08-10 20:16:00,DEV433,testing,Python,321
IDE05301,2026-08-10 20:20:00,DEV017,idle,JavaScript,1485
IDE02988,2026-08-10 20:22:00,DEV354,testing,SQL,881
IDE01675,2026-08-10 20:26:00,DEV198,idle,SQL,399
IDE06654,2026-08-10 20:26:00,DEV048,idle,TypeScript,391
IDE03992,2026-08-10 20:27:00,DEV045,idle,SQL,1126
IDE06630,2026-08-10 20:27:00,DEV357,file_open,Python,546
IDE02945,2026-08-10 20:33:00,DEV056,idle,SQL,441
IDE07763,2026-08-10 20:35:00,DEV136,idle,SQL,1246
IDE01131,2026-08-10 20:38:00,DEV261,testing,TypeScript,1353
IDE02750,2026-08-10 20:39:00,DEV341,idle,JavaScript,711
IDE04381,2026-08-10 20:39:00,DEV308,debugging,TypeScript,295
IDE07006,2026-08-10 20:39:00,DEV047,testing,JavaScript,1740
IDE09877,2026-08-10 20:43:00,DEV030,file_open,TypeScript,847
IDE00419,2026-08-10 20:44:00,DEV482,testing,JavaScript,883
IDE03429,2026-08-10 20:45:00,DEV098,debugging,SQL,1348
IDE01452,2026-08-10 20:49:00,DEV321,testing,JavaScript,1203
IDE01227,2026-08-10 20:54:00,DEV364,testing,TypeScript,786
IDE02024,2026-08-10 20:55:00,DEV203,idle,Python,607
IDE01779,2026-08-10 21:00:00,DEV335,idle,Java,1104
IDE08672,2026-08-10 21:00:00,DEV101,idle,TypeScript,401
IDE07098,2026-08-10 21:01:00,DEV309,testing,JavaScript,1078
IDE07262,2026-08-10 21:01:00,DEV211,file_open,JavaScript,334
IDE08023,2026-08-10 21:01:00,DEV295,idle,Java,648
IDE08832,2026-08-10 21:04:00,DEV229,testing,SQL,1252
IDE02725,2026-08-10 21:05:00,DEV463,testing,SQL,919
IDE06964,2026-08-10 21:06:00,DEV369,terminal,Java,857
IDE08394,2026-08-10 21:06:00,DEV369,testing,Java,1682
IDE06970,2026-08-10 21:07:00,DEV411,idle,Python,1375
IDE07869,2026-08-10 21:08:00,DEV034,idle,JavaScript,1410
IDE04137,2026-08-10 21:11:00,DEV483,debugging,Java,684
IDE04734,2026-08-10 21:11:00,DEV474,file_open,Python,772
IDE09261,2026-08-10 21:13:00,DEV271,debugging,JavaScript,902
IDE07411,2026-08-10 21:15:00,DEV260,debugging,SQL,1030
IDE00343,2026-08-10 21:16:00,DEV437,debugging,JavaScript,146
IDE00499,2026-08-10 21:16:00,DEV419,terminal,JavaScript,1292
IDE06283,2026-08-10 21:19:00,DEV392,testing,Python,748
IDE01080,2026-08-10 21:20:00,DEV246,coding,Python,392
IDE04673,2026-08-10 21:20:00,DEV192,file_open,TypeScript,1612
IDE08026,2026-08-10 21:20:00,DEV025,debugging,SQL,969
IDE00904,2026-08-10 21:27:00,DEV437,terminal,SQL,1613
IDE03835,2026-08-10 21:34:00,DEV053,terminal,Python,1290
IDE03929,2026-08-10 21:34:00,DEV151,debugging,JavaScript,201
IDE04451,2026-08-10 21:34:00,DEV028,terminal,SQL,1333
IDE07566,2026-08-10 21:38:00,DEV123,coding,TypeScript,1643
IDE04651,2026-08-10 21:43:00,DEV273,coding,JavaScript,1713
IDE05254,2026-08-10 21:47:00,DEV154,testing,Java,1354
IDE05779,2026-08-10 21:47:00,DEV175,debugging,Python,1692
IDE03516,2026-08-10 21:49:00,DEV432,testing,SQL,489
IDE05299,2026-08-10 21:49:00,DEV426,testing,SQL,1693
IDE05992,2026-08-10 21:54:00,DEV172,file_open,JavaScript,1621
IDE08330,2026-08-10 21:56:00,DEV037,debugging,TypeScript,1797
IDE08567,2026-08-10 21:56:00,DEV145,coding,JavaScript,234
IDE04993,2026-08-10 21:57:00,DEV209,file_open,Python,32
IDE02270,2026-08-10 21:58:00,DEV020,debugging,JavaScript,883
IDE02502,2026-08-10 21:58:00,DEV499,testing,JavaScript,1411
IDE03059,2026-08-10 22:00:00,DEV225,testing,SQL,905
IDE07064,2026-08-10 22:00:00,DEV126,coding,JavaScript,411
IDE01510,2026-08-10 22:03:00,DEV330,idle,JavaScript,1198
IDE09011,2026-08-10 22:03:00,DEV052,idle,JavaScript,482
IDE09835,2026-08-10 22:04:00,DEV455,file_open,SQL,258
IDE04074,2026-08-10 22:05:00,DEV385,testing,Python,714
IDE07358,2026-08-10 22:07:00,DEV038,testing,Java,1306
IDE05485,2026-08-10 22:10:00,DEV039,terminal,JavaScript,762
IDE01880,2026-08-10 22:11:00,DEV153,idle,TypeScript,1720
IDE08552,2026-08-10 22:12:00,DEV314,debugging,TypeScript,972
IDE06494,2026-08-10 22:17:00,DEV357,file_open,Python,794
IDE09881,2026-08-10 22:21:00,DEV420,terminal,Java,290
IDE01824,2026-08-10 22:23:00,DEV016,terminal,SQL,850
IDE05305,2026-08-10 22:26:00,DEV241,terminal,TypeScript,589
IDE02148,2026-08-10 22:28:00,DEV470,testing,SQL,1385
IDE05246,2026-08-10 22:29:00,DEV325,debugging,TypeScript,179
IDE05744,2026-08-10 22:29:00,DEV167,idle,Python,205
IDE06381,2026-08-10 22:30:00,DEV244,coding,JavaScript,154
IDE08130,2026-08-10 22:31:00,DEV468,coding,TypeScript,145
IDE02466,2026-08-10 22:36:00,DEV077,testing,Python,664
IDE06326,2026-08-10 22:38:00,DEV234,testing,Java,143
IDE01989,2026-08-10 22:41:00,DEV251,file_open,TypeScript,626
IDE01545,2026-08-10 22:43:00,DEV357,terminal,Python,1704
IDE03062,2026-08-10 22:44:00,DEV443,debugging,Python,1279
IDE05601,2026-08-10 22:46:00,DEV284,testing,Java,354
IDE06013,2026-08-10 22:47:00,DEV298,debugging,Java,565
IDE00610,2026-08-10 22:58:00,DEV048,testing,JavaScript,1578
IDE02103,2026-08-10 22:58:00,DEV060,debugging,Python,1233
IDE01126,2026-08-10 23:01:00,DEV052,testing,SQL,1183
IDE02187,2026-08-10 23:01:00,DEV458,file_open,Java,832
IDE09925,2026-08-10 23:02:00,DEV214,file_open,Java,1205
IDE07722,2026-08-10 23:04:00,DEV407,terminal,TypeScript,1630
IDE06009,2026-08-10 23:10:00,DEV208,file_open,JavaScript,1047
IDE09390,2026-08-10 23:10:00,DEV207,file_open,Java,1380
IDE01063,2026-08-10 23:12:00,DEV001,terminal,JavaScript,1101
IDE05409,2026-08-10 23:14:00,DEV454,terminal,Java,1211
IDE06385,2026-08-10 23:14:00,DEV371,coding,Python,1559
IDE01287,2026-08-10 23:17:00,DEV096,debugging,Java,1461
IDE00294,2026-08-10 23:18:00,DEV436,idle,TypeScript,208
IDE07087,2026-08-10 23:18:00,DEV010,terminal,SQL,1359
IDE08258,2026-08-10 23:20:00,DEV200,file_open,Java,837
IDE00767,2026-08-10 23:22:00,DEV210,coding,Java,1612
IDE04438,2026-08-10 23:23:00,DEV272,coding,Java,417
IDE08684,2026-08-10 23:23:00,DEV127,testing,Python,133
IDE01492,2026-08-10 23:27:00,DEV026,terminal,Python,561
IDE06439,2026-08-10 23:28:00,DEV214,terminal,JavaScript,1670
IDE03389,2026-08-10 23:35:00,DEV120,file_open,TypeScript,1509
IDE04877,2026-08-10 23:36:00,DEV045,testing,Python,822
IDE00162,2026-08-10 23:37:00,DEV212,terminal,SQL,516
IDE00300,2026-08-10 23:37:00,DEV164,terminal,JavaScript,581
IDE02351,2026-08-10 23:40:00,DEV371,terminal,SQL,1299
IDE07194,2026-08-10 23:41:00,DEV253,testing,Python,377
IDE02214,2026-08-10 23:42:00,DEV453,testing,Java,141
IDE08227,2026-08-10 23:42:00,DEV258,testing,SQL,533
IDE07548,2026-08-10 23:43:00,DEV026,testing,Python,1471
IDE08411,2026-08-10 23:43:00,DEV044,idle,JavaScript,1040
IDE09228,2026-08-10 23:43:00,DEV036,file_open,TypeScript,1332
IDE09009,2026-08-10 23:44:00,DEV310,idle,JavaScript,504
IDE01732,2026-08-10 23:46:00,DEV196,file_open,Python,1400
IDE03153,2026-08-10 23:47:00,DEV365,testing,Java,360
IDE06291,2026-08-10 23:49:00,DEV276,coding,Python,1384
IDE09692,2026-08-10 23:49:00,DEV095,terminal,Python,284
IDE09707,2026-08-10 23:49:00,DEV369,terminal,Python,722
IDE01736,2026-08-10 23:52:00,DEV438,testing,Python,850
IDE09701,2026-08-10 23:52:00,DEV019,file_open,Python,211
IDE01412,2026-08-10 23:59:00,DEV470,idle,Java,1627
IDE08820,2026-08-11 00:00:00,DEV233,coding,TypeScript,683
IDE06641,2026-08-11 00:02:00,DEV051,file_open,TypeScript,1780
IDE04593,2026-08-11 00:03:00,DEV108,debugging,SQL,288
IDE06780,2026-08-11 00:05:00,DEV386,terminal,TypeScript,1603
IDE03906,2026-08-11 00:11:00,DEV033,idle,Python,1371
IDE09960,2026-08-11 00:13:00,DEV306,file_open,JavaScript,269
IDE07654,2026-08-11 00:14:00,DEV160,idle,Python,1636
IDE04839,2026-08-11 00:15:00,DEV321,testing,JavaScript,516
IDE02155,2026-08-11 00:20:00,DEV490,debugging,TypeScript,574
IDE03251,2026-08-11 00:21:00,DEV059,coding,Java,1235
IDE02387,2026-08-11 00:24:00,DEV403,debugging,Java,732
IDE03255,2026-08-11 00:24:00,DEV284,file_open,JavaScript,650
IDE04088,2026-08-11 00:27:00,DEV212,testing,Python,169
IDE04595,2026-08-11 00:28:00,DEV284,idle,SQL,1037
IDE00112,2026-08-11 00:29:00,DEV146,terminal,Java,205
IDE08432,2026-08-11 00:30:00,DEV037,terminal,JavaScript,1456
IDE06555,2026-08-11 00:33:00,DEV200,terminal,JavaScript,1766
IDE00609,2026-08-11 00:36:00,DEV350,file_open,TypeScript,87
IDE00788,2026-08-11 00:37:00,DEV093,terminal,Python,492
IDE07347,2026-08-11 00:41:00,DEV077,idle,TypeScript,559
IDE03114,2026-08-11 00:44:00,DEV081,debugging,SQL,1631
IDE09407,2026-08-11 00:44:00,DEV289,idle,JavaScript,985
IDE03589,2026-08-11 00:47:00,DEV481,coding,TypeScript,1682
IDE06939,2026-08-11 00:49:00,DEV447,file_open,TypeScript,69
IDE01953,2026-08-11 00:52:00,DEV149,testing,JavaScript,33
IDE08463,2026-08-11 00:52:00,DEV045,coding,Python,263
IDE06247,2026-08-11 00:55:00,DEV217,testing,JavaScript,1401
IDE05219,2026-08-11 00:57:00,DEV456,idle,Java,916
IDE00351,2026-08-11 01:02:00,DEV469,terminal,JavaScript,546
IDE09612,2026-08-11 01:02:00,DEV019,debugging,TypeScript,374
IDE08525,2026-08-11 01:04:00,DEV443,file_open,Java,1702
IDE09481,2026-08-11 01:07:00,DEV338,file_open,SQL,635
IDE06071,2026-08-11 01:13:00,DEV170,coding,JavaScript,166
IDE07515,2026-08-11 01:14:00,DEV193,terminal,JavaScript,713
IDE04550,2026-08-11 01:15:00,DEV137,idle,TypeScript,1736
IDE02244,2026-08-11 01:22:00,DEV226,terminal,Python,288
IDE01314,2026-08-11 01:26:00,DEV072,terminal,Python,1670
IDE02738,2026-08-11 01:27:00,DEV234,file_open,TypeScript,323
IDE05245,2026-08-11 01:32:00,DEV483,idle,JavaScript,350
IDE01379,2026-08-11 01:35:00,DEV036,coding,JavaScript,1300
IDE07372,2026-08-11 01:35:00,DEV420,idle,JavaScript,1266
IDE08341,2026-08-11 01:35:00,DEV271,debugging,SQL,1558
IDE01728,2026-08-11 01:36:00,DEV305,idle,Java,1605
IDE03306,2026-08-11 01:37:00,DEV178,testing,JavaScript,389
IDE05161,2026-08-11 01:39:00,DEV447,idle,Java,588
IDE05831,2026-08-11 01:40:00,DEV467,debugging,SQL,1130
IDE06498,2026-08-11 01:44:00,DEV472,coding,JavaScript,468
IDE06963,2026-08-11 01:48:00,DEV474,idle,Python,208
IDE04335,2026-08-11 01:51:00,DEV277,testing,Java,1241
IDE07591,2026-08-11 01:56:00,DEV235,testing,Java,463
IDE02518,2026-08-11 02:00:00,DEV329,debugging,Python,368
IDE02191,2026-08-11 02:02:00,DEV440,terminal,Java,431
IDE04612,2026-08-11 02:02:00,DEV078,debugging,Java,1014
IDE07131,2026-08-11 02:06:00,DEV090,idle,TypeScript,219
IDE01672,2026-08-11 02:10:00,DEV206,coding,SQL,53
IDE08663,2026-08-11 02:10:00,DEV374,terminal,TypeScript,1579
IDE00201,2026-08-11 02:11:00,DEV315,coding,SQL,1020
IDE03339,2026-08-11 02:17:00,DEV404,idle,TypeScript,311
IDE04038,2026-08-11 02:17:00,DEV030,debugging,Python,381
IDE03192,2026-08-11 02:18:00,DEV088,debugging,JavaScript,1556
IDE08900,2026-08-11 02:21:00,DEV183,debugging,SQL,1448
IDE02231,2026-08-11 02:23:00,DEV159,testing,Java,295
IDE05735,2026-08-11 02:24:00,DEV301,testing,Python,1154
IDE00496,2026-08-11 02:25:00,DEV010,file_open,Python,892
IDE04115,2026-08-11 02:26:00,DEV484,file_open,JavaScript,668
IDE04138,2026-08-11 02:26:00,DEV139,testing,Java,1100
IDE04385,2026-08-11 02:27:00,DEV231,idle,SQL,1688
IDE01002,2026-08-11 02:31:00,DEV277,debugging,Java,1297
IDE08872,2026-08-11 02:33:00,DEV331,testing,Java,437
IDE02444,2026-08-11 02:39:00,DEV334,debugging,Python,1459
IDE07639,2026-08-11 02:39:00,DEV042,debugging,SQL,217
IDE00862,2026-08-11 02:40:00,DEV193,coding,Python,781
IDE07622,2026-08-11 02:40:00,DEV085,debugging,SQL,1621
IDE04999,2026-08-11 02:43:00,DEV144,coding,Java,344
IDE01055,2026-08-11 02:54:00,DEV390,file_open,SQL,1736
IDE05469,2026-08-11 02:54:00,DEV308,coding,Python,1437
IDE01265,2026-08-11 02:55:00,DEV242,coding,JavaScript,565
IDE03157,2026-08-11 02:55:00,DEV331,coding,TypeScript,685
IDE01636,2026-08-11 03:03:00,DEV460,file_open,SQL,821
IDE02797,2026-08-11 03:03:00,DEV382,debugging,TypeScript,1111
IDE00702,2026-08-11 03:05:00,DEV298,debugging,Python,1501
IDE03382,2026-08-11 03:09:00,DEV050,debugging,Python,1585
IDE02272,2026-08-11 03:11:00,DEV282,file_open,TypeScript,1708
IDE07209,2026-08-11 03:12:00,DEV150,coding,Java,698
IDE05143,2026-08-11 03:14:00,DEV103,terminal,SQL,1202
IDE08559,2026-08-11 03:17:00,DEV272,testing,Java,955
IDE04574,2026-08-11 03:18:00,DEV096,testing,Python,392
IDE03056,2026-08-11 03:19:00,DEV439,terminal,Python,648
IDE01776,2026-08-11 03:25:00,DEV119,file_open,Python,380
IDE08605,2026-08-11 03:35:00,DEV405,terminal,SQL,138
IDE05850,2026-08-11 03:41:00,DEV297,file_open,Java,848
IDE06735,2026-08-11 03:41:00,DEV199,idle,Java,512
IDE04253,2026-08-11 03:46:00,DEV275,file_open,Python,1634
IDE04534,2026-08-11 03:50:00,DEV288,idle,SQL,946
IDE06863,2026-08-11 03:50:00,DEV445,terminal,JavaScript,285
IDE05549,2026-08-11 03:55:00,DEV026,terminal,Python,1137
IDE08707,2026-08-11 03:59:00,DEV481,coding,Python,323
IDE00747,2026-08-11 04:01:00,DEV293,idle,TypeScript,781
IDE06643,2026-08-11 04:05:00,DEV171,coding,JavaScript,965
IDE03120,2026-08-11 04:06:00,DEV410,debugging,TypeScript,1666
IDE09252,2026-08-11 04:06:00,DEV423,debugging,SQL,484
IDE06758,2026-08-11 04:09:00,DEV275,testing,Python,1303
IDE04882,2026-08-11 04:10:00,DEV371,debugging,SQL,1356
IDE02722,2026-08-11 04:12:00,DEV179,idle,Java,548
IDE09532,2026-08-11 04:15:00,DEV109,coding,SQL,1764
IDE06592,2026-08-11 04:16:00,DEV444,idle,Java,967
IDE02682,2026-08-11 04:18:00,DEV472,coding,Python,1133
IDE02112,2026-08-11 04:22:00,DEV284,idle,SQL,154
IDE03101,2026-08-11 04:24:00,DEV044,file_open,TypeScript,292
IDE04465,2026-08-11 04:24:00,DEV138,file_open,Java,1408
IDE05818,2026-08-11 04:25:00,DEV211,idle,SQL,403
IDE07082,2026-08-11 04:26:00,DEV264,testing,SQL,505
IDE01337,2026-08-11 04:38:00,DEV145,testing,JavaScript,1407
IDE03229,2026-08-11 04:39:00,DEV072,terminal,JavaScript,1590
IDE00524,2026-08-11 04:40:00,DEV287,debugging,TypeScript,1161
IDE08155,2026-08-11 04:41:00,DEV011,file_open,Java,1225
IDE05914,2026-08-11 04:43:00,DEV204,debugging,JavaScript,1379
IDE09942,2026-08-11 04:43:00,DEV067,idle,Python,1455
IDE05734,2026-08-11 04:44:00,DEV157,debugging,SQL,752
IDE01856,2026-08-11 04:46:00,DEV258,testing,Java,247
IDE09872,2026-08-11 04:46:00,DEV144,file_open,Python,571
IDE02151,2026-08-11 04:47:00,DEV041,terminal,Java,461
IDE03710,2026-08-11 04:50:00,DEV165,file_open,TypeScript,216
IDE05901,2026-08-11 04:50:00,DEV236,debugging,Java,1623
IDE01418,2026-08-11 04:51:00,DEV323,idle,Python,891
IDE01730,2026-08-11 04:51:00,DEV132,terminal,JavaScript,733
IDE08765,2026-08-11 04:51:00,DEV464,terminal,JavaScript,117
IDE07051,2026-08-11 04:53:00,DEV225,file_open,JavaScript,426
IDE09143,2026-08-11 04:54:00,DEV021,testing,Python,366
IDE08434,2026-08-11 04:55:00,DEV361,idle,Java,1781
IDE02398,2026-08-11 04:59:00,DEV193,debugging,Java,452
IDE02505,2026-08-11 05:00:00,DEV283,testing,TypeScript,101
IDE04957,2026-08-11 05:02:00,DEV412,coding,Java,506
IDE00369,2026-08-11 05:05:00,DEV490,idle,JavaScript,441
IDE02995,2026-08-11 05:08:00,DEV360,testing,Java,1305
IDE01489,2026-08-11 05:14:00,DEV065,terminal,Python,1383
IDE04592,2026-08-11 05:14:00,DEV306,terminal,Python,1452
IDE03824,2026-08-11 05:18:00,DEV433,debugging,Java,937
IDE04900,2026-08-11 05:20:00,DEV461,terminal,Python,915
IDE07555,2026-08-11 05:21:00,DEV286,debugging,TypeScript,65
IDE07975,2026-08-11 05:27:00,DEV448,terminal,JavaScript,1067
IDE00809,2026-08-11 05:30:00,DEV343,file_open,Java,143
IDE05255,2026-08-11 05:36:00,DEV461,terminal,TypeScript,918
IDE09510,2026-08-11 05:37:00,DEV104,terminal,SQL,965
IDE07308,2026-08-11 05:39:00,DEV477,file_open,SQL,119
IDE08956,2026-08-11 05:42:00,DEV024,debugging,JavaScript,733
IDE02884,2026-08-11 05:48:00,DEV400,testing,SQL,999
IDE05660,2026-08-11 05:48:00,DEV365,coding,Python,114
IDE09704,2026-08-11 05:48:00,DEV284,terminal,SQL,1792
IDE03330,2026-08-11 05:49:00,DEV229,coding,TypeScript,103
IDE08895,2026-08-11 05:49:00,DEV428,idle,Python,330
IDE07832,2026-08-11 05:51:00,DEV134,file_open,TypeScript,524
IDE01353,2026-08-11 05:58:00,DEV192,file_open,TypeScript,280
IDE05176,2026-08-11 05:59:00,DEV001,coding,TypeScript,1471
IDE01713,2026-08-11 06:00:00,DEV119,debugging,TypeScript,1324
IDE09181,2026-08-11 06:00:00,DEV307,idle,Java,635
IDE08497,2026-08-11 06:02:00,DEV314,terminal,Java,453
IDE06523,2026-08-11 06:05:00,DEV396,idle,TypeScript,840
IDE06408,2026-08-11 06:08:00,DEV219,debugging,Java,1362
IDE09988,2026-08-11 06:08:00,DEV321,debugging,JavaScript,296
IDE07024,2026-08-11 06:11:00,DEV246,file_open,JavaScript,427
IDE09768,2026-08-11 06:16:00,DEV316,testing,Python,1135
IDE08759,2026-08-11 06:18:00,DEV209,terminal,TypeScript,1634
IDE07808,2026-08-11 06:20:00,DEV401,file_open,Python,90
IDE00511,2026-08-11 06:21:00,DEV171,debugging,Java,549
IDE03698,2026-08-11 06:23:00,DEV459,coding,Python,726
IDE05240,2026-08-11 06:26:00,DEV407,file_open,JavaScript,734
IDE08636,2026-08-11 06:26:00,DEV260,coding,SQL,1735
IDE06638,2026-08-11 06:27:00,DEV390,testing,Java,1398
IDE05541,2026-08-11 06:31:00,DEV094,idle,SQL,175
IDE06073,2026-08-11 06:33:00,DEV271,debugging,SQL,695
IDE08739,2026-08-11 06:34:00,DEV402,terminal,Python,86
IDE08731,2026-08-11 06:36:00,DEV231,coding,TypeScript,1326
IDE06728,2026-08-11 06:42:00,DEV078,file_open,TypeScript,792
IDE07560,2026-08-11 06:42:00,DEV380,terminal,JavaScript,77
IDE08971,2026-08-11 06:43:00,DEV499,testing,Python,174
IDE08179,2026-08-11 06:44:00,DEV346,coding,Python,857
IDE06897,2026-08-11 06:46:00,DEV390,testing,Python,758
IDE02553,2026-08-11 06:49:00,DEV258,debugging,TypeScript,1442
IDE02842,2026-08-11 06:49:00,DEV309,file_open,Python,1657
IDE06515,2026-08-11 06:49:00,DEV243,coding,JavaScript,1360
IDE04437,2026-08-11 06:50:00,DEV038,file_open,TypeScript,1286
IDE09053,2026-08-11 06:51:00,DEV199,terminal,JavaScript,275
IDE05078,2026-08-11 06:53:00,DEV477,debugging,TypeScript,383
IDE03811,2026-08-11 06:54:00,DEV002,file_open,JavaScript,353
IDE06372,2026-08-11 06:54:00,DEV129,terminal,TypeScript,891
IDE01873,2026-08-11 07:05:00,DEV004,testing,Python,1303
IDE02288,2026-08-11 07:05:00,DEV397,idle,TypeScript,34
IDE06184,2026-08-11 07:06:00,DEV440,terminal,JavaScript,1256
IDE09957,2026-08-11 07:09:00,DEV499,idle,Java,67
IDE01688,2026-08-11 07:10:00,DEV426,terminal,SQL,1780
IDE03629,2026-08-11 07:11:00,DEV259,debugging,JavaScript,122
IDE06188,2026-08-11 07:12:00,DEV282,idle,Java,1069
IDE02093,2026-08-11 07:15:00,DEV236,file_open,Java,784
IDE05498,2026-08-11 07:15:00,DEV367,debugging,JavaScript,119
IDE07795,2026-08-11 07:15:00,DEV140,idle,JavaScript,267
IDE09602,2026-08-11 07:15:00,DEV271,debugging,JavaScript,1794
IDE04777,2026-08-11 07:17:00,DEV142,coding,Python,753
IDE06265,2026-08-11 07:17:00,DEV446,debugging,Java,991
IDE08396,2026-08-11 07:17:00,DEV164,testing,SQL,55
IDE00012,2026-08-11 07:18:00,DEV364,coding,TypeScript,786
IDE08659,2026-08-11 07:18:00,DEV442,coding,Python,1388
IDE00314,2026-08-11 07:19:00,DEV185,file_open,Java,850
IDE01548,2026-08-11 07:19:00,DEV019,terminal,TypeScript,973
IDE04638,2026-08-11 07:20:00,DEV174,terminal,TypeScript,281
IDE04796,2026-08-11 07:20:00,DEV340,idle,JavaScript,1539
IDE01256,2026-08-11 07:21:00,DEV466,testing,SQL,117
IDE02421,2026-08-11 07:21:00,DEV175,debugging,JavaScript,894
IDE03704,2026-08-11 07:24:00,DEV016,debugging,TypeScript,1069
IDE04322,2026-08-11 07:28:00,DEV275,file_open,TypeScript,839
IDE03376,2026-08-11 07:31:00,DEV365,file_open,SQL,1687
IDE06044,2026-08-11 07:31:00,DEV313,debugging,Python,894
IDE05942,2026-08-11 07:36:00,DEV406,idle,Python,1345
IDE06556,2026-08-11 07:39:00,DEV174,coding,JavaScript,43
IDE00061,2026-08-11 07:42:00,DEV050,coding,JavaScript,1673
IDE07046,2026-08-11 07:42:00,DEV201,coding,Python,796
IDE08020,2026-08-11 07:43:00,DEV243,idle,Java,133
IDE02282,2026-08-11 07:45:00,DEV312,idle,TypeScript,232
IDE04590,2026-08-11 07:46:00,DEV150,debugging,Java,1474
IDE09149,2026-08-11 07:47:00,DEV228,debugging,Python,314
IDE05004,2026-08-11 07:48:00,DEV184,coding,Java,933
IDE04959,2026-08-11 07:49:00,DEV427,file_open,TypeScript,572
IDE04978,2026-08-11 07:53:00,DEV106,testing,JavaScript,832
IDE06115,2026-08-11 07:55:00,DEV373,debugging,TypeScript,614
IDE09097,2026-08-11 07:55:00,DEV432,testing,TypeScript,902
IDE01677,2026-08-11 07:59:00,DEV400,idle,Python,1167
IDE03423,2026-08-11 07:59:00,DEV386,file_open,SQL,703
IDE07756,2026-08-11 07:59:00,DEV127,coding,TypeScript,1552
IDE05490,2026-08-11 08:00:00,DEV270,testing,TypeScript,1598
IDE08050,2026-08-11 08:00:00,DEV241,testing,Java,692
IDE09035,2026-08-11 08:01:00,DEV067,file_open,JavaScript,456
IDE00215,2026-08-11 08:02:00,DEV056,coding,Java,1800
IDE02915,2026-08-11 08:02:00,DEV349,testing,Python,715
IDE04259,2026-08-11 08:07:00,DEV236,idle,JavaScript,1282
IDE07746,2026-08-11 08:10:00,DEV317,testing,Java,1036
IDE04037,2026-08-11 08:12:00,DEV448,testing,Java,885
IDE08852,2026-08-11 08:13:00,DEV008,coding,TypeScript,94
IDE02090,2026-08-11 08:14:00,DEV473,debugging,Java,1583
IDE05066,2026-08-11 08:17:00,DEV332,testing,Python,1788
IDE08138,2026-08-11 08:18:00,DEV480,file_open,Java,1472
IDE09147,2026-08-11 08:18:00,DEV264,coding,TypeScript,1605
IDE06101,2026-08-11 08:23:00,DEV399,testing,JavaScript,523
IDE08049,2026-08-11 08:24:00,DEV500,coding,Python,1702
IDE03852,2026-08-11 08:25:00,DEV312,testing,JavaScript,1274
IDE04472,2026-08-11 08:26:00,DEV124,file_open,JavaScript,767
IDE09844,2026-08-11 08:27:00,DEV167,debugging,TypeScript,1394
IDE02809,2026-08-11 08:29:00,DEV040,coding,SQL,1654
IDE02544,2026-08-11 08:30:00,DEV180,idle,Java,1325
IDE02972,2026-08-11 08:32:00,DEV157,idle,TypeScript,800
IDE01654,2026-08-11 08:34:00,DEV488,debugging,SQL,1013
IDE06246,2026-08-11 08:38:00,DEV284,file_open,JavaScript,129
IDE04005,2026-08-11 08:39:00,DEV243,terminal,TypeScript,424
IDE06266,2026-08-11 08:39:00,DEV051,file_open,Python,443
IDE05623,2026-08-11 08:42:00,DEV443,terminal,JavaScript,113
IDE09708,2026-08-11 08:43:00,DEV092,coding,TypeScript,343
IDE09640,2026-08-11 08:50:00,DEV495,debugging,TypeScript,1354
IDE02146,2026-08-11 08:53:00,DEV190,idle,Java,819
IDE02180,2026-08-11 08:55:00,DEV134,terminal,Python,1755
IDE04068,2026-08-11 08:56:00,DEV175,testing,TypeScript,1203
IDE06477,2026-08-11 08:57:00,DEV140,debugging,JavaScript,160
IDE06749,2026-08-11 09:00:00,DEV193,file_open,JavaScript,406
IDE03494,2026-08-11 09:02:00,DEV363,debugging,JavaScript,1717
IDE04338,2026-08-11 09:02:00,DEV343,debugging,Java,153
IDE08320,2026-08-11 09:06:00,DEV423,terminal,Python,664
IDE00381,2026-08-11 09:07:00,DEV347,debugging,SQL,1394
IDE02369,2026-08-11 09:09:00,DEV118,coding,SQL,561
IDE09888,2026-08-11 09:09:00,DEV420,terminal,SQL,675
IDE00941,2026-08-11 09:13:00,DEV106,testing,JavaScript,1475
IDE01219,2026-08-11 09:14:00,DEV043,debugging,SQL,1607
IDE04903,2026-08-11 09:16:00,DEV349,coding,Python,1285
IDE09092,2026-08-11 09:21:00,DEV494,file_open,JavaScript,1372
IDE04195,2026-08-11 09:30:00,DEV208,testing,TypeScript,1186
IDE09356,2026-08-11 09:35:00,DEV268,terminal,JavaScript,1156
IDE05281,2026-08-11 09:36:00,DEV269,idle,JavaScript,48
IDE00807,2026-08-11 09:37:00,DEV342,idle,Python,1191
IDE05921,2026-08-11 09:37:00,DEV131,idle,SQL,633
IDE08294,2026-08-11 09:37:00,DEV083,debugging,JavaScript,253
IDE01783,2026-08-11 09:39:00,DEV005,coding,Python,539
IDE06349,2026-08-11 09:43:00,DEV253,coding,JavaScript,1289
IDE00653,2026-08-11 09:44:00,DEV126,debugging,Python,1522
IDE01753,2026-08-11 09:49:00,DEV131,coding,Python,241
IDE06687,2026-08-11 09:50:00,DEV071,testing,TypeScript,825
IDE03421,2026-08-11 09:51:00,DEV097,file_open,SQL,95
IDE07204,2026-08-11 09:51:00,DEV051,coding,TypeScript,1368
IDE02091,2026-08-11 09:52:00,DEV111,testing,Java,599
IDE09170,2026-08-11 09:52:00,DEV077,coding,TypeScript,374
IDE06059,2026-08-11 09:54:00,DEV426,testing,TypeScript,941
IDE00911,2026-08-11 09:57:00,DEV006,debugging,Python,1276
IDE03945,2026-08-11 09:59:00,DEV432,idle,Python,572
IDE00959,2026-08-11 10:01:00,DEV098,idle,JavaScript,1409
IDE02425,2026-08-11 10:04:00,DEV355,coding,Java,1705
IDE05766,2026-08-11 10:04:00,DEV157,file_open,JavaScript,1677
IDE03297,2026-08-11 10:06:00,DEV226,terminal,Java,1255
IDE02463,2026-08-11 10:08:00,DEV260,testing,SQL,476
IDE04391,2026-08-11 10:11:00,DEV160,coding,SQL,305
IDE05448,2026-08-11 10:13:00,DEV286,debugging,SQL,433
IDE05738,2026-08-11 10:13:00,DEV266,coding,Java,848
IDE07181,2026-08-11 10:15:00,DEV389,terminal,JavaScript,730
IDE04570,2026-08-11 10:16:00,DEV391,terminal,TypeScript,649
IDE04519,2026-08-11 10:19:00,DEV006,testing,Python,837
IDE03668,2026-08-11 10:20:00,DEV088,idle,Java,1706
IDE00927,2026-08-11 10:23:00,DEV228,terminal,Java,1318
IDE02625,2026-08-11 10:23:00,DEV407,idle,JavaScript,1595
IDE04042,2026-08-11 10:26:00,DEV340,file_open,Java,1669
IDE00899,2026-08-11 10:29:00,DEV250,idle,JavaScript,470
IDE06766,2026-08-11 10:29:00,DEV172,testing,JavaScript,1022
IDE09831,2026-08-11 10:29:00,DEV420,coding,Java,1044
IDE00601,2026-08-11 10:30:00,DEV260,terminal,Python,1617
IDE04512,2026-08-11 10:35:00,DEV268,debugging,SQL,713
IDE08705,2026-08-11 10:36:00,DEV360,testing,SQL,326
IDE09120,2026-08-11 10:37:00,DEV272,idle,Python,301
IDE08332,2026-08-11 10:38:00,DEV048,testing,JavaScript,644
IDE03071,2026-08-11 10:40:00,DEV041,debugging,TypeScript,1560
IDE01028,2026-08-11 10:41:00,DEV166,testing,Python,1454
IDE05857,2026-08-11 10:41:00,DEV420,testing,Python,751
IDE08040,2026-08-11 10:41:00,DEV228,file_open,JavaScript,1558
IDE05547,2026-08-11 10:43:00,DEV400,coding,Java,288
IDE04169,2026-08-11 10:44:00,DEV014,file_open,JavaScript,482
IDE01015,2026-08-11 10:51:00,DEV118,testing,Python,1727
IDE01056,2026-08-11 10:51:00,DEV081,testing,JavaScript,1257
IDE08488,2026-08-11 10:56:00,DEV500,idle,Java,1676
IDE05998,2026-08-11 10:58:00,DEV119,terminal,Python,202
IDE09864,2026-08-11 10:59:00,DEV491,debugging,TypeScript,401
IDE07000,2026-08-11 11:01:00,DEV100,testing,Java,1004
IDE05860,2026-08-11 11:02:00,DEV138,debugging,TypeScript,1455
IDE06752,2026-08-11 11:02:00,DEV361,idle,JavaScript,1435
IDE04260,2026-08-11 11:06:00,DEV042,testing,Java,781
IDE07211,2026-08-11 11:06:00,DEV020,coding,Python,1321
IDE03810,2026-08-11 11:07:00,DEV070,debugging,SQL,1774
IDE07826,2026-08-11 11:12:00,DEV126,coding,SQL,1250
IDE06779,2026-08-11 11:13:00,DEV089,testing,SQL,1227
IDE09172,2026-08-11 11:14:00,DEV013,idle,Python,1348
IDE04234,2026-08-11 11:16:00,DEV198,file_open,TypeScript,1781
IDE01039,2026-08-11 11:18:00,DEV099,idle,JavaScript,1249
IDE05983,2026-08-11 11:21:00,DEV296,idle,SQL,1455
IDE09158,2026-08-11 11:22:00,DEV297,file_open,TypeScript,629
IDE09719,2026-08-11 11:23:00,DEV299,debugging,TypeScript,952
IDE01564,2026-08-11 11:31:00,DEV491,coding,Java,783
IDE07995,2026-08-11 11:32:00,DEV269,idle,JavaScript,574
IDE00132,2026-08-11 11:33:00,DEV378,testing,TypeScript,81
IDE03580,2026-08-11 11:34:00,DEV229,debugging,Java,835
IDE05812,2026-08-11 11:34:00,DEV139,testing,TypeScript,1584
IDE03917,2026-08-11 11:36:00,DEV365,coding,Python,1252
IDE08873,2026-08-11 11:36:00,DEV022,idle,JavaScript,483
IDE01560,2026-08-11 11:37:00,DEV210,debugging,JavaScript,619
IDE09475,2026-08-11 11:37:00,DEV142,file_open,SQL,404
IDE03209,2026-08-11 11:38:00,DEV359,debugging,SQL,543
IDE07296,2026-08-11 11:40:00,DEV009,idle,Java,218
IDE07518,2026-08-11 11:47:00,DEV156,idle,SQL,111
IDE05982,2026-08-11 11:48:00,DEV280,coding,JavaScript,283
IDE02047,2026-08-11 11:49:00,DEV019,idle,JavaScript,1022
IDE02056,2026-08-11 11:51:00,DEV036,debugging,Python,1078
IDE03875,2026-08-11 11:52:00,DEV081,testing,JavaScript,771
IDE04388,2026-08-11 11:52:00,DEV344,terminal,Java,1735
IDE00855,2026-08-11 11:54:00,DEV280,coding,Java,153
IDE05164,2026-08-11 11:54:00,DEV334,terminal,JavaScript,87
IDE04748,2026-08-11 12:01:00,DEV494,debugging,TypeScript,967
IDE06733,2026-08-11 12:07:00,DEV068,debugging,SQL,1058
IDE03090,2026-08-11 12:15:00,DEV462,debugging,JavaScript,699
IDE09506,2026-08-11 12:18:00,DEV443,coding,TypeScript,1685
IDE03530,2026-08-11 12:20:00,DEV470,terminal,TypeScript,1039
IDE04527,2026-08-11 12:20:00,DEV481,debugging,SQL,670
IDE06602,2026-08-11 12:21:00,DEV276,debugging,SQL,91
IDE01229,2026-08-11 12:22:00,DEV103,file_open,TypeScript,601
IDE06563,2026-08-11 12:26:00,DEV013,file_open,SQL,39
IDE04529,2026-08-11 12:30:00,DEV172,file_open,Python,597
IDE02034,2026-08-11 12:32:00,DEV083,file_open,Java,1537
IDE08570,2026-08-11 12:32:00,DEV145,file_open,Java,1519
IDE00276,2026-08-11 12:33:00,DEV307,terminal,Java,85
IDE00634,2026-08-11 12:36:00,DEV375,debugging,Java,300
IDE02239,2026-08-11 12:36:00,DEV284,file_open,SQL,1156
IDE01398,2026-08-11 12:38:00,DEV049,coding,SQL,426
IDE02949,2026-08-11 12:39:00,DEV449,terminal,TypeScript,1450
IDE09659,2026-08-11 12:40:00,DEV119,idle,TypeScript,1737
IDE00568,2026-08-11 12:43:00,DEV457,idle,SQL,778
IDE09338,2026-08-11 12:44:00,DEV240,terminal,JavaScript,899
IDE03173,2026-08-11 12:45:00,DEV054,testing,JavaScript,654
IDE08532,2026-08-11 12:46:00,DEV084,coding,JavaScript,73
IDE07686,2026-08-11 12:47:00,DEV353,debugging,Python,824
IDE07168,2026-08-11 12:50:00,DEV250,terminal,TypeScript,1542
IDE09063,2026-08-11 12:56:00,DEV308,debugging,TypeScript,1082
IDE00465,2026-08-11 12:58:00,DEV278,file_open,JavaScript,1361
IDE08507,2026-08-11 12:58:00,DEV126,idle,Python,1536
IDE03196,2026-08-11 13:00:00,DEV492,terminal,SQL,1529
IDE03218,2026-08-11 13:00:00,DEV102,idle,Python,1311
IDE01134,2026-08-11 13:02:00,DEV346,idle,Python,1274
IDE03600,2026-08-11 13:03:00,DEV130,coding,Java,1237
IDE04812,2026-08-11 13:05:00,DEV366,testing,TypeScript,1151
IDE09354,2026-08-11 13:05:00,DEV119,testing,SQL,952
IDE08308,2026-08-11 13:10:00,DEV184,coding,Python,120
IDE03402,2026-08-11 13:11:00,DEV134,testing,SQL,1263
IDE09357,2026-08-11 13:11:00,DEV368,terminal,TypeScript,1578
IDE00312,2026-08-11 13:12:00,DEV153,coding,Python,1621
IDE04610,2026-08-11 13:12:00,DEV414,terminal,TypeScript,1695
IDE04557,2026-08-11 13:15:00,DEV351,testing,Java,1413
IDE08671,2026-08-11 13:18:00,DEV269,file_open,Java,1693
IDE09525,2026-08-11 13:20:00,DEV307,coding,Java,1164
IDE09668,2026-08-11 13:24:00,DEV164,debugging,TypeScript,246
IDE02358,2026-08-11 13:26:00,DEV231,idle,Java,924
IDE07230,2026-08-11 13:31:00,DEV238,file_open,SQL,780
IDE02096,2026-08-11 13:32:00,DEV361,coding,JavaScript,1111
IDE09361,2026-08-11 13:34:00,DEV337,coding,JavaScript,1318
IDE05010,2026-08-11 13:38:00,DEV055,debugging,JavaScript,1119
IDE00371,2026-08-11 13:39:00,DEV314,file_open,TypeScript,1792
IDE09495,2026-08-11 13:39:00,DEV049,terminal,Java,1047
IDE00623,2026-08-11 13:45:00,DEV134,testing,Java,1085
IDE07269,2026-08-11 13:45:00,DEV481,file_open,JavaScript,84
IDE08066,2026-08-11 13:47:00,DEV252,debugging,TypeScript,201
IDE03303,2026-08-11 13:54:00,DEV177,file_open,TypeScript,905
IDE01669,2026-08-11 13:57:00,DEV306,coding,Python,921
IDE03996,2026-08-11 13:57:00,DEV333,terminal,TypeScript,1596
IDE08869,2026-08-11 14:00:00,DEV482,testing,SQL,149
IDE09219,2026-08-11 14:00:00,DEV015,testing,TypeScript,1141
IDE06399,2026-08-11 14:03:00,DEV321,debugging,JavaScript,598
IDE05706,2026-08-11 14:04:00,DEV288,testing,TypeScript,1466
IDE08263,2026-08-11 14:06:00,DEV437,terminal,Python,81
IDE04827,2026-08-11 14:09:00,DEV365,terminal,JavaScript,1742
IDE04480,2026-08-11 14:13:00,DEV056,terminal,Python,686
IDE03556,2026-08-11 14:15:00,DEV193,debugging,Python,1208
IDE06219,2026-08-11 14:16:00,DEV181,idle,JavaScript,1372
IDE01859,2026-08-11 14:17:00,DEV417,testing,JavaScript,727
IDE03552,2026-08-11 14:18:00,DEV223,coding,SQL,1071
IDE06796,2026-08-11 14:19:00,DEV197,coding,Python,294
IDE09730,2026-08-11 14:21:00,DEV055,debugging,TypeScript,74
IDE02674,2026-08-11 14:22:00,DEV365,coding,Java,1130
IDE01233,2026-08-11 14:24:00,DEV021,coding,SQL,102
IDE02126,2026-08-11 14:24:00,DEV389,file_open,Python,1291
IDE08669,2026-08-11 14:24:00,DEV180,file_open,TypeScript,1688
IDE05119,2026-08-11 14:25:00,DEV481,file_open,TypeScript,871
IDE05711,2026-08-11 14:25:00,DEV089,file_open,SQL,882
IDE09690,2026-08-11 14:26:00,DEV139,coding,Java,88
IDE02243,2026-08-11 14:28:00,DEV035,testing,JavaScript,1346
IDE01666,2026-08-11 14:30:00,DEV180,idle,TypeScript,560
IDE01578,2026-08-11 14:37:00,DEV116,testing,SQL,1225
IDE02632,2026-08-11 14:38:00,DEV281,terminal,Java,488
IDE02373,2026-08-11 14:42:00,DEV134,file_open,Python,1509
IDE08826,2026-08-11 14:42:00,DEV461,testing,Python,1065
IDE09276,2026-08-11 14:47:00,DEV238,testing,SQL,1452
IDE05126,2026-08-11 14:49:00,DEV390,file_open,Python,151
IDE08978,2026-08-11 14:51:00,DEV055,file_open,Python,1016
IDE07637,2026-08-11 14:53:00,DEV178,debugging,TypeScript,911
IDE00543,2026-08-11 14:58:00,DEV126,idle,Java,1124
IDE06587,2026-08-11 14:58:00,DEV357,debugging,SQL,1633
IDE00700,2026-08-11 15:00:00,DEV414,coding,JavaScript,1128
IDE06148,2026-08-11 15:04:00,DEV194,testing,JavaScript,1401
IDE07636,2026-08-11 15:04:00,DEV109,coding,JavaScript,1673
IDE09911,2026-08-11 15:06:00,DEV081,terminal,TypeScript,1713
IDE08889,2026-08-11 15:11:00,DEV213,testing,Java,520
IDE00991,2026-08-11 15:20:00,DEV487,file_open,TypeScript,1659
IDE02254,2026-08-11 15:20:00,DEV445,coding,JavaScript,1253
IDE08123,2026-08-11 15:22:00,DEV404,file_open,Python,833
IDE08127,2026-08-11 15:24:00,DEV434,terminal,TypeScript,791
IDE04637,2026-08-11 15:26:00,DEV192,coding,Python,1653
IDE03456,2026-08-11 15:27:00,DEV349,idle,Python,408
IDE01185,2026-08-11 15:30:00,DEV329,coding,Java,450
IDE02731,2026-08-11 15:32:00,DEV267,terminal,Java,1361
IDE00166,2026-08-11 15:34:00,DEV385,idle,Python,1043
IDE07198,2026-08-11 15:34:00,DEV407,debugging,JavaScript,1441
IDE08323,2026-08-11 15:34:00,DEV301,debugging,TypeScript,1134
IDE03888,2026-08-11 15:37:00,DEV207,testing,Python,35
IDE01147,2026-08-11 15:39:00,DEV283,file_open,SQL,1492
IDE02808,2026-08-11 15:39:00,DEV326,idle,Java,1001
IDE04130,2026-08-11 15:41:00,DEV083,testing,TypeScript,1576
IDE02859,2026-08-11 15:48:00,DEV125,idle,SQL,1766
IDE05162,2026-08-11 15:48:00,DEV379,terminal,SQL,43
IDE08992,2026-08-11 15:49:00,DEV367,testing,Java,832
IDE06358,2026-08-11 15:52:00,DEV422,coding,Python,1151
IDE06406,2026-08-11 15:53:00,DEV260,testing,Java,1457
IDE07901,2026-08-11 15:53:00,DEV301,debugging,JavaScript,572
IDE02248,2026-08-11 15:58:00,DEV022,terminal,Java,673
IDE03190,2026-08-11 15:58:00,DEV059,idle,SQL,133
IDE01408,2026-08-11 16:01:00,DEV186,idle,SQL,1625
IDE02663,2026-08-11 16:02:00,DEV028,testing,TypeScript,1423
IDE02137,2026-08-11 16:04:00,DEV267,debugging,Python,504
IDE01484,2026-08-11 16:05:00,DEV272,testing,SQL,1070
IDE09563,2026-08-11 16:09:00,DEV437,idle,Python,352
IDE09205,2026-08-11 16:15:00,DEV415,coding,TypeScript,1318
IDE01685,2026-08-11 16:16:00,DEV066,debugging,JavaScript,432
IDE05999,2026-08-11 16:16:00,DEV273,coding,JavaScript,960
IDE05315,2026-08-11 16:17:00,DEV081,coding,JavaScript,935
IDE00576,2026-08-11 16:18:00,DEV139,terminal,Java,1480
IDE08103,2026-08-11 16:20:00,DEV497,file_open,JavaScript,908
IDE00386,2026-08-11 16:21:00,DEV229,debugging,Python,263
IDE08724,2026-08-11 16:21:00,DEV321,file_open,JavaScript,1138
IDE02172,2026-08-11 16:24:00,DEV228,idle,JavaScript,1743
IDE09175,2026-08-11 16:32:00,DEV306,idle,JavaScript,1337
IDE01004,2026-08-11 16:36:00,DEV088,file_open,Python,1785
IDE06634,2026-08-11 16:36:00,DEV496,testing,Python,1739
IDE07317,2026-08-11 16:36:00,DEV214,debugging,JavaScript,540
IDE00843,2026-08-11 16:38:00,DEV302,debugging,TypeScript,1163
IDE05823,2026-08-11 16:40:00,DEV056,idle,SQL,960
IDE05028,2026-08-11 16:43:00,DEV304,idle,TypeScript,1366
IDE05959,2026-08-11 16:43:00,DEV334,coding,Python,1142
IDE05538,2026-08-11 16:53:00,DEV263,file_open,Python,82
IDE09981,2026-08-11 16:53:00,DEV413,coding,Python,1746
IDE04980,2026-08-11 16:59:00,DEV226,file_open,JavaScript,466
IDE06878,2026-08-11 17:01:00,DEV294,idle,SQL,183
IDE03092,2026-08-11 17:03:00,DEV321,idle,JavaScript,399
IDE06078,2026-08-11 17:07:00,DEV405,coding,SQL,974
IDE07824,2026-08-11 17:08:00,DEV130,idle,Python,1761
IDE04248,2026-08-11 17:10:00,DEV141,terminal,SQL,1108
IDE07017,2026-08-11 17:10:00,DEV060,testing,SQL,1651
IDE09885,2026-08-11 17:11:00,DEV163,idle,SQL,1240
IDE06707,2026-08-11 17:12:00,DEV126,coding,Java,86
IDE06807,2026-08-11 17:12:00,DEV306,terminal,TypeScript,1602
IDE03994,2026-08-11 17:17:00,DEV057,coding,JavaScript,751
IDE00922,2026-08-11 17:23:00,DEV397,debugging,Java,715
IDE07727,2026-08-11 17:23:00,DEV200,terminal,JavaScript,298
IDE09502,2026-08-11 17:25:00,DEV348,testing,JavaScript,73
IDE01298,2026-08-11 17:29:00,DEV426,terminal,Java,352
IDE09220,2026-08-11 17:32:00,DEV251,file_open,Python,1478
IDE08116,2026-08-11 17:34:00,DEV075,terminal,Python,1301
IDE01477,2026-08-11 17:35:00,DEV114,idle,Java,1124
IDE01991,2026-08-11 17:35:00,DEV313,idle,TypeScript,185
IDE08200,2026-08-11 17:35:00,DEV215,file_open,JavaScript,81
IDE06168,2026-08-11 17:39:00,DEV018,debugging,JavaScript,1343
IDE06259,2026-08-11 17:41:00,DEV235,terminal,Python,1028
IDE00094,2026-08-11 17:43:00,DEV007,testing,Python,414
IDE09023,2026-08-11 17:43:00,DEV108,debugging,TypeScript,1223
IDE00391,2026-08-11 17:44:00,DEV426,idle,SQL,1028
IDE00501,2026-08-11 17:47:00,DEV210,file_open,TypeScript,1545
IDE00203,2026-08-11 17:50:00,DEV295,idle,Python,1122
IDE04343,2026-08-11 17:50:00,DEV283,terminal,TypeScript,45
IDE09218,2026-08-11 17:50:00,DEV218,testing,SQL,1230
IDE06160,2026-08-11 17:51:00,DEV182,coding,TypeScript,644
IDE05109,2026-08-11 17:59:00,DEV247,debugging,Java,218
IDE01042,2026-08-11 18:02:00,DEV006,debugging,Java,756
IDE02565,2026-08-11 18:08:00,DEV005,file_open,TypeScript,846
IDE07640,2026-08-11 18:11:00,DEV082,terminal,TypeScript,1187
IDE08193,2026-08-11 18:13:00,DEV296,file_open,TypeScript,1757
IDE03738,2026-08-11 18:14:00,DEV433,coding,Java,849
IDE06097,2026-08-11 18:16:00,DEV269,coding,Java,1308
IDE07091,2026-08-11 18:19:00,DEV175,coding,JavaScript,683
IDE09457,2026-08-11 18:23:00,DEV164,testing,SQL,125
IDE00928,2026-08-11 18:25:00,DEV458,coding,JavaScript,1790
IDE08925,2026-08-11 18:25:00,DEV301,debugging,Java,1391
IDE09325,2026-08-11 18:25:00,DEV252,testing,Java,1732
IDE00439,2026-08-11 18:26:00,DEV393,file_open,JavaScript,269
IDE03197,2026-08-11 18:28:00,DEV481,coding,JavaScript,1758
IDE04644,2026-08-11 18:31:00,DEV182,coding,JavaScript,1141
IDE08988,2026-08-11 18:31:00,DEV027,terminal,Java,1067
IDE04221,2026-08-11 18:32:00,DEV021,debugging,Python,968
IDE08494,2026-08-11 18:32:00,DEV170,testing,Python,1164
IDE04579,2026-08-11 18:34:00,DEV041,testing,JavaScript,1019
IDE05228,2026-08-11 18:34:00,DEV286,testing,TypeScript,1713
IDE05616,2026-08-11 18:34:00,DEV335,file_open,TypeScript,1620
IDE08544,2026-08-11 18:34:00,DEV108,terminal,Java,677
IDE09106,2026-08-11 18:38:00,DEV022,terminal,TypeScript,774
IDE09293,2026-08-11 18:38:00,DEV377,testing,SQL,1360
IDE09936,2026-08-11 18:40:00,DEV366,debugging,SQL,1678
IDE07632,2026-08-11 18:43:00,DEV360,testing,SQL,264
IDE09471,2026-08-11 18:48:00,DEV257,testing,Java,611
IDE09943,2026-08-11 18:49:00,DEV466,terminal,Java,124
IDE00498,2026-08-11 18:55:00,DEV459,idle,JavaScript,1613
IDE06092,2026-08-11 18:55:00,DEV359,testing,Python,1287
IDE01559,2026-08-11 18:57:00,DEV044,debugging,Java,449
IDE01710,2026-08-11 18:59:00,DEV128,idle,Java,501
IDE03472,2026-08-11 18:59:00,DEV307,coding,SQL,1719
IDE01239,2026-08-11 19:02:00,DEV194,testing,TypeScript,209
IDE08794,2026-08-11 19:06:00,DEV391,coding,Python,1233
IDE05958,2026-08-11 19:07:00,DEV089,debugging,JavaScript,1563
IDE00247,2026-08-11 19:08:00,DEV410,coding,TypeScript,1131
IDE01910,2026-08-11 19:08:00,DEV282,idle,Java,1531
IDE02228,2026-08-11 19:09:00,DEV201,terminal,JavaScript,1240
IDE08776,2026-08-11 19:09:00,DEV362,coding,Java,1645
IDE04001,2026-08-11 19:10:00,DEV123,file_open,JavaScript,1539
IDE09646,2026-08-11 19:10:00,DEV343,terminal,JavaScript,680
IDE01081,2026-08-11 19:11:00,DEV007,idle,TypeScript,811
IDE05313,2026-08-11 19:11:00,DEV174,terminal,TypeScript,1396
IDE05578,2026-08-11 19:12:00,DEV088,file_open,JavaScript,271
IDE08118,2026-08-11 19:15:00,DEV422,file_open,SQL,381
IDE07004,2026-08-11 19:21:00,DEV474,file_open,TypeScript,1366
IDE00510,2026-08-11 19:22:00,DEV136,coding,Python,1061
IDE09571,2026-08-11 19:24:00,DEV046,testing,Python,1734
IDE07912,2026-08-11 19:29:00,DEV200,idle,Java,1396
IDE03015,2026-08-11 19:30:00,DEV326,terminal,JavaScript,466
IDE03415,2026-08-11 19:33:00,DEV476,coding,SQL,934
IDE03527,2026-08-11 19:36:00,DEV136,idle,TypeScript,1783
IDE01554,2026-08-11 19:38:00,DEV259,coding,TypeScript,1065
IDE05650,2026-08-11 19:38:00,DEV279,coding,Python,1141
IDE08522,2026-08-11 19:38:00,DEV427,terminal,Java,524
IDE00387,2026-08-11 19:41:00,DEV367,debugging,Python,992
IDE01067,2026-08-11 19:46:00,DEV372,testing,Java,601
IDE09626,2026-08-11 19:48:00,DEV123,terminal,Java,1125
IDE02469,2026-08-11 19:50:00,DEV104,debugging,Java,620
IDE02342,2026-08-11 19:52:00,DEV009,idle,Python,264
IDE08511,2026-08-11 19:53:00,DEV390,file_open,JavaScript,1441
IDE01595,2026-08-11 19:54:00,DEV251,terminal,SQL,823
IDE01647,2026-08-11 19:54:00,DEV290,terminal,Python,925
IDE04149,2026-08-11 19:54:00,DEV173,file_open,SQL,961
IDE02564,2026-08-11 19:55:00,DEV498,debugging,Python,533
IDE03078,2026-08-11 19:55:00,DEV127,debugging,TypeScript,798
IDE07220,2026-08-11 19:57:00,DEV426,file_open,JavaScript,938
IDE02307,2026-08-11 20:03:00,DEV339,coding,Java,701
IDE02142,2026-08-11 20:04:00,DEV170,debugging,JavaScript,1228
IDE02630,2026-08-11 20:09:00,DEV167,testing,SQL,58
IDE08740,2026-08-11 20:09:00,DEV368,testing,Python,1088
IDE04799,2026-08-11 20:12:00,DEV150,terminal,SQL,604
IDE05753,2026-08-11 20:12:00,DEV208,file_open,Python,1216
IDE08082,2026-08-11 20:13:00,DEV464,idle,TypeScript,1022
IDE08530,2026-08-11 20:16:00,DEV377,idle,Java,1519
IDE08650,2026-08-11 20:17:00,DEV492,debugging,Java,822
IDE08894,2026-08-11 20:17:00,DEV217,coding,JavaScript,1193
IDE08755,2026-08-11 20:25:00,DEV497,terminal,TypeScript,436
IDE05282,2026-08-11 20:26:00,DEV486,coding,Python,493
IDE02276,2026-08-11 20:29:00,DEV336,file_open,SQL,486
IDE08761,2026-08-11 20:30:00,DEV225,coding,Python,1300
IDE03350,2026-08-11 20:31:00,DEV223,testing,JavaScript,719
IDE03477,2026-08-11 20:36:00,DEV245,testing,TypeScript,288
IDE03802,2026-08-11 20:36:00,DEV031,terminal,Java,101
IDE07290,2026-08-11 20:36:00,DEV401,idle,Java,958
IDE08964,2026-08-11 20:38:00,DEV301,idle,JavaScript,340
IDE04849,2026-08-11 20:39:00,DEV024,terminal,TypeScript,30
IDE04623,2026-08-11 20:42:00,DEV117,terminal,SQL,1094
IDE09180,2026-08-11 20:42:00,DEV188,testing,JavaScript,1440
IDE04884,2026-08-11 20:49:00,DEV183,coding,TypeScript,1184
IDE05288,2026-08-11 20:52:00,DEV269,coding,Java,863
IDE01536,2026-08-11 20:54:00,DEV311,testing,TypeScript,123
IDE02262,2026-08-11 20:56:00,DEV327,terminal,JavaScript,1682
IDE09294,2026-08-11 20:57:00,DEV249,debugging,Java,674
IDE06527,2026-08-11 20:58:00,DEV459,coding,JavaScript,1791
IDE06172,2026-08-11 21:00:00,DEV286,file_open,Python,1141
IDE09422,2026-08-11 21:00:00,DEV375,debugging,Python,518
IDE09802,2026-08-11 21:03:00,DEV015,testing,JavaScript,988
IDE00378,2026-08-11 21:05:00,DEV370,coding,JavaScript,1652
IDE09994,2026-08-11 21:05:00,DEV189,testing,SQL,1133
IDE02280,2026-08-11 21:06:00,DEV447,coding,TypeScript,1585
IDE03086,2026-08-11 21:06:00,DEV115,idle,SQL,1363
IDE07491,2026-08-11 21:07:00,DEV385,testing,Python,831
IDE01201,2026-08-11 21:12:00,DEV303,file_open,TypeScript,302
IDE07297,2026-08-11 21:12:00,DEV004,testing,TypeScript,732
IDE05810,2026-08-11 21:18:00,DEV033,file_open,JavaScript,407
IDE02182,2026-08-11 21:21:00,DEV363,idle,Python,1298
IDE05086,2026-08-11 21:22:00,DEV300,idle,TypeScript,122
IDE03654,2026-08-11 21:23:00,DEV192,coding,JavaScript,412
IDE03381,2026-08-11 21:27:00,DEV451,idle,SQL,433
IDE03730,2026-08-11 21:27:00,DEV126,coding,Python,1693
IDE03095,2026-08-11 21:29:00,DEV001,terminal,JavaScript,336
IDE04249,2026-08-11 21:30:00,DEV457,idle,Python,703
IDE06240,2026-08-11 21:32:00,DEV209,terminal,JavaScript,1532
IDE01416,2026-08-11 21:35:00,DEV196,idle,SQL,188
IDE09744,2026-08-11 21:36:00,DEV015,debugging,SQL,1126
IDE07712,2026-08-11 21:41:00,DEV108,coding,Python,1353
IDE06434,2026-08-11 21:45:00,DEV133,file_open,Python,1699
IDE04064,2026-08-11 21:49:00,DEV141,idle,Java,1253
IDE02081,2026-08-11 21:52:00,DEV270,debugging,TypeScript,576
IDE05312,2026-08-11 21:52:00,DEV119,terminal,JavaScript,1623
IDE04766,2026-08-11 21:58:00,DEV111,debugging,Python,797
IDE01289,2026-08-11 22:01:00,DEV483,coding,JavaScript,1078
IDE00382,2026-08-11 22:06:00,DEV397,debugging,TypeScript,884
IDE03427,2026-08-11 22:09:00,DEV363,file_open,Python,122
IDE01372,2026-08-11 22:11:00,DEV317,testing,SQL,714
IDE00231,2026-08-11 22:14:00,DEV329,testing,Python,92
IDE03839,2026-08-11 22:14:00,DEV043,terminal,SQL,68
IDE02082,2026-08-11 22:17:00,DEV249,terminal,TypeScript,387
IDE09820,2026-08-11 22:17:00,DEV291,terminal,Java,970
IDE05509,2026-08-11 22:18:00,DEV459,debugging,SQL,963
IDE07609,2026-08-11 22:18:00,DEV012,debugging,Python,1610
IDE04308,2026-08-11 22:23:00,DEV260,idle,TypeScript,250
IDE08064,2026-08-11 22:24:00,DEV375,terminal,JavaScript,117
IDE02709,2026-08-11 22:25:00,DEV037,debugging,Java,549
IDE07968,2026-08-11 22:25:00,DEV320,idle,Java,1653
IDE07240,2026-08-11 22:28:00,DEV065,idle,Java,675
IDE01128,2026-08-11 22:32:00,DEV234,coding,Python,733
IDE01480,2026-08-11 22:33:00,DEV400,terminal,Java,979
IDE09028,2026-08-11 22:37:00,DEV180,debugging,SQL,114
IDE00744,2026-08-11 22:38:00,DEV009,terminal,SQL,1379
IDE05701,2026-08-11 22:41:00,DEV358,coding,TypeScript,1054
IDE02188,2026-08-11 22:42:00,DEV143,coding,SQL,198
IDE07970,2026-08-11 22:45:00,DEV370,debugging,Python,1153
IDE03454,2026-08-11 22:47:00,DEV119,testing,SQL,1191
IDE03096,2026-08-11 22:49:00,DEV235,testing,Java,413
IDE08539,2026-08-11 22:53:00,DEV348,terminal,JavaScript,1626
IDE00133,2026-08-11 22:58:00,DEV078,file_open,Java,376
IDE01662,2026-08-11 22:58:00,DEV375,idle,TypeScript,1604
IDE09488,2026-08-11 23:04:00,DEV257,terminal,Python,161
IDE08343,2026-08-11 23:10:00,DEV256,testing,TypeScript,1606
IDE07878,2026-08-11 23:11:00,DEV257,coding,Java,837
IDE09726,2026-08-11 23:11:00,DEV141,testing,SQL,1187
IDE07571,2026-08-11 23:12:00,DEV321,idle,Java,365
IDE01296,2026-08-11 23:16:00,DEV077,debugging,Java,1450
IDE02429,2026-08-11 23:16:00,DEV330,idle,Java,1326
IDE08935,2026-08-11 23:16:00,DEV449,coding,SQL,227
IDE03539,2026-08-11 23:17:00,DEV317,testing,JavaScript,675
IDE03401,2026-08-11 23:22:00,DEV215,coding,Java,621
IDE08701,2026-08-11 23:23:00,DEV227,file_open,SQL,191
IDE06627,2026-08-11 23:24:00,DEV013,coding,JavaScript,446
IDE00480,2026-08-11 23:26:00,DEV472,terminal,SQL,1474
IDE03366,2026-08-11 23:26:00,DEV244,testing,TypeScript,223
IDE08288,2026-08-11 23:27:00,DEV187,file_open,JavaScript,75
IDE03300,2026-08-11 23:29:00,DEV313,coding,Java,1541
IDE05652,2026-08-11 23:30:00,DEV184,coding,Python,1565
IDE00648,2026-08-11 23:32:00,DEV455,debugging,Python,209
IDE08109,2026-08-11 23:32:00,DEV092,terminal,Python,740
IDE08230,2026-08-11 23:32:00,DEV228,coding,Java,799
IDE02451,2026-08-11 23:35:00,DEV282,debugging,SQL,917
IDE06388,2026-08-11 23:38:00,DEV354,idle,Python,1693
IDE08493,2026-08-11 23:39:00,DEV276,debugging,Python,96
IDE09007,2026-08-11 23:40:00,DEV023,terminal,Python,1778
IDE02934,2026-08-11 23:42:00,DEV455,idle,JavaScript,1681
IDE03073,2026-08-11 23:45:00,DEV026,terminal,TypeScript,701
IDE09004,2026-08-11 23:45:00,DEV052,testing,SQL,1551
IDE02290,2026-08-11 23:47:00,DEV051,terminal,Python,1339
IDE03154,2026-08-11 23:48:00,DEV149,testing,Java,889
IDE08324,2026-08-11 23:49:00,DEV405,testing,JavaScript,1658
IDE05950,2026-08-11 23:50:00,DEV356,coding,Java,1607
IDE07129,2026-08-12 00:01:00,DEV324,file_open,JavaScript,1487
IDE00183,2026-08-12 00:03:00,DEV309,file_open,JavaScript,1426
IDE06067,2026-08-12 00:04:00,DEV190,coding,SQL,230
IDE05709,2026-08-12 00:06:00,DEV240,testing,JavaScript,1707
IDE09948,2026-08-12 00:06:00,DEV260,file_open,Python,1365
IDE02907,2026-08-12 00:07:00,DEV237,testing,Python,924
IDE00756,2026-08-12 00:09:00,DEV457,terminal,TypeScript,778
IDE02192,2026-08-12 00:10:00,DEV436,testing,SQL,1182
IDE02232,2026-08-12 00:14:00,DEV178,file_open,Python,522
IDE08025,2026-08-12 00:15:00,DEV021,debugging,SQL,849
IDE07435,2026-08-12 00:16:00,DEV366,coding,TypeScript,1538
IDE09761,2026-08-12 00:19:00,DEV290,debugging,Python,1047
IDE01357,2026-08-12 00:21:00,DEV270,file_open,Java,1182
IDE02747,2026-08-12 00:22:00,DEV496,idle,TypeScript,546
IDE08056,2026-08-12 00:22:00,DEV452,idle,Java,71
IDE06204,2026-08-12 00:23:00,DEV269,terminal,Java,173
IDE04410,2026-08-12 00:31:00,DEV211,debugging,SQL,862
IDE03935,2026-08-12 00:32:00,DEV223,idle,Java,406
IDE07534,2026-08-12 00:34:00,DEV201,debugging,Python,1506
IDE07748,2026-08-12 00:35:00,DEV429,coding,Java,744
IDE00114,2026-08-12 00:36:00,DEV195,terminal,Java,1423
IDE06212,2026-08-12 00:36:00,DEV361,coding,SQL,582
IDE02333,2026-08-12 00:41:00,DEV033,terminal,JavaScript,298
IDE07982,2026-08-12 00:41:00,DEV410,terminal,TypeScript,440
IDE03899,2026-08-12 00:43:00,DEV071,coding,Java,1541
IDE09669,2026-08-12 00:43:00,DEV094,coding,SQL,45
IDE01231,2026-08-12 00:45:00,DEV141,coding,Python,1461
IDE00553,2026-08-12 00:52:00,DEV395,coding,TypeScript,382
IDE03474,2026-08-12 00:52:00,DEV314,testing,TypeScript,815
IDE03985,2026-08-12 00:55:00,DEV476,terminal,JavaScript,449
IDE04584,2026-08-12 00:55:00,DEV161,testing,JavaScript,891
IDE03565,2026-08-12 00:56:00,DEV071,terminal,Java,1287
IDE01057,2026-08-12 00:57:00,DEV478,coding,Python,1618
IDE06397,2026-08-12 00:57:00,DEV283,file_open,Python,1290
IDE01772,2026-08-12 00:59:00,DEV253,coding,Java,1204
IDE00395,2026-08-12 01:01:00,DEV473,coding,TypeScript,1366
IDE07989,2026-08-12 01:07:00,DEV244,coding,TypeScript,65
IDE02699,2026-08-12 01:09:00,DEV386,testing,SQL,1336
IDE06450,2026-08-12 01:09:00,DEV167,terminal,Java,1664
IDE08849,2026-08-12 01:11:00,DEV335,file_open,Java,704
IDE08303,2026-08-12 01:12:00,DEV369,terminal,SQL,305
IDE05018,2026-08-12 01:13:00,DEV484,terminal,Java,80
IDE09912,2026-08-12 01:15:00,DEV003,coding,Python,781
IDE05984,2026-08-12 01:16:00,DEV398,debugging,JavaScript,581
IDE07682,2026-08-12 01:16:00,DEV481,debugging,Java,1495
IDE09882,2026-08-12 01:16:00,DEV075,terminal,TypeScript,1196
IDE04939,2026-08-12 01:19:00,DEV268,coding,SQL,793
IDE05916,2026-08-12 01:20:00,DEV250,coding,JavaScript,1389
IDE06297,2026-08-12 01:20:00,DEV307,idle,JavaScript,1517
IDE02356,2026-08-12 01:23:00,DEV236,testing,SQL,948
IDE01532,2026-08-12 01:30:00,DEV479,testing,Python,1212
IDE03896,2026-08-12 01:30:00,DEV396,file_open,TypeScript,101
IDE08983,2026-08-12 01:33:00,DEV069,file_open,SQL,980
IDE00645,2026-08-12 01:34:00,DEV149,debugging,SQL,251
IDE04897,2026-08-12 01:37:00,DEV137,file_open,JavaScript,159
IDE04471,2026-08-12 01:38:00,DEV343,terminal,JavaScript,1428
IDE07920,2026-08-12 01:38:00,DEV256,file_open,SQL,183
IDE00746,2026-08-12 01:39:00,DEV385,coding,Java,161
IDE05891,2026-08-12 01:39:00,DEV424,testing,JavaScript,857
IDE06730,2026-08-12 01:41:00,DEV466,terminal,SQL,1184
IDE06507,2026-08-12 01:47:00,DEV031,debugging,SQL,528
IDE07615,2026-08-12 01:48:00,DEV266,testing,SQL,230
IDE07414,2026-08-12 01:53:00,DEV211,terminal,JavaScript,1137
IDE08445,2026-08-12 01:55:00,DEV219,testing,SQL,221
IDE09487,2026-08-12 01:55:00,DEV389,coding,JavaScript,605
IDE09756,2026-08-12 01:55:00,DEV394,coding,Python,359
IDE09019,2026-08-12 02:01:00,DEV121,idle,JavaScript,1071
IDE03495,2026-08-12 02:02:00,DEV373,debugging,SQL,973
IDE05924,2026-08-12 02:05:00,DEV382,file_open,JavaScript,1689
IDE00013,2026-08-12 02:09:00,DEV323,terminal,Java,1672
IDE02357,2026-08-12 02:09:00,DEV259,coding,Python,882
IDE04366,2026-08-12 02:09:00,DEV287,terminal,SQL,1352
IDE06619,2026-08-12 02:09:00,DEV471,idle,Python,506
IDE06171,2026-08-12 02:10:00,DEV468,testing,TypeScript,634
IDE05065,2026-08-12 02:16:00,DEV497,debugging,JavaScript,1205
IDE08318,2026-08-12 02:16:00,DEV167,testing,TypeScript,398
IDE09837,2026-08-12 02:19:00,DEV454,debugging,JavaScript,1246
IDE06218,2026-08-12 02:20:00,DEV112,file_open,Python,1572
IDE08638,2026-08-12 02:20:00,DEV446,testing,TypeScript,408
IDE07964,2026-08-12 02:25:00,DEV208,debugging,JavaScript,1423
IDE02720,2026-08-12 02:28:00,DEV186,idle,SQL,189
IDE07178,2026-08-12 02:33:00,DEV273,coding,TypeScript,982
IDE05596,2026-08-12 02:35:00,DEV357,idle,Java,1354
IDE08424,2026-08-12 02:37:00,DEV354,file_open,JavaScript,1429
IDE04893,2026-08-12 02:39:00,DEV027,file_open,SQL,900
IDE04703,2026-08-12 02:42:00,DEV461,coding,SQL,999
IDE00154,2026-08-12 02:43:00,DEV466,coding,Java,700
IDE09222,2026-08-12 02:46:00,DEV232,idle,JavaScript,889
IDE09998,2026-08-12 02:46:00,DEV454,testing,JavaScript,646
IDE06496,2026-08-12 02:49:00,DEV073,terminal,Java,1137
IDE06935,2026-08-12 02:55:00,DEV065,terminal,Python,1104
IDE09190,2026-08-12 02:57:00,DEV291,terminal,JavaScript,1316
IDE04069,2026-08-12 03:00:00,DEV414,terminal,Java,1383
IDE06615,2026-08-12 03:01:00,DEV304,terminal,SQL,1380
IDE06943,2026-08-12 03:01:00,DEV364,testing,JavaScript,1358
IDE02393,2026-08-12 03:02:00,DEV146,coding,SQL,170
IDE08550,2026-08-12 03:04:00,DEV068,terminal,Python,235
IDE05506,2026-08-12 03:05:00,DEV200,debugging,Java,540
IDE02526,2026-08-12 03:06:00,DEV159,debugging,Java,30
IDE03991,2026-08-12 03:06:00,DEV451,coding,SQL,1037
IDE00417,2026-08-12 03:09:00,DEV243,idle,JavaScript,496
IDE06396,2026-08-12 03:11:00,DEV136,coding,Python,815
IDE04125,2026-08-12 03:16:00,DEV472,testing,Java,300
IDE01634,2026-08-12 03:25:00,DEV286,file_open,TypeScript,762
IDE09675,2026-08-12 03:25:00,DEV445,idle,JavaScript,1247
IDE07241,2026-08-12 03:27:00,DEV019,terminal,SQL,632
IDE09619,2026-08-12 03:28:00,DEV293,idle,TypeScript,209
IDE03039,2026-08-12 03:30:00,DEV304,debugging,TypeScript,313
IDE00948,2026-08-12 03:34:00,DEV255,coding,TypeScript,782
IDE06384,2026-08-12 03:35:00,DEV133,idle,Java,952
IDE00579,2026-08-12 03:38:00,DEV103,testing,JavaScript,168
IDE02304,2026-08-12 03:41:00,DEV403,coding,JavaScript,1255
IDE08219,2026-08-12 03:43:00,DEV364,coding,JavaScript,830
IDE04065,2026-08-12 03:45:00,DEV138,file_open,Python,1295
IDE09648,2026-08-12 03:45:00,DEV454,coding,Java,554
IDE01463,2026-08-12 03:51:00,DEV325,testing,Java,922
IDE01871,2026-08-12 03:51:00,DEV494,coding,TypeScript,192
IDE08080,2026-08-12 03:51:00,DEV283,idle,Java,1131
IDE03467,2026-08-12 03:53:00,DEV240,coding,JavaScript,475
IDE01462,2026-08-12 03:55:00,DEV396,file_open,JavaScript,1710
IDE01768,2026-08-12 03:58:00,DEV333,debugging,SQL,1640
IDE02385,2026-08-12 04:03:00,DEV301,coding,JavaScript,662
IDE06360,2026-08-12 04:04:00,DEV187,terminal,JavaScript,1104
IDE08216,2026-08-12 04:05:00,DEV397,coding,JavaScript,1396
IDE08316,2026-08-12 04:05:00,DEV424,coding,SQL,1701
IDE08329,2026-08-12 04:11:00,DEV489,coding,JavaScript,1278
IDE06800,2026-08-12 04:12:00,DEV366,coding,Python,191
IDE09140,2026-08-12 04:18:00,DEV159,file_open,SQL,129
IDE07226,2026-08-12 04:20:00,DEV483,debugging,SQL,1780
IDE00624,2026-08-12 04:21:00,DEV197,testing,SQL,730
IDE08865,2026-08-12 04:21:00,DEV433,terminal,TypeScript,1451
IDE00997,2026-08-12 04:22:00,DEV319,coding,JavaScript,213
IDE04653,2026-08-12 04:22:00,DEV203,testing,Python,715
IDE02552,2026-08-12 04:27:00,DEV270,debugging,TypeScript,1311
IDE05206,2026-08-12 04:29:00,DEV258,terminal,Java,1202
IDE05745,2026-08-12 04:30:00,DEV297,debugging,TypeScript,1328
IDE03085,2026-08-12 04:31:00,DEV115,debugging,Java,167
IDE00712,2026-08-12 04:34:00,DEV426,terminal,JavaScript,1595
IDE08162,2026-08-12 04:37:00,DEV114,idle,Python,1312
IDE04143,2026-08-12 04:40:00,DEV458,testing,Java,1479
IDE01187,2026-08-12 04:44:00,DEV059,file_open,SQL,565
IDE04984,2026-08-12 04:46:00,DEV404,debugging,Python,1771
IDE01828,2026-08-12 04:50:00,DEV475,debugging,Python,435
IDE04613,2026-08-12 04:54:00,DEV454,idle,Python,1547
IDE01838,2026-08-12 04:57:00,DEV124,coding,SQL,246
IDE01860,2026-08-12 04:57:00,DEV277,idle,TypeScript,1330
IDE08885,2026-08-12 04:57:00,DEV092,file_open,Python,636
IDE04116,2026-08-12 04:58:00,DEV235,testing,SQL,1244
IDE05630,2026-08-12 05:03:00,DEV091,coding,JavaScript,384
IDE06217,2026-08-12 05:04:00,DEV250,file_open,Python,1293
IDE01673,2026-08-12 05:05:00,DEV231,terminal,Java,905
IDE07817,2026-08-12 05:08:00,DEV067,testing,SQL,818
IDE04400,2026-08-12 05:09:00,DEV059,debugging,JavaScript,1242
IDE05059,2026-08-12 05:11:00,DEV229,testing,SQL,637
IDE05839,2026-08-12 05:11:00,DEV309,debugging,SQL,301
IDE03950,2026-08-12 05:13:00,DEV257,idle,Python,370
IDE02359,2026-08-12 05:14:00,DEV473,file_open,Java,1409
IDE05092,2026-08-12 05:15:00,DEV012,debugging,Python,147
IDE00542,2026-08-12 05:18:00,DEV339,file_open,JavaScript,311
IDE00549,2026-08-12 05:24:00,DEV131,coding,Java,1761
IDE09545,2026-08-12 05:25:00,DEV109,testing,Java,1473
IDE00352,2026-08-12 05:27:00,DEV445,idle,TypeScript,1685
IDE07713,2026-08-12 05:27:00,DEV099,testing,Python,371
IDE07766,2026-08-12 05:28:00,DEV161,debugging,TypeScript,770
IDE05414,2026-08-12 05:29:00,DEV073,debugging,Python,499
IDE09853,2026-08-12 05:33:00,DEV415,testing,TypeScript,708
IDE00068,2026-08-12 05:38:00,DEV025,idle,Python,664
IDE00010,2026-08-12 05:39:00,DEV244,debugging,JavaScript,296
IDE09371,2026-08-12 05:39:00,DEV133,idle,SQL,989
IDE05385,2026-08-12 05:40:00,DEV250,terminal,Java,613
IDE03713,2026-08-12 05:42:00,DEV094,debugging,Python,1479
IDE01320,2026-08-12 05:43:00,DEV195,terminal,JavaScript,1192
IDE02448,2026-08-12 05:44:00,DEV358,file_open,Python,1568
IDE06462,2026-08-12 05:46:00,DEV401,coding,SQL,1789
IDE09793,2026-08-12 05:48:00,DEV258,testing,JavaScript,1227
IDE04147,2026-08-12 05:50:00,DEV190,terminal,Java,580
IDE08614,2026-08-12 05:52:00,DEV237,idle,JavaScript,1126
IDE09782,2026-08-12 05:54:00,DEV054,terminal,JavaScript,1081
IDE03931,2026-08-12 05:59:00,DEV433,coding,JavaScript,1255
IDE06146,2026-08-12 06:00:00,DEV295,testing,SQL,903
IDE06480,2026-08-12 06:05:00,DEV489,idle,Java,1431
IDE07447,2026-08-12 06:06:00,DEV120,terminal,Java,967
IDE08458,2026-08-12 06:07:00,DEV324,file_open,Python,1742
IDE05382,2026-08-12 06:09:00,DEV087,terminal,JavaScript,1222
IDE05977,2026-08-12 06:11:00,DEV232,file_open,Python,1479
IDE06658,2026-08-12 06:19:00,DEV099,file_open,Python,1113
IDE05726,2026-08-12 06:20:00,DEV465,testing,Java,1247
IDE01303,2026-08-12 06:22:00,DEV415,file_open,TypeScript,1631
IDE00665,2026-08-12 06:24:00,DEV101,testing,JavaScript,33
IDE02801,2026-08-12 06:24:00,DEV002,file_open,Python,1634
IDE02078,2026-08-12 06:29:00,DEV148,coding,Python,500
IDE07819,2026-08-12 06:29:00,DEV388,file_open,SQL,1007
IDE05586,2026-08-12 06:31:00,DEV171,debugging,Python,1563
IDE09832,2026-08-12 06:32:00,DEV246,testing,JavaScript,458
IDE02591,2026-08-12 06:36:00,DEV349,terminal,Java,1692
IDE08546,2026-08-12 06:36:00,DEV473,file_open,JavaScript,1425
IDE07462,2026-08-12 06:38:00,DEV111,coding,Java,900
IDE04552,2026-08-12 06:39:00,DEV385,testing,SQL,1374
IDE07251,2026-08-12 06:40:00,DEV404,debugging,Java,525
IDE00769,2026-08-12 06:42:00,DEV066,coding,Java,1620
IDE02533,2026-08-12 06:42:00,DEV085,debugging,Java,321
IDE05257,2026-08-12 06:43:00,DEV281,testing,Python,1513
IDE08340,2026-08-12 06:46:00,DEV269,coding,Java,1544
IDE09029,2026-08-12 06:46:00,DEV106,coding,SQL,1222
IDE04023,2026-08-12 06:47:00,DEV469,coding,SQL,784
IDE05241,2026-08-12 06:47:00,DEV022,coding,JavaScript,1080
IDE03430,2026-08-12 06:48:00,DEV394,debugging,TypeScript,843
IDE02487,2026-08-12 06:49:00,DEV401,idle,Python,707
IDE02284,2026-08-12 06:51:00,DEV023,testing,Python,1750
IDE08803,2026-08-12 06:51:00,DEV014,coding,SQL,1480
IDE04847,2026-08-12 06:54:00,DEV067,coding,JavaScript,1772
IDE09010,2026-08-12 06:54:00,DEV415,testing,JavaScript,304
IDE03652,2026-08-12 06:55:00,DEV077,debugging,TypeScript,1011
IDE07107,2026-08-12 06:57:00,DEV275,coding,Python,1092
IDE05200,2026-08-12 06:59:00,DEV454,coding,Python,1304
IDE09962,2026-08-12 06:59:00,DEV427,debugging,Java,1774
IDE01582,2026-08-12 07:00:00,DEV040,testing,Python,296
IDE02618,2026-08-12 07:01:00,DEV425,coding,Python,64
IDE07536,2026-08-12 07:03:00,DEV196,file_open,SQL,1436
IDE02648,2026-08-12 07:06:00,DEV309,debugging,Python,149
IDE02510,2026-08-12 07:07:00,DEV374,debugging,TypeScript,555
IDE06421,2026-08-12 07:07:00,DEV216,idle,Python,822
IDE01209,2026-08-12 07:11:00,DEV213,idle,Java,1685
IDE08762,2026-08-12 07:15:00,DEV378,file_open,SQL,986
IDE07984,2026-08-12 07:19:00,DEV240,coding,TypeScript,1347
IDE05309,2026-08-12 07:21:00,DEV271,idle,Python,1697
IDE08970,2026-08-12 07:21:00,DEV160,file_open,TypeScript,826
IDE03457,2026-08-12 07:24:00,DEV221,testing,Python,678
IDE09117,2026-08-12 07:25:00,DEV185,testing,SQL,1115
IDE00406,2026-08-12 07:31:00,DEV103,debugging,JavaScript,271
IDE08732,2026-08-12 07:32:00,DEV256,terminal,SQL,1799
IDE05268,2026-08-12 07:36:00,DEV379,idle,JavaScript,941
IDE00267,2026-08-12 07:37:00,DEV065,file_open,TypeScript,629
IDE03081,2026-08-12 07:37:00,DEV151,idle,JavaScript,916
IDE09884,2026-08-12 07:37:00,DEV094,coding,Java,1592
IDE03961,2026-08-12 07:38:00,DEV180,coding,Python,1051
IDE09128,2026-08-12 07:39:00,DEV002,coding,SQL,1660
IDE05587,2026-08-12 07:40:00,DEV022,terminal,Python,783
IDE08768,2026-08-12 07:40:00,DEV114,idle,SQL,317
IDE09382,2026-08-12 07:41:00,DEV449,idle,Java,1071
IDE02746,2026-08-12 07:46:00,DEV207,file_open,Java,1593
IDE04441,2026-08-12 07:49:00,DEV226,terminal,JavaScript,686
IDE04531,2026-08-12 07:49:00,DEV332,coding,Java,197
IDE07422,2026-08-12 07:49:00,DEV428,debugging,Python,995
IDE07942,2026-08-12 07:49:00,DEV438,debugging,JavaScript,964
IDE02729,2026-08-12 07:50:00,DEV048,debugging,TypeScript,1721
IDE09036,2026-08-12 07:50:00,DEV486,coding,JavaScript,1199
IDE06656,2026-08-12 07:51:00,DEV284,debugging,TypeScript,717
IDE03492,2026-08-12 07:53:00,DEV050,file_open,Python,984
IDE01428,2026-08-12 07:54:00,DEV207,coding,TypeScript,1685
IDE01631,2026-08-12 07:54:00,DEV492,idle,Java,438
IDE02355,2026-08-12 07:55:00,DEV468,testing,Python,1333
IDE03486,2026-08-12 07:57:00,DEV322,terminal,TypeScript,1105
IDE06778,2026-08-12 07:59:00,DEV013,file_open,Java,507
IDE09376,2026-08-12 08:01:00,DEV103,file_open,TypeScript,715
IDE00364,2026-08-12 08:03:00,DEV293,coding,TypeScript,745
IDE03370,2026-08-12 08:03:00,DEV391,terminal,TypeScript,996
IDE00335,2026-08-12 08:09:00,DEV387,idle,JavaScript,126
IDE06144,2026-08-12 08:09:00,DEV045,terminal,SQL,401
IDE07504,2026-08-12 08:09:00,DEV484,terminal,SQL,1711
IDE06424,2026-08-12 08:11:00,DEV082,coding,Java,1548
IDE07633,2026-08-12 08:17:00,DEV404,testing,Java,1238
IDE04376,2026-08-12 08:22:00,DEV033,debugging,SQL,63
IDE00607,2026-08-12 08:23:00,DEV090,debugging,SQL,875
IDE08754,2026-08-12 08:26:00,DEV282,debugging,JavaScript,1065
IDE00436,2026-08-12 08:28:00,DEV176,testing,SQL,1069
IDE02445,2026-08-12 08:28:00,DEV097,terminal,Java,828
IDE06608,2026-08-12 08:31:00,DEV264,terminal,JavaScript,669
IDE03480,2026-08-12 08:37:00,DEV358,file_open,JavaScript,1551
IDE03693,2026-08-12 08:38:00,DEV081,idle,Java,1223
IDE04614,2026-08-12 08:41:00,DEV209,coding,TypeScript,1421
IDE06167,2026-08-12 08:41:00,DEV065,file_open,JavaScript,949
IDE07735,2026-08-12 08:41:00,DEV494,testing,Java,642
IDE03005,2026-08-12 08:44:00,DEV030,terminal,JavaScript,1220
IDE00079,2026-08-12 08:46:00,DEV475,testing,Java,1408
IDE01976,2026-08-12 08:47:00,DEV452,terminal,JavaScript,541
IDE07289,2026-08-12 08:48:00,DEV238,testing,SQL,1156
IDE09693,2026-08-12 08:49:00,DEV416,idle,Java,1767
IDE05844,2026-08-12 08:53:00,DEV367,file_open,JavaScript,706
IDE05617,2026-08-12 08:55:00,DEV380,terminal,Python,1771
IDE02715,2026-08-12 08:56:00,DEV140,debugging,SQL,1330
IDE03594,2026-08-12 08:56:00,DEV022,terminal,JavaScript,189
IDE00344,2026-08-12 08:57:00,DEV448,file_open,Python,182
IDE03707,2026-08-12 08:58:00,DEV281,file_open,Python,512
IDE01699,2026-08-12 09:02:00,DEV351,file_open,JavaScript,1070
IDE03959,2026-08-12 09:08:00,DEV324,debugging,TypeScript,1311
IDE09927,2026-08-12 09:08:00,DEV320,file_open,SQL,380
IDE03522,2026-08-12 09:09:00,DEV455,coding,SQL,319
IDE03616,2026-08-12 09:09:00,DEV335,coding,JavaScript,49
IDE05996,2026-08-12 09:09:00,DEV339,idle,JavaScript,34
IDE09901,2026-08-12 09:09:00,DEV180,file_open,Python,395
IDE02409,2026-08-12 09:10:00,DEV175,terminal,JavaScript,1053
IDE04828,2026-08-12 09:10:00,DEV228,terminal,TypeScript,1455
IDE02395,2026-08-12 09:12:00,DEV210,debugging,JavaScript,1703
IDE00521,2026-08-12 09:14:00,DEV256,coding,JavaScript,1673
IDE09929,2026-08-12 09:17:00,DEV278,file_open,Java,575
IDE09682,2026-08-12 09:20:00,DEV214,terminal,SQL,1499
IDE00323,2026-08-12 09:22:00,DEV064,idle,JavaScript,759
IDE05351,2026-08-12 09:22:00,DEV301,debugging,TypeScript,901
IDE04685,2026-08-12 09:23:00,DEV154,terminal,Java,312
IDE06442,2026-08-12 09:25:00,DEV463,coding,Java,417
IDE05887,2026-08-12 09:31:00,DEV330,coding,Java,339
IDE02633,2026-08-12 09:33:00,DEV334,coding,TypeScript,1173
IDE07052,2026-08-12 09:35:00,DEV311,terminal,SQL,1304
IDE05049,2026-08-12 09:41:00,DEV477,coding,SQL,1541
IDE01226,2026-08-12 09:52:00,DEV465,file_open,JavaScript,241
IDE04719,2026-08-12 09:52:00,DEV439,idle,SQL,1629
IDE04982,2026-08-12 09:58:00,DEV300,file_open,TypeScript,33
IDE06252,2026-08-12 10:00:00,DEV424,debugging,Java,1589
IDE03065,2026-08-12 10:05:00,DEV177,terminal,Python,1481
IDE00940,2026-08-12 10:06:00,DEV249,idle,JavaScript,1670
IDE01006,2026-08-12 10:06:00,DEV453,testing,TypeScript,1548
IDE07409,2026-08-12 10:11:00,DEV445,coding,Java,1244
IDE05285,2026-08-12 10:14:00,DEV159,coding,JavaScript,446
IDE02597,2026-08-12 10:16:00,DEV056,debugging,Python,1144
IDE09497,2026-08-12 10:16:00,DEV477,idle,SQL,1034
IDE09476,2026-08-12 10:19:00,DEV281,terminal,TypeScript,1158
IDE07825,2026-08-12 10:20:00,DEV303,idle,Java,299
IDE01442,2026-08-12 10:21:00,DEV021,coding,Python,522
IDE00766,2026-08-12 10:23:00,DEV485,testing,JavaScript,993
IDE06094,2026-08-12 10:26:00,DEV090,coding,JavaScript,1098
IDE01180,2026-08-12 10:31:00,DEV127,idle,JavaScript,645
IDE03323,2026-08-12 10:33:00,DEV095,debugging,Python,802
IDE01516,2026-08-12 10:37:00,DEV210,file_open,TypeScript,170
IDE00750,2026-08-12 10:42:00,DEV375,file_open,SQL,931
IDE00873,2026-08-12 10:42:00,DEV116,debugging,TypeScript,1734
IDE08666,2026-08-12 10:42:00,DEV224,file_open,SQL,1155
IDE02983,2026-08-12 10:44:00,DEV006,idle,Java,328
IDE05582,2026-08-12 10:46:00,DEV497,idle,Python,688
IDE03748,2026-08-12 10:49:00,DEV079,debugging,Java,610
IDE05508,2026-08-12 10:49:00,DEV072,file_open,TypeScript,162
IDE05089,2026-08-12 10:52:00,DEV119,idle,JavaScript,1700
IDE03100,2026-08-12 10:53:00,DEV328,testing,Java,154
IDE05799,2026-08-12 10:53:00,DEV021,testing,Java,508
IDE09654,2026-08-12 10:56:00,DEV330,terminal,SQL,625
IDE02918,2026-08-12 10:57:00,DEV032,coding,Java,1173
IDE01288,2026-08-12 10:59:00,DEV047,coding,Python,1737
IDE04106,2026-08-12 11:00:00,DEV470,terminal,JavaScript,1237
IDE04715,2026-08-12 11:01:00,DEV403,file_open,Python,960
IDE04937,2026-08-12 11:05:00,DEV360,testing,JavaScript,1548
IDE03742,2026-08-12 11:06:00,DEV276,debugging,Python,44
IDE05423,2026-08-12 11:10:00,DEV494,idle,Java,1781
IDE01664,2026-08-12 11:12:00,DEV415,coding,SQL,864
IDE09056,2026-08-12 11:12:00,DEV355,debugging,Java,955
IDE02486,2026-08-12 11:13:00,DEV046,testing,Python,273
IDE09432,2026-08-12 11:14:00,DEV466,terminal,JavaScript,681
IDE04231,2026-08-12 11:17:00,DEV038,coding,SQL,1659
IDE00027,2026-08-12 11:19:00,DEV034,file_open,SQL,644
IDE04751,2026-08-12 11:19:00,DEV206,debugging,JavaScript,1517
IDE01681,2026-08-12 11:20:00,DEV201,idle,JavaScript,100
IDE09587,2026-08-12 11:21:00,DEV442,terminal,Python,612
IDE09186,2026-08-12 11:23:00,DEV391,file_open,JavaScript,159
IDE01218,2026-08-12 11:24:00,DEV042,testing,Java,595
IDE06314,2026-08-12 11:26:00,DEV478,testing,Java,1686
IDE04028,2026-08-12 11:30:00,DEV321,file_open,Java,1152
IDE06254,2026-08-12 11:30:00,DEV081,coding,Python,289
IDE03162,2026-08-12 11:32:00,DEV471,file_open,Python,1736
IDE06444,2026-08-12 11:33:00,DEV095,testing,TypeScript,80
IDE07456,2026-08-12 11:34:00,DEV166,terminal,TypeScript,1298
IDE07541,2026-08-12 11:34:00,DEV120,idle,JavaScript,1108
IDE06371,2026-08-12 11:36:00,DEV279,terminal,Python,711
IDE08296,2026-08-12 11:39:00,DEV457,idle,Python,137
IDE02950,2026-08-12 11:48:00,DEV406,terminal,TypeScript,793
IDE04876,2026-08-12 11:50:00,DEV067,testing,JavaScript,636
IDE00914,2026-08-12 11:53:00,DEV328,terminal,SQL,1800
IDE02531,2026-08-12 11:53:00,DEV275,debugging,Python,1617
IDE03644,2026-08-12 12:01:00,DEV372,testing,TypeScript,1775
IDE08115,2026-08-12 12:02:00,DEV312,debugging,Java,1571
IDE04541,2026-08-12 12:05:00,DEV493,terminal,Python,1746
IDE06174,2026-08-12 12:06:00,DEV273,idle,JavaScript,846
IDE05748,2026-08-12 12:07:00,DEV140,terminal,SQL,1717
IDE05871,2026-08-12 12:08:00,DEV409,debugging,JavaScript,409
IDE04895,2026-08-12 12:09:00,DEV342,debugging,TypeScript,907
IDE03639,2026-08-12 12:12:00,DEV411,idle,JavaScript,912
IDE05813,2026-08-12 12:12:00,DEV260,testing,TypeScript,1436
IDE04126,2026-08-12 12:19:00,DEV348,testing,TypeScript,670
IDE07944,2026-08-12 12:21:00,DEV242,terminal,TypeScript,549
IDE05658,2026-08-12 12:23:00,DEV239,idle,SQL,1103
IDE02289,2026-08-12 12:27:00,DEV098,idle,SQL,687
IDE07703,2026-08-12 12:28:00,DEV249,debugging,SQL,625
IDE02870,2026-08-12 12:31:00,DEV349,idle,Python,923
IDE00095,2026-08-12 12:33:00,DEV159,debugging,Java,1410
IDE01949,2026-08-12 12:38:00,DEV430,coding,Python,1697
IDE08146,2026-08-12 12:40:00,DEV005,file_open,SQL,303
IDE07258,2026-08-12 12:41:00,DEV095,testing,Python,444
IDE09591,2026-08-12 12:41:00,DEV391,testing,Python,761
IDE01916,2026-08-12 12:45:00,DEV250,testing,Python,1793
IDE01188,2026-08-12 12:46:00,DEV015,debugging,Java,891
IDE05773,2026-08-12 12:46:00,DEV128,file_open,Python,998
IDE08388,2026-08-12 12:46:00,DEV222,coding,Java,1590
IDE03188,2026-08-12 13:00:00,DEV180,coding,TypeScript,1594
IDE06383,2026-08-12 13:01:00,DEV398,idle,JavaScript,1144
IDE02512,2026-08-12 13:06:00,DEV125,coding,JavaScript,150
IDE02653,2026-08-12 13:07:00,DEV107,testing,TypeScript,97
IDE04408,2026-08-12 13:11:00,DEV034,file_open,SQL,1582
IDE00858,2026-08-12 13:12:00,DEV349,testing,TypeScript,332
IDE00305,2026-08-12 13:17:00,DEV222,testing,TypeScript,947
IDE00164,2026-08-12 13:21:00,DEV465,coding,JavaScript,1661
IDE07453,2026-08-12 13:21:00,DEV225,file_open,Python,316
IDE07701,2026-08-12 13:22:00,DEV219,debugging,Python,452
IDE08911,2026-08-12 13:25:00,DEV299,debugging,Java,1272
IDE08213,2026-08-12 13:26:00,DEV327,file_open,JavaScript,112
IDE03342,2026-08-12 13:28:00,DEV224,terminal,Java,572
IDE09091,2026-08-12 13:29:00,DEV275,debugging,SQL,1242
IDE06864,2026-08-12 13:31:00,DEV269,file_open,Python,1586
IDE06447,2026-08-12 13:32:00,DEV141,testing,JavaScript,35
IDE05675,2026-08-12 13:33:00,DEV117,file_open,JavaScript,1483
IDE02861,2026-08-12 13:36:00,DEV164,coding,Java,286
IDE08254,2026-08-12 13:36:00,DEV071,file_open,JavaScript,333
IDE03944,2026-08-12 13:37:00,DEV029,coding,Python,708
IDE09908,2026-08-12 13:38:00,DEV130,debugging,Python,1433
IDE09199,2026-08-12 13:51:00,DEV122,testing,Python,532
IDE09993,2026-08-12 13:53:00,DEV430,terminal,Java,564
IDE08594,2026-08-12 13:54:00,DEV222,testing,Python,1045
IDE08942,2026-08-12 13:55:00,DEV416,file_open,Python,647
IDE01505,2026-08-12 14:03:00,DEV101,coding,TypeScript,917
IDE07822,2026-08-12 14:04:00,DEV453,testing,Python,1680
IDE02461,2026-08-12 14:05:00,DEV065,idle,SQL,211
IDE08561,2026-08-12 14:10:00,DEV254,terminal,TypeScript,1686
IDE08132,2026-08-12 14:14:00,DEV222,file_open,SQL,689
IDE00816,2026-08-12 14:20:00,DEV391,debugging,SQL,1749
IDE04670,2026-08-12 14:20:00,DEV045,terminal,SQL,620
IDE03706,2026-08-12 14:24:00,DEV168,coding,TypeScript,1248
IDE03585,2026-08-12 14:26:00,DEV037,idle,TypeScript,1605
IDE09867,2026-08-12 14:27:00,DEV500,debugging,JavaScript,795
IDE04698,2026-08-12 14:29:00,DEV317,terminal,Python,191
IDE05081,2026-08-12 14:29:00,DEV402,coding,Python,154
IDE09529,2026-08-12 14:29:00,DEV245,file_open,TypeScript,1724
IDE05640,2026-08-12 14:30:00,DEV069,coding,Python,1438
IDE03645,2026-08-12 14:39:00,DEV162,idle,TypeScript,1412
IDE07969,2026-08-12 14:43:00,DEV420,file_open,JavaScript,1101
IDE00504,2026-08-12 14:47:00,DEV407,file_open,JavaScript,751
IDE04962,2026-08-12 14:47:00,DEV103,debugging,Python,658
IDE08044,2026-08-12 14:48:00,DEV255,testing,JavaScript,1342
IDE01623,2026-08-12 14:50:00,DEV058,testing,SQL,1176
IDE05319,2026-08-12 14:52:00,DEV370,terminal,JavaScript,1032
IDE07109,2026-08-12 14:52:00,DEV488,testing,JavaScript,1443
IDE03009,2026-08-12 14:53:00,DEV011,coding,Python,539
IDE04197,2026-08-12 14:53:00,DEV264,idle,JavaScript,884
IDE08063,2026-08-12 14:55:00,DEV357,testing,TypeScript,581
IDE00338,2026-08-12 14:56:00,DEV246,idle,Python,1667
IDE02770,2026-08-12 14:57:00,DEV133,terminal,SQL,531
IDE06768,2026-08-12 14:59:00,DEV071,debugging,SQL,983
IDE00947,2026-08-12 15:02:00,DEV103,terminal,TypeScript,1330
IDE00246,2026-08-12 15:04:00,DEV098,testing,JavaScript,1217
IDE03355,2026-08-12 15:07:00,DEV012,idle,Java,179
IDE06584,2026-08-12 15:11:00,DEV346,file_open,Java,277
IDE06972,2026-08-12 15:11:00,DEV203,coding,Python,840
IDE06111,2026-08-12 15:13:00,DEV163,terminal,SQL,1725
IDE07547,2026-08-12 15:14:00,DEV499,debugging,SQL,36
IDE08771,2026-08-12 15:22:00,DEV194,file_open,TypeScript,887
IDE02253,2026-08-12 15:25:00,DEV397,idle,Java,909
IDE06356,2026-08-12 15:27:00,DEV171,terminal,SQL,1722
IDE08658,2026-08-12 15:28:00,DEV358,terminal,Java,202
IDE09359,2026-08-12 15:28:00,DEV367,terminal,SQL,492
IDE07180,2026-08-12 15:35:00,DEV492,file_open,JavaScript,63
IDE01994,2026-08-12 15:36:00,DEV031,file_open,Java,238
IDE07650,2026-08-12 15:38:00,DEV306,debugging,TypeScript,32
IDE06321,2026-08-12 15:39:00,DEV402,coding,Java,543
IDE03619,2026-08-12 15:40:00,DEV092,testing,JavaScript,938
IDE06453,2026-08-12 15:42:00,DEV386,debugging,JavaScript,1666
IDE09430,2026-08-12 15:45:00,DEV310,debugging,JavaScript,1627
IDE09983,2026-08-12 15:48:00,DEV436,idle,Java,278
IDE01189,2026-08-12 15:51:00,DEV472,testing,Python,1659
IDE04157,2026-08-12 15:51:00,DEV305,idle,Java,790
IDE07576,2026-08-12 15:54:00,DEV310,testing,Java,485
IDE07111,2026-08-12 15:56:00,DEV457,coding,JavaScript,773
IDE02219,2026-08-12 15:58:00,DEV008,file_open,TypeScript,320
IDE00073,2026-08-12 16:00:00,DEV058,testing,TypeScript,949
IDE08106,2026-08-12 16:01:00,DEV473,coding,Java,1042
IDE06030,2026-08-12 16:02:00,DEV256,testing,JavaScript,867
IDE07322,2026-08-12 16:02:00,DEV111,debugging,SQL,1507
IDE00056,2026-08-12 16:03:00,DEV194,terminal,SQL,259
IDE08987,2026-08-12 16:05:00,DEV371,testing,JavaScript,222
IDE05347,2026-08-12 16:06:00,DEV202,idle,Java,1043
IDE04299,2026-08-12 16:07:00,DEV082,idle,TypeScript,1289
IDE06850,2026-08-12 16:07:00,DEV339,coding,Java,1350
IDE06390,2026-08-12 16:10:00,DEV400,terminal,SQL,912
IDE08806,2026-08-12 16:11:00,DEV361,debugging,TypeScript,1758
IDE02233,2026-08-12 16:12:00,DEV296,coding,JavaScript,670
IDE09947,2026-08-12 16:17:00,DEV244,debugging,SQL,535
IDE03181,2026-08-12 16:19:00,DEV079,terminal,SQL,1061
IDE00971,2026-08-12 16:20:00,DEV216,terminal,Java,75
IDE09750,2026-08-12 16:20:00,DEV294,coding,Java,568
IDE00558,2026-08-12 16:23:00,DEV486,file_open,JavaScript,1328
IDE00425,2026-08-12 16:25:00,DEV347,terminal,TypeScript,912
IDE03020,2026-08-12 16:25:00,DEV211,file_open,Python,845
IDE04770,2026-08-12 16:27:00,DEV093,coding,Python,1364
IDE01844,2026-08-12 16:29:00,DEV094,testing,JavaScript,1292
IDE04977,2026-08-12 16:29:00,DEV487,idle,Python,982
IDE09817,2026-08-12 16:35:00,DEV130,file_open,SQL,455
IDE09080,2026-08-12 16:36:00,DEV370,coding,SQL,344
IDE05324,2026-08-12 16:40:00,DEV157,testing,SQL,424
IDE05939,2026-08-12 16:40:00,DEV274,idle,TypeScript,162
IDE01092,2026-08-12 16:41:00,DEV212,file_open,Java,516
IDE06885,2026-08-12 16:43:00,DEV213,debugging,TypeScript,156
IDE02556,2026-08-12 16:45:00,DEV038,debugging,Python,1330
IDE03269,2026-08-12 16:46:00,DEV376,coding,SQL,250
IDE08285,2026-08-12 16:46:00,DEV401,idle,Java,1476
IDE01498,2026-08-12 16:48:00,DEV123,file_open,Java,1437
IDE00359,2026-08-12 16:50:00,DEV146,testing,Python,1118
IDE00912,2026-08-12 16:53:00,DEV349,terminal,Java,1360
IDE09526,2026-08-12 16:54:00,DEV200,idle,JavaScript,1483
IDE08401,2026-08-12 16:56:00,DEV199,idle,SQL,114
IDE01061,2026-08-12 16:57:00,DEV437,testing,Python,1779
IDE06910,2026-08-12 16:58:00,DEV074,coding,SQL,1649
IDE01897,2026-08-12 17:00:00,DEV109,testing,Python,286
IDE06902,2026-08-12 17:04:00,DEV228,idle,Python,1258
IDE02719,2026-08-12 17:05:00,DEV153,testing,Java,287
IDE04700,2026-08-12 17:10:00,DEV316,idle,Java,1793
IDE01444,2026-08-12 17:11:00,DEV184,file_open,SQL,339
IDE08446,2026-08-12 17:11:00,DEV225,terminal,Java,284
IDE05397,2026-08-12 17:16:00,DEV063,coding,TypeScript,376
IDE03222,2026-08-12 17:19:00,DEV422,file_open,Java,562
IDE06794,2026-08-12 17:19:00,DEV097,idle,Java,461
IDE09389,2026-08-12 17:21:00,DEV375,file_open,Python,958
IDE04352,2026-08-12 17:23:00,DEV180,coding,JavaScript,268
IDE03212,2026-08-12 17:24:00,DEV430,debugging,SQL,948
IDE03110,2026-08-12 17:25:00,DEV440,testing,JavaScript,122
IDE09900,2026-08-12 17:27:00,DEV428,file_open,Python,697
IDE00105,2026-08-12 17:28:00,DEV180,idle,JavaScript,53
IDE09240,2026-08-12 17:28:00,DEV378,terminal,TypeScript,730
IDE09876,2026-08-12 17:28:00,DEV462,idle,TypeScript,52
IDE03042,2026-08-12 17:32:00,DEV080,coding,JavaScript,1271
IDE04728,2026-08-12 17:39:00,DEV112,coding,TypeScript,1709
IDE00757,2026-08-12 17:41:00,DEV430,terminal,Python,1688
IDE08906,2026-08-12 17:41:00,DEV013,file_open,TypeScript,1560
IDE08311,2026-08-12 17:43:00,DEV045,coding,Java,1070
IDE06065,2026-08-12 17:48:00,DEV133,terminal,JavaScript,892
IDE01725,2026-08-12 17:50:00,DEV370,file_open,Python,1147
IDE05864,2026-08-12 17:54:00,DEV374,debugging,Python,857
IDE01495,2026-08-12 17:55:00,DEV493,terminal,JavaScript,1136
IDE08231,2026-08-12 17:55:00,DEV408,terminal,Java,339
IDE04981,2026-08-12 18:01:00,DEV292,terminal,TypeScript,552
IDE06287,2026-08-12 18:01:00,DEV387,debugging,SQL,437
IDE02874,2026-08-12 18:03:00,DEV179,testing,TypeScript,1478
IDE04225,2026-08-12 18:03:00,DEV147,idle,SQL,1737
IDE01091,2026-08-12 18:05:00,DEV011,debugging,SQL,1514
IDE09653,2026-08-12 18:07:00,DEV065,file_open,JavaScript,1335
IDE00182,2026-08-12 18:08:00,DEV467,idle,JavaScript,675
IDE03562,2026-08-12 18:10:00,DEV282,file_open,SQL,612
IDE03362,2026-08-12 18:11:00,DEV385,testing,Python,1256
IDE04669,2026-08-12 18:15:00,DEV495,testing,Java,1741
IDE05322,2026-08-12 18:16:00,DEV116,debugging,Python,1401
IDE06882,2026-08-12 18:16:00,DEV270,debugging,Python,260
IDE07070,2026-08-12 18:17:00,DEV378,debugging,Python,1282
IDE09208,2026-08-12 18:26:00,DEV274,terminal,SQL,656
IDE06268,2026-08-12 18:27:00,DEV206,testing,Python,110
IDE04289,2026-08-12 18:30:00,DEV254,debugging,Python,1144
IDE04899,2026-08-12 18:34:00,DEV152,file_open,Java,500
IDE08087,2026-08-12 18:34:00,DEV316,file_open,Java,1791
IDE01955,2026-08-12 18:35:00,DEV482,file_open,Java,1546
IDE05437,2026-08-12 18:37:00,DEV421,terminal,TypeScript,885
IDE09934,2026-08-12 18:37:00,DEV212,terminal,Python,189
IDE03928,2026-08-12 18:38:00,DEV496,testing,JavaScript,1464
IDE02837,2026-08-12 18:39:00,DEV152,testing,Python,243
IDE01800,2026-08-12 18:44:00,DEV082,terminal,JavaScript,1772
IDE03368,2026-08-12 18:44:00,DEV293,terminal,TypeScript,958
IDE01787,2026-08-12 18:45:00,DEV353,terminal,SQL,50
IDE03067,2026-08-12 18:45:00,DEV279,file_open,Java,1303
IDE02199,2026-08-12 18:48:00,DEV122,file_open,Python,1076
IDE08299,2026-08-12 18:48:00,DEV441,debugging,Java,1490
IDE00953,2026-08-12 18:49:00,DEV491,coding,Java,277
IDE08798,2026-08-12 18:50:00,DEV450,idle,Java,1260
IDE05046,2026-08-12 18:53:00,DEV036,testing,JavaScript,1105
IDE02092,2026-08-12 18:58:00,DEV176,coding,SQL,672
IDE05342,2026-08-12 19:01:00,DEV186,idle,JavaScript,246
IDE03202,2026-08-12 19:02:00,DEV122,terminal,Python,481
IDE00550,2026-08-12 19:08:00,DEV044,testing,Java,902
IDE01176,2026-08-12 19:08:00,DEV169,testing,SQL,129
IDE05908,2026-08-12 19:10:00,DEV266,debugging,Python,1035
IDE02053,2026-08-12 19:12:00,DEV447,file_open,SQL,547
IDE06585,2026-08-12 19:12:00,DEV181,file_open,TypeScript,331
IDE07862,2026-08-12 19:15:00,DEV118,debugging,TypeScript,1535
IDE06304,2026-08-12 19:16:00,DEV475,idle,JavaScript,954
IDE02389,2026-08-12 19:25:00,DEV444,debugging,SQL,1001
IDE09950,2026-08-12 19:26:00,DEV049,coding,SQL,420
IDE09679,2026-08-12 19:32:00,DEV470,file_open,JavaScript,1324
IDE06027,2026-08-12 19:35:00,DEV426,terminal,Java,793
IDE05590,2026-08-12 19:36:00,DEV426,debugging,SQL,1342
IDE07904,2026-08-12 19:36:00,DEV481,coding,Python,128
IDE07061,2026-08-12 19:40:00,DEV264,testing,JavaScript,485
IDE09349,2026-08-12 19:40:00,DEV417,debugging,TypeScript,726
IDE06074,2026-08-12 19:45:00,DEV273,file_open,TypeScript,963
IDE04252,2026-08-12 19:46:00,DEV429,testing,TypeScript,538
IDE08996,2026-08-12 19:50:00,DEV437,file_open,TypeScript,270
IDE09207,2026-08-12 19:50:00,DEV224,idle,Java,884
IDE09803,2026-08-12 19:50:00,DEV296,debugging,TypeScript,1518
IDE02300,2026-08-12 19:58:00,DEV334,file_open,TypeScript,860
IDE06018,2026-08-12 20:02:00,DEV080,coding,TypeScript,39
IDE00341,2026-08-12 20:11:00,DEV156,terminal,Python,1740
IDE03206,2026-08-12 20:11:00,DEV374,debugging,TypeScript,267
IDE00476,2026-08-12 20:12:00,DEV331,coding,JavaScript,134
IDE01960,2026-08-12 20:13:00,DEV093,idle,SQL,1318
IDE04966,2026-08-12 20:14:00,DEV088,coding,JavaScript,1248
IDE02165,2026-08-12 20:19:00,DEV076,debugging,TypeScript,927
IDE00658,2026-08-12 20:21:00,DEV154,testing,Java,514
IDE00821,2026-08-12 20:21:00,DEV111,terminal,Java,42
IDE01557,2026-08-12 20:23:00,DEV445,debugging,SQL,1729
IDE05441,2026-08-12 20:24:00,DEV291,testing,Java,206
IDE07837,2026-08-12 20:24:00,DEV336,file_open,JavaScript,1563
IDE00266,2026-08-12 20:26:00,DEV461,file_open,Python,1173
IDE09737,2026-08-12 20:31:00,DEV251,idle,SQL,500
IDE01174,2026-08-12 20:34:00,DEV435,debugging,SQL,473
IDE02973,2026-08-12 20:36:00,DEV072,idle,JavaScript,1248
IDE09018,2026-08-12 20:39:00,DEV348,idle,TypeScript,1130
IDE05820,2026-08-12 20:41:00,DEV464,debugging,JavaScript,826
IDE09275,2026-08-12 20:41:00,DEV452,debugging,SQL,1152
IDE04463,2026-08-12 20:43:00,DEV368,terminal,Java,1722
IDE04262,2026-08-12 20:47:00,DEV260,coding,TypeScript,57
IDE06214,2026-08-12 20:53:00,DEV184,coding,Python,1057
IDE01192,2026-08-12 20:57:00,DEV020,terminal,JavaScript,186
IDE03827,2026-08-12 20:58:00,DEV486,idle,JavaScript,427
IDE04035,2026-08-12 20:59:00,DEV136,idle,JavaScript,1012
IDE01948,2026-08-12 21:00:00,DEV288,file_open,SQL,483
IDE02167,2026-08-12 21:01:00,DEV089,debugging,Python,1234
IDE08622,2026-08-12 21:05:00,DEV064,idle,Python,815
IDE01778,2026-08-12 21:11:00,DEV280,testing,JavaScript,1337
IDE08704,2026-08-12 21:16:00,DEV020,file_open,SQL,243
IDE05008,2026-08-12 21:17:00,DEV258,coding,Python,1242
IDE07561,2026-08-12 21:17:00,DEV419,testing,JavaScript,449
IDE01616,2026-08-12 21:18:00,DEV489,terminal,Python,475
IDE02977,2026-08-12 21:19:00,DEV333,file_open,JavaScript,1195
IDE08679,2026-08-12 21:19:00,DEV316,debugging,SQL,744
IDE01384,2026-08-12 21:25:00,DEV085,debugging,Python,1519
IDE02064,2026-08-12 21:26:00,DEV432,debugging,Python,448
IDE02900,2026-08-12 21:29:00,DEV418,idle,Java,944
IDE07765,2026-08-12 21:29:00,DEV202,coding,Java,44
IDE02009,2026-08-12 21:30:00,DEV464,terminal,JavaScript,1355
IDE03734,2026-08-12 21:31:00,DEV456,idle,Python,1677
IDE06275,2026-08-12 21:31:00,DEV491,debugging,SQL,569
IDE07416,2026-08-12 21:32:00,DEV215,terminal,Python,1636
IDE00245,2026-08-12 21:34:00,DEV463,debugging,Python,985
IDE00794,2026-08-12 21:34:00,DEV425,coding,TypeScript,870
IDE09027,2026-08-12 21:35:00,DEV381,idle,JavaScript,1596
IDE03414,2026-08-12 21:37:00,DEV348,coding,JavaScript,288
IDE04815,2026-08-12 21:37:00,DEV282,coding,Java,1733
IDE07947,2026-08-12 21:40:00,DEV199,testing,JavaScript,1275
IDE08859,2026-08-12 21:44:00,DEV229,idle,Java,1487
IDE04640,2026-08-12 21:45:00,DEV318,idle,Java,1619
IDE00836,2026-08-12 21:46:00,DEV010,testing,SQL,164
IDE03439,2026-08-12 21:49:00,DEV427,coding,Java,1797
IDE01069,2026-08-12 21:52:00,DEV245,testing,Python,651
IDE04041,2026-08-12 21:52:00,DEV360,debugging,SQL,1021
IDE03755,2026-08-12 21:53:00,DEV163,terminal,Python,1033
IDE04997,2026-08-12 21:53:00,DEV470,debugging,SQL,933
IDE04641,2026-08-12 21:54:00,DEV232,idle,JavaScript,122
IDE07036,2026-08-12 21:56:00,DEV483,coding,SQL,349
IDE00999,2026-08-12 21:57:00,DEV304,coding,JavaScript,1230
IDE06429,2026-08-12 21:57:00,DEV192,terminal,Python,533
IDE09315,2026-08-12 21:57:00,DEV398,coding,JavaScript,335
IDE08829,2026-08-12 21:58:00,DEV155,idle,TypeScript,82
IDE03493,2026-08-12 22:00:00,DEV216,debugging,Python,227
IDE09625,2026-08-12 22:01:00,DEV119,coding,TypeScript,106
IDE02890,2026-08-12 22:03:00,DEV215,file_open,TypeScript,491
IDE02805,2026-08-12 22:18:00,DEV461,file_open,Java,145
IDE06417,2026-08-12 22:20:00,DEV274,debugging,Python,1323
IDE01434,2026-08-12 22:23:00,DEV067,testing,Java,449
IDE02416,2026-08-12 22:27:00,DEV336,idle,SQL,1724
IDE05054,2026-08-12 22:27:00,DEV325,file_open,JavaScript,275
IDE01593,2026-08-12 22:28:00,DEV373,testing,Java,1184
IDE04889,2026-08-12 22:28:00,DEV101,file_open,Java,391
IDE07045,2026-08-12 22:28:00,DEV392,file_open,Python,1748
IDE07381,2026-08-12 22:30:00,DEV076,coding,SQL,1245
IDE05846,2026-08-12 22:32:00,DEV385,testing,Python,1504
IDE03057,2026-08-12 22:33:00,DEV312,debugging,Python,1231
IDE07014,2026-08-12 22:37:00,DEV282,idle,SQL,1026
IDE07162,2026-08-12 22:39:00,DEV225,testing,JavaScript,1001
IDE02285,2026-08-12 22:40:00,DEV408,idle,TypeScript,1791
IDE07277,2026-08-12 22:41:00,DEV476,debugging,TypeScript,442
IDE03787,2026-08-12 22:44:00,DEV427,file_open,TypeScript,52
IDE09381,2026-08-12 22:44:00,DEV153,testing,Java,1782
IDE05050,2026-08-12 22:48:00,DEV376,debugging,JavaScript,143
IDE01658,2026-08-12 22:49:00,DEV253,terminal,Python,312
IDE09334,2026-08-12 22:53:00,DEV438,terminal,JavaScript,379
IDE01471,2026-08-12 22:54:00,DEV137,testing,Python,1737
IDE02269,2026-08-12 22:54:00,DEV407,terminal,Java,361
IDE04890,2026-08-12 22:56:00,DEV095,file_open,TypeScript,842
IDE03011,2026-08-12 22:58:00,DEV444,testing,Java,1266
IDE02889,2026-08-12 22:59:00,DEV303,idle,JavaScript,958
IDE04699,2026-08-12 23:00:00,DEV349,debugging,Java,803
IDE03573,2026-08-12 23:04:00,DEV239,terminal,Java,1788
IDE04346,2026-08-12 23:07:00,DEV025,file_open,SQL,1244
IDE07316,2026-08-12 23:10:00,DEV120,debugging,SQL,525
IDE07565,2026-08-12 23:10:00,DEV025,coding,SQL,641
IDE08875,2026-08-12 23:14:00,DEV433,terminal,SQL,928
IDE07949,2026-08-12 23:15:00,DEV117,coding,Java,1429
IDE09118,2026-08-12 23:15:00,DEV485,idle,JavaScript,77
IDE07999,2026-08-12 23:16:00,DEV134,debugging,Python,1739
IDE03892,2026-08-12 23:22:00,DEV145,terminal,Python,852
IDE05960,2026-08-12 23:25:00,DEV332,file_open,SQL,106
IDE05534,2026-08-12 23:26:00,DEV071,idle,Java,1048
IDE05026,2026-08-12 23:33:00,DEV049,terminal,Python,337
IDE04121,2026-08-12 23:34:00,DEV244,idle,TypeScript,415
IDE08902,2026-08-12 23:34:00,DEV122,debugging,Python,151
IDE05036,2026-08-12 23:35:00,DEV350,coding,JavaScript,1280
IDE07224,2026-08-12 23:35:00,DEV168,coding,Python,49
IDE04954,2026-08-12 23:37:00,DEV187,idle,SQL,1391
IDE09320,2026-08-12 23:37:00,DEV482,debugging,JavaScript,818
IDE09071,2026-08-12 23:40:00,DEV467,coding,Java,1790
IDE05426,2026-08-12 23:44:00,DEV097,debugging,Java,1185
IDE09754,2026-08-12 23:45:00,DEV020,coding,JavaScript,1100
IDE05136,2026-08-12 23:48:00,DEV098,coding,JavaScript,1487
IDE07451,2026-08-12 23:51:00,DEV354,testing,SQL,989
IDE07867,2026-08-12 23:54:00,DEV050,file_open,SQL,994
IDE09087,2026-08-12 23:56:00,DEV187,file_open,TypeScript,165
IDE06759,2026-08-12 23:58:00,DEV334,idle,JavaScript,1057
IDE00564,2026-08-12 23:59:00,DEV420,idle,JavaScript,368
IDE01940,2026-08-13 00:02:00,DEV287,idle,SQL,1150
IDE00612,2026-08-13 00:07:00,DEV438,idle,TypeScript,1521
IDE01470,2026-08-13 00:08:00,DEV310,coding,Java,768
IDE06270,2026-08-13 00:08:00,DEV295,testing,SQL,535
IDE05691,2026-08-13 00:10:00,DEV355,file_open,JavaScript,334
IDE00234,2026-08-13 00:11:00,DEV129,file_open,TypeScript,1546
IDE07531,2026-08-13 00:13:00,DEV484,debugging,Python,746
IDE06269,2026-08-13 00:16:00,DEV286,idle,SQL,1155
IDE02145,2026-08-13 00:17:00,DEV343,file_open,JavaScript,1185
IDE09579,2026-08-13 00:20:00,DEV201,coding,TypeScript,1636
IDE03864,2026-08-13 00:21:00,DEV175,idle,JavaScript,1288
IDE08477,2026-08-13 00:22:00,DEV083,coding,SQL,1552
IDE02873,2026-08-13 00:24:00,DEV495,debugging,SQL,364
IDE04164,2026-08-13 00:24:00,DEV404,debugging,SQL,963
IDE01615,2026-08-13 00:28:00,DEV222,coding,Python,1241
IDE06114,2026-08-13 00:35:00,DEV085,coding,SQL,1352
IDE08472,2026-08-13 00:35:00,DEV323,file_open,Java,695
IDE09860,2026-08-13 00:40:00,DEV091,file_open,SQL,797
IDE02593,2026-08-13 00:42:00,DEV214,testing,JavaScript,1374
IDE05945,2026-08-13 00:42:00,DEV311,terminal,SQL,776
IDE09298,2026-08-13 00:42:00,DEV386,idle,TypeScript,823
IDE00026,2026-08-13 00:44:00,DEV385,testing,TypeScript,1148
IDE01037,2026-08-13 00:44:00,DEV480,testing,SQL,494
IDE06542,2026-08-13 00:44:00,DEV101,idle,Python,34
IDE09909,2026-08-13 00:46:00,DEV044,coding,JavaScript,245
IDE01098,2026-08-13 00:47:00,DEV190,testing,TypeScript,1327
IDE05472,2026-08-13 00:49:00,DEV249,file_open,JavaScript,1087
IDE00978,2026-08-13 00:55:00,DEV184,debugging,TypeScript,370
IDE07782,2026-08-13 00:58:00,DEV488,idle,SQL,201
IDE03867,2026-08-13 01:04:00,DEV268,debugging,TypeScript,708
IDE05189,2026-08-13 01:04:00,DEV091,coding,Java,143
IDE05433,2026-08-13 01:05:00,DEV067,coding,TypeScript,1445
IDE00119,2026-08-13 01:13:00,DEV492,terminal,Python,728
IDE06966,2026-08-13 01:15:00,DEV368,debugging,JavaScript,112
IDE09377,2026-08-13 01:15:00,DEV239,coding,SQL,1595
IDE04712,2026-08-13 01:20:00,DEV265,debugging,SQL,1744
IDE00555,2026-08-13 01:21:00,DEV097,testing,Python,994
IDE07732,2026-08-13 01:24:00,DEV070,coding,JavaScript,428
IDE08571,2026-08-13 01:24:00,DEV189,debugging,JavaScript,1197
IDE05571,2026-08-13 01:26:00,DEV476,coding,Python,343
IDE00004,2026-08-13 01:33:00,DEV353,file_open,SQL,1240
IDE01811,2026-08-13 01:34:00,DEV423,file_open,JavaScript,1087
IDE09062,2026-08-13 01:36:00,DEV328,terminal,TypeScript,1554
IDE09979,2026-08-13 01:36:00,DEV013,file_open,JavaScript,575
IDE01680,2026-08-13 01:38:00,DEV146,debugging,Python,804
IDE00759,2026-08-13 01:40:00,DEV116,coding,JavaScript,652
IDE01043,2026-08-13 01:40:00,DEV170,debugging,JavaScript,1015
IDE03752,2026-08-13 01:40:00,DEV109,file_open,JavaScript,252
IDE02166,2026-08-13 01:43:00,DEV114,idle,Java,1281
IDE02587,2026-08-13 01:48:00,DEV201,idle,JavaScript,447
IDE08124,2026-08-13 01:48:00,DEV021,file_open,Python,566
IDE00469,2026-08-13 01:51:00,DEV165,idle,Python,1131
IDE04842,2026-08-13 01:52:00,DEV487,coding,SQL,1299
IDE02375,2026-08-13 01:57:00,DEV419,idle,Python,735
IDE05108,2026-08-13 01:57:00,DEV254,terminal,Java,1534
IDE07191,2026-08-13 01:57:00,DEV475,idle,JavaScript,1083
IDE02452,2026-08-13 01:59:00,DEV063,coding,SQL,663
IDE05702,2026-08-13 02:00:00,DEV205,idle,Python,1352
IDE05113,2026-08-13 02:01:00,DEV099,idle,Java,1226
IDE01918,2026-08-13 02:03:00,DEV192,testing,JavaScript,1021
IDE07007,2026-08-13 02:12:00,DEV272,idle,SQL,367
IDE09425,2026-08-13 02:14:00,DEV378,file_open,TypeScript,48
IDE04449,2026-08-13 02:15:00,DEV039,idle,JavaScript,1173
IDE06598,2026-08-13 02:18:00,DEV018,terminal,Java,1708
IDE06908,2026-08-13 02:21:00,DEV397,coding,Java,141
IDE00297,2026-08-13 02:23:00,DEV105,coding,Python,1010
IDE02261,2026-08-13 02:23:00,DEV273,coding,TypeScript,1407
IDE08782,2026-08-13 02:25:00,DEV110,file_open,Python,479
IDE00529,2026-08-13 02:26:00,DEV145,coding,SQL,1178
IDE07364,2026-08-13 02:28:00,DEV251,testing,Java,910
IDE08603,2026-08-13 02:29:00,DEV178,testing,JavaScript,1066
IDE06042,2026-08-13 02:30:00,DEV290,testing,Java,1480
IDE07899,2026-08-13 02:34:00,DEV289,idle,Java,991
IDE01382,2026-08-13 02:35:00,DEV450,coding,SQL,1017
IDE02922,2026-08-13 02:35:00,DEV168,file_open,JavaScript,1211
IDE06665,2026-08-13 02:35:00,DEV065,coding,Python,568
IDE05205,2026-08-13 02:39:00,DEV256,file_open,Java,159
IDE00160,2026-08-13 02:40:00,DEV210,coding,SQL,147
IDE07587,2026-08-13 02:42:00,DEV255,terminal,JavaScript,536
IDE00770,2026-08-13 02:49:00,DEV363,terminal,Python,1716
IDE09828,2026-08-13 02:52:00,DEV475,debugging,SQL,1601
IDE00410,2026-08-13 02:56:00,DEV475,testing,SQL,621
IDE04399,2026-08-13 02:57:00,DEV235,idle,SQL,1144
IDE00753,2026-08-13 02:58:00,DEV285,testing,JavaScript,415
IDE02224,2026-08-13 03:00:00,DEV377,coding,SQL,1214
IDE03088,2026-08-13 03:00:00,DEV378,terminal,Java,1548
IDE06666,2026-08-13 03:00:00,DEV383,terminal,SQL,308
IDE03442,2026-08-13 03:01:00,DEV005,idle,TypeScript,302
IDE04123,2026-08-13 03:05:00,DEV276,idle,Python,135
IDE07684,2026-08-13 03:07:00,DEV119,terminal,SQL,1684
IDE00737,2026-08-13 03:08:00,DEV431,testing,SQL,1055
IDE09581,2026-08-13 03:08:00,DEV313,debugging,JavaScript,141
IDE07302,2026-08-13 03:13:00,DEV403,coding,JavaScript,466
IDE03540,2026-08-13 03:15:00,DEV202,testing,TypeScript,1544
IDE03375,2026-08-13 03:18:00,DEV275,coding,Python,781
IDE00847,2026-08-13 03:19:00,DEV074,coding,SQL,901
IDE06811,2026-08-13 03:24:00,DEV263,terminal,SQL,1245
IDE01436,2026-08-13 03:26:00,DEV049,terminal,JavaScript,1241
IDE09671,2026-08-13 03:26:00,DEV091,debugging,Python,123
IDE03273,2026-08-13 03:27:00,DEV341,coding,SQL,1711
IDE00562,2026-08-13 03:28:00,DEV347,file_open,Java,961
IDE05591,2026-08-13 03:28:00,DEV318,coding,TypeScript,1180
IDE00227,2026-08-13 03:29:00,DEV238,idle,SQL,627
IDE02631,2026-08-13 03:32:00,DEV277,testing,Python,1538
IDE01115,2026-08-13 03:34:00,DEV436,idle,Java,1756
IDE04781,2026-08-13 03:38:00,DEV133,terminal,Java,1202
IDE07647,2026-08-13 03:40:00,DEV445,coding,SQL,1258
IDE04693,2026-08-13 03:43:00,DEV488,testing,TypeScript,1637
IDE07272,2026-08-13 03:45:00,DEV278,idle,TypeScript,862
IDE07759,2026-08-13 03:45:00,DEV006,testing,TypeScript,76
IDE09130,2026-08-13 03:45:00,DEV295,testing,TypeScript,794
IDE08145,2026-08-13 03:48:00,DEV035,debugging,JavaScript,1512
IDE05112,2026-08-13 03:49:00,DEV262,coding,Python,1651
IDE08161,2026-08-13 03:50:00,DEV112,debugging,SQL,1470
IDE09179,2026-08-13 03:50:00,DEV374,file_open,SQL,301
IDE00538,2026-08-13 03:52:00,DEV448,idle,SQL,1772
IDE00202,2026-08-13 03:55:00,DEV069,file_open,TypeScript,442
IDE06422,2026-08-13 04:03:00,DEV445,file_open,TypeScript,611
IDE00614,2026-08-13 04:05:00,DEV281,coding,Java,1579
IDE01317,2026-08-13 04:05:00,DEV105,testing,Python,482
IDE01816,2026-08-13 04:05:00,DEV438,testing,Python,56
IDE06579,2026-08-13 04:07:00,DEV081,terminal,SQL,462
IDE01370,2026-08-13 04:10:00,DEV416,testing,JavaScript,668
IDE00793,2026-08-13 04:12:00,DEV370,coding,SQL,170
IDE04994,2026-08-13 04:14:00,DEV241,debugging,Java,1300
IDE07599,2026-08-13 04:14:00,DEV229,file_open,Python,105
IDE03349,2026-08-13 04:16:00,DEV099,testing,SQL,1218
IDE06678,2026-08-13 04:18:00,DEV361,debugging,TypeScript,199
IDE05525,2026-08-13 04:19:00,DEV080,debugging,TypeScript,1453
IDE04758,2026-08-13 04:21:00,DEV384,idle,Java,754
IDE06019,2026-08-13 04:27:00,DEV413,testing,SQL,1400
IDE00987,2026-08-13 04:35:00,DEV130,terminal,JavaScript,287
IDE01166,2026-08-13 04:36:00,DEV399,coding,Java,537
IDE08569,2026-08-13 04:36:00,DEV407,file_open,SQL,1797
IDE07753,2026-08-13 04:37:00,DEV013,coding,Java,1273
IDE04581,2026-08-13 04:39:00,DEV096,coding,JavaScript,170
IDE04296,2026-08-13 04:42:00,DEV437,debugging,TypeScript,1681
IDE08142,2026-08-13 04:43:00,DEV378,debugging,Python,229
IDE09851,2026-08-13 04:44:00,DEV304,idle,SQL,670
IDE08969,2026-08-13 04:46:00,DEV058,file_open,JavaScript,961
IDE00398,2026-08-13 04:47:00,DEV018,idle,JavaScript,430
IDE03561,2026-08-13 04:47:00,DEV498,debugging,JavaScript,1297
IDE09954,2026-08-13 04:51:00,DEV008,terminal,JavaScript,547
IDE08237,2026-08-13 04:52:00,DEV042,debugging,Python,862
IDE05073,2026-08-13 04:53:00,DEV039,testing,Python,1687
IDE03607,2026-08-13 04:59:00,DEV016,terminal,Python,711
IDE06672,2026-08-13 05:00:00,DEV224,idle,Python,770
IDE02846,2026-08-13 05:02:00,DEV092,coding,SQL,170
IDE00837,2026-08-13 05:05:00,DEV442,idle,SQL,1645
IDE01260,2026-08-13 05:06:00,DEV048,debugging,SQL,1757
IDE02627,2026-08-13 05:08:00,DEV346,coding,SQL,923
IDE05757,2026-08-13 05:12:00,DEV330,terminal,Java,723
IDE05451,2026-08-13 05:14:00,DEV235,file_open,Python,206
IDE02183,2026-08-13 05:17:00,DEV429,debugging,Python,1077
IDE07481,2026-08-13 05:17:00,DEV105,terminal,JavaScript,607
IDE01139,2026-08-13 05:25:00,DEV005,coding,JavaScript,1162
IDE07977,2026-08-13 05:26:00,DEV013,idle,SQL,839
IDE08084,2026-08-13 05:27:00,DEV363,idle,JavaScript,1654
IDE09343,2026-08-13 05:27:00,DEV491,debugging,Python,1558
IDE04589,2026-08-13 05:28:00,DEV376,terminal,JavaScript,574
IDE07664,2026-08-13 05:28:00,DEV100,terminal,JavaScript,472
IDE02274,2026-08-13 05:30:00,DEV467,testing,Java,161
IDE02374,2026-08-13 05:31:00,DEV229,debugging,Python,1594
IDE09049,2026-08-13 05:35:00,DEV186,coding,TypeScript,1624
IDE07886,2026-08-13 05:36:00,DEV289,debugging,TypeScript,1210
IDE04498,2026-08-13 05:39:00,DEV289,idle,JavaScript,1516
IDE04754,2026-08-13 05:40:00,DEV052,coding,JavaScript,839
IDE00104,2026-08-13 05:41:00,DEV012,terminal,Java,1330
IDE04538,2026-08-13 05:43:00,DEV140,file_open,TypeScript,250
IDE02144,2026-08-13 05:45:00,DEV316,terminal,Python,1238
IDE05284,2026-08-13 05:48:00,DEV235,debugging,TypeScript,1349
IDE01836,2026-08-13 05:49:00,DEV445,testing,SQL,1235
IDE01130,2026-08-13 05:50:00,DEV158,testing,Java,1336
IDE02802,2026-08-13 05:50:00,DEV291,file_open,Python,1225
IDE05980,2026-08-13 05:51:00,DEV473,idle,Python,1255
IDE08814,2026-08-13 05:52:00,DEV353,debugging,Java,944
IDE03127,2026-08-13 05:54:00,DEV161,file_open,TypeScript,135
IDE07551,2026-08-13 05:55:00,DEV065,terminal,Python,335
IDE08509,2026-08-13 05:58:00,DEV283,debugging,TypeScript,327
IDE01958,2026-08-13 06:00:00,DEV001,file_open,SQL,1666
IDE09684,2026-08-13 06:04:00,DEV132,coding,Python,1287
IDE00860,2026-08-13 06:05:00,DEV035,debugging,Java,95
IDE03174,2026-08-13 06:05:00,DEV115,idle,TypeScript,1105
IDE01558,2026-08-13 06:06:00,DEV407,debugging,Python,311
IDE03661,2026-08-13 06:07:00,DEV434,terminal,Python,1169
IDE09021,2026-08-13 06:08:00,DEV288,debugging,Java,634
IDE00453,2026-08-13 06:14:00,DEV257,terminal,Python,736
IDE09372,2026-08-13 06:17:00,DEV405,idle,JavaScript,737
IDE05179,2026-08-13 06:19:00,DEV371,file_open,TypeScript,1226
IDE02099,2026-08-13 06:20:00,DEV141,coding,SQL,1068
IDE08107,2026-08-13 06:23:00,DEV215,terminal,TypeScript,906
IDE01665,2026-08-13 06:26:00,DEV425,testing,SQL,581
IDE03655,2026-08-13 06:28:00,DEV327,coding,Python,1221
IDE06668,2026-08-13 06:29:00,DEV089,terminal,Python,1629
IDE05330,2026-08-13 06:35:00,DEV097,idle,Python,642
IDE09748,2026-08-13 06:35:00,DEV168,terminal,TypeScript,1349
IDE05564,2026-08-13 06:36:00,DEV003,terminal,Python,276
IDE01588,2026-08-13 06:38:00,DEV195,testing,SQL,1058
IDE09462,2026-08-13 06:40:00,DEV493,file_open,TypeScript,322
IDE07820,2026-08-13 06:43:00,DEV293,terminal,TypeScript,149
IDE09509,2026-08-13 06:43:00,DEV347,testing,Python,1569
IDE01734,2026-08-13 06:45:00,DEV113,testing,Java,725
IDE02986,2026-08-13 06:45:00,DEV477,file_open,SQL,716
IDE04628,2026-08-13 06:46:00,DEV226,coding,TypeScript,308
IDE05606,2026-08-13 06:53:00,DEV428,idle,TypeScript,1467
IDE03118,2026-08-13 06:55:00,DEV245,terminal,Java,148
IDE05473,2026-08-13 06:56:00,DEV350,file_open,Python,1452
IDE00024,2026-08-13 07:00:00,DEV321,idle,JavaScript,1787
IDE06492,2026-08-13 07:01:00,DEV251,file_open,Java,1082
IDE08962,2026-08-13 07:02:00,DEV133,terminal,SQL,1584
IDE04944,2026-08-13 07:05:00,DEV464,coding,TypeScript,663
IDE02264,2026-08-13 07:07:00,DEV459,terminal,Python,1064
IDE03319,2026-08-13 07:09:00,DEV124,terminal,SQL,674
IDE07971,2026-08-13 07:11:00,DEV070,testing,Java,1145
IDE00839,2026-08-13 07:13:00,DEV367,idle,Java,37
IDE00147,2026-08-13 07:16:00,DEV425,terminal,Python,832
IDE07508,2026-08-13 07:17:00,DEV200,debugging,SQL,148
IDE06393,2026-08-13 07:19:00,DEV448,file_open,TypeScript,1118
IDE07286,2026-08-13 07:20:00,DEV301,coding,Python,113
IDE04112,2026-08-13 07:21:00,DEV009,idle,JavaScript,1351
IDE00931,2026-08-13 07:26:00,DEV352,debugging,SQL,718
IDE05825,2026-08-13 07:26:00,DEV242,terminal,SQL,1579
IDE05186,2026-08-13 07:36:00,DEV414,idle,JavaScript,1421
IDE09161,2026-08-13 07:39:00,DEV150,testing,Python,1459
IDE04102,2026-08-13 07:44:00,DEV441,terminal,Java,1448
IDE06032,2026-08-13 07:45:00,DEV439,file_open,Python,1757
IDE00081,2026-08-13 07:46:00,DEV397,debugging,JavaScript,225
IDE06309,2026-08-13 07:47:00,DEV219,terminal,Python,1116
IDE05439,2026-08-13 07:49:00,DEV264,file_open,SQL,586
IDE05432,2026-08-13 07:50:00,DEV492,idle,SQL,1538
IDE02740,2026-08-13 07:51:00,DEV157,terminal,Python,1478
IDE02202,2026-08-13 07:56:00,DEV269,idle,Java,1449
IDE03523,2026-08-13 07:56:00,DEV360,terminal,Python,1209
IDE04140,2026-08-13 07:58:00,DEV361,testing,Java,123
IDE03191,2026-08-13 08:00:00,DEV005,coding,TypeScript,1616
IDE07391,2026-08-13 08:09:00,DEV308,testing,TypeScript,1288
IDE03249,2026-08-13 08:13:00,DEV133,file_open,SQL,1709
IDE00310,2026-08-13 08:17:00,DEV373,file_open,Java,1078
IDE09112,2026-08-13 08:19:00,DEV435,coding,SQL,1548
IDE05115,2026-08-13 08:20:00,DEV077,coding,JavaScript,73
IDE00929,2026-08-13 08:28:00,DEV403,file_open,Python,916
IDE05229,2026-08-13 08:32:00,DEV371,idle,JavaScript,1115
IDE02483,2026-08-13 08:33:00,DEV192,terminal,Java,196
IDE05909,2026-08-13 08:33:00,DEV488,coding,Java,36
IDE07574,2026-08-13 08:38:00,DEV061,file_open,TypeScript,458
IDE06420,2026-08-13 08:44:00,DEV434,terminal,Java,75
IDE08281,2026-08-13 08:45:00,DEV207,idle,Java,513
IDE01743,2026-08-13 08:46:00,DEV399,terminal,Python,1687
IDE06292,2026-08-13 08:46:00,DEV104,testing,TypeScript,184
IDE08460,2026-08-13 08:46:00,DEV411,coding,Python,1501
IDE02829,2026-08-13 08:48:00,DEV127,file_open,Python,674
IDE03770,2026-08-13 08:49:00,DEV084,testing,Java,1115
IDE03305,2026-08-13 08:50:00,DEV342,terminal,SQL,1754
IDE01883,2026-08-13 08:53:00,DEV225,testing,SQL,463
IDE00280,2026-08-13 08:54:00,DEV352,coding,Java,591
IDE03911,2026-08-13 08:55:00,DEV324,debugging,SQL,1174
IDE02739,2026-08-13 09:02:00,DEV307,idle,JavaScript,922
IDE09557,2026-08-13 09:06:00,DEV010,terminal,Python,760
IDE00037,2026-08-13 09:07:00,DEV058,file_open,TypeScript,1046
IDE00434,2026-08-13 09:08:00,DEV296,coding,JavaScript,1183
IDE01196,2026-08-13 09:11:00,DEV213,debugging,Python,377
IDE09078,2026-08-13 09:14:00,DEV224,coding,Python,1481
IDE05597,2026-08-13 09:16:00,DEV223,debugging,Java,625
IDE06368,2026-08-13 09:19:00,DEV125,idle,Java,325
IDE04263,2026-08-13 09:21:00,DEV338,idle,JavaScript,107
IDE01552,2026-08-13 09:25:00,DEV488,terminal,JavaScript,200
IDE05878,2026-08-13 09:27:00,DEV310,debugging,Python,62
IDE04495,2026-08-13 09:28:00,DEV129,debugging,Python,800
IDE01591,2026-08-13 09:29:00,DEV071,idle,Python,701
IDE02575,2026-08-13 09:30:00,DEV302,debugging,TypeScript,1003
IDE04551,2026-08-13 09:30:00,DEV342,terminal,Python,1064
IDE09703,2026-08-13 09:34:00,DEV341,coding,Python,1187
IDE06985,2026-08-13 09:35:00,DEV163,testing,TypeScript,164
IDE01205,2026-08-13 09:40:00,DEV203,debugging,SQL,253
IDE01291,2026-08-13 09:43:00,DEV327,testing,TypeScript,891
IDE01943,2026-08-13 09:44:00,DEV124,file_open,JavaScript,650
IDE07352,2026-08-13 09:46:00,DEV330,terminal,TypeScript,1275
IDE05585,2026-08-13 09:47:00,DEV255,terminal,Java,1040
IDE01158,2026-08-13 09:48:00,DEV386,debugging,Java,329
IDE01731,2026-08-13 09:48:00,DEV322,file_open,SQL,630
IDE00255,2026-08-13 09:49:00,DEV483,idle,JavaScript,102
IDE06606,2026-08-13 09:52:00,DEV492,coding,SQL,1095
IDE06161,2026-08-13 09:55:00,DEV092,coding,Python,803
IDE01445,2026-08-13 09:58:00,DEV152,file_open,Python,1445
IDE03452,2026-08-13 09:59:00,DEV079,testing,Java,485
IDE00509,2026-08-13 10:00:00,DEV186,idle,TypeScript,1498
IDE07068,2026-08-13 10:01:00,DEV038,terminal,TypeScript,1498
IDE02920,2026-08-13 10:02:00,DEV497,file_open,Python,355
IDE00857,2026-08-13 10:06:00,DEV225,coding,SQL,1572
IDE02027,2026-08-13 10:06:00,DEV389,coding,Java,1623
IDE06338,2026-08-13 10:08:00,DEV328,debugging,JavaScript,316
IDE00325,2026-08-13 10:09:00,DEV129,file_open,Java,1439
IDE03363,2026-08-13 10:10:00,DEV098,testing,JavaScript,380
IDE06330,2026-08-13 10:12:00,DEV187,coding,Python,175
IDE04180,2026-08-13 10:13:00,DEV118,testing,TypeScript,432
IDE01359,2026-08-13 10:14:00,DEV275,coding,SQL,721
IDE06544,2026-08-13 10:16:00,DEV491,terminal,SQL,357
IDE08167,2026-08-13 10:17:00,DEV347,coding,TypeScript,679
IDE08836,2026-08-13 10:18:00,DEV138,coding,Python,1153
IDE00367,2026-08-13 10:20:00,DEV060,testing,SQL,202
IDE01750,2026-08-13 10:21:00,DEV056,testing,SQL,451
IDE09225,2026-08-13 10:24:00,DEV174,testing,SQL,155
IDE05480,2026-08-13 10:31:00,DEV031,idle,SQL,247
IDE04865,2026-08-13 10:32:00,DEV077,idle,TypeScript,1395
IDE06929,2026-08-13 10:33:00,DEV211,debugging,JavaScript,1570
IDE01980,2026-08-13 10:36:00,DEV133,file_open,TypeScript,937
IDE09281,2026-08-13 10:36:00,DEV485,coding,JavaScript,393
IDE05470,2026-08-13 10:37:00,DEV496,file_open,Python,372
IDE09341,2026-08-13 10:38:00,DEV352,coding,JavaScript,131
IDE09399,2026-08-13 10:39:00,DEV167,debugging,TypeScript,1042
IDE02970,2026-08-13 10:40:00,DEV378,terminal,JavaScript,1352
IDE05210,2026-08-13 10:41:00,DEV137,file_open,JavaScript,1705
IDE07478,2026-08-13 10:43:00,DEV187,debugging,JavaScript,837
IDE04925,2026-08-13 10:44:00,DEV306,file_open,Java,1620
IDE06621,2026-08-13 10:44:00,DEV162,idle,Python,319
IDE09650,2026-08-13 10:44:00,DEV059,file_open,Python,81
IDE03990,2026-08-13 10:45:00,DEV178,coding,TypeScript,858
IDE06006,2026-08-13 10:45:00,DEV142,file_open,Python,408
IDE08609,2026-08-13 10:47:00,DEV296,terminal,Python,634
IDE06933,2026-08-13 10:54:00,DEV463,coding,JavaScript,1522
IDE09069,2026-08-13 10:54:00,DEV232,debugging,TypeScript,1288
IDE06791,2026-08-13 10:55:00,DEV020,idle,Java,272
IDE02686,2026-08-13 10:58:00,DEV330,debugging,SQL,517
IDE04933,2026-08-13 11:00:00,DEV334,testing,TypeScript,298
IDE06822,2026-08-13 11:02:00,DEV411,terminal,Java,435
IDE09067,2026-08-13 11:04:00,DEV443,file_open,Python,89
IDE01013,2026-08-13 11:07:00,DEV061,terminal,Java,1541
IDE04411,2026-08-13 11:09:00,DEV414,testing,TypeScript,1024
IDE06289,2026-08-13 11:09:00,DEV427,file_open,SQL,902
IDE06124,2026-08-13 11:10:00,DEV185,coding,Python,619
IDE07130,2026-08-13 11:10:00,DEV078,debugging,TypeScript,1025
IDE02577,2026-08-13 11:11:00,DEV177,testing,TypeScript,1297
IDE06471,2026-08-13 11:11:00,DEV356,idle,Java,702
IDE02119,2026-08-13 11:12:00,DEV408,coding,Java,571
IDE00334,2026-08-13 11:13:00,DEV461,idle,TypeScript,1599
IDE08883,2026-08-13 11:13:00,DEV360,idle,SQL,1470
IDE02476,2026-08-13 11:14:00,DEV482,debugging,SQL,245
IDE03620,2026-08-13 11:19:00,DEV460,testing,TypeScript,917
IDE06767,2026-08-13 11:19:00,DEV204,testing,Python,621
IDE04851,2026-08-13 11:25:00,DEV495,coding,Python,637
IDE06845,2026-08-13 11:27:00,DEV346,idle,Java,1713
IDE04598,2026-08-13 11:31:00,DEV174,debugging,SQL,428
IDE07752,2026-08-13 11:46:00,DEV213,debugging,Java,1541
IDE06177,2026-08-13 11:48:00,DEV053,coding,Python,253
IDE01163,2026-08-13 11:50:00,DEV019,testing,JavaScript,271
IDE06319,2026-08-13 11:52:00,DEV267,debugging,TypeScript,524
IDE04645,2026-08-13 11:54:00,DEV413,coding,Python,1463
IDE05247,2026-08-13 11:54:00,DEV185,debugging,Python,1703
IDE02038,2026-08-13 11:57:00,DEV335,file_open,Java,1685
IDE05667,2026-08-13 11:57:00,DEV395,file_open,SQL,1723
IDE03386,2026-08-13 11:58:00,DEV217,idle,TypeScript,1125
IDE03791,2026-08-13 11:58:00,DEV324,idle,SQL,113
IDE06277,2026-08-13 12:00:00,DEV127,idle,Java,888
IDE00662,2026-08-13 12:03:00,DEV472,debugging,Python,439
IDE07905,2026-08-13 12:04:00,DEV293,testing,SQL,444
IDE06353,2026-08-13 12:06:00,DEV341,coding,JavaScript,645
IDE05589,2026-08-13 12:07:00,DEV030,testing,Python,826
IDE06867,2026-08-13 12:07:00,DEV290,idle,JavaScript,1502
IDE00981,2026-08-13 12:10:00,DEV119,coding,JavaScript,1063
IDE01602,2026-08-13 12:12:00,DEV191,testing,SQL,582
IDE04316,2026-08-13 12:12:00,DEV194,terminal,SQL,506
IDE09986,2026-08-13 12:13:00,DEV123,file_open,Python,1723
IDE04951,2026-08-13 12:14:00,DEV208,idle,Python,802
IDE00033,2026-08-13 12:18:00,DEV258,file_open,JavaScript,100
IDE02437,2026-08-13 12:18:00,DEV129,idle,JavaScript,1124
IDE07169,2026-08-13 12:20:00,DEV188,idle,Python,354
IDE09932,2026-08-13 12:21:00,DEV154,testing,Python,1611
IDE08371,2026-08-13 12:23:00,DEV498,testing,TypeScript,1537
IDE04086,2026-08-13 12:24:00,DEV390,file_open,Java,1492
IDE04201,2026-08-13 12:26:00,DEV194,testing,TypeScript,653
IDE05859,2026-08-13 12:31:00,DEV283,idle,Java,213
IDE03807,2026-08-13 12:36:00,DEV383,file_open,JavaScript,1089
IDE04749,2026-08-13 12:37:00,DEV187,terminal,Java,1449
IDE01012,2026-08-13 12:46:00,DEV387,coding,Java,856
IDE02218,2026-08-13 12:46:00,DEV053,debugging,Python,1026
IDE06197,2026-08-13 12:46:00,DEV150,debugging,TypeScript,1013
IDE00885,2026-08-13 12:48:00,DEV228,testing,JavaScript,804
IDE03027,2026-08-13 12:53:00,DEV307,testing,Python,747
IDE00571,2026-08-13 12:54:00,DEV143,idle,TypeScript,852
IDE07420,2026-08-13 12:55:00,DEV007,idle,Python,188
IDE09759,2026-08-13 12:58:00,DEV396,file_open,TypeScript,1231
IDE00397,2026-08-13 12:59:00,DEV366,coding,Python,1287
IDE05297,2026-08-13 12:59:00,DEV160,debugging,TypeScript,1718
IDE09363,2026-08-13 12:59:00,DEV447,testing,Python,432
IDE00546,2026-08-13 13:00:00,DEV490,debugging,Python,199
IDE05668,2026-08-13 13:01:00,DEV232,coding,JavaScript,1068
IDE02046,2026-08-13 13:03:00,DEV326,debugging,Java,1314
IDE06742,2026-08-13 13:03:00,DEV060,file_open,Java,522
IDE00198,2026-08-13 13:05:00,DEV499,testing,TypeScript,1793
IDE09313,2026-08-13 13:08:00,DEV292,debugging,TypeScript,184
IDE03105,2026-08-13 13:11:00,DEV303,testing,TypeScript,731
IDE07906,2026-08-13 13:14:00,DEV247,testing,TypeScript,717
IDE08208,2026-08-13 13:14:00,DEV437,coding,JavaScript,704
IDE01621,2026-08-13 13:17:00,DEV363,coding,Python,1460
IDE02338,2026-08-13 13:17:00,DEV175,terminal,SQL,1271
IDE09973,2026-08-13 13:17:00,DEV129,idle,Java,1232
IDE07936,2026-08-13 13:18:00,DEV410,terminal,TypeScript,614
IDE02951,2026-08-13 13:20:00,DEV184,coding,JavaScript,1510
IDE01403,2026-08-13 13:23:00,DEV239,testing,JavaScript,1386
IDE01465,2026-08-13 13:23:00,DEV242,terminal,JavaScript,60
IDE05415,2026-08-13 13:24:00,DEV081,terminal,Java,1166
IDE05419,2026-08-13 13:24:00,DEV319,file_open,SQL,958
IDE01584,2026-08-13 13:26:00,DEV344,file_open,JavaScript,637
IDE03284,2026-08-13 13:28:00,DEV216,file_open,Java,1415
IDE00438,2026-08-13 13:29:00,DEV150,file_open,Python,486
IDE07176,2026-08-13 13:29:00,DEV181,terminal,Java,890
IDE00083,2026-08-13 13:33:00,DEV176,coding,Java,1077
IDE04906,2026-08-13 13:34:00,DEV185,debugging,SQL,869
IDE03543,2026-08-13 13:35:00,DEV321,debugging,TypeScript,1660
IDE04753,2026-08-13 13:36:00,DEV176,coding,Java,1466
IDE09042,2026-08-13 13:36:00,DEV403,debugging,SQL,372
IDE06284,2026-08-13 13:41:00,DEV403,idle,SQL,261
IDE03361,2026-08-13 13:43:00,DEV475,terminal,JavaScript,476
IDE05037,2026-08-13 13:44:00,DEV212,coding,JavaScript,946
IDE01596,2026-08-13 13:48:00,DEV215,idle,Python,1285
IDE07158,2026-08-13 13:49:00,DEV284,coding,Python,590
IDE01762,2026-08-13 13:58:00,DEV196,debugging,Java,945
IDE01981,2026-08-13 13:58:00,DEV121,terminal,JavaScript,1478
IDE03666,2026-08-13 14:03:00,DEV146,testing,SQL,330
IDE00937,2026-08-13 14:04:00,DEV440,debugging,TypeScript,1122
IDE03199,2026-08-13 14:08:00,DEV246,coding,Python,899
IDE03943,2026-08-13 14:14:00,DEV059,coding,JavaScript,987
IDE08830,2026-08-13 14:14:00,DEV149,coding,SQL,476
IDE04520,2026-08-13 14:15:00,DEV317,idle,JavaScript,1323
IDE06054,2026-08-13 14:16:00,DEV367,testing,SQL,711
IDE08342,2026-08-13 14:16:00,DEV357,coding,SQL,621
IDE00062,2026-08-13 14:20:00,DEV155,coding,JavaScript,1614
IDE00128,2026-08-13 14:24:00,DEV478,idle,JavaScript,770
IDE05533,2026-08-13 14:25:00,DEV055,testing,JavaScript,706
IDE09244,2026-08-13 14:27:00,DEV382,debugging,Java,491
IDE05042,2026-08-13 14:30:00,DEV411,debugging,TypeScript,463
IDE06920,2026-08-13 14:31:00,DEV344,terminal,Python,1510
IDE02189,2026-08-13 14:32:00,DEV296,file_open,SQL,114
IDE09550,2026-08-13 14:35:00,DEV207,debugging,SQL,692
IDE04390,2026-08-13 14:36:00,DEV424,debugging,SQL,75
IDE06700,2026-08-13 14:41:00,DEV104,coding,JavaScript,1614
IDE01001,2026-08-13 14:42:00,DEV206,debugging,TypeScript,1473
IDE02484,2026-08-13 14:42:00,DEV439,debugging,TypeScript,1200
IDE01355,2026-08-13 14:46:00,DEV020,testing,Python,924
IDE05716,2026-08-13 14:47:00,DEV255,debugging,Java,615
IDE05898,2026-08-13 14:52:00,DEV064,testing,SQL,1354
IDE09406,2026-08-13 14:54:00,DEV140,file_open,TypeScript,1008
IDE00539,2026-08-13 14:56:00,DEV352,file_open,JavaScript,39
IDE02015,2026-08-13 14:56:00,DEV307,terminal,JavaScript,685
IDE03691,2026-08-13 14:57:00,DEV322,testing,Java,1600
IDE04549,2026-08-13 14:57:00,DEV474,idle,TypeScript,539
IDE04764,2026-08-13 14:57:00,DEV118,idle,SQL,691
IDE08602,2026-08-13 14:57:00,DEV026,debugging,SQL,573
IDE09032,2026-08-13 14:57:00,DEV256,coding,Python,46
IDE01427,2026-08-13 14:58:00,DEV374,file_open,SQL,526
IDE04533,2026-08-13 14:58:00,DEV313,coding,Java,1704
IDE02077,2026-08-13 14:59:00,DEV289,idle,Java,1519
IDE02560,2026-08-13 14:59:00,DEV072,terminal,JavaScript,860
IDE02645,2026-08-13 15:01:00,DEV332,testing,TypeScript,1221
IDE05845,2026-08-13 15:02:00,DEV006,terminal,SQL,1781
IDE08538,2026-08-13 15:07:00,DEV374,idle,SQL,1314
IDE01598,2026-08-13 15:09:00,DEV263,terminal,TypeScript,410
IDE02104,2026-08-13 15:09:00,DEV174,file_open,TypeScript,835
IDE01312,2026-08-13 15:14:00,DEV397,testing,TypeScript,704
IDE01151,2026-08-13 15:15:00,DEV361,file_open,Python,249
IDE05067,2026-08-13 15:15:00,DEV010,terminal,JavaScript,1238
IDE05662,2026-08-13 15:18:00,DEV054,testing,Python,433
IDE02975,2026-08-13 15:22:00,DEV013,idle,TypeScript,233
IDE07624,2026-08-13 15:23:00,DEV490,idle,TypeScript,1236
IDE08113,2026-08-13 15:24:00,DEV451,testing,SQL,644
IDE01759,2026-08-13 15:25:00,DEV320,debugging,Java,629
IDE06392,2026-08-13 15:32:00,DEV368,terminal,JavaScript,1315
IDE08187,2026-08-13 15:36:00,DEV464,debugging,TypeScript,203
IDE05249,2026-08-13 15:37:00,DEV370,terminal,JavaScript,178
IDE07339,2026-08-13 15:39:00,DEV304,debugging,JavaScript,1645
IDE08315,2026-08-13 15:41:00,DEV153,testing,Python,51
IDE03771,2026-08-13 15:42:00,DEV357,terminal,SQL,245
IDE01758,2026-08-13 15:46:00,DEV235,coding,JavaScript,606
IDE03030,2026-08-13 15:47:00,DEV117,coding,TypeScript,143
IDE03709,2026-08-13 15:50:00,DEV272,debugging,TypeScript,1454
IDE09364,2026-08-13 15:51:00,DEV178,idle,SQL,1577
IDE09735,2026-08-13 15:51:00,DEV066,coding,JavaScript,1748
IDE01107,2026-08-13 15:52:00,DEV024,idle,TypeScript,51
IDE06915,2026-08-13 15:53:00,DEV394,file_open,JavaScript,1029
IDE00773,2026-08-13 15:56:00,DEV122,coding,Python,940
IDE04833,2026-08-13 15:59:00,DEV486,debugging,Java,1459
IDE03333,2026-08-13 16:00:00,DEV264,idle,Python,1401
IDE09280,2026-08-13 16:00:00,DEV189,coding,TypeScript,945
IDE09834,2026-08-13 16:00:00,DEV208,debugging,Python,1515
IDE03238,2026-08-13 16:04:00,DEV411,debugging,Java,567
IDE05034,2026-08-13 16:04:00,DEV147,idle,TypeScript,744
IDE06625,2026-08-13 16:05:00,DEV351,debugging,SQL,157
IDE09043,2026-08-13 16:05:00,DEV358,coding,JavaScript,1651
IDE03868,2026-08-13 16:06:00,DEV426,terminal,SQL,915
IDE05350,2026-08-13 16:08:00,DEV139,terminal,Python,1185
IDE08576,2026-08-13 16:11:00,DEV275,file_open,Python,1358
IDE00014,2026-08-13 16:12:00,DEV078,debugging,SQL,963
IDE04855,2026-08-13 16:12:00,DEV062,terminal,Python,1112
IDE09992,2026-08-13 16:17:00,DEV256,coding,TypeScript,129
IDE09814,2026-08-13 16:19:00,DEV092,coding,JavaScript,1491
IDE01845,2026-08-13 16:20:00,DEV480,file_open,JavaScript,1371
IDE09691,2026-08-13 16:24:00,DEV178,file_open,Python,1769
IDE01815,2026-08-13 16:25:00,DEV039,testing,Java,1407
IDE09685,2026-08-13 16:25:00,DEV045,coding,Java,1233
IDE07123,2026-08-13 16:26:00,DEV289,file_open,JavaScript,331
IDE08982,2026-08-13 16:32:00,DEV105,file_open,Java,1555
IDE02370,2026-08-13 16:33:00,DEV407,terminal,TypeScript,1404
IDE06594,2026-08-13 16:36:00,DEV105,testing,TypeScript,811
IDE07539,2026-08-13 16:36:00,DEV110,idle,JavaScript,532
IDE02588,2026-08-13 16:37:00,DEV247,idle,TypeScript,1058
IDE07250,2026-08-13 16:41:00,DEV220,file_open,Java,1618
IDE09464,2026-08-13 16:41:00,DEV196,terminal,JavaScript,143
IDE00336,2026-08-13 16:43:00,DEV111,coding,JavaScript,264
IDE04107,2026-08-13 16:46:00,DEV048,terminal,JavaScript,220
IDE02306,2026-08-13 16:47:00,DEV450,file_open,JavaScript,559
IDE03475,2026-08-13 16:47:00,DEV222,testing,Java,1162
IDE05505,2026-08-13 16:47:00,DEV373,file_open,TypeScript,366
IDE01019,2026-08-13 16:49:00,DEV011,coding,Python,108
IDE07217,2026-08-13 16:52:00,DEV144,debugging,SQL,278
IDE08697,2026-08-13 16:53:00,DEV144,file_open,Java,809
IDE00047,2026-08-13 16:56:00,DEV304,file_open,Java,1704
IDE05532,2026-08-13 16:56:00,DEV258,terminal,SQL,1371
IDE00503,2026-08-13 16:57:00,DEV110,coding,TypeScript,1318
IDE06221,2026-08-13 17:00:00,DEV401,testing,Java,1060
IDE05870,2026-08-13 17:02:00,DEV284,terminal,JavaScript,1657
IDE01754,2026-08-13 17:05:00,DEV264,terminal,Python,851
IDE09392,2026-08-13 17:05:00,DEV433,debugging,Java,526
IDE02865,2026-08-13 17:07:00,DEV446,testing,Python,1699
IDE05995,2026-08-13 17:10:00,DEV259,coding,TypeScript,1006
IDE07809,2026-08-13 17:10:00,DEV032,debugging,Java,67
IDE05071,2026-08-13 17:14:00,DEV418,idle,Python,204
IDE08418,2026-08-13 17:15:00,DEV023,testing,SQL,1249
IDE05542,2026-08-13 17:16:00,DEV115,testing,SQL,421
IDE06415,2026-08-13 17:19:00,DEV489,idle,SQL,1677
IDE06566,2026-08-13 17:23:00,DEV403,testing,TypeScript,712
IDE02443,2026-08-13 17:27:00,DEV290,idle,Java,1698
IDE08847,2026-08-13 17:27:00,DEV368,terminal,SQL,873
IDE04720,2026-08-13 17:29:00,DEV095,file_open,Python,648
IDE02928,2026-08-13 17:34:00,DEV458,terminal,SQL,1767
IDE06626,2026-08-13 17:40:00,DEV244,terminal,Java,946
IDE02087,2026-08-13 17:41:00,DEV163,file_open,Java,1745
IDE04058,2026-08-13 17:46:00,DEV466,idle,Python,926
IDE04232,2026-08-13 17:46:00,DEV140,idle,TypeScript,1143
IDE08498,2026-08-13 17:48:00,DEV074,testing,TypeScript,1710
IDE03129,2026-08-13 17:49:00,DEV005,file_open,Java,1767
IDE08616,2026-08-13 17:51:00,DEV149,idle,TypeScript,562
IDE03023,2026-08-13 17:52:00,DEV010,file_open,SQL,1522
IDE00043,2026-08-13 17:53:00,DEV009,coding,Python,224
IDE08716,2026-08-13 17:53:00,DEV453,idle,Java,1207
IDE09324,2026-08-13 17:58:00,DEV135,testing,Java,1745
IDE02033,2026-08-13 18:00:00,DEV411,file_open,SQL,49
IDE06345,2026-08-13 18:01:00,DEV133,terminal,JavaScript,127
IDE07021,2026-08-13 18:02:00,DEV444,file_open,Python,1280
IDE06553,2026-08-13 18:03:00,DEV082,testing,SQL,1182
IDE08624,2026-08-13 18:11:00,DEV336,debugging,Python,541
IDE05279,2026-08-13 18:13:00,DEV486,coding,Python,1305
IDE04384,2026-08-13 18:14:00,DEV269,debugging,SQL,534
IDE09237,2026-08-13 18:26:00,DEV253,idle,Python,1219
IDE02662,2026-08-13 18:30:00,DEV026,testing,Python,610
IDE01978,2026-08-13 18:36:00,DEV165,terminal,Java,1275
IDE01526,2026-08-13 18:37:00,DEV321,file_open,Java,534
IDE08033,2026-08-13 18:38:00,DEV340,coding,Python,1654
IDE01833,2026-08-13 18:42:00,DEV187,terminal,Java,1132
IDE06873,2026-08-13 18:42:00,DEV185,idle,Python,979
IDE04222,2026-08-13 18:43:00,DEV066,debugging,TypeScript,802
IDE06930,2026-08-13 18:43:00,DEV181,debugging,Python,1231
IDE01093,2026-08-13 18:44:00,DEV060,file_open,Python,384
IDE08717,2026-08-13 18:45:00,DEV294,terminal,Python,97
IDE08870,2026-08-13 18:45:00,DEV374,file_open,TypeScript,1486
IDE03275,2026-08-13 18:50:00,DEV417,coding,TypeScript,1027
IDE06202,2026-08-13 18:50:00,DEV425,testing,SQL,100
IDE03737,2026-08-13 18:57:00,DEV019,coding,TypeScript,846
IDE06232,2026-08-13 19:01:00,DEV452,terminal,JavaScript,1472
IDE09176,2026-08-13 19:04:00,DEV303,coding,SQL,995
IDE01575,2026-08-13 19:05:00,DEV349,file_open,JavaScript,922
IDE02063,2026-08-13 19:06:00,DEV029,file_open,Python,965
IDE09167,2026-08-13 19:10:00,DEV055,file_open,JavaScript,1479
IDE04291,2026-08-13 19:11:00,DEV421,debugging,JavaScript,858
IDE09254,2026-08-13 19:11:00,DEV154,idle,TypeScript,622
IDE03850,2026-08-13 19:15:00,DEV191,debugging,SQL,461
IDE01585,2026-08-13 19:17:00,DEV116,idle,Java,1491
IDE06702,2026-08-13 19:17:00,DEV469,idle,JavaScript,1505
IDE01886,2026-08-13 19:19:00,DEV357,testing,SQL,779
IDE03279,2026-08-13 19:19:00,DEV302,coding,JavaScript,41
IDE09871,2026-08-13 19:20:00,DEV354,terminal,TypeScript,1148
IDE06132,2026-08-13 19:22:00,DEV480,testing,Python,921
IDE07479,2026-08-13 19:23:00,DEV153,coding,SQL,1014
IDE07264,2026-08-13 19:26:00,DEV180,terminal,JavaScript,1290
IDE04857,2026-08-13 19:28:00,DEV355,testing,Java,146
IDE09429,2026-08-13 19:29:00,DEV316,terminal,JavaScript,948
IDE00683,2026-08-13 19:30:00,DEV427,terminal,SQL,308
IDE05993,2026-08-13 19:30:00,DEV240,file_open,JavaScript,1077
IDE08589,2026-08-13 19:35:00,DEV282,idle,Java,311
IDE06096,2026-08-13 19:41:00,DEV080,debugging,TypeScript,1756
IDE03291,2026-08-13 19:42:00,DEV474,testing,TypeScript,200
IDE09420,2026-08-13 19:42:00,DEV466,testing,JavaScript,1732
IDE01842,2026-08-13 19:54:00,DEV359,debugging,SQL,739
IDE05627,2026-08-13 19:54:00,DEV138,testing,TypeScript,489
IDE06008,2026-08-13 19:56:00,DEV391,file_open,Python,1180
IDE06438,2026-08-13 20:02:00,DEV345,terminal,TypeScript,61
IDE09459,2026-08-13 20:04:00,DEV402,idle,SQL,1392
IDE04487,2026-08-13 20:07:00,DEV173,idle,SQL,1263
IDE03298,2026-08-13 20:11:00,DEV226,debugging,TypeScript,1487
IDE06500,2026-08-13 20:11:00,DEV361,terminal,JavaScript,844
IDE07026,2026-08-13 20:11:00,DEV257,testing,TypeScript,1362
IDE07919,2026-08-13 20:13:00,DEV482,coding,Python,1163
IDE08543,2026-08-13 20:13:00,DEV037,testing,SQL,1155
IDE01064,2026-08-13 20:16:00,DEV163,file_open,SQL,735
IDE07108,2026-08-13 20:16:00,DEV235,file_open,Python,1089
IDE00332,2026-08-13 20:23:00,DEV225,terminal,TypeScript,895
IDE02339,2026-08-13 20:23:00,DEV482,testing,TypeScript,1633
IDE08442,2026-08-13 20:23:00,DEV032,file_open,TypeScript,1193
IDE06164,2026-08-13 20:24:00,DEV154,terminal,Python,221
IDE06855,2026-08-13 20:26:00,DEV173,idle,JavaScript,187
IDE04274,2026-08-13 20:29:00,DEV460,terminal,JavaScript,1386
IDE07736,2026-08-13 20:29:00,DEV347,idle,Python,1063
IDE08938,2026-08-13 20:29:00,DEV050,testing,SQL,1192
IDE04675,2026-08-13 20:33:00,DEV003,debugging,Java,1574
IDE05215,2026-08-13 20:34:00,DEV489,debugging,JavaScript,619
IDE07522,2026-08-13 20:35:00,DEV176,file_open,SQL,993
IDE01625,2026-08-13 20:39:00,DEV233,file_open,SQL,716
IDE00760,2026-08-13 20:42:00,DEV069,file_open,Python,1510
IDE07371,2026-08-13 20:42:00,DEV287,coding,SQL,226
IDE02959,2026-08-13 20:43:00,DEV208,debugging,Python,1087
IDE02386,2026-08-13 20:44:00,DEV048,debugging,Python,403
IDE06701,2026-08-13 20:44:00,DEV320,file_open,Java,100
IDE04666,2026-08-13 20:47:00,DEV350,idle,JavaScript,961
IDE03887,2026-08-13 20:49:00,DEV108,testing,Python,1652
IDE00594,2026-08-13 20:50:00,DEV002,coding,TypeScript,792
IDE03722,2026-08-13 20:52:00,DEV381,idle,Python,192
IDE02021,2026-08-13 20:53:00,DEV384,idle,TypeScript,619
IDE01553,2026-08-13 20:55:00,DEV065,testing,JavaScript,570
IDE01810,2026-08-13 20:55:00,DEV134,idle,TypeScript,1220
IDE08725,2026-08-13 20:59:00,DEV452,coding,Java,737
IDE09524,2026-08-13 20:59:00,DEV010,terminal,SQL,1549
IDE05452,2026-08-13 21:00:00,DEV140,testing,TypeScript,1614
IDE00629,2026-08-13 21:03:00,DEV453,testing,Python,1469
IDE00894,2026-08-13 21:03:00,DEV104,idle,TypeScript,1075
IDE00878,2026-08-13 21:04:00,DEV307,coding,SQL,1558
IDE01900,2026-08-13 21:04:00,DEV032,debugging,TypeScript,1027
IDE00544,2026-08-13 21:06:00,DEV330,testing,SQL,564
IDE00711,2026-08-13 21:07:00,DEV166,file_open,TypeScript,1418
IDE07433,2026-08-13 21:09:00,DEV026,testing,Python,1085
IDE08490,2026-08-13 21:09:00,DEV270,testing,Python,223
IDE05674,2026-08-13 21:10:00,DEV346,idle,SQL,1476
IDE02955,2026-08-13 21:13:00,DEV027,debugging,SQL,493
IDE08017,2026-08-13 21:13:00,DEV474,file_open,SQL,156
IDE05063,2026-08-13 21:14:00,DEV385,file_open,Python,433
IDE09577,2026-08-13 21:20:00,DEV340,idle,Java,453
IDE03761,2026-08-13 21:21:00,DEV440,terminal,Java,1616
IDE06995,2026-08-13 21:29:00,DEV092,terminal,Java,436
IDE05641,2026-08-13 21:33:00,DEV334,terminal,Java,1304
IDE05697,2026-08-13 21:36:00,DEV082,debugging,TypeScript,1469
IDE08006,2026-08-13 21:43:00,DEV152,idle,Python,1122
IDE07319,2026-08-13 21:44:00,DEV184,terminal,JavaScript,1108
IDE04743,2026-08-13 21:48:00,DEV241,testing,Java,1278
IDE06814,2026-08-13 21:48:00,DEV412,debugging,Java,1669
IDE01723,2026-08-13 21:50:00,DEV100,testing,JavaScript,60
IDE00965,2026-08-13 22:03:00,DEV276,testing,JavaScript,1603
IDE06736,2026-08-13 22:03:00,DEV336,debugging,Java,1636
IDE06757,2026-08-13 22:05:00,DEV385,debugging,Java,1663
IDE05678,2026-08-13 22:06:00,DEV396,idle,JavaScript,1726
IDE03719,2026-08-13 22:07:00,DEV140,idle,Python,620
IDE09938,2026-08-13 22:07:00,DEV153,debugging,Java,1036
IDE02716,2026-08-13 22:09:00,DEV454,coding,Python,1120
IDE09887,2026-08-13 22:09:00,DEV160,testing,SQL,1464
IDE00218,2026-08-13 22:10:00,DEV316,coding,JavaScript,980
IDE06170,2026-08-13 22:12:00,DEV061,terminal,Python,707
IDE01390,2026-08-13 22:14:00,DEV389,file_open,Python,361
IDE08999,2026-08-13 22:15:00,DEV342,testing,Java,112
IDE05416,2026-08-13 22:16:00,DEV164,coding,SQL,1188
IDE00078,2026-08-13 22:18:00,DEV223,testing,Python,826
IDE05173,2026-08-13 22:19:00,DEV161,coding,JavaScript,1550
IDE05577,2026-08-13 22:20:00,DEV238,testing,JavaScript,644
IDE07097,2026-08-13 22:20:00,DEV083,coding,TypeScript,567
IDE07253,2026-08-13 22:24:00,DEV056,file_open,TypeScript,144
IDE00072,2026-08-13 22:26:00,DEV394,idle,Java,725
IDE01457,2026-08-13 22:30:00,DEV078,coding,TypeScript,1145
IDE04208,2026-08-13 22:36:00,DEV203,file_open,Python,1074
IDE05127,2026-08-13 22:40:00,DEV096,terminal,TypeScript,1164
IDE04627,2026-08-13 22:44:00,DEV048,testing,SQL,824
IDE01642,2026-08-13 22:45:00,DEV197,terminal,Python,1234
IDE06374,2026-08-13 22:45:00,DEV393,coding,SQL,1510
IDE07179,2026-08-13 22:47:00,DEV399,terminal,Java,352
IDE09084,2026-08-13 22:47:00,DEV257,debugging,TypeScript,383
IDE03844,2026-08-13 22:48:00,DEV214,file_open,Java,104
IDE02869,2026-08-13 22:49:00,DEV490,testing,Java,1680
IDE06512,2026-08-13 22:49:00,DEV025,terminal,TypeScript,1595
IDE09536,2026-08-13 22:50:00,DEV103,testing,Python,1712
IDE04206,2026-08-13 22:51:00,DEV290,debugging,SQL,507
IDE03723,2026-08-13 22:53:00,DEV151,coding,SQL,622
IDE08868,2026-08-13 22:57:00,DEV008,testing,SQL,972
IDE05854,2026-08-13 22:59:00,DEV020,file_open,SQL,786
IDE00126,2026-08-13 23:03:00,DEV122,terminal,Python,102
IDE02748,2026-08-13 23:03:00,DEV371,idle,SQL,493
IDE03724,2026-08-13 23:04:00,DEV327,coding,SQL,179
IDE02326,2026-08-13 23:05:00,DEV475,coding,JavaScript,1503
IDE00241,2026-08-13 23:10:00,DEV205,coding,Python,257
IDE07758,2026-08-13 23:17:00,DEV186,idle,SQL,1569
IDE02909,2026-08-13 23:18:00,DEV002,terminal,SQL,296
IDE00518,2026-08-13 23:19:00,DEV203,debugging,Python,679
IDE07902,2026-08-13 23:23:00,DEV362,file_open,JavaScript,862
IDE01921,2026-08-13 23:24:00,DEV473,coding,TypeScript,596
IDE00393,2026-08-13 23:25:00,DEV377,debugging,JavaScript,504
IDE06692,2026-08-13 23:30:00,DEV200,idle,Java,591
IDE01152,2026-08-13 23:32:00,DEV158,idle,Python,196
IDE04144,2026-08-13 23:32:00,DEV207,debugging,JavaScript,1300
IDE07383,2026-08-13 23:36:00,DEV493,testing,Java,235
IDE05386,2026-08-13 23:37:00,DEV324,file_open,Python,1045
IDE03134,2026-08-13 23:40:00,DEV112,file_open,JavaScript,457
IDE05101,2026-08-13 23:43:00,DEV191,file_open,Java,669
IDE02383,2026-08-13 23:45:00,DEV081,terminal,Python,505
IDE05679,2026-08-13 23:45:00,DEV357,testing,SQL,286
IDE09752,2026-08-13 23:46:00,DEV256,debugging,JavaScript,1327
IDE07573,2026-08-13 23:48:00,DEV359,terminal,SQL,410
IDE08265,2026-08-13 23:53:00,DEV141,file_open,SQL,494
IDE00517,2026-08-13 23:54:00,DEV408,testing,Java,611
IDE04025,2026-08-13 23:54:00,DEV283,idle,SQL,804
IDE01848,2026-08-13 23:56:00,DEV352,terminal,SQL,909
IDE03471,2026-08-14 00:00:00,DEV294,debugging,SQL,694
IDE07037,2026-08-14 00:04:00,DEV277,coding,JavaScript,484
IDE08284,2026-08-14 00:07:00,DEV147,coding,JavaScript,1692
IDE08967,2026-08-14 00:10:00,DEV112,coding,Python,1614
IDE08234,2026-08-14 00:12:00,DEV235,idle,SQL,992
IDE03441,2026-08-14 00:13:00,DEV411,idle,JavaScript,811
IDE07221,2026-08-14 00:14:00,DEV324,idle,JavaScript,153
IDE09075,2026-08-14 00:15:00,DEV050,terminal,JavaScript,612
IDE07883,2026-08-14 00:20:00,DEV491,file_open,JavaScript,282
IDE09543,2026-08-14 00:22:00,DEV407,debugging,TypeScript,354
IDE09928,2026-08-14 00:25:00,DEV010,terminal,TypeScript,376
IDE01747,2026-08-14 00:27:00,DEV349,idle,SQL,265
IDE02140,2026-08-14 00:28:00,DEV488,idle,Python,989
IDE05800,2026-08-14 00:28:00,DEV286,terminal,JavaScript,1770
IDE08712,2026-08-14 00:29:00,DEV240,testing,TypeScript,40
IDE02903,2026-08-14 00:30:00,DEV441,testing,SQL,1038
IDE03022,2026-08-14 00:31:00,DEV248,terminal,JavaScript,701
IDE00373,2026-08-14 00:33:00,DEV176,idle,Python,1765
IDE07298,2026-08-14 00:40:00,DEV382,testing,SQL,196
IDE04440,2026-08-14 00:41:00,DEV488,coding,Python,1041
IDE08845,2026-08-14 00:41:00,DEV016,coding,SQL,1580
IDE08601,2026-08-14 00:42:00,DEV477,terminal,Python,319
IDE05524,2026-08-14 00:44:00,DEV106,coding,Python,245
IDE05986,2026-08-14 00:51:00,DEV098,testing,Python,738
IDE06984,2026-08-14 01:02:00,DEV494,coding,SQL,1438
IDE00678,2026-08-14 01:08:00,DEV417,terminal,Java,1673
IDE09637,2026-08-14 01:08:00,DEV092,debugging,SQL,1006
IDE08156,2026-08-14 01:10:00,DEV411,terminal,Java,657
IDE04361,2026-08-14 01:11:00,DEV259,file_open,TypeScript,875
IDE09150,2026-08-14 01:11:00,DEV486,terminal,SQL,1784
IDE02517,2026-08-14 01:16:00,DEV139,debugging,SQL,91
IDE07314,2026-08-14 01:16:00,DEV291,testing,JavaScript,866
IDE04455,2026-08-14 01:20:00,DEV063,file_open,JavaScript,643
IDE02447,2026-08-14 01:23:00,DEV318,testing,TypeScript,75
IDE06936,2026-08-14 01:23:00,DEV487,debugging,Java,1334
IDE03292,2026-08-14 01:26:00,DEV179,testing,JavaScript,1078
IDE08111,2026-08-14 01:29:00,DEV164,coding,SQL,984
IDE01273,2026-08-14 01:39:00,DEV354,file_open,Python,515
IDE05704,2026-08-14 01:45:00,DEV171,testing,TypeScript,1556
IDE00076,2026-08-14 01:46:00,DEV327,coding,Python,1661
IDE06163,2026-08-14 01:46:00,DEV217,idle,SQL,1720
IDE09547,2026-08-14 01:52:00,DEV143,coding,Python,1011
IDE04482,2026-08-14 01:54:00,DEV495,debugging,Java,218
IDE07811,2026-08-14 01:56:00,DEV217,debugging,Python,1546
IDE08715,2026-08-14 01:58:00,DEV362,debugging,Python,1337
IDE01052,2026-08-14 01:59:00,DEV420,file_open,Java,1338
IDE09477,2026-08-14 02:01:00,DEV490,terminal,Java,691
IDE06491,2026-08-14 02:05:00,DEV420,terminal,Java,291
IDE08030,2026-08-14 02:05:00,DEV213,coding,JavaScript,1372
IDE08086,2026-08-14 02:09:00,DEV323,coding,Java,578
IDE09242,2026-08-14 02:11:00,DEV312,testing,Java,1717
IDE00098,2026-08-14 02:12:00,DEV475,testing,JavaScript,1270
IDE08196,2026-08-14 02:14:00,DEV324,terminal,TypeScript,1190
IDE09956,2026-08-14 02:16:00,DEV322,testing,JavaScript,1557
IDE02929,2026-08-14 02:17:00,DEV070,file_open,Python,1422
IDE01124,2026-08-14 02:21:00,DEV026,terminal,TypeScript,1268
IDE04679,2026-08-14 02:22:00,DEV045,coding,Java,262
IDE04572,2026-08-14 02:25:00,DEV156,coding,Python,1182
IDE08220,2026-08-14 02:26:00,DEV138,file_open,SQL,1121
IDE09048,2026-08-14 02:27:00,DEV033,file_open,SQL,935
IDE09367,2026-08-14 02:27:00,DEV080,debugging,SQL,751
IDE06305,2026-08-14 02:28:00,DEV328,terminal,TypeScript,1561
IDE09001,2026-08-14 02:28:00,DEV187,file_open,SQL,1367
IDE04621,2026-08-14 02:29:00,DEV376,coding,Java,951
IDE02647,2026-08-14 02:32:00,DEV424,idle,TypeScript,200
IDE01861,2026-08-14 02:33:00,DEV092,debugging,Python,1028
IDE08635,2026-08-14 02:35:00,DEV222,idle,SQL,878
IDE07337,2026-08-14 02:38:00,DEV364,testing,SQL,161
IDE07986,2026-08-14 02:39:00,DEV376,terminal,SQL,511
IDE05862,2026-08-14 02:42:00,DEV068,debugging,TypeScript,681
IDE08778,2026-08-14 02:44:00,DEV213,debugging,Java,1397
IDE01022,2026-08-14 02:45:00,DEV228,debugging,SQL,1289
IDE06088,2026-08-14 02:47:00,DEV088,file_open,Python,1038
IDE05645,2026-08-14 02:49:00,DEV202,coding,JavaScript,916
IDE01266,2026-08-14 02:52:00,DEV059,idle,TypeScript,313
IDE04128,2026-08-14 02:53:00,DEV256,testing,SQL,1488
IDE04358,2026-08-14 02:56:00,DEV314,idle,SQL,536
IDE02676,2026-08-14 03:01:00,DEV390,file_open,SQL,520
IDE06169,2026-08-14 03:02:00,DEV396,debugging,Python,1636
IDE01566,2026-08-14 03:03:00,DEV203,file_open,Python,655
IDE02606,2026-08-14 03:04:00,DEV342,testing,Java,1545
IDE02615,2026-08-14 03:06:00,DEV320,file_open,TypeScript,39
IDE02263,2026-08-14 03:07:00,DEV336,idle,JavaScript,482
IDE01007,2026-08-14 03:08:00,DEV272,idle,Python,682
IDE09572,2026-08-14 03:08:00,DEV182,testing,JavaScript,712
IDE00640,2026-08-14 03:13:00,DEV046,file_open,JavaScript,78
IDE08312,2026-08-14 03:13:00,DEV039,terminal,SQL,1664
IDE05782,2026-08-14 03:17:00,DEV070,terminal,Java,1017
IDE09057,2026-08-14 03:17:00,DEV179,testing,SQL,919
IDE03106,2026-08-14 03:18:00,DEV069,terminal,SQL,1749
IDE01987,2026-08-14 03:20:00,DEV397,file_open,Java,1561
IDE06760,2026-08-14 03:24:00,DEV153,debugging,Python,1531
IDE08045,2026-08-14 03:24:00,DEV123,file_open,TypeScript,856
IDE09963,2026-08-14 03:27:00,DEV189,debugging,SQL,440
IDE04153,2026-08-14 03:29:00,DEV301,debugging,SQL,906
IDE07361,2026-08-14 03:29:00,DEV091,idle,TypeScript,683
IDE06053,2026-08-14 03:32:00,DEV470,terminal,Python,1197
IDE01745,2026-08-14 03:35:00,DEV201,terminal,TypeScript,1192
IDE02689,2026-08-14 03:42:00,DEV196,debugging,SQL,1287
IDE05584,2026-08-14 03:45:00,DEV385,idle,JavaScript,1638
IDE07282,2026-08-14 03:47:00,DEV217,terminal,Python,1783
IDE07612,2026-08-14 03:47:00,DEV265,idle,Java,690
IDE09013,2026-08-14 03:47:00,DEV321,coding,Java,1707
IDE09258,2026-08-14 03:47:00,DEV317,coding,Python,1368
IDE03947,2026-08-14 03:50:00,DEV494,testing,TypeScript,509
IDE06387,2026-08-14 03:50:00,DEV161,coding,TypeScript,723
IDE03287,2026-08-14 03:51:00,DEV320,debugging,SQL,196
IDE07186,2026-08-14 03:51:00,DEV485,coding,JavaScript,75
IDE08377,2026-08-14 03:51:00,DEV457,idle,SQL,935
IDE07972,2026-08-14 03:52:00,DEV327,file_open,Python,463
IDE01155,2026-08-14 03:53:00,DEV096,coding,Python,804
IDE02361,2026-08-14 03:54:00,DEV220,idle,TypeScript,1542
IDE04846,2026-08-14 03:59:00,DEV243,coding,SQL,350
IDE08404,2026-08-14 03:59:00,DEV044,debugging,Java,471
IDE06693,2026-08-14 04:02:00,DEV362,idle,Python,879
IDE09718,2026-08-14 04:02:00,DEV004,testing,Python,72
IDE04198,2026-08-14 04:04:00,DEV074,coding,Java,1267
IDE05163,2026-08-14 04:07:00,DEV196,idle,Java,229
IDE00050,2026-08-14 04:08:00,DEV060,debugging,SQL,1459
IDE02672,2026-08-14 04:08:00,DEV358,testing,Java,1350
IDE07135,2026-08-14 04:08:00,DEV248,testing,TypeScript,1558
IDE04135,2026-08-14 04:11:00,DEV240,idle,Java,1164
IDE07387,2026-08-14 04:11:00,DEV401,debugging,Java,1069
IDE08201,2026-08-14 04:13:00,DEV211,debugging,SQL,1464
IDE05231,2026-08-14 04:15:00,DEV197,file_open,Java,1534
IDE09332,2026-08-14 04:16:00,DEV500,debugging,SQL,1751
IDE00288,2026-08-14 04:23:00,DEV187,debugging,SQL,1235
IDE06113,2026-08-14 04:23:00,DEV016,coding,Java,358
IDE05327,2026-08-14 04:24:00,DEV054,testing,TypeScript,1271
IDE07604,2026-08-14 04:25:00,DEV062,testing,TypeScript,879
IDE04904,2026-08-14 04:29:00,DEV036,testing,SQL,726
IDE03000,2026-08-14 04:31:00,DEV072,file_open,SQL,1470
IDE05374,2026-08-14 04:32:00,DEV202,debugging,JavaScript,1153
IDE07397,2026-08-14 04:32:00,DEV413,terminal,JavaScript,412
IDE00926,2026-08-14 04:33:00,DEV325,idle,TypeScript,644
IDE03574,2026-08-14 04:37:00,DEV470,testing,Java,1563
IDE08170,2026-08-14 04:39:00,DEV224,coding,Java,431
IDE04709,2026-08-14 04:40:00,DEV277,debugging,SQL,73
IDE06201,2026-08-14 04:48:00,DEV337,coding,TypeScript,1631
IDE07365,2026-08-14 04:48:00,DEV432,idle,SQL,447
IDE09238,2026-08-14 04:50:00,DEV175,terminal,JavaScript,465
IDE04841,2026-08-14 04:53:00,DEV499,coding,SQL,1534
IDE05346,2026-08-14 04:53:00,DEV408,coding,JavaScript,1357
IDE09125,2026-08-14 04:53:00,DEV371,idle,TypeScript,352
IDE09260,2026-08-14 04:53:00,DEV362,terminal,SQL,1736
IDE07034,2026-08-14 04:54:00,DEV126,terminal,TypeScript,1504
IDE06745,2026-08-14 04:55:00,DEV187,coding,Python,1082
IDE03380,2026-08-14 05:01:00,DEV062,terminal,TypeScript,1242
IDE04946,2026-08-14 05:01:00,DEV144,debugging,TypeScript,1537
IDE09173,2026-08-14 05:01:00,DEV084,testing,Python,271
IDE08818,2026-08-14 05:02:00,DEV120,idle,TypeScript,1235
IDE06205,2026-08-14 05:08:00,DEV409,testing,SQL,273
IDE06895,2026-08-14 05:10:00,DEV158,debugging,SQL,66
IDE09291,2026-08-14 05:11:00,DEV469,debugging,JavaScript,1783
IDE01546,2026-08-14 05:15:00,DEV392,idle,JavaScript,1514
IDE08408,2026-08-14 05:16:00,DEV371,testing,Python,377
IDE06792,2026-08-14 05:18:00,DEV017,testing,Python,144
IDE07589,2026-08-14 05:18:00,DEV471,terminal,SQL,865
IDE03732,2026-08-14 05:21:00,DEV121,debugging,TypeScript,1276
IDE07846,2026-08-14 05:22:00,DEV334,terminal,TypeScript,619
IDE00413,2026-08-14 05:26:00,DEV362,terminal,SQL,360
IDE03288,2026-08-14 05:26:00,DEV442,file_open,TypeScript,1208
IDE01362,2026-08-14 05:30:00,DEV457,idle,SQL,514
IDE09769,2026-08-14 05:30:00,DEV389,file_open,Java,1124
IDE01784,2026-08-14 05:35:00,DEV030,file_open,Java,377
IDE07702,2026-08-14 05:35:00,DEV238,file_open,SQL,419
IDE06804,2026-08-14 05:37:00,DEV423,idle,JavaScript,1380
IDE09279,2026-08-14 05:39:00,DEV277,terminal,SQL,327
IDE04875,2026-08-14 05:41:00,DEV166,terminal,JavaScript,528
IDE07707,2026-08-14 05:41:00,DEV175,idle,TypeScript,966
IDE02043,2026-08-14 05:42:00,DEV330,file_open,Java,1018
IDE03901,2026-08-14 05:42:00,DEV095,file_open,Java,1468
IDE09453,2026-08-14 05:43:00,DEV211,idle,JavaScript,1088
IDE03949,2026-08-14 05:47:00,DEV470,testing,TypeScript,1292
IDE01157,2026-08-14 05:49:00,DEV082,idle,TypeScript,1266
IDE00783,2026-08-14 05:51:00,DEV366,file_open,TypeScript,967
IDE05918,2026-08-14 05:51:00,DEV470,idle,Python,513
IDE01175,2026-08-14 05:52:00,DEV218,idle,TypeScript,582
IDE05787,2026-08-14 05:55:00,DEV478,testing,SQL,630
IDE01213,2026-08-14 05:59:00,DEV021,coding,TypeScript,1138
IDE05105,2026-08-14 06:00:00,DEV231,file_open,SQL,1275
IDE06533,2026-08-14 06:04:00,DEV373,testing,JavaScript,1591
IDE07044,2026-08-14 06:08:00,DEV422,debugging,SQL,546
IDE01268,2026-08-14 06:10:00,DEV210,terminal,Java,572
IDE08387,2026-08-14 06:10:00,DEV130,idle,Python,1724
IDE08349,2026-08-14 06:12:00,DEV261,idle,Java,637
IDE03558,2026-08-14 06:13:00,DEV439,file_open,TypeScript,74
IDE08886,2026-08-14 06:16:00,DEV320,coding,SQL,1327
IDE00719,2026-08-14 06:17:00,DEV173,coding,Java,142
IDE08919,2026-08-14 06:17:00,DEV340,testing,Java,47
IDE06783,2026-08-14 06:20:00,DEV219,debugging,JavaScript,1702
IDE07853,2026-08-14 06:21:00,DEV154,terminal,SQL,1554
IDE02089,2026-08-14 06:23:00,DEV443,file_open,JavaScript,326
IDE07060,2026-08-14 06:23:00,DEV472,idle,Python,247
IDE07586,2026-08-14 06:25:00,DEV148,file_open,Java,921
IDE04293,2026-08-14 06:28:00,DEV389,terminal,SQL,1788
IDE03327,2026-08-14 06:29:00,DEV486,idle,JavaScript,631
IDE03626,2026-08-14 06:29:00,DEV362,terminal,TypeScript,1754
IDE04156,2026-08-14 06:29:00,DEV332,debugging,TypeScript,1588
IDE02241,2026-08-14 06:30:00,DEV298,coding,TypeScript,103
IDE08077,2026-08-14 06:33:00,DEV239,terminal,Python,1781
IDE05013,2026-08-14 06:35:00,DEV018,debugging,JavaScript,1594
IDE05214,2026-08-14 06:35:00,DEV260,debugging,Python,255
IDE07834,2026-08-14 06:35:00,DEV491,idle,SQL,216
IDE05866,2026-08-14 06:36:00,DEV367,coding,JavaScript,1379
IDE09295,2026-08-14 06:38:00,DEV347,debugging,SQL,318
IDE07410,2026-08-14 06:42:00,DEV266,coding,JavaScript,99
IDE07961,2026-08-14 06:43:00,DEV102,terminal,TypeScript,1669
IDE09677,2026-08-14 06:43:00,DEV137,terminal,Python,330
IDE08397,2026-08-14 06:48:00,DEV005,terminal,TypeScript,336
IDE07627,2026-08-14 06:52:00,DEV442,coding,SQL,395
IDE01343,2026-08-14 06:53:00,DEV046,file_open,SQL,1682
IDE04047,2026-08-14 06:57:00,DEV084,file_open,TypeScript,349
IDE04735,2026-08-14 06:58:00,DEV217,file_open,TypeScript,1539
IDE02619,2026-08-14 07:00:00,DEV309,idle,SQL,1543
IDE03702,2026-08-14 07:06:00,DEV367,idle,Java,1161
IDE07394,2026-08-14 07:07:00,DEV348,testing,TypeScript,885
IDE01869,2026-08-14 07:10:00,DEV005,idle,Python,1329
IDE02320,2026-08-14 07:11:00,DEV084,testing,TypeScript,1293
IDE02723,2026-08-14 07:11:00,DEV464,debugging,Python,466
IDE08728,2026-08-14 07:14:00,DEV125,terminal,TypeScript,1499
IDE04034,2026-08-14 07:16:00,DEV294,debugging,JavaScript,39
IDE05649,2026-08-14 07:20:00,DEV339,debugging,TypeScript,1728
IDE06789,2026-08-14 07:20:00,DEV490,coding,Python,560
IDE02294,2026-08-14 07:22:00,DEV134,terminal,Java,1548
IDE06084,2026-08-14 07:29:00,DEV126,file_open,Java,774
IDE06967,2026-08-14 07:31:00,DEV255,file_open,TypeScript,319
IDE05243,2026-08-14 07:32:00,DEV450,coding,JavaScript,1168
IDE08190,2026-08-14 07:32:00,DEV225,debugging,SQL,1295
IDE04582,2026-08-14 07:35:00,DEV425,idle,TypeScript,334
IDE03156,2026-08-14 07:36:00,DEV211,terminal,SQL,507
IDE04071,2026-08-14 07:39:00,DEV080,terminal,JavaScript,1186
IDE00649,2026-08-14 07:43:00,DEV099,debugging,TypeScript,1263
IDE07952,2026-08-14 07:43:00,DEV015,file_open,Java,514
IDE09431,2026-08-14 07:49:00,DEV231,coding,Java,1795
IDE07741,2026-08-14 07:52:00,DEV401,testing,TypeScript,1407
IDE00377,2026-08-14 07:55:00,DEV430,coding,JavaScript,1788
IDE05809,2026-08-14 07:56:00,DEV337,file_open,Python,186
IDE03716,2026-08-14 07:57:00,DEV041,file_open,JavaScript,220
IDE08435,2026-08-14 07:58:00,DEV208,testing,Java,217
IDE05920,2026-08-14 08:01:00,DEV427,idle,JavaScript,1757
IDE05967,2026-08-14 08:03:00,DEV399,testing,TypeScript,629
IDE05794,2026-08-14 08:04:00,DEV218,idle,JavaScript,242
IDE03614,2026-08-14 08:06:00,DEV279,debugging,Java,1042
IDE00739,2026-08-14 08:22:00,DEV023,debugging,Java,1148
IDE02005,2026-08-14 08:22:00,DEV423,file_open,Java,208
IDE07925,2026-08-14 08:23:00,DEV287,coding,JavaScript,584
IDE08860,2026-08-14 08:25:00,DEV052,debugging,Python,1104
IDE02862,2026-08-14 08:26:00,DEV353,terminal,Java,1606
IDE08664,2026-08-14 08:27:00,DEV399,terminal,Java,461
IDE07528,2026-08-14 08:28:00,DEV155,idle,JavaScript,1145
IDE05730,2026-08-14 08:29:00,DEV137,file_open,TypeScript,1309
IDE04578,2026-08-14 08:30:00,DEV378,debugging,SQL,1461
IDE09458,2026-08-14 08:31:00,DEV353,file_open,JavaScript,472
IDE07625,2026-08-14 08:35:00,DEV419,idle,JavaScript,752
IDE03024,2026-08-14 08:39:00,DEV079,terminal,TypeScript,1081
IDE09413,2026-08-14 08:40:00,DEV253,terminal,Java,796
IDE08599,2026-08-14 08:44:00,DEV422,testing,Python,454
IDE09696,2026-08-14 08:45:00,DEV115,idle,JavaScript,1403
IDE06391,2026-08-14 08:49:00,DEV082,idle,TypeScript,1404
IDE02822,2026-08-14 08:53:00,DEV484,terminal,Java,1064
IDE00238,2026-08-14 08:55:00,DEV230,terminal,JavaScript,184
IDE00400,2026-08-14 08:57:00,DEV440,coding,Java,1432
IDE04648,2026-08-14 08:57:00,DEV289,idle,SQL,1733
IDE07699,2026-08-14 08:57:00,DEV351,idle,Python,1025
IDE06116,2026-08-14 08:58:00,DEV071,terminal,Python,1049
IDE06961,2026-08-14 08:59:00,DEV201,coding,SQL,229
IDE06924,2026-08-14 09:03:00,DEV064,file_open,TypeScript,1557
IDE09274,2026-08-14 09:04:00,DEV280,debugging,TypeScript,1305
IDE09329,2026-08-14 09:07:00,DEV453,terminal,Java,1260
IDE00923,2026-08-14 09:13:00,DEV343,terminal,Python,1149
IDE01096,2026-08-14 09:13:00,DEV309,debugging,SQL,1630
IDE04211,2026-08-14 09:13:00,DEV286,idle,TypeScript,466
IDE04822,2026-08-14 09:14:00,DEV500,testing,JavaScript,250
IDE00717,2026-08-14 09:18:00,DEV370,file_open,TypeScript,1284
IDE04601,2026-08-14 09:25:00,DEV288,idle,Python,1183
IDE05232,2026-08-14 09:28:00,DEV340,idle,SQL,1538
IDE05427,2026-08-14 09:29:00,DEV361,debugging,Java,1274
IDE01620,2026-08-14 09:32:00,DEV438,coding,Python,639
IDE02174,2026-08-14 09:32:00,DEV405,file_open,JavaScript,374
IDE07395,2026-08-14 09:32:00,DEV474,terminal,Java,1233
IDE09767,2026-08-14 09:34:00,DEV467,testing,SQL,1429
IDE04383,2026-08-14 09:35:00,DEV038,idle,TypeScript,240
IDE04470,2026-08-14 09:36:00,DEV309,idle,Python,129
IDE09155,2026-08-14 09:38:00,DEV289,testing,JavaScript,1659
IDE09569,2026-08-14 09:39:00,DEV016,coding,TypeScript,437
IDE04835,2026-08-14 09:40:00,DEV205,idle,Python,1765
IDE05486,2026-08-14 09:43:00,DEV176,file_open,JavaScript,321
IDE03665,2026-08-14 09:45:00,DEV156,idle,Python,1263
IDE03602,2026-08-14 09:55:00,DEV246,coding,Python,369
IDE08366,2026-08-14 09:58:00,DEV116,terminal,JavaScript,1291
IDE05570,2026-08-14 10:02:00,DEV262,terminal,SQL,1232
IDE06298,2026-08-14 10:04:00,DEV108,terminal,Python,1062
IDE09345,2026-08-14 10:04:00,DEV259,terminal,Java,870
IDE03417,2026-08-14 10:07:00,DEV394,file_open,Python,583
IDE01153,2026-08-14 10:09:00,DEV293,terminal,TypeScript,651
IDE04036,2026-08-14 10:09:00,DEV106,idle,SQL,1761
IDE03621,2026-08-14 10:10:00,DEV460,terminal,JavaScript,1273
IDE09145,2026-08-14 10:10:00,DEV019,file_open,Java,626
IDE06834,2026-08-14 10:11:00,DEV002,debugging,JavaScript,625
IDE00972,2026-08-14 10:12:00,DEV440,idle,Java,253
IDE04979,2026-08-14 10:12:00,DEV434,debugging,Java,1087
IDE06028,2026-08-14 10:12:00,DEV443,idle,JavaScript,375
IDE05099,2026-08-14 10:15:00,DEV254,debugging,Python,205
IDE05499,2026-08-14 10:15:00,DEV298,testing,TypeScript,649
IDE07649,2026-08-14 10:15:00,DEV382,terminal,Java,419
IDE05475,2026-08-14 10:16:00,DEV226,coding,JavaScript,824
IDE07876,2026-08-14 10:16:00,DEV460,coding,Java,179
IDE01146,2026-08-14 10:17:00,DEV473,testing,Java,318
IDE05497,2026-08-14 10:17:00,DEV104,idle,TypeScript,866
IDE05595,2026-08-14 10:18:00,DEV361,idle,TypeScript,921
IDE05657,2026-08-14 10:18:00,DEV406,idle,JavaScript,809
IDE00158,2026-08-14 10:20:00,DEV222,terminal,Java,1286
IDE00412,2026-08-14 10:24:00,DEV137,idle,JavaScript,244
IDE01907,2026-08-14 10:26:00,DEV476,coding,JavaScript,598
IDE04862,2026-08-14 10:27:00,DEV223,file_open,TypeScript,967
IDE07048,2026-08-14 10:32:00,DEV332,idle,Java,93
IDE08713,2026-08-14 10:34:00,DEV372,file_open,Java,996
IDE00871,2026-08-14 10:39:00,DEV417,testing,TypeScript,1615
IDE06063,2026-08-14 10:40:00,DEV378,idle,Java,700
IDE02994,2026-08-14 10:42:00,DEV045,coding,JavaScript,797
IDE07514,2026-08-14 10:42:00,DEV180,testing,Python,116
IDE05393,2026-08-14 10:45:00,DEV140,file_open,Java,611
IDE02298,2026-08-14 10:46:00,DEV376,idle,TypeScript,822
IDE08252,2026-08-14 10:46:00,DEV467,file_open,Java,1129
IDE04854,2026-08-14 10:49:00,DEV422,debugging,TypeScript,1157
IDE03778,2026-08-14 10:52:00,DEV275,file_open,SQL,476
IDE08079,2026-08-14 10:52:00,DEV403,testing,Python,1493
IDE05511,2026-08-14 10:53:00,DEV381,testing,Java,810
IDE05732,2026-08-14 10:53:00,DEV486,terminal,JavaScript,782
IDE08572,2026-08-14 10:53:00,DEV466,terminal,TypeScript,1430
IDE09031,2026-08-14 10:53:00,DEV238,testing,JavaScript,546
IDE09879,2026-08-14 10:54:00,DEV251,terminal,Java,1068
IDE00216,2026-08-14 10:56:00,DEV241,file_open,Python,217
IDE05737,2026-08-14 10:56:00,DEV164,testing,Python,1669
IDE04852,2026-08-14 10:59:00,DEV490,file_open,Python,717
IDE00713,2026-08-14 11:02:00,DEV222,testing,JavaScript,134
IDE05238,2026-08-14 11:03:00,DEV073,file_open,Java,834
IDE09899,2026-08-14 11:04:00,DEV431,terminal,JavaScript,477
IDE03234,2026-08-14 11:05:00,DEV324,debugging,Python,1521
IDE02798,2026-08-14 11:06:00,DEV302,coding,SQL,1410
IDE07445,2026-08-14 11:08:00,DEV463,coding,Python,374
IDE03754,2026-08-14 11:10:00,DEV074,idle,Java,229
IDE04776,2026-08-14 11:11:00,DEV350,idle,TypeScript,1058
IDE00995,2026-08-14 11:14:00,DEV370,coding,Java,879
IDE03745,2026-08-14 11:15:00,DEV074,testing,SQL,496
IDE07778,2026-08-14 11:17:00,DEV065,idle,Java,454
IDE08339,2026-08-14 11:21:00,DEV030,file_open,SQL,148
IDE01951,2026-08-14 11:23:00,DEV166,file_open,TypeScript,1094
IDE02941,2026-08-14 11:24:00,DEV233,testing,SQL,1480
IDE08910,2026-08-14 11:24:00,DEV177,terminal,JavaScript,514
IDE05647,2026-08-14 11:26:00,DEV089,idle,SQL,170
IDE08957,2026-08-14 11:28:00,DEV442,coding,TypeScript,1270
IDE00779,2026-08-14 11:32:00,DEV294,testing,TypeScript,1679
IDE01339,2026-08-14 11:32:00,DEV230,terminal,SQL,60
IDE01000,2026-08-14 11:33:00,DEV051,testing,Python,1076
IDE06403,2026-08-14 11:33:00,DEV308,terminal,Java,76
IDE00032,2026-08-14 11:39:00,DEV395,debugging,TypeScript,1557
IDE02671,2026-08-14 11:44:00,DEV154,coding,Java,1526
IDE05808,2026-08-14 11:44:00,DEV238,debugging,Java,62
IDE02937,2026-08-14 11:52:00,DEV314,terminal,JavaScript,496
IDE09721,2026-08-14 11:52:00,DEV167,testing,Java,1656
IDE00463,2026-08-14 11:53:00,DEV144,testing,SQL,1378
IDE04142,2026-08-14 11:55:00,DEV229,debugging,Java,966
IDE01077,2026-08-14 11:59:00,DEV235,terminal,SQL,890
IDE04080,2026-08-14 12:05:00,DEV102,debugging,TypeScript,567
IDE09896,2026-08-14 12:05:00,DEV427,testing,JavaScript,958
IDE02904,2026-08-14 12:07:00,DEV014,terminal,JavaScript,1654
IDE04430,2026-08-14 12:08:00,DEV418,coding,SQL,855
IDE06879,2026-08-14 12:09:00,DEV225,debugging,JavaScript,987
IDE09452,2026-08-14 12:09:00,DEV264,testing,Python,1513
IDE02714,2026-08-14 12:13:00,DEV275,coding,Java,1179
IDE01354,2026-08-14 12:14:00,DEV268,file_open,Python,405
IDE06857,2026-08-14 12:16:00,DEV047,debugging,Java,1372
IDE08623,2026-08-14 12:17:00,DEV488,idle,SQL,502
IDE02506,2026-08-14 12:18:00,DEV366,debugging,JavaScript,82
IDE06180,2026-08-14 12:18:00,DEV222,testing,TypeScript,1777
IDE03176,2026-08-14 12:19:00,DEV287,idle,JavaScript,76
IDE06629,2026-08-14 12:21:00,DEV168,testing,SQL,530
IDE04245,2026-08-14 12:23:00,DEV499,debugging,Java,461
IDE03431,2026-08-14 12:26:00,DEV318,file_open,TypeScript,212
IDE02666,2026-08-14 12:27:00,DEV384,file_open,SQL,975
IDE02464,2026-08-14 12:28:00,DEV004,testing,JavaScript,1015
IDE01349,2026-08-14 12:36:00,DEV261,debugging,SQL,608
IDE00487,2026-08-14 12:38:00,DEV355,debugging,JavaScript,315
IDE00547,2026-08-14 12:40:00,DEV123,idle,TypeScript,1746
IDE06927,2026-08-14 12:43:00,DEV308,file_open,JavaScript,1350
IDE00557,2026-08-14 12:44:00,DEV019,terminal,SQL,1169
IDE00887,2026-08-14 12:47:00,DEV221,coding,SQL,1387
IDE03332,2026-08-14 12:50:00,DEV242,testing,JavaScript,801
IDE03440,2026-08-14 12:51:00,DEV233,coding,SQL,849
IDE06410,2026-08-14 12:51:00,DEV027,debugging,SQL,798
IDE08310,2026-08-14 12:52:00,DEV179,file_open,JavaScript,1705
IDE03538,2026-08-14 12:54:00,DEV366,coding,TypeScript,922
IDE00784,2026-08-14 12:55:00,DEV393,idle,Python,1006
IDE08264,2026-08-14 12:55:00,DEV498,debugging,TypeScript,1042
IDE02825,2026-08-14 13:01:00,DEV400,terminal,Python,867
IDE01717,2026-08-14 13:02:00,DEV340,idle,Java,34
IDE06676,2026-08-14 13:02:00,DEV055,terminal,SQL,178
IDE00507,2026-08-14 13:05:00,DEV472,testing,SQL,715
IDE09711,2026-08-14 13:05:00,DEV181,testing,Java,739
IDE08668,2026-08-14 13:08:00,DEV042,idle,Java,668
IDE09631,2026-08-14 13:08:00,DEV376,debugging,Java,1195
IDE03136,2026-08-14 13:16:00,DEV209,debugging,TypeScript,139
IDE04755,2026-08-14 13:17:00,DEV406,testing,JavaScript,131
IDE06574,2026-08-14 13:19:00,DEV310,idle,JavaScript,1583
IDE07273,2026-08-14 13:19:00,DEV241,testing,SQL,1132
IDE00264,2026-08-14 13:20:00,DEV044,idle,Python,968
IDE09774,2026-08-14 13:21:00,DEV387,terminal,Python,1189
IDE01474,2026-08-14 13:28:00,DEV486,testing,TypeScript,495
IDE01478,2026-08-14 13:28:00,DEV209,idle,Python,1362
IDE03271,2026-08-14 13:28:00,DEV100,file_open,Java,1018
IDE03854,2026-08-14 13:28:00,DEV397,debugging,TypeScript,242
IDE06225,2026-08-14 13:31:00,DEV470,terminal,Python,1433
IDE05045,2026-08-14 13:33:00,DEV291,terminal,SQL,1256
IDE08698,2026-08-14 13:36:00,DEV048,testing,Python,1405
IDE09717,2026-08-14 13:43:00,DEV325,testing,SQL,1665
IDE06441,2026-08-14 13:44:00,DEV066,testing,SQL,551
IDE01645,2026-08-14 13:47:00,DEV407,coding,JavaScript,1104
IDE03855,2026-08-14 13:48:00,DEV243,idle,TypeScript,719
IDE05612,2026-08-14 13:49:00,DEV397,idle,TypeScript,1514
IDE06734,2026-08-14 13:49:00,DEV139,file_open,Python,708
IDE05987,2026-08-14 13:51:00,DEV082,idle,Java,1483
IDE05001,2026-08-14 13:52:00,DEV187,terminal,TypeScript,714
IDE09002,2026-08-14 13:52:00,DEV494,coding,Python,369
IDE05654,2026-08-14 13:55:00,DEV049,debugging,SQL,871
IDE06998,2026-08-14 13:57:00,DEV125,idle,Java,674
IDE03013,2026-08-14 14:06:00,DEV333,idle,JavaScript,751
IDE04870,2026-08-14 14:09:00,DEV423,testing,TypeScript,1582
IDE06055,2026-08-14 14:11:00,DEV222,terminal,JavaScript,831
IDE05292,2026-08-14 14:12:00,DEV114,terminal,TypeScript,780
IDE00278,2026-08-14 14:13:00,DEV368,file_open,Java,1620
IDE05184,2026-08-14 14:13:00,DEV289,coding,Java,483
IDE07546,2026-08-14 14:15:00,DEV073,idle,Python,1031
IDE04762,2026-08-14 14:16:00,DEV082,testing,Python,1073
IDE06704,2026-08-14 14:18:00,DEV487,idle,JavaScript,366
IDE05551,2026-08-14 14:19:00,DEV447,testing,Java,1476
IDE01896,2026-08-14 14:21:00,DEV098,testing,Java,226
IDE02685,2026-08-14 14:21:00,DEV113,file_open,SQL,849
IDE08088,2026-08-14 14:21:00,DEV067,testing,SQL,1455
IDE00209,2026-08-14 14:22:00,DEV082,testing,Java,853
IDE00273,2026-08-14 14:22:00,DEV319,testing,SQL,563
IDE07047,2026-08-14 14:25:00,DEV340,terminal,SQL,1503
IDE02012,2026-08-14 14:27:00,DEV486,debugging,Python,989
IDE07228,2026-08-14 14:30:00,DEV304,file_open,Python,1089
IDE04615,2026-08-14 14:32:00,DEV306,file_open,TypeScript,1636
IDE03542,2026-08-14 14:35:00,DEV467,debugging,Python,382
IDE06083,2026-08-14 14:36:00,DEV172,idle,JavaScript,1072
IDE05262,2026-08-14 14:39:00,DEV321,debugging,SQL,838
IDE01030,2026-08-14 14:40:00,DEV437,debugging,TypeScript,618
IDE07962,2026-08-14 14:40:00,DEV373,file_open,JavaScript,1605
IDE08214,2026-08-14 14:45:00,DEV239,terminal,TypeScript,857
IDE08051,2026-08-14 14:46:00,DEV139,idle,Python,890
IDE04909,2026-08-14 14:53:00,DEV466,debugging,SQL,264
IDE08186,2026-08-14 14:55:00,DEV096,debugging,Java,1482
IDE05946,2026-08-14 14:58:00,DEV073,debugging,SQL,1074
IDE01941,2026-08-14 14:59:00,DEV379,idle,TypeScript,635
IDE07232,2026-08-14 15:01:00,DEV498,testing,Python,1270
IDE05659,2026-08-14 15:04:00,DEV412,coding,Python,726
IDE00301,2026-08-14 15:08:00,DEV430,terminal,SQL,394
IDE00814,2026-08-14 15:08:00,DEV002,idle,SQL,413
IDE04246,2026-08-14 15:09:00,DEV258,file_open,SQL,472
IDE09197,2026-08-14 15:09:00,DEV056,coding,SQL,415
IDE07050,2026-08-14 15:10:00,DEV476,testing,Java,110
IDE00409,2026-08-14 15:11:00,DEV366,debugging,TypeScript,1507
IDE05517,2026-08-14 15:12:00,DEV072,coding,JavaScript,555
IDE04567,2026-08-14 15:13:00,DEV377,testing,SQL,556
IDE04571,2026-08-14 15:14:00,DEV295,testing,SQL,1089
IDE04824,2026-08-14 15:14:00,DEV330,file_open,Python,1519
IDE05239,2026-08-14 15:14:00,DEV425,testing,Python,1609
IDE01046,2026-08-14 15:16:00,DEV214,file_open,Python,1133
IDE02406,2026-08-14 15:17:00,DEV008,debugging,SQL,1287
IDE00681,2026-08-14 15:18:00,DEV203,file_open,SQL,1073
IDE01928,2026-08-14 15:18:00,DEV070,debugging,JavaScript,1502
IDE08002,2026-08-14 15:19:00,DEV251,terminal,JavaScript,41
IDE09485,2026-08-14 15:22:00,DEV466,terminal,JavaScript,537
IDE06295,2026-08-14 15:25:00,DEV144,idle,TypeScript,328
IDE00977,2026-08-14 15:31:00,DEV216,file_open,SQL,327
IDE04583,2026-08-14 15:32:00,DEV343,file_open,Java,482
IDE02999,2026-08-14 15:33:00,DEV184,debugging,TypeScript,126
IDE06279,2026-08-14 15:34:00,DEV490,debugging,Java,814
IDE06405,2026-08-14 15:35:00,DEV212,file_open,SQL,497
IDE01966,2026-08-14 15:36:00,DEV286,debugging,JavaScript,91
IDE05069,2026-08-14 15:37:00,DEV030,testing,JavaScript,460
IDE08958,2026-08-14 15:39:00,DEV191,file_open,SQL,1639
IDE00422,2026-08-14 15:42:00,DEV375,terminal,SQL,153
IDE06475,2026-08-14 15:42:00,DEV156,idle,Java,1620
IDE09826,2026-08-14 15:42:00,DEV154,idle,JavaScript,1458
IDE02881,2026-08-14 15:43:00,DEV139,terminal,SQL,804
IDE06900,2026-08-14 15:47:00,DEV098,debugging,Python,603
IDE08121,2026-08-14 15:50:00,DEV009,testing,SQL,1750
IDE00244,2026-08-14 15:52:00,DEV439,debugging,TypeScript,1316
IDE04537,2026-08-14 15:53:00,DEV292,idle,Python,568
IDE01831,2026-08-14 15:58:00,DEV137,idle,JavaScript,447
IDE03923,2026-08-14 15:59:00,DEV171,file_open,Python,1429
IDE01207,2026-08-14 16:00:00,DEV457,debugging,TypeScript,268
IDE03411,2026-08-14 16:06:00,DEV333,testing,Python,762
IDE05928,2026-08-14 16:07:00,DEV192,debugging,JavaScript,40
IDE08085,2026-08-14 16:07:00,DEV412,coding,SQL,943
IDE09115,2026-08-14 16:08:00,DEV339,testing,JavaScript,728
IDE09257,2026-08-14 16:09:00,DEV222,testing,TypeScript,1229
IDE07592,2026-08-14 16:10:00,DEV304,coding,Python,80
IDE03033,2026-08-14 16:13:00,DEV335,debugging,JavaScript,145
IDE04526,2026-08-14 16:13:00,DEV389,testing,Python,957
IDE01539,2026-08-14 16:16:00,DEV413,terminal,TypeScript,1163
IDE04730,2026-08-14 16:17:00,DEV368,file_open,JavaScript,412
IDE04493,2026-08-14 16:20:00,DEV283,coding,SQL,1217
IDE02858,2026-08-14 16:21:00,DEV386,idle,Java,82
IDE06959,2026-08-14 16:24:00,DEV011,terminal,JavaScript,1365
IDE07248,2026-08-14 16:27:00,DEV079,debugging,Java,860
IDE05075,2026-08-14 16:30:00,DEV424,debugging,SQL,34
IDE09857,2026-08-14 16:34:00,DEV320,terminal,Java,1735
IDE04445,2026-08-14 16:37:00,DEV161,terminal,SQL,1272
IDE07670,2026-08-14 16:38:00,DEV179,testing,JavaScript,1419
IDE00052,2026-08-14 16:39:00,DEV141,debugging,TypeScript,569
IDE00462,2026-08-14 16:46:00,DEV261,testing,TypeScript,177
IDE06117,2026-08-14 16:53:00,DEV471,terminal,JavaScript,980
IDE09066,2026-08-14 16:54:00,DEV464,testing,Java,794
IDE08164,2026-08-14 16:56:00,DEV021,testing,Python,1768
IDE09952,2026-08-14 16:56:00,DEV131,file_open,JavaScript,1053
IDE02390,2026-08-14 16:57:00,DEV262,file_open,Python,1608
IDE00342,2026-08-14 16:58:00,DEV378,terminal,Java,1350
IDE01640,2026-08-14 16:59:00,DEV142,terminal,Java,1018
IDE05212,2026-08-14 17:00:00,DEV359,coding,SQL,126
IDE03466,2026-08-14 17:01:00,DEV066,terminal,Python,1172
IDE06709,2026-08-14 17:03:00,DEV220,idle,Java,537
IDE06635,2026-08-14 17:04:00,DEV134,idle,Python,789
IDE01356,2026-08-14 17:07:00,DEV049,file_open,Python,812
IDE05777,2026-08-14 17:09:00,DEV195,idle,Python,697
IDE02578,2026-08-14 17:12:00,DEV043,debugging,Python,1739
IDE04078,2026-08-14 17:13:00,DEV276,terminal,TypeScript,300
IDE06103,2026-08-14 17:17:00,DEV132,debugging,Python,530
IDE00743,2026-08-14 17:19:00,DEV025,debugging,SQL,81
IDE03952,2026-08-14 17:19:00,DEV213,file_open,Python,803
IDE07164,2026-08-14 17:20:00,DEV088,idle,TypeScript,272
IDE01438,2026-08-14 17:22:00,DEV076,idle,Java,317
IDE08898,2026-08-14 17:26:00,DEV033,testing,SQL,558
IDE08986,2026-08-14 17:26:00,DEV063,file_open,Python,189
IDE01375,2026-08-14 17:28:00,DEV248,coding,JavaScript,745
IDE02354,2026-08-14 17:28:00,DEV217,idle,Java,1287
IDE07749,2026-08-14 17:28:00,DEV100,terminal,Java,92
IDE05129,2026-08-14 17:31:00,DEV054,terminal,Python,369
IDE00874,2026-08-14 17:32:00,DEV103,testing,JavaScript,57
IDE01707,2026-08-14 17:32:00,DEV051,idle,Java,1795
IDE07760,2026-08-14 17:33:00,DEV462,debugging,Python,427
IDE06079,2026-08-14 17:35:00,DEV204,testing,Java,1161
IDE06503,2026-08-14 17:38:00,DEV381,terminal,Java,689
IDE04427,2026-08-14 17:42:00,DEV080,file_open,TypeScript,1546
IDE09503,2026-08-14 17:42:00,DEV165,debugging,JavaScript,877
IDE04301,2026-08-14 17:48:00,DEV033,debugging,SQL,577
IDE07199,2026-08-14 17:50:00,DEV440,idle,JavaScript,563
IDE04057,2026-08-14 17:51:00,DEV032,file_open,SQL,183
IDE02775,2026-08-14 17:54:00,DEV036,debugging,Python,102
IDE06033,2026-08-14 17:59:00,DEV168,file_open,TypeScript,1013
IDE05362,2026-08-14 18:00:00,DEV315,idle,TypeScript,1412
IDE02979,2026-08-14 18:02:00,DEV013,terminal,JavaScript,1324
IDE06740,2026-08-14 18:02:00,DEV045,debugging,SQL,1650
IDE07085,2026-08-14 18:04:00,DEV195,debugging,SQL,1375
IDE07489,2026-08-14 18:08:00,DEV251,debugging,Java,568
IDE09898,2026-08-14 18:10:00,DEV428,coding,JavaScript,1581
IDE04460,2026-08-14 18:16:00,DEV394,coding,TypeScript,1788
IDE01782,2026-08-14 18:17:00,DEV421,idle,JavaScript,1699
IDE01325,2026-08-14 18:19:00,DEV154,coding,JavaScript,289
IDE08248,2026-08-14 18:19:00,DEV322,file_open,SQL,1328
IDE02504,2026-08-14 18:21:00,DEV094,file_open,SQL,1510
IDE04553,2026-08-14 18:22:00,DEV468,idle,Python,719
IDE06788,2026-08-14 18:29:00,DEV169,file_open,JavaScript,1342
IDE05634,2026-08-14 18:35:00,DEV495,debugging,SQL,1083
IDE08519,2026-08-14 18:37:00,DEV200,file_open,Python,791
IDE09599,2026-08-14 18:39:00,DEV338,idle,Python,1484
IDE01333,2026-08-14 18:42:00,DEV359,file_open,Java,185
IDE02327,2026-08-14 18:43:00,DEV280,coding,Python,1516
IDE07225,2026-08-14 18:45:00,DEV280,terminal,TypeScript,1752
IDE02110,2026-08-14 18:47:00,DEV413,debugging,JavaScript,1648
IDE00464,2026-08-14 18:51:00,DEV482,terminal,TypeScript,1201
IDE03244,2026-08-14 18:54:00,DEV233,coding,SQL,875
IDE04901,2026-08-14 18:55:00,DEV346,testing,Python,358
IDE03460,2026-08-14 18:56:00,DEV135,coding,Python,1464
IDE03144,2026-08-14 18:57:00,DEV037,coding,Java,1722
IDE03505,2026-08-14 18:58:00,DEV257,testing,JavaScript,1083
IDE01572,2026-08-14 19:09:00,DEV170,testing,Java,853
IDE02213,2026-08-14 19:10:00,DEV173,coding,SQL,454
IDE08625,2026-08-14 19:14:00,DEV248,testing,SQL,1110
IDE01050,2026-08-14 19:18:00,DEV394,idle,Python,1672
IDE03794,2026-08-14 19:18:00,DEV024,terminal,Java,1272
IDE04090,2026-08-14 19:19:00,DEV228,coding,TypeScript,1178
IDE06118,2026-08-14 19:20:00,DEV131,idle,Python,1492
IDE07842,2026-08-14 19:20:00,DEV184,coding,Java,122
IDE09588,2026-08-14 19:23:00,DEV349,testing,SQL,1194
IDE00799,2026-08-14 19:25:00,DEV212,idle,SQL,1648
IDE08644,2026-08-14 19:26:00,DEV387,file_open,TypeScript,1658
IDE01583,2026-08-14 19:31:00,DEV013,idle,JavaScript,1656
IDE04448,2026-08-14 19:33:00,DEV271,debugging,JavaScript,434
IDE04244,2026-08-14 19:34:00,DEV336,idle,Python,1351
IDE00708,2026-08-14 19:38:00,DEV304,coding,Java,1365
IDE00755,2026-08-14 19:39:00,DEV302,coding,JavaScript,369
IDE06603,2026-08-14 19:39:00,DEV066,terminal,SQL,210
IDE02792,2026-08-14 19:42:00,DEV266,debugging,JavaScript,1504
IDE08733,2026-08-14 19:48:00,DEV034,debugging,Python,1064
IDE00356,2026-08-14 19:50:00,DEV327,terminal,Java,1437
IDE02074,2026-08-14 19:52:00,DEV110,debugging,TypeScript,555
IDE00616,2026-08-14 19:53:00,DEV338,terminal,SQL,241
IDE04585,2026-08-14 19:54:00,DEV118,testing,TypeScript,766
IDE01479,2026-08-14 19:55:00,DEV119,debugging,Python,1223
IDE03576,2026-08-14 19:58:00,DEV412,debugging,SQL,419
IDE00065,2026-08-14 19:59:00,DEV025,file_open,JavaScript,1366
IDE09935,2026-08-14 20:01:00,DEV116,idle,SQL,1114
IDE05270,2026-08-14 20:02:00,DEV247,debugging,JavaScript,293
IDE07350,2026-08-14 20:02:00,DEV312,idle,JavaScript,1619
IDE07558,2026-08-14 20:03:00,DEV077,debugging,Java,709
IDE03983,2026-08-14 20:05:00,DEV366,coding,SQL,1425
IDE09736,2026-08-14 20:05:00,DEV308,file_open,SQL,1332
IDE07288,2026-08-14 20:06:00,DEV293,testing,Python,173
IDE01032,2026-08-14 20:08:00,DEV091,debugging,TypeScript,1278
IDE09305,2026-08-14 20:10:00,DEV013,file_open,SQL,1798
IDE00446,2026-08-14 20:15:00,DEV167,testing,JavaScript,884
IDE06461,2026-08-14 20:15:00,DEV342,coding,SQL,1009
IDE03711,2026-08-14 20:17:00,DEV316,testing,Python,651
IDE06489,2026-08-14 20:19:00,DEV157,debugging,Python,512
IDE05552,2026-08-14 20:27:00,DEV488,file_open,Python,1083
IDE07847,2026-08-14 20:27:00,DEV268,testing,SQL,283
IDE05379,2026-08-14 20:29:00,DEV173,terminal,TypeScript,1452
IDE08322,2026-08-14 20:29:00,DEV060,terminal,TypeScript,443
IDE06865,2026-08-14 20:32:00,DEV175,coding,Java,260
IDE02164,2026-08-14 20:34:00,DEV064,idle,Python,676
IDE03082,2026-08-14 20:34:00,DEV328,idle,JavaScript,1255
IDE06750,2026-08-14 20:36:00,DEV214,testing,Java,1197
IDE03163,2026-08-14 20:38:00,DEV076,testing,SQL,1315
IDE09088,2026-08-14 20:40:00,DEV104,idle,SQL,1208
IDE06239,2026-08-14 20:41:00,DEV337,debugging,JavaScript,556
IDE06224,2026-08-14 20:45:00,DEV434,coding,Java,454
IDE01179,2026-08-14 20:48:00,DEV254,idle,Java,427
IDE02101,2026-08-14 20:48:00,DEV418,file_open,JavaScript,1022
IDE09162,2026-08-14 20:49:00,DEV327,idle,Python,1399
IDE08289,2026-08-14 20:50:00,DEV125,file_open,JavaScript,1294
IDE01534,2026-08-14 20:53:00,DEV005,testing,SQL,1303
IDE04092,2026-08-14 20:56:00,DEV336,idle,JavaScript,381
IDE05625,2026-08-14 20:58:00,DEV182,debugging,JavaScript,117
IDE06896,2026-08-14 21:00:00,DEV447,testing,JavaScript,167
IDE07413,2026-08-14 21:00:00,DEV372,debugging,Python,1166
IDE01608,2026-08-14 21:04:00,DEV260,terminal,SQL,1073
IDE03967,2026-08-14 21:05:00,DEV472,coding,SQL,175
IDE04284,2026-08-14 21:06:00,DEV178,terminal,SQL,1015
IDE07335,2026-08-14 21:07:00,DEV432,terminal,SQL,214
IDE01527,2026-08-14 21:08:00,DEV060,file_open,SQL,1688
IDE01533,2026-08-14 21:14:00,DEV222,idle,Python,56
IDE05536,2026-08-14 21:14:00,DEV171,testing,Java,952
IDE09093,2026-08-14 21:14:00,DEV082,file_open,TypeScript,1086
IDE05754,2026-08-14 21:15:00,DEV453,idle,Python,1284
IDE00214,2026-08-14 21:16:00,DEV073,coding,JavaScript,1616
IDE05187,2026-08-14 21:16:00,DEV163,testing,Python,45
IDE08255,2026-08-14 21:18:00,DEV042,testing,TypeScript,1332
IDE07418,2026-08-14 21:19:00,DEV365,coding,Python,651
IDE00481,2026-08-14 21:22:00,DEV223,coding,JavaScript,570
IDE05024,2026-08-14 21:22:00,DEV343,debugging,Java,397
IDE03529,2026-08-14 21:23:00,DEV255,debugging,Java,1495
IDE07145,2026-08-14 21:23:00,DEV376,idle,TypeScript,596
IDE08344,2026-08-14 21:24:00,DEV301,coding,TypeScript,333
IDE03786,2026-08-14 21:28:00,DEV407,coding,JavaScript,656
IDE03986,2026-08-14 21:28:00,DEV033,debugging,TypeScript,1412
IDE05123,2026-08-14 21:29:00,DEV335,file_open,Java,99
IDE01455,2026-08-14 21:30:00,DEV223,file_open,TypeScript,999
IDE09289,2026-08-14 21:31:00,DEV277,testing,Python,1340
IDE09020,2026-08-14 21:34:00,DEV452,file_open,JavaScript,1001
IDE08098,2026-08-14 21:39:00,DEV410,idle,TypeScript,1221
IDE05605,2026-08-14 21:45:00,DEV126,file_open,SQL,1607
IDE09575,2026-08-14 21:47:00,DEV329,terminal,Java,1599
IDE00726,2026-08-14 21:48:00,DEV093,terminal,JavaScript,552
IDE09412,2026-08-14 21:48:00,DEV033,coding,Python,563
IDE09809,2026-08-14 21:49:00,DEV042,idle,Java,1205
IDE04342,2026-08-14 21:53:00,DEV081,idle,Java,300
IDE06016,2026-08-14 21:56:00,DEV234,coding,TypeScript,343
IDE06237,2026-08-14 21:56:00,DEV183,terminal,Python,538
IDE03933,2026-08-14 22:02:00,DEV349,idle,Python,38
IDE02162,2026-08-14 22:03:00,DEV067,testing,Python,1426
IDE03227,2026-08-14 22:05:00,DEV286,testing,JavaScript,916
IDE02379,2026-08-14 22:06:00,DEV144,idle,TypeScript,1776
IDE09094,2026-08-14 22:08:00,DEV206,file_open,Python,479
IDE04763,2026-08-14 22:11:00,DEV316,idle,Python,1148
IDE08383,2026-08-14 22:11:00,DEV003,terminal,SQL,436
IDE03648,2026-08-14 22:12:00,DEV400,file_open,TypeScript,85
IDE02683,2026-08-14 22:13:00,DEV329,coding,Java,1272
IDE03674,2026-08-14 22:13:00,DEV214,idle,Python,1626
IDE07570,2026-08-14 22:14:00,DEV498,terminal,Java,1595
IDE08790,2026-08-14 22:15:00,DEV039,terminal,SQL,1595
IDE05388,2026-08-14 22:17:00,DEV275,file_open,Java,221
IDE07359,2026-08-14 22:17:00,DEV049,idle,TypeScript,244
IDE09059,2026-08-14 22:21:00,DEV463,testing,Java,1503
IDE00432,2026-08-14 22:24:00,DEV290,coding,TypeScript,1159
IDE03705,2026-08-14 22:24:00,DEV169,debugging,SQL,1010
IDE08433,2026-08-14 22:31:00,DEV226,testing,TypeScript,579
IDE05700,2026-08-14 22:33:00,DEV160,testing,Java,62
IDE03960,2026-08-14 22:34:00,DEV341,coding,SQL,958
IDE02432,2026-08-14 22:35:00,DEV287,idle,TypeScript,80
IDE00270,2026-08-14 22:36:00,DEV165,coding,Java,1008
IDE06398,2026-08-14 22:36:00,DEV447,debugging,JavaScript,1729
IDE02084,2026-08-14 22:38:00,DEV026,terminal,SQL,121
IDE07610,2026-08-14 22:38:00,DEV262,debugging,Python,288
IDE03046,2026-08-14 22:39:00,DEV370,terminal,TypeScript,764
IDE01114,2026-08-14 22:42:00,DEV375,idle,Python,1727
IDE03803,2026-08-14 22:45:00,DEV146,debugging,TypeScript,198
IDE05106,2026-08-14 22:46:00,DEV335,debugging,Python,681
IDE07081,2026-08-14 22:46:00,DEV069,idle,Python,1732
IDE02242,2026-08-14 22:48:00,DEV099,terminal,Java,433
IDE08656,2026-08-14 22:49:00,DEV095,idle,Python,214
IDE04516,2026-08-14 22:59:00,DEV361,terminal,JavaScript,1483
IDE08457,2026-08-14 23:01:00,DEV134,debugging,Python,1207
IDE08346,2026-08-14 23:06:00,DEV159,file_open,JavaScript,1500
IDE01881,2026-08-14 23:08:00,DEV423,coding,Java,1717
IDE06965,2026-08-14 23:11:00,DEV191,terminal,Java,1364
IDE08358,2026-08-14 23:14:00,DEV053,terminal,Java,674
IDE00262,2026-08-14 23:19:00,DEV070,file_open,JavaScript,1729
IDE05633,2026-08-14 23:19:00,DEV444,debugging,SQL,1615
IDE05555,2026-08-14 23:21:00,DEV337,coding,Java,1460
IDE09246,2026-08-14 23:24:00,DEV006,testing,Python,1207
IDE00967,2026-08-14 23:28:00,DEV226,testing,SQL,1020
IDE06478,2026-08-14 23:31:00,DEV127,coding,TypeScript,278
IDE02675,2026-08-14 23:33:00,DEV482,idle,TypeScript,603
IDE04242,2026-08-14 23:36:00,DEV413,idle,Python,1236
IDE06661,2026-08-14 23:38:00,DEV034,debugging,SQL,660
IDE09144,2026-08-14 23:40:00,DEV325,coding,SQL,853
IDE03659,2026-08-14 23:42:00,DEV463,debugging,SQL,425
IDE09403,2026-08-14 23:43:00,DEV491,terminal,Java,150
IDE00732,2026-08-14 23:45:00,DEV255,idle,JavaScript,130
IDE01837,2026-08-14 23:46:00,DEV246,idle,TypeScript,550
IDE01507,2026-08-14 23:47:00,DEV146,debugging,Python,106
IDE03418,2026-08-14 23:47:00,DEV354,testing,SQL,1227
IDE09868,2026-08-15 00:00:00,DEV138,testing,SQL,1534
IDE05729,2026-08-15 00:02:00,DEV214,coding,Java,1518
IDE09804,2026-08-15 00:02:00,DEV135,debugging,Python,1125
IDE00178,2026-08-15 00:07:00,DEV070,terminal,Java,360
IDE02157,2026-08-15 00:13:00,DEV367,idle,JavaScript,871
IDE04273,2026-08-15 00:14:00,DEV307,testing,Python,257
IDE05138,2026-08-15 00:14:00,DEV401,testing,Python,782
IDE07540,2026-08-15 00:16:00,DEV163,idle,Python,543
IDE06300,2026-08-15 00:17:00,DEV119,coding,SQL,208
IDE03464,2026-08-15 00:18:00,DEV220,debugging,Java,1461
IDE01917,2026-08-15 00:19:00,DEV464,debugging,TypeScript,993
IDE02690,2026-08-15 00:19:00,DEV125,coding,SQL,99
IDE01083,2026-08-15 00:20:00,DEV425,debugging,JavaScript,1260
IDE06762,2026-08-15 00:21:00,DEV376,debugging,TypeScript,1713
IDE06813,2026-08-15 00:25:00,DEV249,terminal,Python,866
IDE03583,2026-08-15 00:26:00,DEV488,testing,SQL,989
IDE05260,2026-08-15 00:28:00,DEV458,file_open,TypeScript,1526
IDE08149,2026-08-15 00:29:00,DEV134,file_open,TypeScript,813
IDE06753,2026-08-15 00:34:00,DEV053,terminal,JavaScript,1066
IDE06821,2026-08-15 00:35:00,DEV249,coding,JavaScript,1711
IDE09166,2026-08-15 00:36:00,DEV129,idle,TypeScript,1226
IDE03845,2026-08-15 00:39:00,DEV299,file_open,Python,120
IDE03874,2026-08-15 00:39:00,DEV344,terminal,TypeScript,365
IDE02570,2026-08-15 00:41:00,DEV354,idle,Python,1591
IDE01145,2026-08-15 00:45:00,DEV273,coding,Java,771
IDE00345,2026-08-15 00:47:00,DEV447,idle,Java,802
IDE04714,2026-08-15 00:47:00,DEV398,testing,TypeScript,652
IDE04016,2026-08-15 00:52:00,DEV333,terminal,SQL,775
IDE07907,2026-08-15 00:55:00,DEV214,debugging,TypeScript,1388
IDE05740,2026-08-15 00:57:00,DEV133,idle,Python,439
IDE08600,2026-08-15 00:59:00,DEV106,debugging,Java,1490
IDE08921,2026-08-15 01:01:00,DEV179,file_open,Python,1745
IDE07318,2026-08-15 01:10:00,DEV115,terminal,SQL,1624
IDE08557,2026-08-15 01:15:00,DEV415,debugging,SQL,1242
IDE04302,2026-08-15 01:18:00,DEV328,testing,Java,585
IDE02896,2026-08-15 01:19:00,DEV201,testing,TypeScript,756
IDE07623,2026-08-15 01:21:00,DEV372,testing,TypeScript,1733
IDE09891,2026-08-15 01:21:00,DEV277,terminal,SQL,977
IDE09953,2026-08-15 01:21:00,DEV376,file_open,TypeScript,1436
IDE02592,2026-08-15 01:22:00,DEV097,testing,Python,1328
IDE05398,2026-08-15 01:22:00,DEV465,testing,TypeScript,492
IDE06222,2026-08-15 01:24:00,DEV159,file_open,SQL,1055
IDE03008,2026-08-15 01:29:00,DEV148,terminal,Python,1220
IDE03313,2026-08-15 01:29:00,DEV320,idle,Python,1012
IDE07486,2026-08-15 01:30:00,DEV305,testing,TypeScript,1079
IDE01322,2026-08-15 01:34:00,DEV406,coding,Java,1453
IDE06505,2026-08-15 01:34:00,DEV428,testing,Python,1274
IDE05147,2026-08-15 01:35:00,DEV238,terminal,Java,1478
IDE07279,2026-08-15 01:35:00,DEV446,testing,JavaScript,394
IDE05966,2026-08-15 01:37:00,DEV215,testing,JavaScript,1495
IDE06547,2026-08-15 01:40:00,DEV273,debugging,SQL,877
IDE06958,2026-08-15 01:40:00,DEV487,coding,Java,1254
IDE08365,2026-08-15 01:43:00,DEV443,terminal,TypeScript,1347
IDE02832,2026-08-15 01:49:00,DEV010,terminal,JavaScript,65
IDE06010,2026-08-15 01:50:00,DEV154,file_open,SQL,784
IDE01204,2026-08-15 01:51:00,DEV022,debugging,Python,818
IDE00319,2026-08-15 01:53:00,DEV044,testing,Java,933
IDE07099,2026-08-15 01:56:00,DEV475,testing,Java,119
IDE01305,2026-08-15 02:01:00,DEV236,testing,SQL,800
IDE06682,2026-08-15 02:01:00,DEV141,testing,Java,241
IDE01274,2026-08-15 02:09:00,DEV257,idle,Python,1628
IDE05952,2026-08-15 02:09:00,DEV069,debugging,Python,1258
IDE03328,2026-08-15 02:13:00,DEV196,file_open,Python,789
IDE02223,2026-08-15 02:14:00,DEV060,file_open,JavaScript,1776
IDE00493,2026-08-15 02:16:00,DEV078,terminal,JavaScript,1710
IDE09850,2026-08-15 02:20:00,DEV164,idle,SQL,317
IDE02489,2026-08-15 02:24:00,DEV445,idle,Python,1564
IDE03450,2026-08-15 02:25:00,DEV397,testing,SQL,1203
IDE07557,2026-08-15 02:25:00,DEV113,terminal,JavaScript,111
IDE08892,2026-08-15 02:25:00,DEV307,debugging,TypeScript,1192
IDE01605,2026-08-15 02:26:00,DEV035,coding,TypeScript,1685
IDE04953,2026-08-15 02:26:00,DEV455,testing,TypeScript,1304
IDE08920,2026-08-15 02:31:00,DEV475,debugging,JavaScript,92
IDE06061,2026-08-15 02:32:00,DEV411,idle,Python,61
IDE09089,2026-08-15 02:32:00,DEV427,debugging,JavaScript,77
IDE08206,2026-08-15 02:33:00,DEV029,idle,TypeScript,464
IDE09369,2026-08-15 02:34:00,DEV079,coding,TypeScript,1357
IDE02855,2026-08-15 02:42:00,DEV464,testing,Java,1602
IDE00017,2026-08-15 02:46:00,DEV332,testing,Java,606
IDE08952,2026-08-15 02:46:00,DEV264,file_open,SQL,1394
IDE00484,2026-08-15 02:50:00,DEV372,file_open,Java,1028
IDE00077,2026-08-15 02:52:00,DEV398,debugging,Java,1213
IDE00435,2026-08-15 02:53:00,DEV060,idle,Java,458
IDE02366,2026-08-15 02:56:00,DEV135,coding,Java,1782
IDE06299,2026-08-15 02:59:00,DEV433,terminal,SQL,1497
IDE04926,2026-08-15 03:04:00,DEV142,debugging,Python,662
IDE08611,2026-08-15 03:10:00,DEV452,terminal,SQL,1518
IDE03518,2026-08-15 03:11:00,DEV337,file_open,JavaScript,323
IDE02895,2026-08-15 03:12:00,DEV136,testing,JavaScript,418
IDE06744,2026-08-15 03:12:00,DEV219,debugging,JavaScript,1657
IDE01579,2026-08-15 03:20:00,DEV264,coding,TypeScript,1362
IDE03987,2026-08-15 03:24:00,DEV202,testing,Python,1725
IDE06469,2026-08-15 03:25:00,DEV118,terminal,SQL,1010
IDE00877,2026-08-15 03:27:00,DEV421,coding,Python,928
IDE01407,2026-08-15 03:29:00,DEV198,terminal,Python,215
IDE09110,2026-08-15 03:29:00,DEV414,coding,Java,1555
IDE06833,2026-08-15 03:31:00,DEV490,idle,JavaScript,833
IDE08154,2026-08-15 03:37:00,DEV456,debugging,Python,92
IDE03488,2026-08-15 03:43:00,DEV189,file_open,TypeScript,1378
IDE06355,2026-08-15 03:43:00,DEV191,terminal,TypeScript,1777
IDE03444,2026-08-15 03:45:00,DEV107,testing,SQL,1698
IDE01849,2026-08-15 03:47:00,DEV351,file_open,SQL,1352
IDE02334,2026-08-15 03:47:00,DEV414,idle,SQL,82
IDE04631,2026-08-15 03:49:00,DEV305,testing,TypeScript,403
IDE04415,2026-08-15 03:51:00,DEV030,terminal,JavaScript,1631
IDE06537,2026-08-15 03:51:00,DEV222,terminal,SQL,313
IDE09596,2026-08-15 03:51:00,DEV122,testing,SQL,1046
IDE01695,2026-08-15 03:52:00,DEV481,idle,JavaScript,1131
IDE05598,2026-08-15 03:52:00,DEV241,coding,SQL,1197
IDE01038,2026-08-15 03:53:00,DEV351,coding,Python,1259
IDE06691,2026-08-15 03:54:00,DEV199,file_open,Python,317
IDE08785,2026-08-15 03:55:00,DEV289,coding,SQL,865
IDE04288,2026-08-15 03:58:00,DEV478,idle,JavaScript,1081
IDE07078,2026-08-15 03:59:00,DEV116,file_open,Java,1272
IDE01469,2026-08-15 04:00:00,DEV483,coding,Python,834
IDE04976,2026-08-15 04:00:00,DEV286,idle,TypeScript,1333
IDE06472,2026-08-15 04:03:00,DEV017,debugging,Java,1043
IDE08993,2026-08-15 04:03:00,DEV091,coding,Java,1409
IDE07492,2026-08-15 04:05:00,DEV107,debugging,JavaScript,480
IDE00902,2026-08-15 04:09:00,DEV442,terminal,TypeScript,1787
IDE04100,2026-08-15 04:09:00,DEV496,idle,Java,447
IDE01381,2026-08-15 04:11:00,DEV305,idle,Java,241
IDE03847,2026-08-15 04:11:00,DEV391,debugging,Python,205
IDE00222,2026-08-15 04:14:00,DEV354,idle,TypeScript,46
IDE06681,2026-08-15 04:16:00,DEV398,debugging,TypeScript,1791
IDE09040,2026-08-15 04:16:00,DEV421,debugging,TypeScript,732
IDE01879,2026-08-15 04:17:00,DEV280,idle,JavaScript,529
IDE01224,2026-08-15 04:26:00,DEV100,terminal,Java,1368
IDE00950,2026-08-15 04:29:00,DEV485,idle,JavaScript,1543
IDE06755,2026-08-15 04:29:00,DEV346,terminal,Python,1431
IDE03849,2026-08-15 04:31:00,DEV203,coding,SQL,761
IDE01393,2026-08-15 04:34:00,DEV467,coding,JavaScript,1715
IDE06880,2026-08-15 04:35:00,DEV300,coding,JavaScript,1163
IDE04513,2026-08-15 04:39:00,DEV349,testing,Java,1657
IDE07777,2026-08-15 04:39:00,DEV051,idle,Java,693
IDE06550,2026-08-15 04:43:00,DEV179,debugging,Python,544
IDE06526,2026-08-15 04:44:00,DEV008,coding,Python,77
IDE05714,2026-08-15 04:46:00,DEV180,terminal,Java,378
IDE07065,2026-08-15 04:46:00,DEV364,terminal,SQL,516
IDE05263,2026-08-15 04:49:00,DEV046,testing,JavaScript,1506
IDE01975,2026-08-15 04:51:00,DEV350,terminal,Java,679
IDE05456,2026-08-15 04:52:00,DEV456,idle,SQL,259
IDE00637,2026-08-15 04:56:00,DEV341,terminal,TypeScript,397
IDE02023,2026-08-15 05:00:00,DEV264,file_open,Python,1506
IDE07148,2026-08-15 05:00:00,DEV059,coding,Java,634
IDE09129,2026-08-15 05:01:00,DEV298,terminal,Python,624
IDE08093,2026-08-15 05:02:00,DEV242,debugging,JavaScript,233
IDE04317,2026-08-15 05:05:00,DEV028,terminal,Java,1359
IDE07662,2026-08-15 05:05:00,DEV223,testing,TypeScript,408
IDE08158,2026-08-15 05:05:00,DEV494,coding,SQL,1645
IDE03974,2026-08-15 05:07:00,DEV095,terminal,JavaScript,1776
IDE02154,2026-08-15 05:11:00,DEV123,testing,TypeScript,508
IDE08413,2026-08-15 05:11:00,DEV371,terminal,Python,919
IDE06663,2026-08-15 05:12:00,DEV005,file_open,Python,703
IDE07694,2026-08-15 05:12:00,DEV271,debugging,Java,839
IDE05793,2026-08-15 05:13:00,DEV371,coding,JavaScript,548
IDE05421,2026-08-15 05:18:00,DEV063,coding,JavaScript,67
IDE06872,2026-08-15 05:18:00,DEV462,terminal,TypeScript,956
IDE03622,2026-08-15 05:19:00,DEV272,testing,JavaScript,883
IDE09326,2026-08-15 05:19:00,DEV426,debugging,JavaScript,251
IDE00194,2026-08-15 05:29:00,DEV243,testing,TypeScript,1684
IDE09212,2026-08-15 05:31:00,DEV012,debugging,TypeScript,229
IDE02230,2026-08-15 05:33:00,DEV196,testing,Java,378
IDE06141,2026-08-15 05:35:00,DEV260,terminal,SQL,172
IDE05259,2026-08-15 05:40:00,DEV165,terminal,JavaScript,1637
IDE07510,2026-08-15 05:42:00,DEV225,debugging,Java,497
IDE03658,2026-08-15 05:45:00,DEV427,terminal,Python,737
IDE03237,2026-08-15 05:48:00,DEV480,coding,SQL,1511
IDE02912,2026-08-15 05:51:00,DEV420,debugging,TypeScript,411
IDE06316,2026-08-15 05:52:00,DEV228,idle,Python,1022
IDE02599,2026-08-15 05:54:00,DEV125,idle,SQL,1289
IDE04239,2026-08-15 05:57:00,DEV253,coding,Python,893
IDE05784,2026-08-15 05:57:00,DEV426,coding,TypeScript,311
IDE01766,2026-08-15 06:07:00,DEV477,testing,Java,1012
IDE07031,2026-08-15 06:07:00,DEV155,file_open,TypeScript,1640
IDE09842,2026-08-15 06:18:00,DEV081,file_open,SQL,261
IDE07980,2026-08-15 06:19:00,DEV116,idle,Java,261
IDE09552,2026-08-15 06:24:00,DEV034,terminal,Python,183
IDE02708,2026-08-15 06:28:00,DEV254,coding,TypeScript,538
IDE05513,2026-08-15 06:30:00,DEV104,debugging,Java,1761
IDE04089,2026-08-15 06:31:00,DEV058,coding,Python,1706
IDE00122,2026-08-15 06:32:00,DEV041,coding,Python,123
IDE01947,2026-08-15 06:35:00,DEV013,terminal,Java,1762
IDE02323,2026-08-15 06:37:00,DEV196,idle,SQL,1213
IDE03148,2026-08-15 06:37:00,DEV250,testing,SQL,272
IDE05521,2026-08-15 06:43:00,DEV491,testing,Python,1205
IDE09196,2026-08-15 06:43:00,DEV232,coding,Java,1567
IDE07895,2026-08-15 06:45:00,DEV051,file_open,TypeScript,451
IDE08273,2026-08-15 06:46:00,DEV143,idle,TypeScript,1460
IDE04492,2026-08-15 06:47:00,DEV216,terminal,TypeScript,1178
IDE01930,2026-08-15 06:48:00,DEV332,debugging,Java,1262
IDE05016,2026-08-15 06:52:00,DEV347,terminal,SQL,58
IDE08764,2026-08-15 06:52:00,DEV374,coding,Python,1765
IDE04921,2026-08-15 06:53:00,DEV125,coding,SQL,112
IDE06293,2026-08-15 06:55:00,DEV405,debugging,Java,1013
IDE02819,2026-08-15 07:00:00,DEV456,coding,Java,404
IDE08240,2026-08-15 07:00:00,DEV367,testing,TypeScript,1753
IDE07124,2026-08-15 07:03:00,DEV387,debugging,Java,1511
IDE00824,2026-08-15 07:08:00,DEV358,idle,Python,1664
IDE06193,2026-08-15 07:09:00,DEV003,debugging,Python,702
IDE08916,2026-08-15 07:09:00,DEV500,testing,SQL,1513
IDE04104,2026-08-15 07:11:00,DEV407,testing,SQL,321
IDE05072,2026-08-15 07:18:00,DEV385,coding,JavaScript,478
IDE01855,2026-08-15 07:19:00,DEV173,file_open,JavaScript,730
IDE08473,2026-08-15 07:20:00,DEV274,coding,TypeScript,1499
IDE09395,2026-08-15 07:20:00,DEV101,terminal,SQL,766
IDE09537,2026-08-15 07:20:00,DEV068,coding,Python,457
IDE03357,2026-08-15 07:21:00,DEV302,file_open,TypeScript,104
IDE02695,2026-08-15 07:24:00,DEV439,debugging,JavaScript,469
IDE00730,2026-08-15 07:25:00,DEV136,testing,TypeScript,1259
IDE04596,2026-08-15 07:26:00,DEV408,terminal,JavaScript,32
IDE00952,2026-08-15 07:27:00,DEV105,idle,SQL,1049
IDE07552,2026-08-15 07:29:00,DEV156,debugging,Java,62
IDE03443,2026-08-15 07:31:00,DEV111,coding,SQL,1124
IDE07268,2026-08-15 07:32:00,DEV139,terminal,Java,1623
IDE08028,2026-08-15 07:32:00,DEV237,testing,SQL,1127
IDE09148,2026-08-15 07:33:00,DEV220,coding,Python,440
IDE02083,2026-08-15 07:35:00,DEV317,testing,Java,674
IDE05153,2026-08-15 07:35:00,DEV080,terminal,Java,270
IDE09961,2026-08-15 07:36:00,DEV143,terminal,JavaScript,1489
IDE05323,2026-08-15 07:41:00,DEV228,testing,JavaScript,136
IDE07997,2026-08-15 07:44:00,DEV117,testing,Python,894
IDE03406,2026-08-15 07:49:00,DEV214,testing,TypeScript,1384
IDE07606,2026-08-15 07:49:00,DEV253,file_open,TypeScript,1611
IDE04298,2026-08-15 07:50:00,DEV473,idle,JavaScript,141
IDE04003,2026-08-15 07:51:00,DEV186,idle,Python,744
IDE07203,2026-08-15 07:52:00,DEV459,coding,Python,1744
IDE09467,2026-08-15 07:54:00,DEV076,debugging,Python,1286
IDE06100,2026-08-15 07:56:00,DEV270,testing,Java,1379
IDE02779,2026-08-15 07:57:00,DEV029,debugging,Python,556
IDE03226,2026-08-15 07:57:00,DEV397,terminal,SQL,1305
IDE05074,2026-08-15 07:59:00,DEV153,coding,TypeScript,535
IDE01590,2026-08-15 08:03:00,DEV381,file_open,Python,360
IDE01709,2026-08-15 08:03:00,DEV114,terminal,SQL,654
IDE04545,2026-08-15 08:06:00,DEV351,debugging,SQL,754
IDE00621,2026-08-15 08:09:00,DEV157,testing,JavaScript,676
IDE06824,2026-08-15 08:12:00,DEV085,debugging,JavaScript,1553
IDE01263,2026-08-15 08:16:00,DEV369,idle,JavaScript,575
IDE04365,2026-08-15 08:19:00,DEV206,idle,JavaScript,1148
IDE09638,2026-08-15 08:19:00,DEV011,debugging,Java,735
IDE09105,2026-08-15 08:21:00,DEV007,coding,JavaScript,1178
IDE09496,2026-08-15 08:22:00,DEV033,testing,Java,1422
IDE07216,2026-08-15 08:23:00,DEV075,file_open,TypeScript,341
IDE01177,2026-08-15 08:24:00,DEV342,terminal,JavaScript,245
IDE04190,2026-08-15 08:26:00,DEV383,idle,JavaScript,307
IDE04097,2026-08-15 08:27:00,DEV090,debugging,SQL,936
IDE02079,2026-08-15 08:29:00,DEV059,idle,Java,786
IDE08038,2026-08-15 08:30:00,DEV269,file_open,SQL,993
IDE04542,2026-08-15 08:31:00,DEV383,idle,TypeScript,399
IDE03677,2026-08-15 08:33:00,DEV031,coding,Java,688
IDE03140,2026-08-15 08:35:00,DEV046,debugging,Python,1613
IDE01060,2026-08-15 08:40:00,DEV269,testing,Java,510
IDE03550,2026-08-15 08:42:00,DEV314,terminal,SQL,856
IDE05838,2026-08-15 08:42:00,DEV131,terminal,TypeScript,1209
IDE08948,2026-08-15 08:42:00,DEV037,file_open,TypeScript,420
IDE03461,2026-08-15 08:43:00,DEV027,idle,SQL,473
IDE00240,2026-08-15 08:44:00,DEV235,file_open,SQL,124
IDE07773,2026-08-15 08:44:00,DEV283,debugging,TypeScript,327
IDE01420,2026-08-15 08:47:00,DEV380,coding,SQL,357
IDE04328,2026-08-15 08:48:00,DEV455,idle,JavaScript,1041
IDE02311,2026-08-15 08:52:00,DEV350,testing,SQL,244
IDE04310,2026-08-15 08:52:00,DEV100,file_open,Java,710
IDE05842,2026-08-15 08:54:00,DEV499,debugging,Python,1793
IDE07938,2026-08-15 08:55:00,DEV435,terminal,TypeScript,1130
IDE02830,2026-08-15 08:57:00,DEV112,terminal,Python,642
IDE04711,2026-08-15 08:58:00,DEV189,debugging,TypeScript,1681
IDE02947,2026-08-15 09:00:00,DEV431,terminal,TypeScript,371
