event_id,timestamp,developer_id,issue_key,issue_type,status,priority,event_type
JR03672,2026-08-01 09:04:00,DEV284,DATA-9491,Improvement,In Progress,Critical,comment_added
JR02396,2026-08-01 09:07:00,DEV144,COGNI-7364,Improvement,Code Review,High,comment_added
JR01470,2026-08-01 09:18:00,DEV131,DEVOPS-5185,Story,Code Review,Medium,issue_created
JR00898,2026-08-01 09:21:00,DEV441,DATA-962,Story,Testing,Medium,issue_updated
JR01485,2026-08-01 09:23:00,DEV278,COGNI-9081,Bug,Code Review,Medium,status_changed
JR01315,2026-08-01 09:26:00,DEV141,DATA-6304,Improvement,In Progress,Critical,comment_added
JR04551,2026-08-01 09:29:00,DEV369,DATA-7420,Task,Done,High,issue_assigned
JR00230,2026-08-01 09:37:00,DEV068,DATA-3858,Story,Code Review,High,issue_created
JR00787,2026-08-01 09:52:00,DEV327,DEVOPS-1525,Task,Code Review,High,issue_updated
JR02709,2026-08-01 09:53:00,DEV228,DEVOPS-9933,Bug,In Progress,High,issue_updated
JR04956,2026-08-01 09:54:00,DEV438,COGNI-2791,Improvement,In Progress,Critical,issue_updated
JR00731,2026-08-01 10:16:00,DEV453,COGNI-7455,Bug,Code Review,Critical,status_changed
JR03503,2026-08-01 10:18:00,DEV404,COGNI-4567,Bug,To Do,Medium,issue_created
JR04550,2026-08-01 10:19:00,DEV257,DEVOPS-7705,Task,Testing,Critical,issue_updated
JR01286,2026-08-01 10:20:00,DEV003,DATA-9214,Task,To Do,Critical,comment_added
JR04647,2026-08-01 10:21:00,DEV261,DATA-9442,Improvement,Testing,High,status_changed
JR00602,2026-08-01 10:22:00,DEV487,COGNI-8897,Story,Code Review,Critical,status_changed
JR02444,2026-08-01 10:26:00,DEV046,DEVOPS-1896,Task,Code Review,Medium,issue_updated
JR00553,2026-08-01 10:28:00,DEV403,DEVOPS-9638,Bug,In Progress,Critical,issue_created
JR04702,2026-08-01 10:31:00,DEV252,COGNI-6714,Bug,In Progress,Critical,issue_updated
JR01221,2026-08-01 10:33:00,DEV413,DEVOPS-4222,Task,In Progress,High,issue_updated
JR01653,2026-08-01 10:33:00,DEV118,DEVOPS-1111,Improvement,To Do,Medium,comment_added
JR02681,2026-08-01 10:35:00,DEV010,DEVOPS-2853,Improvement,To Do,Critical,status_changed
JR01888,2026-08-01 10:38:00,DEV027,DATA-766,Improvement,In Progress,Low,issue_updated
JR01110,2026-08-01 10:41:00,DEV158,DEVOPS-7464,Story,In Progress,Low,issue_assigned
JR04482,2026-08-01 10:51:00,DEV095,COGNI-4262,Task,Done,High,status_changed
JR02034,2026-08-01 10:53:00,DEV149,DATA-5317,Bug,Code Review,High,issue_created
JR01988,2026-08-01 10:56:00,DEV309,DATA-5969,Improvement,Done,High,status_changed
JR04699,2026-08-01 10:58:00,DEV059,DATA-7579,Improvement,To Do,High,issue_assigned
JR03604,2026-08-01 11:14:00,DEV496,DATA-6328,Improvement,In Progress,Low,issue_created
JR03455,2026-08-01 11:31:00,DEV484,DEVOPS-8082,Story,Testing,Critical,comment_added
JR01952,2026-08-01 11:35:00,DEV005,COGNI-2148,Task,Done,High,status_changed
JR02212,2026-08-01 11:35:00,DEV104,DEVOPS-1798,Bug,In Progress,Medium,issue_assigned
JR01808,2026-08-01 11:50:00,DEV435,DEVOPS-7163,Task,Testing,Critical,comment_added
JR00904,2026-08-01 11:52:00,DEV255,DEVOPS-8181,Task,Done,Critical,issue_updated
JR02647,2026-08-01 11:56:00,DEV420,DATA-2668,Improvement,Done,Medium,issue_updated
JR02289,2026-08-01 11:59:00,DEV150,DATA-7998,Story,Done,High,comment_added
JR03321,2026-08-01 12:34:00,DEV288,COGNI-5979,Improvement,Done,Medium,issue_assigned
JR04903,2026-08-01 12:37:00,DEV232,COGNI-762,Task,Testing,High,issue_updated
JR00504,2026-08-01 12:44:00,DEV164,DEVOPS-2080,Task,Code Review,High,comment_added
JR01508,2026-08-01 12:49:00,DEV284,COGNI-7104,Story,Code Review,Medium,comment_added
JR04718,2026-08-01 12:52:00,DEV126,DATA-648,Bug,Code Review,Critical,issue_assigned
JR02526,2026-08-01 12:53:00,DEV254,COGNI-7037,Task,To Do,Critical,issue_assigned
JR03785,2026-08-01 12:59:00,DEV492,COGNI-9583,Improvement,Done,Low,issue_created
JR03993,2026-08-01 13:03:00,DEV460,DEVOPS-9131,Improvement,Done,High,comment_added
JR04782,2026-08-01 13:09:00,DEV174,COGNI-6863,Task,Done,High,issue_updated
JR00625,2026-08-01 13:21:00,DEV188,DATA-6628,Story,Done,Critical,comment_added
JR03862,2026-08-01 13:21:00,DEV168,DEVOPS-125,Story,Code Review,Medium,comment_added
JR03893,2026-08-01 13:22:00,DEV498,DEVOPS-1437,Bug,In Progress,High,status_changed
JR04028,2026-08-01 13:27:00,DEV057,DEVOPS-5050,Improvement,Done,Low,issue_assigned
JR00233,2026-08-01 13:42:00,DEV195,DEVOPS-2127,Improvement,In Progress,High,issue_created
JR01761,2026-08-01 13:43:00,DEV226,DATA-5467,Improvement,Done,Critical,comment_added
JR04732,2026-08-01 13:44:00,DEV455,COGNI-3285,Task,Testing,Critical,comment_added
JR03647,2026-08-01 13:45:00,DEV365,DEVOPS-7363,Task,Testing,Medium,issue_assigned
JR02930,2026-08-01 13:49:00,DEV249,DEVOPS-6038,Improvement,Done,High,issue_updated
JR00950,2026-08-01 13:50:00,DEV325,DATA-2134,Bug,Code Review,High,status_changed
JR02723,2026-08-01 13:55:00,DEV302,DEVOPS-7209,Bug,To Do,Medium,status_changed
JR00147,2026-08-01 13:57:00,DEV427,DEVOPS-5543,Task,Done,Medium,comment_added
JR01854,2026-08-01 13:57:00,DEV492,COGNI-9374,Improvement,Done,Critical,comment_added
JR04847,2026-08-01 14:03:00,DEV242,COGNI-9482,Bug,Code Review,Low,comment_added
JR02248,2026-08-01 14:10:00,DEV093,DEVOPS-4638,Improvement,Done,Medium,comment_added
JR00860,2026-08-01 14:14:00,DEV287,COGNI-8618,Story,Done,Medium,issue_created
JR01137,2026-08-01 14:17:00,DEV286,COGNI-4927,Story,Testing,High,comment_added
JR02553,2026-08-01 14:20:00,DEV306,DEVOPS-4340,Improvement,In Progress,High,issue_created
JR03813,2026-08-01 14:23:00,DEV463,DEVOPS-1881,Story,Testing,Low,comment_added
JR04371,2026-08-01 14:31:00,DEV358,DEVOPS-6098,Improvement,To Do,Critical,issue_created
JR01239,2026-08-01 14:36:00,DEV363,DEVOPS-8249,Story,Code Review,High,issue_updated
JR01675,2026-08-01 14:37:00,DEV298,DEVOPS-3604,Improvement,To Do,Critical,comment_added
JR02332,2026-08-01 14:39:00,DEV151,DEVOPS-9818,Task,Testing,High,issue_updated
JR02640,2026-08-01 14:46:00,DEV476,DEVOPS-7374,Improvement,Done,Critical,issue_created
JR01776,2026-08-01 14:50:00,DEV125,DEVOPS-8739,Bug,Done,High,issue_created
JR04692,2026-08-01 14:51:00,DEV196,DEVOPS-1972,Task,Done,Low,issue_created
JR00249,2026-08-01 14:54:00,DEV487,COGNI-7717,Improvement,Testing,Medium,issue_updated
JR04792,2026-08-01 15:00:00,DEV261,DEVOPS-3835,Improvement,To Do,High,issue_created
JR00101,2026-08-01 15:04:00,DEV066,DATA-364,Improvement,Done,High,issue_updated
JR02500,2026-08-01 15:11:00,DEV166,COGNI-4486,Task,Testing,Critical,issue_assigned
JR04459,2026-08-01 15:11:00,DEV353,DEVOPS-6091,Task,Done,Medium,issue_assigned
JR01812,2026-08-01 15:19:00,DEV235,DEVOPS-489,Improvement,In Progress,Critical,comment_added
JR03760,2026-08-01 15:20:00,DEV474,COGNI-9199,Task,Done,Low,issue_created
JR02488,2026-08-01 15:24:00,DEV459,COGNI-919,Story,In Progress,High,issue_updated
JR00704,2026-08-01 15:30:00,DEV303,DATA-3167,Task,To Do,Critical,issue_assigned
JR03046,2026-08-01 15:31:00,DEV066,COGNI-4967,Bug,Code Review,Critical,issue_created
JR04816,2026-08-01 15:46:00,DEV395,DEVOPS-1829,Improvement,In Progress,Low,issue_updated
JR01363,2026-08-01 15:48:00,DEV278,DATA-9331,Bug,Testing,Low,issue_updated
JR03328,2026-08-01 15:49:00,DEV246,DEVOPS-9234,Task,Testing,Critical,issue_created
JR00718,2026-08-01 15:52:00,DEV109,DEVOPS-682,Bug,In Progress,Critical,comment_added
JR03704,2026-08-01 15:54:00,DEV062,DATA-7236,Task,In Progress,Low,comment_added
JR03444,2026-08-01 15:58:00,DEV254,COGNI-3611,Improvement,To Do,Critical,issue_created
JR03687,2026-08-01 15:58:00,DEV498,COGNI-6330,Bug,Code Review,Critical,issue_updated
JR04609,2026-08-01 15:58:00,DEV111,COGNI-5614,Task,In Progress,High,status_changed
JR04405,2026-08-01 15:59:00,DEV448,DEVOPS-6435,Improvement,To Do,Medium,comment_added
JR00185,2026-08-01 16:00:00,DEV207,DEVOPS-3917,Improvement,In Progress,Critical,comment_added
JR04221,2026-08-01 16:01:00,DEV379,COGNI-9203,Task,Code Review,High,issue_updated
JR00393,2026-08-01 16:06:00,DEV188,DATA-2332,Task,In Progress,Low,status_changed
JR00799,2026-08-01 16:06:00,DEV095,COGNI-3969,Improvement,In Progress,High,issue_assigned
JR02476,2026-08-01 16:08:00,DEV008,DATA-7128,Improvement,Testing,Low,issue_created
JR03329,2026-08-01 16:11:00,DEV328,DEVOPS-9157,Story,Code Review,High,issue_created
JR04327,2026-08-01 16:14:00,DEV364,DEVOPS-266,Task,Done,Low,comment_added
JR04920,2026-08-01 16:17:00,DEV099,DEVOPS-5926,Improvement,Testing,Low,status_changed
JR00071,2026-08-01 16:20:00,DEV325,DATA-876,Improvement,Code Review,Low,issue_created
JR02148,2026-08-01 16:28:00,DEV498,COGNI-2768,Bug,Done,High,status_changed
JR02336,2026-08-01 16:28:00,DEV499,DEVOPS-7568,Improvement,To Do,High,issue_updated
JR00095,2026-08-01 16:35:00,DEV269,DATA-984,Bug,In Progress,Medium,issue_created
JR01873,2026-08-01 16:35:00,DEV118,DATA-2869,Story,Testing,Medium,issue_created
JR00872,2026-08-01 16:37:00,DEV156,DATA-2645,Bug,In Progress,Medium,comment_added
JR04724,2026-08-01 16:45:00,DEV254,COGNI-5930,Task,In Progress,Critical,issue_updated
JR04897,2026-08-01 16:46:00,DEV165,DEVOPS-4983,Bug,Code Review,High,issue_assigned
JR03631,2026-08-01 16:47:00,DEV048,DATA-6231,Story,Testing,High,status_changed
JR04218,2026-08-01 16:48:00,DEV068,DATA-1348,Story,Done,Medium,comment_added
JR04337,2026-08-01 16:53:00,DEV179,DEVOPS-9780,Improvement,Done,Critical,status_changed
JR03677,2026-08-01 16:56:00,DEV417,DATA-4629,Story,Code Review,Critical,status_changed
JR02236,2026-08-01 16:57:00,DEV137,COGNI-2959,Bug,To Do,Critical,issue_created
JR00743,2026-08-01 16:58:00,DEV139,COGNI-3803,Improvement,Testing,High,comment_added
JR04620,2026-08-01 17:02:00,DEV346,DATA-8146,Bug,Done,Medium,issue_updated
JR03708,2026-08-01 17:07:00,DEV252,DEVOPS-355,Story,To Do,Critical,issue_assigned
JR02609,2026-08-01 17:09:00,DEV147,DATA-743,Bug,Code Review,Critical,status_changed
JR04142,2026-08-01 17:19:00,DEV289,DATA-980,Story,Testing,Medium,issue_created
JR03956,2026-08-01 17:22:00,DEV489,DATA-6741,Task,Code Review,High,issue_created
JR03529,2026-08-01 17:38:00,DEV388,DATA-8800,Task,Testing,High,issue_updated
JR02591,2026-08-01 17:49:00,DEV362,DATA-8824,Bug,Testing,Medium,status_changed
JR01794,2026-08-01 18:01:00,DEV125,DEVOPS-5965,Story,In Progress,High,status_changed
JR02427,2026-08-01 18:02:00,DEV251,DEVOPS-2975,Bug,Code Review,Medium,issue_updated
JR03541,2026-08-01 18:03:00,DEV318,DATA-9845,Bug,Done,Medium,issue_assigned
JR04147,2026-08-01 18:10:00,DEV360,DEVOPS-5014,Improvement,Testing,Medium,issue_assigned
JR01388,2026-08-01 18:11:00,DEV283,COGNI-4915,Improvement,Done,High,issue_updated
JR04880,2026-08-01 18:14:00,DEV345,DEVOPS-8860,Story,Done,Low,issue_updated
JR04319,2026-08-01 18:18:00,DEV493,DEVOPS-4163,Task,Testing,Medium,issue_updated
JR02691,2026-08-01 18:19:00,DEV385,DEVOPS-706,Bug,To Do,Critical,comment_added
JR04723,2026-08-01 18:27:00,DEV324,DATA-2792,Story,Done,Low,issue_updated
JR02493,2026-08-01 18:29:00,DEV228,DEVOPS-865,Story,To Do,Critical,status_changed
JR03225,2026-08-01 18:31:00,DEV499,DEVOPS-1462,Task,Testing,Critical,issue_created
JR00881,2026-08-01 18:36:00,DEV334,DATA-191,Bug,To Do,Critical,issue_created
JR00659,2026-08-01 18:37:00,DEV453,COGNI-7695,Improvement,Done,Low,issue_updated
JR02260,2026-08-01 18:38:00,DEV194,DEVOPS-3746,Story,To Do,Low,status_changed
JR00973,2026-08-01 18:42:00,DEV108,COGNI-6229,Improvement,Testing,Critical,status_changed
JR01757,2026-08-01 18:51:00,DEV127,COGNI-4139,Bug,In Progress,High,issue_updated
JR00512,2026-08-01 18:52:00,DEV097,COGNI-8839,Improvement,Done,Medium,issue_assigned
JR01169,2026-08-01 18:53:00,DEV260,DATA-4729,Improvement,Done,Critical,issue_created
JR02358,2026-08-01 18:53:00,DEV118,COGNI-5980,Bug,In Progress,Medium,issue_assigned
JR00538,2026-08-01 18:54:00,DEV482,DEVOPS-7714,Bug,To Do,High,issue_assigned
JR03802,2026-08-01 19:11:00,DEV041,DATA-9754,Task,To Do,Low,issue_created
JR04235,2026-08-01 19:12:00,DEV066,DEVOPS-7793,Story,In Progress,Low,issue_created
JR02580,2026-08-01 19:13:00,DEV412,DEVOPS-3798,Task,Done,High,issue_updated
JR04057,2026-08-01 19:17:00,DEV396,DATA-5361,Story,Code Review,Critical,comment_added
JR00941,2026-08-01 19:18:00,DEV131,DEVOPS-4296,Task,Testing,Critical,issue_created
JR01920,2026-08-01 19:18:00,DEV387,DATA-3808,Task,Code Review,Critical,issue_updated
JR00190,2026-08-01 19:20:00,DEV338,COGNI-3984,Story,In Progress,Critical,issue_updated
JR03441,2026-08-01 19:23:00,DEV262,COGNI-4426,Bug,To Do,High,comment_added
JR02380,2026-08-01 19:27:00,DEV059,COGNI-1684,Bug,Testing,Low,status_changed
JR01056,2026-08-01 19:32:00,DEV381,DATA-5679,Story,To Do,Low,issue_created
JR02274,2026-08-01 19:32:00,DEV284,DATA-1984,Improvement,To Do,Critical,issue_updated
JR02409,2026-08-01 19:33:00,DEV081,DEVOPS-5677,Task,Testing,Medium,issue_updated
JR01578,2026-08-01 19:35:00,DEV351,COGNI-9436,Bug,Code Review,Low,comment_added
JR04662,2026-08-01 19:38:00,DEV326,DEVOPS-6176,Story,In Progress,High,comment_added
JR04365,2026-08-01 19:41:00,DEV244,COGNI-6838,Story,Done,Critical,status_changed
JR03480,2026-08-01 19:47:00,DEV092,DEVOPS-3130,Task,Testing,Low,issue_created
JR04500,2026-08-01 19:48:00,DEV469,DEVOPS-8371,Bug,In Progress,Critical,issue_assigned
JR03087,2026-08-01 19:50:00,DEV112,DEVOPS-9268,Improvement,To Do,Low,issue_created
JR02243,2026-08-01 19:59:00,DEV207,DEVOPS-8806,Task,To Do,High,issue_created
JR03579,2026-08-01 20:00:00,DEV366,DATA-5378,Story,To Do,Low,comment_added
JR02652,2026-08-01 20:03:00,DEV394,DEVOPS-1734,Bug,Done,Critical,comment_added
JR02857,2026-08-01 20:03:00,DEV218,DEVOPS-8238,Improvement,Done,Low,issue_assigned
JR00737,2026-08-01 20:04:00,DEV406,DATA-6685,Bug,In Progress,Medium,comment_added
JR00281,2026-08-01 20:05:00,DEV270,COGNI-6828,Bug,To Do,Low,issue_assigned
JR01266,2026-08-01 20:07:00,DEV323,DEVOPS-2893,Task,Code Review,Medium,issue_assigned
JR04079,2026-08-01 20:08:00,DEV418,COGNI-5253,Bug,Testing,High,comment_added
JR02030,2026-08-01 20:14:00,DEV026,DATA-1914,Improvement,Testing,Medium,issue_created
JR03153,2026-08-01 20:22:00,DEV186,COGNI-4923,Story,Testing,Low,issue_assigned
JR01878,2026-08-01 20:24:00,DEV330,COGNI-8364,Improvement,Code Review,Low,issue_created
JR04273,2026-08-01 20:26:00,DEV473,COGNI-749,Improvement,Done,Low,status_changed
JR02534,2026-08-01 20:29:00,DEV054,DATA-8940,Task,Testing,High,issue_updated
JR03695,2026-08-01 20:31:00,DEV322,DEVOPS-7508,Improvement,Code Review,Medium,status_changed
JR01198,2026-08-01 20:32:00,DEV022,COGNI-1496,Bug,To Do,High,status_changed
JR01929,2026-08-01 20:33:00,DEV429,DATA-4983,Bug,Testing,High,issue_updated
JR01244,2026-08-01 20:34:00,DEV317,DATA-9198,Story,Testing,High,status_changed
JR01466,2026-08-01 20:34:00,DEV217,COGNI-2189,Task,In Progress,High,issue_assigned
JR02158,2026-08-01 20:34:00,DEV356,DATA-9783,Task,Testing,Critical,status_changed
JR00172,2026-08-01 20:36:00,DEV231,DATA-1053,Task,To Do,Low,comment_added
JR00312,2026-08-01 20:41:00,DEV443,DATA-5219,Task,Testing,High,comment_added
JR04797,2026-08-01 20:41:00,DEV057,DEVOPS-5013,Improvement,Done,Medium,comment_added
JR03265,2026-08-01 20:44:00,DEV494,DATA-6121,Story,Done,Low,issue_assigned
JR04189,2026-08-01 20:45:00,DEV443,DATA-9577,Task,To Do,High,status_changed
JR00810,2026-08-01 20:50:00,DEV033,COGNI-2826,Task,To Do,Critical,issue_created
JR04812,2026-08-01 21:01:00,DEV086,DATA-1144,Bug,In Progress,Low,issue_updated
JR04740,2026-08-01 21:03:00,DEV402,DEVOPS-2611,Improvement,In Progress,High,comment_added
JR01458,2026-08-01 21:10:00,DEV321,DATA-4281,Improvement,Code Review,Critical,issue_updated
JR00841,2026-08-01 21:13:00,DEV085,DEVOPS-4681,Story,In Progress,Medium,status_changed
JR01827,2026-08-01 21:13:00,DEV319,DATA-9888,Bug,Code Review,High,status_changed
JR01144,2026-08-01 21:14:00,DEV426,DATA-6967,Improvement,Code Review,Low,status_changed
JR03586,2026-08-01 21:14:00,DEV298,COGNI-5994,Story,To Do,High,status_changed
JR00014,2026-08-01 21:23:00,DEV306,DATA-7957,Task,In Progress,Medium,issue_created
JR02543,2026-08-01 21:26:00,DEV425,DEVOPS-9895,Story,Testing,High,issue_assigned
JR01879,2026-08-01 21:32:00,DEV258,DATA-2314,Bug,Done,Medium,issue_created
JR03354,2026-08-01 21:35:00,DEV390,DEVOPS-7253,Story,To Do,Low,issue_updated
JR02162,2026-08-01 21:39:00,DEV009,COGNI-5811,Task,In Progress,Medium,issue_updated
JR03585,2026-08-01 21:39:00,DEV309,DEVOPS-2290,Bug,Done,Critical,issue_created
JR01987,2026-08-01 21:48:00,DEV092,DEVOPS-947,Story,In Progress,High,status_changed
JR03783,2026-08-01 21:48:00,DEV153,DATA-9579,Story,To Do,Critical,comment_added
JR00552,2026-08-01 21:57:00,DEV432,DEVOPS-6035,Task,Code Review,Low,issue_updated
JR04183,2026-08-01 21:57:00,DEV174,COGNI-9523,Task,To Do,High,status_changed
JR04922,2026-08-01 21:57:00,DEV440,DATA-755,Task,To Do,Medium,comment_added
JR04268,2026-08-01 22:19:00,DEV359,COGNI-625,Story,Testing,Critical,issue_updated
JR03082,2026-08-01 22:22:00,DEV175,COGNI-5744,Task,In Progress,High,issue_created
JR02301,2026-08-01 22:24:00,DEV272,DEVOPS-1422,Story,Code Review,Medium,issue_updated
JR01816,2026-08-01 22:26:00,DEV060,COGNI-3256,Task,In Progress,Low,comment_added
JR04521,2026-08-01 22:27:00,DEV358,DEVOPS-6744,Bug,In Progress,Low,issue_created
JR03358,2026-08-01 22:35:00,DEV130,COGNI-1354,Story,To Do,Critical,status_changed
JR01352,2026-08-01 22:37:00,DEV393,COGNI-4541,Task,Code Review,High,issue_created
JR01062,2026-08-01 22:38:00,DEV374,DEVOPS-5324,Story,Testing,High,status_changed
JR00913,2026-08-01 22:42:00,DEV250,COGNI-9113,Improvement,Done,Medium,issue_created
JR04895,2026-08-01 22:45:00,DEV034,COGNI-9403,Story,Testing,Critical,issue_updated
JR04220,2026-08-01 22:46:00,DEV242,DATA-3237,Task,Code Review,Medium,issue_created
JR01940,2026-08-01 22:50:00,DEV487,DATA-8806,Task,Code Review,High,comment_added
JR00313,2026-08-01 22:51:00,DEV448,DEVOPS-4406,Improvement,Testing,Medium,comment_added
JR02907,2026-08-01 22:53:00,DEV189,DATA-9409,Bug,Testing,High,issue_created
JR00102,2026-08-01 22:55:00,DEV482,DATA-9415,Story,Code Review,Medium,issue_created
JR00225,2026-08-01 23:01:00,DEV459,COGNI-5996,Bug,Done,High,status_changed
JR01557,2026-08-01 23:05:00,DEV368,DATA-6989,Task,Done,Low,status_changed
JR03094,2026-08-01 23:16:00,DEV020,DEVOPS-5046,Task,To Do,High,comment_added
JR03851,2026-08-01 23:18:00,DEV151,DATA-6066,Bug,In Progress,Low,issue_created
JR01376,2026-08-01 23:20:00,DEV416,DEVOPS-3246,Story,Code Review,High,issue_assigned
JR02785,2026-08-01 23:22:00,DEV247,COGNI-8789,Story,In Progress,High,issue_created
JR01112,2026-08-01 23:23:00,DEV388,COGNI-3594,Improvement,Testing,Low,comment_added
JR04122,2026-08-01 23:31:00,DEV250,DEVOPS-1080,Task,Testing,Low,issue_updated
JR04896,2026-08-01 23:31:00,DEV091,DEVOPS-5030,Improvement,Code Review,High,status_changed
JR04715,2026-08-01 23:34:00,DEV490,DEVOPS-2357,Task,Code Review,High,issue_updated
JR03345,2026-08-01 23:35:00,DEV211,DEVOPS-4925,Improvement,Done,High,issue_assigned
JR03696,2026-08-01 23:39:00,DEV069,DEVOPS-8380,Bug,Code Review,Critical,status_changed
JR04239,2026-08-01 23:39:00,DEV408,COGNI-1081,Improvement,In Progress,Medium,issue_created
JR03257,2026-08-01 23:47:00,DEV095,DATA-9170,Improvement,Testing,Low,issue_created
JR01325,2026-08-01 23:48:00,DEV021,DATA-4046,Story,To Do,High,status_changed
JR03432,2026-08-01 23:48:00,DEV397,DEVOPS-4494,Bug,In Progress,Medium,issue_updated
JR04794,2026-08-01 23:50:00,DEV230,COGNI-9696,Story,In Progress,Medium,status_changed
JR00202,2026-08-02 00:00:00,DEV328,COGNI-8618,Improvement,Code Review,Low,comment_added
JR02572,2026-08-02 00:08:00,DEV098,DATA-9449,Story,To Do,Critical,comment_added
JR04605,2026-08-02 00:08:00,DEV185,DEVOPS-9435,Story,Code Review,Medium,issue_created
JR00599,2026-08-02 00:10:00,DEV261,DATA-2306,Task,To Do,Medium,issue_updated
JR03879,2026-08-02 00:11:00,DEV226,DATA-4110,Task,Testing,Low,issue_updated
JR04491,2026-08-02 00:14:00,DEV093,DEVOPS-3939,Bug,In Progress,Critical,issue_assigned
JR00883,2026-08-02 00:15:00,DEV137,DATA-6747,Improvement,Code Review,Critical,issue_created
JR01357,2026-08-02 00:16:00,DEV162,DATA-8097,Bug,Done,Critical,issue_updated
JR03547,2026-08-02 00:21:00,DEV285,DATA-5304,Bug,Testing,High,issue_assigned
JR03173,2026-08-02 00:23:00,DEV406,DATA-6742,Improvement,Testing,Low,status_changed
JR03007,2026-08-02 00:25:00,DEV159,DEVOPS-9890,Story,To Do,Critical,issue_updated
JR01207,2026-08-02 00:26:00,DEV008,DATA-9511,Story,Code Review,High,issue_created
JR00216,2026-08-02 00:30:00,DEV360,COGNI-5263,Improvement,Code Review,High,issue_assigned
JR04695,2026-08-02 00:30:00,DEV337,COGNI-3908,Improvement,Code Review,Medium,comment_added
JR01278,2026-08-02 00:31:00,DEV101,COGNI-6061,Improvement,Code Review,Medium,issue_updated
JR02677,2026-08-02 00:33:00,DEV131,COGNI-722,Bug,To Do,High,issue_created
JR01069,2026-08-02 00:38:00,DEV056,DEVOPS-7731,Story,To Do,Medium,comment_added
JR00238,2026-08-02 00:39:00,DEV312,DATA-3316,Bug,In Progress,Medium,issue_created
JR04837,2026-08-02 00:45:00,DEV080,DEVOPS-296,Improvement,In Progress,Low,issue_created
JR00581,2026-08-02 00:46:00,DEV189,COGNI-7803,Task,Done,Low,issue_updated
JR02238,2026-08-02 00:53:00,DEV081,DEVOPS-8479,Improvement,Code Review,Medium,issue_assigned
JR03053,2026-08-02 00:53:00,DEV356,DATA-7187,Bug,Done,Medium,status_changed
JR03154,2026-08-02 00:54:00,DEV289,DEVOPS-4806,Bug,To Do,Medium,issue_assigned
JR03808,2026-08-02 01:04:00,DEV002,COGNI-4900,Task,To Do,Low,status_changed
JR00251,2026-08-02 01:05:00,DEV291,DEVOPS-8161,Bug,Done,Low,issue_updated
JR00180,2026-08-02 01:14:00,DEV009,DATA-5178,Task,Done,High,comment_added
JR01010,2026-08-02 01:20:00,DEV295,COGNI-8614,Story,Testing,Low,issue_assigned
JR02124,2026-08-02 01:24:00,DEV115,COGNI-2542,Task,Code Review,Medium,comment_added
JR04269,2026-08-02 01:24:00,DEV329,DEVOPS-8114,Bug,Testing,Medium,status_changed
JR03394,2026-08-02 01:39:00,DEV415,DEVOPS-2300,Bug,Testing,Low,issue_updated
JR03729,2026-08-02 01:41:00,DEV376,COGNI-9257,Improvement,Done,Critical,status_changed
JR02602,2026-08-02 01:48:00,DEV488,COGNI-4875,Bug,To Do,Medium,comment_added
JR03011,2026-08-02 01:56:00,DEV359,COGNI-2972,Task,Code Review,Medium,issue_created
JR04423,2026-08-02 02:00:00,DEV451,DEVOPS-212,Story,In Progress,Medium,comment_added
JR00505,2026-08-02 02:06:00,DEV367,DEVOPS-1060,Task,To Do,Critical,issue_assigned
JR02693,2026-08-02 02:06:00,DEV479,COGNI-5723,Story,In Progress,Critical,issue_assigned
JR04673,2026-08-02 02:08:00,DEV195,COGNI-3513,Improvement,Done,Critical,issue_created
JR04565,2026-08-02 02:10:00,DEV094,DATA-4820,Task,Done,Low,issue_updated
JR02659,2026-08-02 02:12:00,DEV498,COGNI-4911,Improvement,Code Review,Critical,comment_added
JR01070,2026-08-02 02:17:00,DEV038,COGNI-2158,Improvement,Testing,Critical,issue_created
JR00696,2026-08-02 02:24:00,DEV398,COGNI-746,Story,To Do,Medium,status_changed
JR01722,2026-08-02 02:24:00,DEV003,DATA-9228,Story,In Progress,Low,issue_assigned
JR03624,2026-08-02 02:35:00,DEV483,DATA-4333,Bug,Done,High,status_changed
JR02938,2026-08-02 02:37:00,DEV415,COGNI-9593,Story,In Progress,High,issue_created
JR04382,2026-08-02 02:44:00,DEV296,DEVOPS-7086,Bug,Done,Low,status_changed
JR01539,2026-08-02 02:47:00,DEV171,DEVOPS-4315,Improvement,Done,Low,issue_updated
JR04761,2026-08-02 02:49:00,DEV116,DEVOPS-7162,Task,Testing,Critical,status_changed
JR03805,2026-08-02 02:56:00,DEV006,COGNI-9735,Story,Testing,High,issue_assigned
JR03317,2026-08-02 02:57:00,DEV350,DATA-7533,Bug,Code Review,Critical,issue_assigned
JR02896,2026-08-02 03:00:00,DEV238,DATA-678,Task,Testing,Critical,comment_added
JR04311,2026-08-02 03:00:00,DEV062,DEVOPS-1438,Bug,Done,Medium,comment_added
JR03251,2026-08-02 03:03:00,DEV111,DATA-6347,Story,In Progress,Critical,issue_created
JR02717,2026-08-02 03:08:00,DEV119,COGNI-4953,Story,Testing,Medium,status_changed
JR02710,2026-08-02 03:10:00,DEV103,COGNI-5444,Story,Done,Medium,issue_updated
JR00795,2026-08-02 03:17:00,DEV176,DATA-571,Task,To Do,High,issue_updated
JR02959,2026-08-02 03:18:00,DEV028,DATA-3543,Bug,Code Review,Critical,issue_assigned
JR02562,2026-08-02 03:26:00,DEV300,DEVOPS-1196,Task,Done,Critical,issue_updated
JR04559,2026-08-02 03:27:00,DEV447,COGNI-9233,Improvement,Code Review,Medium,issue_updated
JR01969,2026-08-02 03:33:00,DEV076,COGNI-7255,Bug,In Progress,High,status_changed
JR02512,2026-08-02 03:40:00,DEV222,DATA-4048,Story,Code Review,Medium,issue_created
JR01697,2026-08-02 03:48:00,DEV418,DEVOPS-6710,Bug,Code Review,Medium,status_changed
JR00556,2026-08-02 03:56:00,DEV478,COGNI-8533,Bug,Testing,Medium,issue_assigned
JR03035,2026-08-02 04:01:00,DEV378,DEVOPS-5726,Task,To Do,High,comment_added
JR00485,2026-08-02 04:02:00,DEV143,DATA-2940,Task,Code Review,Low,status_changed
JR03279,2026-08-02 04:02:00,DEV013,DEVOPS-847,Bug,To Do,High,status_changed
JR04146,2026-08-02 04:02:00,DEV156,DATA-5329,Bug,Code Review,Critical,issue_updated
JR03988,2026-08-02 04:05:00,DEV228,DEVOPS-6557,Task,Code Review,High,issue_assigned
JR01758,2026-08-02 04:07:00,DEV251,DEVOPS-2848,Bug,In Progress,Critical,comment_added
JR00122,2026-08-02 04:09:00,DEV407,DATA-5094,Story,Done,Critical,issue_assigned
JR02276,2026-08-02 04:15:00,DEV143,COGNI-7419,Improvement,Testing,High,status_changed
JR00703,2026-08-02 04:19:00,DEV041,DATA-6043,Task,Done,Low,status_changed
JR01517,2026-08-02 04:21:00,DEV364,DEVOPS-1778,Task,Code Review,Low,issue_assigned
JR03116,2026-08-02 04:33:00,DEV085,COGNI-5001,Improvement,Code Review,Low,issue_updated
JR00808,2026-08-02 04:38:00,DEV489,COGNI-6560,Story,In Progress,Low,issue_created
JR00763,2026-08-02 04:39:00,DEV342,DATA-1447,Story,In Progress,High,comment_added
JR01423,2026-08-02 04:39:00,DEV042,DATA-8611,Bug,To Do,Critical,issue_assigned
JR01902,2026-08-02 04:43:00,DEV275,COGNI-8390,Task,Code Review,Critical,status_changed
JR00284,2026-08-02 04:49:00,DEV215,DATA-529,Task,In Progress,Critical,comment_added
JR00178,2026-08-02 04:58:00,DEV402,DEVOPS-4842,Story,In Progress,Medium,issue_created
JR03275,2026-08-02 05:11:00,DEV308,COGNI-3667,Improvement,To Do,High,issue_created
JR03866,2026-08-02 05:13:00,DEV485,DATA-3221,Story,Done,High,comment_added
JR00123,2026-08-02 05:16:00,DEV430,DATA-8051,Improvement,To Do,Critical,status_changed
JR02941,2026-08-02 05:17:00,DEV377,DATA-4059,Bug,Testing,Critical,comment_added
JR01829,2026-08-02 05:18:00,DEV323,DEVOPS-2199,Task,In Progress,High,issue_updated
JR01190,2026-08-02 05:19:00,DEV083,DATA-7313,Bug,In Progress,High,issue_assigned
JR03052,2026-08-02 05:20:00,DEV442,DEVOPS-9053,Task,Testing,High,issue_created
JR02052,2026-08-02 05:22:00,DEV067,DATA-5860,Task,Done,Critical,issue_assigned
JR02750,2026-08-02 05:27:00,DEV365,DEVOPS-6743,Story,Done,Medium,issue_assigned
JR02519,2026-08-02 05:28:00,DEV441,DATA-2699,Bug,In Progress,Medium,issue_assigned
JR03313,2026-08-02 05:30:00,DEV396,COGNI-7948,Task,Code Review,High,comment_added
JR02097,2026-08-02 05:31:00,DEV225,DATA-3143,Improvement,Testing,Low,issue_assigned
JR03134,2026-08-02 05:31:00,DEV136,DEVOPS-4972,Improvement,To Do,Critical,issue_created
JR02246,2026-08-02 05:35:00,DEV354,COGNI-777,Task,Done,High,issue_assigned
JR00531,2026-08-02 05:36:00,DEV333,COGNI-3024,Improvement,Code Review,High,status_changed
JR00612,2026-08-02 05:40:00,DEV215,DATA-4064,Task,Testing,Critical,comment_added
JR04238,2026-08-02 05:40:00,DEV419,DATA-7928,Story,In Progress,Low,issue_updated
JR04260,2026-08-02 05:41:00,DEV292,DATA-1130,Bug,Code Review,Critical,issue_assigned
JR00034,2026-08-02 05:50:00,DEV053,COGNI-9825,Improvement,Done,Critical,issue_assigned
JR03141,2026-08-02 06:01:00,DEV206,DATA-7950,Task,Code Review,Critical,comment_added
JR04684,2026-08-02 06:05:00,DEV222,COGNI-3602,Bug,Code Review,Low,comment_added
JR04118,2026-08-02 06:13:00,DEV333,DATA-1965,Story,In Progress,Medium,issue_assigned
JR01383,2026-08-02 06:20:00,DEV380,DATA-9490,Bug,Code Review,Medium,status_changed
JR04874,2026-08-02 06:28:00,DEV281,DATA-4470,Task,In Progress,Critical,issue_created
JR02453,2026-08-02 06:29:00,DEV042,DATA-8770,Task,To Do,Critical,issue_updated
JR01255,2026-08-02 06:45:00,DEV223,COGNI-8683,Bug,Code Review,Critical,status_changed
JR01030,2026-08-02 06:58:00,DEV088,COGNI-9674,Bug,To Do,Medium,issue_assigned
JR03365,2026-08-02 06:58:00,DEV208,DEVOPS-3796,Bug,In Progress,Medium,issue_assigned
JR00653,2026-08-02 07:04:00,DEV042,DEVOPS-3657,Bug,To Do,High,status_changed
JR00424,2026-08-02 07:05:00,DEV407,DEVOPS-5847,Task,Done,Critical,status_changed
JR01851,2026-08-02 07:05:00,DEV177,DATA-7132,Story,To Do,Medium,comment_added
JR00418,2026-08-02 07:11:00,DEV067,COGNI-7722,Improvement,Done,Medium,issue_created
JR01784,2026-08-02 07:11:00,DEV161,DATA-4099,Story,Done,High,comment_added
JR00222,2026-08-02 07:15:00,DEV420,DEVOPS-7951,Bug,To Do,High,issue_updated
JR03947,2026-08-02 07:15:00,DEV068,DEVOPS-9359,Bug,Testing,High,issue_created
JR00235,2026-08-02 07:20:00,DEV357,DATA-9161,Task,In Progress,High,issue_assigned
JR02955,2026-08-02 07:21:00,DEV018,DEVOPS-3791,Task,In Progress,High,issue_assigned
JR02357,2026-08-02 07:27:00,DEV189,COGNI-3954,Story,In Progress,Critical,status_changed
JR04833,2026-08-02 07:35:00,DEV282,COGNI-9935,Task,Code Review,Low,issue_assigned
JR00590,2026-08-02 07:39:00,DEV017,COGNI-3027,Task,Testing,Critical,issue_created
JR03581,2026-08-02 07:45:00,DEV357,COGNI-5843,Bug,In Progress,Low,issue_updated
JR04381,2026-08-02 07:55:00,DEV018,DATA-7279,Bug,Testing,Low,issue_created
JR03670,2026-08-02 07:57:00,DEV038,COGNI-9570,Improvement,To Do,Low,comment_added
JR01429,2026-08-02 07:58:00,DEV144,DATA-4646,Task,Testing,Medium,comment_added
JR01473,2026-08-02 07:58:00,DEV488,DATA-1018,Story,In Progress,High,issue_created
JR02726,2026-08-02 07:59:00,DEV386,DEVOPS-4234,Story,In Progress,Low,issue_updated
JR03621,2026-08-02 07:59:00,DEV152,COGNI-3452,Improvement,Done,Low,comment_added
JR03115,2026-08-02 08:09:00,DEV295,DEVOPS-8905,Bug,Done,Low,status_changed
JR00587,2026-08-02 08:15:00,DEV165,DATA-3521,Bug,Code Review,High,issue_created
JR00074,2026-08-02 08:22:00,DEV310,DEVOPS-1702,Bug,Done,Critical,issue_updated
JR01584,2026-08-02 08:30:00,DEV325,DATA-1303,Story,Done,Medium,issue_created
JR03209,2026-08-02 08:37:00,DEV314,COGNI-1891,Story,Code Review,High,issue_updated
JR03448,2026-08-02 08:41:00,DEV175,DEVOPS-4982,Task,Code Review,Critical,comment_added
JR03229,2026-08-02 09:00:00,DEV293,DEVOPS-6377,Bug,Done,Critical,issue_created
JR00352,2026-08-02 09:01:00,DEV012,COGNI-4960,Task,Code Review,Medium,comment_added
JR00767,2026-08-02 09:06:00,DEV484,COGNI-1217,Task,Code Review,Critical,issue_created
JR03741,2026-08-02 09:13:00,DEV255,DEVOPS-1326,Bug,In Progress,Critical,comment_added
JR01374,2026-08-02 09:14:00,DEV004,COGNI-4514,Bug,Done,Low,issue_updated
JR04454,2026-08-02 09:18:00,DEV054,COGNI-8985,Task,To Do,High,comment_added
JR00753,2026-08-02 09:21:00,DEV372,DATA-4844,Improvement,Testing,Medium,issue_assigned
JR03721,2026-08-02 09:22:00,DEV011,DATA-8575,Story,Done,High,status_changed
JR03500,2026-08-02 09:25:00,DEV406,DEVOPS-4186,Story,To Do,Critical,issue_created
JR04733,2026-08-02 09:25:00,DEV425,DEVOPS-3937,Bug,Done,Medium,status_changed
JR04463,2026-08-02 09:27:00,DEV101,COGNI-4360,Task,To Do,High,status_changed
JR04711,2026-08-02 09:28:00,DEV192,DATA-7765,Bug,Testing,Medium,status_changed
JR01340,2026-08-02 09:29:00,DEV079,DEVOPS-7433,Task,Testing,Critical,issue_updated
JR02354,2026-08-02 09:31:00,DEV159,COGNI-8955,Story,Testing,Low,issue_assigned
JR03625,2026-08-02 09:31:00,DEV311,COGNI-5385,Story,Done,Medium,status_changed
JR01743,2026-08-02 09:32:00,DEV266,DATA-1599,Improvement,Testing,High,issue_updated
JR01996,2026-08-02 09:32:00,DEV340,DATA-3070,Improvement,Testing,Critical,issue_assigned
JR01573,2026-08-02 09:35:00,DEV021,COGNI-2948,Bug,To Do,Low,comment_added
JR04198,2026-08-02 09:39:00,DEV447,DEVOPS-6539,Story,Code Review,Low,issue_updated
JR03269,2026-08-02 09:42:00,DEV155,DATA-1307,Task,Code Review,Critical,issue_assigned
JR02521,2026-08-02 09:43:00,DEV041,DATA-5036,Task,Code Review,Low,comment_added
JR01090,2026-08-02 09:46:00,DEV345,COGNI-5615,Task,In Progress,Low,issue_updated
JR01800,2026-08-02 09:49:00,DEV311,COGNI-1271,Task,Done,High,issue_updated
JR04717,2026-08-02 09:51:00,DEV095,COGNI-8940,Story,Testing,Medium,issue_updated
JR04747,2026-08-02 09:58:00,DEV457,DATA-7447,Bug,Done,Critical,comment_added
JR01910,2026-08-02 10:00:00,DEV413,COGNI-9699,Story,To Do,Medium,issue_assigned
JR03911,2026-08-02 10:06:00,DEV378,COGNI-2231,Bug,In Progress,Low,issue_assigned
JR02827,2026-08-02 10:09:00,DEV154,COGNI-8145,Story,Code Review,Low,issue_updated
JR03246,2026-08-02 10:13:00,DEV400,COGNI-2660,Story,To Do,Critical,issue_created
JR02892,2026-08-02 10:23:00,DEV124,COGNI-8948,Story,To Do,Medium,status_changed
JR01524,2026-08-02 10:24:00,DEV160,DEVOPS-6432,Bug,Code Review,Critical,status_changed
JR01739,2026-08-02 10:27:00,DEV449,DEVOPS-8572,Improvement,Code Review,High,comment_added
JR02202,2026-08-02 10:27:00,DEV362,DATA-309,Task,Done,Medium,issue_assigned
JR04262,2026-08-02 10:28:00,DEV139,DEVOPS-8541,Improvement,Testing,Critical,comment_added
JR00616,2026-08-02 10:37:00,DEV127,COGNI-892,Bug,In Progress,High,issue_created
JR04978,2026-08-02 10:37:00,DEV369,DEVOPS-3198,Task,Code Review,Critical,status_changed
JR00399,2026-08-02 10:48:00,DEV183,DEVOPS-2058,Story,Code Review,Low,issue_assigned
JR02522,2026-08-02 10:54:00,DEV116,COGNI-7046,Improvement,Testing,High,issue_assigned
JR02643,2026-08-02 10:56:00,DEV425,COGNI-3173,Bug,In Progress,Low,status_changed
JR03835,2026-08-02 10:58:00,DEV200,DATA-2319,Bug,Code Review,Critical,issue_updated
JR04175,2026-08-02 10:58:00,DEV053,DEVOPS-1898,Improvement,To Do,Low,issue_created
JR04398,2026-08-02 10:58:00,DEV281,COGNI-3213,Bug,In Progress,Critical,issue_updated
JR00632,2026-08-02 10:59:00,DEV483,COGNI-6811,Task,Done,High,issue_updated
JR00310,2026-08-02 11:07:00,DEV404,COGNI-7261,Improvement,In Progress,Medium,issue_created
JR00157,2026-08-02 11:15:00,DEV280,DATA-4540,Task,Testing,High,issue_assigned
JR00940,2026-08-02 11:17:00,DEV436,COGNI-8894,Task,Done,Low,issue_assigned
JR02636,2026-08-02 11:17:00,DEV334,COGNI-783,Improvement,To Do,Medium,comment_added
JR00876,2026-08-02 11:21:00,DEV143,DATA-4639,Story,Code Review,High,issue_assigned
JR00564,2026-08-02 11:26:00,DEV164,DATA-2815,Bug,Code Review,High,comment_added
JR04842,2026-08-02 11:29:00,DEV393,COGNI-9936,Bug,Done,Low,comment_added
JR03452,2026-08-02 11:34:00,DEV203,COGNI-6858,Task,Testing,Low,issue_created
JR01534,2026-08-02 11:36:00,DEV303,DEVOPS-5763,Task,Testing,Low,comment_added
JR00028,2026-08-02 11:39:00,DEV315,DATA-9161,Story,Code Review,Critical,issue_updated
JR01333,2026-08-02 11:44:00,DEV376,DATA-963,Task,Testing,High,issue_updated
JR04236,2026-08-02 11:48:00,DEV433,DEVOPS-6114,Story,Done,Medium,status_changed
JR02890,2026-08-02 11:54:00,DEV308,DATA-8842,Improvement,Done,Medium,issue_assigned
JR00189,2026-08-02 12:00:00,DEV104,COGNI-2500,Bug,To Do,Low,issue_assigned
JR00877,2026-08-02 12:01:00,DEV174,DATA-2115,Improvement,To Do,Low,issue_assigned
JR03117,2026-08-02 12:22:00,DEV461,DATA-8670,Bug,Done,High,issue_created
JR00646,2026-08-02 12:31:00,DEV380,DEVOPS-500,Story,Testing,Low,status_changed
JR01091,2026-08-02 12:31:00,DEV089,DATA-1834,Task,Code Review,Critical,issue_assigned
JR00075,2026-08-02 12:44:00,DEV077,DEVOPS-3745,Bug,Code Review,Critical,issue_created
JR03548,2026-08-02 12:47:00,DEV276,DEVOPS-7148,Story,To Do,Medium,comment_added
JR04355,2026-08-02 12:52:00,DEV215,DEVOPS-3865,Bug,Code Review,Medium,status_changed
JR01016,2026-08-02 12:59:00,DEV337,COGNI-5229,Improvement,Done,Medium,comment_added
JR03494,2026-08-02 13:00:00,DEV049,COGNI-1862,Task,To Do,Medium,issue_created
JR04851,2026-08-02 13:17:00,DEV492,COGNI-3860,Bug,Code Review,Low,status_changed
JR04572,2026-08-02 13:19:00,DEV259,DEVOPS-2623,Task,Done,Low,status_changed
JR00764,2026-08-02 13:25:00,DEV413,COGNI-9447,Task,In Progress,Low,issue_assigned
JR04475,2026-08-02 13:25:00,DEV364,DATA-5645,Task,To Do,Medium,issue_created
JR02660,2026-08-02 13:26:00,DEV064,DATA-5649,Bug,To Do,Medium,comment_added
JR01261,2026-08-02 13:29:00,DEV126,COGNI-7277,Task,Code Review,Medium,comment_added
JR02851,2026-08-02 13:40:00,DEV114,DEVOPS-3681,Story,Code Review,Medium,issue_updated
JR00226,2026-08-02 13:47:00,DEV283,DATA-947,Improvement,Testing,High,issue_created
JR04281,2026-08-02 13:48:00,DEV218,DEVOPS-3698,Improvement,Code Review,Medium,issue_assigned
JR02527,2026-08-02 13:53:00,DEV244,DEVOPS-5462,Story,Code Review,Critical,issue_created
JR03478,2026-08-02 14:11:00,DEV138,COGNI-6293,Bug,Done,Low,issue_updated
JR04941,2026-08-02 14:12:00,DEV073,DATA-1908,Bug,Testing,Critical,issue_updated
JR03495,2026-08-02 14:16:00,DEV416,DATA-7655,Task,Done,Medium,status_changed
JR01170,2026-08-02 14:29:00,DEV015,DEVOPS-5480,Bug,To Do,High,comment_added
JR04530,2026-08-02 14:31:00,DEV219,COGNI-5720,Story,In Progress,Medium,comment_added
JR04062,2026-08-02 14:33:00,DEV301,DEVOPS-3020,Bug,Code Review,Critical,issue_assigned
JR03084,2026-08-02 14:34:00,DEV182,DATA-8486,Story,Code Review,Critical,status_changed
JR00318,2026-08-02 14:40:00,DEV468,DEVOPS-3603,Improvement,In Progress,Critical,comment_added
JR04979,2026-08-02 14:40:00,DEV434,DATA-1809,Improvement,Code Review,Medium,comment_added
JR04487,2026-08-02 14:43:00,DEV390,DEVOPS-1433,Story,In Progress,Low,comment_added
JR01642,2026-08-02 14:47:00,DEV233,COGNI-4580,Improvement,Code Review,High,issue_assigned
JR02288,2026-08-02 14:47:00,DEV102,DEVOPS-2166,Improvement,Code Review,High,issue_updated
JR02507,2026-08-02 14:54:00,DEV328,DEVOPS-1213,Story,Code Review,Medium,issue_created
JR02881,2026-08-02 15:03:00,DEV110,DEVOPS-7453,Bug,Done,Critical,issue_updated
JR03385,2026-08-02 15:07:00,DEV059,COGNI-5641,Story,Testing,Medium,issue_created
JR04734,2026-08-02 15:10:00,DEV174,DEVOPS-4693,Improvement,In Progress,High,issue_assigned
JR02411,2026-08-02 15:12:00,DEV001,DEVOPS-9627,Improvement,Done,Low,status_changed
JR04645,2026-08-02 15:14:00,DEV265,COGNI-3085,Bug,Done,Low,comment_added
JR04310,2026-08-02 15:19:00,DEV118,DEVOPS-8297,Task,In Progress,Low,comment_added
JR00161,2026-08-02 15:23:00,DEV204,DATA-387,Story,To Do,Medium,status_changed
JR02730,2026-08-02 15:29:00,DEV005,DATA-6654,Improvement,To Do,Critical,status_changed
JR00976,2026-08-02 15:32:00,DEV425,DEVOPS-5689,Story,Code Review,High,comment_added
JR04523,2026-08-02 15:37:00,DEV363,DEVOPS-8533,Bug,To Do,Low,issue_updated
JR00179,2026-08-02 15:39:00,DEV170,DEVOPS-2648,Improvement,Code Review,Critical,issue_created
JR00754,2026-08-02 15:52:00,DEV203,DATA-512,Improvement,Done,Critical,issue_assigned
JR01256,2026-08-02 15:59:00,DEV408,DATA-8619,Story,Code Review,Low,comment_added
JR01711,2026-08-02 16:04:00,DEV388,DEVOPS-3267,Story,To Do,High,issue_assigned
JR01240,2026-08-02 16:10:00,DEV123,DATA-9742,Task,To Do,High,issue_updated
JR01978,2026-08-02 16:15:00,DEV459,DEVOPS-7660,Improvement,In Progress,High,status_changed
JR01322,2026-08-02 16:17:00,DEV274,DATA-5994,Bug,Testing,High,status_changed
JR03559,2026-08-02 16:22:00,DEV061,DEVOPS-7081,Story,Done,Medium,issue_updated
JR04049,2026-08-02 16:31:00,DEV303,DATA-1238,Story,In Progress,Low,status_changed
JR00745,2026-08-02 16:40:00,DEV289,DATA-9408,Task,Testing,High,status_changed
JR02880,2026-08-02 16:42:00,DEV428,COGNI-2332,Bug,Code Review,Critical,status_changed
JR04508,2026-08-02 16:42:00,DEV442,DEVOPS-6301,Improvement,Testing,High,issue_assigned
JR03612,2026-08-02 16:44:00,DEV382,COGNI-2702,Story,To Do,Critical,status_changed
JR00524,2026-08-02 16:48:00,DEV214,DEVOPS-6886,Improvement,Code Review,Low,issue_updated
JR04686,2026-08-02 16:51:00,DEV277,DATA-7831,Story,Done,High,issue_updated
JR00651,2026-08-02 16:59:00,DEV174,DATA-3517,Story,Testing,High,status_changed
JR03342,2026-08-02 17:02:00,DEV369,DATA-8336,Story,To Do,Medium,comment_added
JR01307,2026-08-02 17:08:00,DEV353,DEVOPS-8938,Story,Done,Medium,comment_added
JR02658,2026-08-02 17:12:00,DEV004,DATA-2235,Bug,Done,Critical,issue_assigned
JR04116,2026-08-02 17:12:00,DEV277,DEVOPS-3693,Bug,In Progress,Medium,comment_added
JR04952,2026-08-02 17:19:00,DEV332,DATA-9973,Task,In Progress,Low,comment_added
JR04098,2026-08-02 17:26:00,DEV073,DEVOPS-6952,Bug,In Progress,High,issue_updated
JR03151,2026-08-02 17:34:00,DEV404,DEVOPS-1049,Improvement,Done,High,issue_updated
JR04558,2026-08-02 17:41:00,DEV409,DEVOPS-4075,Bug,Code Review,Low,comment_added
JR04570,2026-08-02 17:58:00,DEV261,DATA-1749,Task,Done,Medium,comment_added
JR03061,2026-08-02 18:04:00,DEV045,DEVOPS-8241,Improvement,Testing,High,status_changed
JR02266,2026-08-02 18:07:00,DEV173,DATA-8607,Improvement,Testing,High,comment_added
JR02321,2026-08-02 18:08:00,DEV464,DEVOPS-9119,Task,Code Review,Critical,status_changed
JR02661,2026-08-02 18:08:00,DEV014,DATA-6402,Story,Done,Medium,issue_created
JR03044,2026-08-02 18:09:00,DEV364,DEVOPS-7561,Story,Code Review,Low,issue_updated
JR02788,2026-08-02 18:11:00,DEV307,DATA-9999,Improvement,Code Review,Medium,comment_added
JR00907,2026-08-02 18:12:00,DEV418,DATA-4404,Bug,To Do,Low,issue_created
JR01077,2026-08-02 18:16:00,DEV106,COGNI-8181,Task,Testing,High,issue_assigned
JR03481,2026-08-02 18:18:00,DEV131,COGNI-6314,Task,Testing,Low,issue_assigned
JR01459,2026-08-02 18:21:00,DEV220,DEVOPS-3564,Improvement,Done,Low,issue_updated
JR03519,2026-08-02 18:25:00,DEV099,DEVOPS-3320,Task,Done,Medium,issue_created
JR03881,2026-08-02 18:25:00,DEV366,COGNI-1915,Improvement,To Do,Medium,comment_added
JR01835,2026-08-02 18:30:00,DEV469,DATA-6194,Task,Code Review,Medium,issue_updated
JR01676,2026-08-02 18:34:00,DEV100,DEVOPS-7498,Improvement,Code Review,Medium,comment_added
JR03262,2026-08-02 18:37:00,DEV298,DATA-565,Story,Testing,Low,issue_assigned
JR00020,2026-08-02 18:47:00,DEV026,COGNI-6167,Story,Code Review,Critical,issue_updated
JR01474,2026-08-02 18:48:00,DEV109,DATA-3676,Task,To Do,Critical,issue_assigned
JR00194,2026-08-02 18:56:00,DEV155,DATA-2022,Improvement,In Progress,High,issue_updated
JR02244,2026-08-02 18:56:00,DEV025,COGNI-2956,Bug,Testing,Critical,issue_updated
JR00104,2026-08-02 19:00:00,DEV442,DATA-7839,Bug,To Do,High,comment_added
JR00083,2026-08-02 19:03:00,DEV378,COGNI-428,Task,In Progress,Critical,issue_updated
JR02047,2026-08-02 19:03:00,DEV460,COGNI-3233,Bug,To Do,High,issue_assigned
JR04938,2026-08-02 19:08:00,DEV026,DATA-4711,Story,To Do,High,issue_created
JR01498,2026-08-02 19:10:00,DEV451,DEVOPS-7229,Bug,Testing,High,issue_created
JR01890,2026-08-02 19:10:00,DEV261,DEVOPS-7750,Task,In Progress,Medium,status_changed
JR03942,2026-08-02 19:11:00,DEV475,DATA-2274,Story,To Do,Low,status_changed
JR00430,2026-08-02 19:15:00,DEV199,COGNI-1525,Story,Testing,Medium,comment_added
JR04879,2026-08-02 19:20:00,DEV336,COGNI-7468,Task,Code Review,High,issue_updated
JR00328,2026-08-02 19:22:00,DEV325,DATA-743,Story,Done,High,issue_assigned
JR01560,2026-08-02 19:35:00,DEV009,DATA-2429,Bug,Done,High,issue_updated
JR02939,2026-08-02 19:35:00,DEV016,DATA-6613,Bug,Testing,Medium,issue_updated
JR01970,2026-08-02 19:38:00,DEV190,DATA-2784,Task,In Progress,High,issue_created
JR02835,2026-08-02 19:49:00,DEV328,DEVOPS-2296,Story,To Do,Critical,issue_created
JR03118,2026-08-02 19:56:00,DEV444,DATA-7250,Bug,In Progress,Low,issue_created
JR02261,2026-08-02 19:57:00,DEV005,DEVOPS-8230,Task,In Progress,Critical,comment_added
JR00129,2026-08-02 19:59:00,DEV437,COGNI-1215,Task,Done,Low,comment_added
JR00536,2026-08-02 20:00:00,DEV482,DEVOPS-9678,Story,Code Review,Critical,status_changed
JR03346,2026-08-02 20:04:00,DEV010,DATA-8124,Bug,To Do,Critical,issue_created
JR02957,2026-08-02 20:21:00,DEV384,COGNI-6637,Story,In Progress,Critical,comment_added
JR01507,2026-08-02 20:23:00,DEV063,COGNI-4731,Story,Code Review,Critical,issue_updated
JR01720,2026-08-02 20:23:00,DEV493,COGNI-2413,Task,In Progress,High,comment_added
JR01512,2026-08-02 20:24:00,DEV480,DATA-5496,Task,In Progress,Critical,comment_added
JR00285,2026-08-02 20:26:00,DEV116,COGNI-2554,Bug,Done,Low,issue_created
JR01545,2026-08-02 20:38:00,DEV435,DATA-9681,Story,Code Review,Critical,status_changed
JR00667,2026-08-02 20:42:00,DEV089,DEVOPS-8512,Bug,Testing,High,status_changed
JR01626,2026-08-02 20:48:00,DEV299,DATA-5543,Task,In Progress,High,issue_created
JR02139,2026-08-02 20:52:00,DEV004,COGNI-3251,Improvement,Code Review,High,issue_assigned
JR01124,2026-08-02 20:59:00,DEV214,COGNI-5006,Bug,To Do,High,issue_assigned
JR01810,2026-08-02 20:59:00,DEV009,DATA-6901,Bug,In Progress,Medium,issue_updated
JR04586,2026-08-02 21:00:00,DEV321,COGNI-2257,Story,In Progress,Medium,status_changed
JR01432,2026-08-02 21:01:00,DEV315,DATA-2974,Bug,Done,Medium,comment_added
JR02187,2026-08-02 21:04:00,DEV159,DEVOPS-8339,Improvement,In Progress,High,issue_created
JR04658,2026-08-02 21:05:00,DEV378,COGNI-2961,Story,Done,Low,issue_updated
JR03664,2026-08-02 21:12:00,DEV058,COGNI-1661,Story,Done,Low,issue_assigned
JR01579,2026-08-02 21:13:00,DEV494,DEVOPS-5407,Improvement,In Progress,Low,status_changed
JR03130,2026-08-02 21:14:00,DEV288,DEVOPS-3976,Improvement,In Progress,Medium,issue_created
JR00999,2026-08-02 21:18:00,DEV106,DEVOPS-4922,Bug,Done,Critical,comment_added
JR01274,2026-08-02 21:19:00,DEV275,DATA-8432,Story,Done,Low,issue_assigned
JR02161,2026-08-02 21:19:00,DEV366,DEVOPS-3531,Story,To Do,High,issue_updated
JR00003,2026-08-02 21:23:00,DEV070,DATA-2625,Bug,Testing,Low,issue_updated
JR00133,2026-08-02 21:26:00,DEV276,DATA-2160,Task,Code Review,Medium,status_changed
JR03569,2026-08-02 21:31:00,DEV206,DEVOPS-6127,Story,Done,High,issue_updated
JR01123,2026-08-02 21:34:00,DEV119,DEVOPS-4243,Story,In Progress,Medium,issue_created
JR03165,2026-08-02 21:36:00,DEV435,COGNI-2441,Bug,Done,Medium,issue_created
JR04646,2026-08-02 21:36:00,DEV315,DEVOPS-4520,Story,To Do,Medium,issue_updated
JR00065,2026-08-02 21:40:00,DEV080,COGNI-6480,Story,In Progress,Medium,comment_added
JR01692,2026-08-02 21:43:00,DEV232,DATA-6509,Improvement,Done,Medium,comment_added
JR04143,2026-08-02 21:47:00,DEV490,DEVOPS-5810,Improvement,Done,Medium,issue_created
JR00294,2026-08-02 21:49:00,DEV257,DATA-6654,Improvement,To Do,Medium,issue_updated
JR02823,2026-08-02 21:49:00,DEV356,DEVOPS-8512,Bug,Testing,Medium,issue_assigned
JR04286,2026-08-02 21:49:00,DEV162,DATA-6539,Story,To Do,High,comment_added
JR04621,2026-08-02 21:56:00,DEV032,COGNI-3797,Task,Code Review,Critical,comment_added
JR02778,2026-08-02 21:57:00,DEV231,COGNI-691,Task,Code Review,Critical,issue_assigned
JR02637,2026-08-02 22:01:00,DEV453,COGNI-2732,Task,Done,High,issue_created
JR01710,2026-08-02 22:05:00,DEV260,COGNI-4843,Bug,Done,Critical,comment_added
JR04165,2026-08-02 22:07:00,DEV325,COGNI-5133,Task,To Do,Low,issue_assigned
JR03962,2026-08-02 22:10:00,DEV438,COGNI-8761,Story,To Do,Low,status_changed
JR04554,2026-08-02 22:10:00,DEV257,DEVOPS-2982,Improvement,Testing,High,issue_updated
JR02479,2026-08-02 22:13:00,DEV221,DEVOPS-4011,Bug,In Progress,Medium,status_changed
JR03987,2026-08-02 22:14:00,DEV229,DATA-4173,Bug,Code Review,Medium,comment_added
JR00203,2026-08-02 22:25:00,DEV172,DATA-4561,Improvement,In Progress,Critical,issue_created
JR01645,2026-08-02 22:27:00,DEV003,COGNI-4343,Improvement,Done,Critical,issue_updated
JR02891,2026-08-02 22:32:00,DEV457,DEVOPS-1199,Story,To Do,Critical,comment_added
JR03945,2026-08-02 22:32:00,DEV468,DATA-5409,Bug,In Progress,High,issue_created
JR00364,2026-08-02 22:36:00,DEV133,COGNI-6684,Task,Testing,Medium,issue_updated
JR03127,2026-08-02 22:37:00,DEV313,COGNI-7147,Story,In Progress,Medium,issue_updated
JR02789,2026-08-02 22:38:00,DEV320,DATA-3406,Task,Code Review,High,comment_added
JR01089,2026-08-02 22:39:00,DEV491,COGNI-5353,Story,Testing,Low,comment_added
JR02980,2026-08-02 22:39:00,DEV477,DEVOPS-3820,Bug,Code Review,Critical,status_changed
JR00698,2026-08-02 22:43:00,DEV402,COGNI-224,Improvement,To Do,Low,comment_added
JR01935,2026-08-02 22:45:00,DEV357,COGNI-9931,Task,Done,Critical,issue_created
JR04348,2026-08-02 22:48:00,DEV133,DEVOPS-8675,Story,To Do,Critical,status_changed
JR04986,2026-08-02 22:57:00,DEV031,DEVOPS-331,Story,Done,High,status_changed
JR01775,2026-08-02 23:02:00,DEV484,DEVOPS-3526,Story,Testing,Low,issue_created
JR01606,2026-08-02 23:07:00,DEV334,DEVOPS-6227,Story,Done,Medium,comment_added
JR02002,2026-08-02 23:12:00,DEV399,DEVOPS-2532,Story,To Do,Low,status_changed
JR04992,2026-08-02 23:16:00,DEV243,COGNI-3568,Improvement,Done,Critical,issue_created
JR01189,2026-08-02 23:19:00,DEV284,DEVOPS-3027,Bug,In Progress,Critical,comment_added
JR00385,2026-08-02 23:21:00,DEV064,COGNI-8117,Story,In Progress,Low,comment_added
JR03895,2026-08-02 23:24:00,DEV406,DATA-9248,Task,In Progress,Critical,issue_assigned
JR03004,2026-08-02 23:30:00,DEV025,DEVOPS-5340,Story,Code Review,High,comment_added
JR03705,2026-08-02 23:30:00,DEV267,COGNI-6156,Story,Testing,Low,issue_updated
JR04200,2026-08-02 23:30:00,DEV430,COGNI-3716,Story,To Do,High,issue_updated
JR03060,2026-08-02 23:33:00,DEV360,DEVOPS-7148,Bug,Code Review,High,comment_added
JR03521,2026-08-02 23:36:00,DEV097,COGNI-708,Improvement,Testing,Critical,issue_updated
JR04372,2026-08-02 23:39:00,DEV224,COGNI-8531,Bug,To Do,Medium,issue_updated
JR00451,2026-08-02 23:42:00,DEV401,DATA-3480,Story,Testing,High,issue_created
JR00458,2026-08-02 23:44:00,DEV310,DEVOPS-1249,Task,In Progress,High,issue_assigned
JR04707,2026-08-02 23:51:00,DEV409,COGNI-2768,Story,Done,High,status_changed
JR02561,2026-08-03 00:03:00,DEV369,DEVOPS-1093,Story,To Do,Medium,issue_updated
JR01216,2026-08-03 00:04:00,DEV176,COGNI-4447,Bug,Done,Medium,status_changed
JR03105,2026-08-03 00:07:00,DEV273,COGNI-2134,Bug,In Progress,Medium,status_changed
JR04105,2026-08-03 00:10:00,DEV228,COGNI-3850,Story,To Do,Low,comment_added
JR02075,2026-08-03 00:11:00,DEV122,COGNI-8636,Improvement,In Progress,Low,issue_created
JR01875,2026-08-03 00:16:00,DEV349,COGNI-7300,Task,To Do,Medium,issue_assigned
JR03524,2026-08-03 00:27:00,DEV196,COGNI-2866,Improvement,To Do,Low,issue_created
JR00002,2026-08-03 00:30:00,DEV248,COGNI-1981,Story,To Do,High,issue_created
JR02069,2026-08-03 00:31:00,DEV176,COGNI-9959,Improvement,Done,Critical,issue_assigned
JR00853,2026-08-03 00:32:00,DEV471,DATA-8997,Improvement,Done,Low,issue_assigned
JR04180,2026-08-03 00:33:00,DEV079,COGNI-7058,Bug,Done,Low,issue_created
JR01127,2026-08-03 00:36:00,DEV471,DEVOPS-9684,Task,Done,High,issue_assigned
JR00665,2026-08-03 00:42:00,DEV134,DEVOPS-8926,Improvement,To Do,Critical,status_changed
JR01078,2026-08-03 00:42:00,DEV048,DEVOPS-3866,Improvement,In Progress,Critical,issue_assigned
JR04077,2026-08-03 00:45:00,DEV364,COGNI-5606,Task,Testing,High,issue_created
JR01440,2026-08-03 00:56:00,DEV235,COGNI-8435,Story,Testing,High,issue_created
JR00573,2026-08-03 00:59:00,DEV329,DEVOPS-3444,Improvement,Done,High,issue_created
JR04440,2026-08-03 01:07:00,DEV245,DATA-5452,Improvement,In Progress,Critical,issue_updated
JR00041,2026-08-03 01:08:00,DEV385,COGNI-462,Bug,Code Review,Low,issue_created
JR02950,2026-08-03 01:23:00,DEV477,COGNI-8904,Story,To Do,Low,issue_assigned
JR01832,2026-08-03 01:26:00,DEV444,DATA-5609,Improvement,Done,High,issue_assigned
JR02066,2026-08-03 01:26:00,DEV373,DATA-5049,Story,To Do,Critical,issue_created
JR04035,2026-08-03 01:28:00,DEV058,DEVOPS-6852,Bug,Done,Low,comment_added
JR02372,2026-08-03 01:37:00,DEV425,COGNI-3340,Bug,In Progress,High,comment_added
JR04913,2026-08-03 01:37:00,DEV271,COGNI-5873,Improvement,Done,Critical,status_changed
JR02448,2026-08-03 01:43:00,DEV314,DATA-359,Improvement,To Do,High,comment_added
JR02262,2026-08-03 01:47:00,DEV304,DEVOPS-5318,Story,Code Review,Critical,status_changed
JR03176,2026-08-03 01:49:00,DEV263,COGNI-8181,Bug,Code Review,High,comment_added
JR00391,2026-08-03 02:00:00,DEV223,DATA-4895,Story,In Progress,Critical,comment_added
JR04775,2026-08-03 02:11:00,DEV123,DATA-2404,Bug,Done,High,issue_created
JR01312,2026-08-03 02:14:00,DEV194,COGNI-3424,Story,Done,Low,issue_updated
JR04974,2026-08-03 02:14:00,DEV463,DEVOPS-7782,Bug,Done,Medium,issue_updated
JR03919,2026-08-03 02:18:00,DEV020,COGNI-3698,Task,Code Review,Low,issue_created
JR04322,2026-08-03 02:20:00,DEV002,DATA-2494,Story,To Do,Critical,issue_updated
JR03614,2026-08-03 02:21:00,DEV478,DATA-6406,Bug,To Do,Low,issue_assigned
JR00770,2026-08-03 02:23:00,DEV152,DEVOPS-2983,Story,To Do,Critical,issue_updated
JR04962,2026-08-03 02:25:00,DEV395,DEVOPS-5005,Improvement,Code Review,Critical,issue_created
JR02218,2026-08-03 02:29:00,DEV249,DATA-9834,Story,Code Review,Critical,comment_added
JR01685,2026-08-03 02:31:00,DEV016,COGNI-2175,Task,Code Review,Low,comment_added
JR01134,2026-08-03 02:32:00,DEV062,DATA-5014,Bug,Done,Critical,issue_updated
JR04047,2026-08-03 02:35:00,DEV155,DEVOPS-4621,Improvement,Testing,Critical,issue_assigned
JR02489,2026-08-03 02:36:00,DEV015,DEVOPS-1969,Improvement,To Do,Critical,status_changed
JR04403,2026-08-03 02:36:00,DEV425,DATA-6956,Task,To Do,High,issue_updated
JR04293,2026-08-03 02:38:00,DEV350,DATA-9115,Improvement,Testing,High,issue_created
JR02994,2026-08-03 02:39:00,DEV378,COGNI-4349,Story,To Do,Low,status_changed
JR03615,2026-08-03 02:45:00,DEV482,DATA-9256,Improvement,Code Review,Medium,comment_added
JR03515,2026-08-03 02:47:00,DEV329,DATA-9279,Bug,In Progress,High,issue_updated
JR03482,2026-08-03 02:52:00,DEV401,COGNI-5727,Story,To Do,Low,issue_updated
JR03244,2026-08-03 02:54:00,DEV076,COGNI-2738,Improvement,In Progress,Medium,comment_added
JR00633,2026-08-03 03:01:00,DEV086,DATA-1471,Task,Testing,High,issue_updated
JR00638,2026-08-03 03:06:00,DEV393,COGNI-7246,Task,Done,Medium,issue_created
JR01947,2026-08-03 03:08:00,DEV092,COGNI-2496,Task,Done,Critical,issue_updated
JR03697,2026-08-03 03:10:00,DEV269,DEVOPS-1248,Story,In Progress,Medium,issue_assigned
JR04376,2026-08-03 03:14:00,DEV018,DEVOPS-6659,Improvement,Done,Low,status_changed
JR00378,2026-08-03 03:17:00,DEV343,COGNI-7267,Task,Testing,High,comment_added
JR03488,2026-08-03 03:22:00,DEV275,COGNI-7537,Bug,To Do,High,comment_added
JR00637,2026-08-03 03:26:00,DEV207,DATA-1879,Improvement,Testing,Medium,issue_updated
JR04412,2026-08-03 03:28:00,DEV479,COGNI-6078,Bug,In Progress,Critical,comment_added
JR03073,2026-08-03 03:38:00,DEV228,COGNI-3388,Bug,Code Review,High,status_changed
JR01143,2026-08-03 03:39:00,DEV198,DATA-670,Bug,To Do,Low,issue_updated
JR02787,2026-08-03 03:41:00,DEV255,DATA-6328,Task,Done,Low,issue_assigned
JR02498,2026-08-03 03:49:00,DEV028,COGNI-4768,Bug,Done,Medium,issue_assigned
JR00330,2026-08-03 03:50:00,DEV009,DATA-5217,Story,In Progress,High,comment_added
JR01860,2026-08-03 03:53:00,DEV049,DEVOPS-3940,Story,Testing,Critical,comment_added
JR04822,2026-08-03 03:53:00,DEV498,DEVOPS-964,Bug,Code Review,Critical,issue_assigned
JR01217,2026-08-03 03:54:00,DEV018,COGNI-936,Improvement,To Do,Critical,status_changed
JR02905,2026-08-03 04:00:00,DEV170,COGNI-3794,Improvement,Code Review,Medium,issue_assigned
JR01782,2026-08-03 04:02:00,DEV001,DATA-5158,Task,To Do,Critical,issue_updated
JR02221,2026-08-03 04:02:00,DEV019,COGNI-597,Story,Testing,High,issue_created
JR04522,2026-08-03 04:18:00,DEV456,COGNI-2921,Bug,Code Review,Low,issue_assigned
JR00108,2026-08-03 04:22:00,DEV444,COGNI-6682,Task,Code Review,Low,issue_updated
JR04783,2026-08-03 04:25:00,DEV454,COGNI-7661,Improvement,To Do,Medium,comment_added
JR02216,2026-08-03 04:31:00,DEV024,DATA-5263,Bug,To Do,High,comment_added
JR02646,2026-08-03 04:34:00,DEV388,DEVOPS-9386,Improvement,To Do,Critical,issue_created
JR03810,2026-08-03 04:36:00,DEV298,COGNI-6734,Story,In Progress,Medium,issue_assigned
JR01574,2026-08-03 04:50:00,DEV201,COGNI-4206,Bug,Testing,Medium,issue_assigned
JR03678,2026-08-03 04:53:00,DEV171,DEVOPS-4519,Task,To Do,Medium,issue_assigned
JR02843,2026-08-03 04:54:00,DEV309,DATA-1725,Task,Code Review,Medium,status_changed
JR03436,2026-08-03 04:55:00,DEV088,COGNI-5544,Task,In Progress,Medium,issue_created
JR03332,2026-08-03 04:56:00,DEV021,DEVOPS-5916,Improvement,Code Review,High,issue_assigned
JR04430,2026-08-03 04:59:00,DEV097,DEVOPS-8014,Bug,Done,Critical,comment_added
JR04937,2026-08-03 05:12:00,DEV440,COGNI-2482,Improvement,To Do,Medium,status_changed
JR00510,2026-08-03 05:15:00,DEV024,DEVOPS-6686,Story,In Progress,High,comment_added
JR00459,2026-08-03 05:26:00,DEV338,COGNI-9201,Improvement,Code Review,Medium,issue_created
JR03506,2026-08-03 05:29:00,DEV002,DEVOPS-6861,Task,To Do,High,issue_assigned
JR02802,2026-08-03 05:31:00,DEV280,DEVOPS-6942,Story,To Do,Critical,comment_added
JR03237,2026-08-03 05:33:00,DEV459,COGNI-2562,Story,Code Review,Low,issue_created
JR02475,2026-08-03 05:34:00,DEV450,DATA-5239,Bug,Testing,Low,issue_updated
JR03819,2026-08-03 05:37:00,DEV404,COGNI-2789,Improvement,Testing,Critical,issue_assigned
JR03174,2026-08-03 05:40:00,DEV028,DATA-2147,Task,Done,Medium,issue_created
JR02794,2026-08-03 05:43:00,DEV148,COGNI-2273,Bug,Code Review,Low,issue_created
JR00042,2026-08-03 05:50:00,DEV353,DEVOPS-117,Improvement,In Progress,Critical,issue_updated
JR02924,2026-08-03 05:55:00,DEV357,DATA-1811,Task,Testing,Critical,status_changed
JR02992,2026-08-03 05:55:00,DEV088,COGNI-1686,Bug,To Do,Medium,issue_updated
JR01882,2026-08-03 05:56:00,DEV428,DATA-9251,Task,Code Review,Critical,issue_assigned
JR01117,2026-08-03 06:12:00,DEV394,COGNI-2857,Story,To Do,Low,comment_added
JR02809,2026-08-03 06:17:00,DEV428,DATA-4254,Story,To Do,High,comment_added
JR03642,2026-08-03 06:20:00,DEV075,COGNI-5601,Story,Code Review,Medium,issue_assigned
JR00830,2026-08-03 06:21:00,DEV082,DATA-1216,Bug,In Progress,Critical,issue_updated
JR04184,2026-08-03 06:22:00,DEV276,COGNI-3300,Task,Testing,Medium,comment_added
JR04601,2026-08-03 06:24:00,DEV390,DATA-6872,Task,To Do,Critical,issue_updated
JR00455,2026-08-03 06:29:00,DEV244,COGNI-8751,Bug,To Do,Low,issue_assigned
JR01321,2026-08-03 06:30:00,DEV288,DATA-5801,Story,Done,Medium,comment_added
JR02460,2026-08-03 06:33:00,DEV364,DEVOPS-1910,Improvement,Done,Critical,comment_added
JR02305,2026-08-03 06:34:00,DEV408,DATA-9798,Bug,Done,Medium,issue_assigned
JR02986,2026-08-03 06:36:00,DEV379,DATA-6554,Task,Testing,Critical,issue_updated
JR03214,2026-08-03 06:36:00,DEV117,DEVOPS-5408,Improvement,Code Review,Critical,issue_updated
JR04024,2026-08-03 06:36:00,DEV009,DATA-2329,Bug,Done,High,status_changed
JR00092,2026-08-03 06:37:00,DEV034,DATA-271,Story,In Progress,Medium,issue_assigned
JR04197,2026-08-03 06:40:00,DEV104,DATA-5906,Improvement,Code Review,Critical,status_changed
JR02088,2026-08-03 06:48:00,DEV112,DATA-4887,Improvement,Testing,Critical,issue_assigned
JR03720,2026-08-03 06:50:00,DEV223,COGNI-3535,Bug,To Do,Low,issue_assigned
JR01853,2026-08-03 06:52:00,DEV103,DEVOPS-7779,Improvement,Testing,High,comment_added
JR01615,2026-08-03 06:58:00,DEV233,DEVOPS-9944,Story,To Do,Medium,status_changed
JR04061,2026-08-03 06:58:00,DEV229,DEVOPS-2962,Task,Code Review,Critical,status_changed
JR04948,2026-08-03 07:04:00,DEV446,COGNI-8058,Story,Done,High,status_changed
JR00184,2026-08-03 07:12:00,DEV321,DEVOPS-571,Story,Code Review,High,comment_added
JR03977,2026-08-03 07:19:00,DEV261,DEVOPS-5311,Story,Testing,Low,comment_added
JR03793,2026-08-03 07:20:00,DEV206,DATA-8354,Story,Testing,Low,issue_updated
JR01116,2026-08-03 07:40:00,DEV189,COGNI-2851,Story,In Progress,Medium,comment_added
JR00586,2026-08-03 07:46:00,DEV343,COGNI-2845,Task,Testing,Critical,issue_created
JR02743,2026-08-03 07:47:00,DEV152,COGNI-1771,Bug,To Do,Critical,issue_assigned
JR04201,2026-08-03 07:47:00,DEV303,DATA-3790,Improvement,Done,Critical,issue_created
JR03218,2026-08-03 07:49:00,DEV126,DATA-9856,Task,In Progress,Critical,status_changed
JR00887,2026-08-03 07:52:00,DEV079,DEVOPS-3062,Bug,In Progress,Critical,status_changed
JR01159,2026-08-03 07:56:00,DEV204,COGNI-2449,Bug,Code Review,Low,issue_updated
JR00277,2026-08-03 07:57:00,DEV339,DATA-3830,Improvement,In Progress,Critical,comment_added
JR03874,2026-08-03 07:57:00,DEV354,DEVOPS-5935,Story,Code Review,Critical,comment_added
JR01064,2026-08-03 07:58:00,DEV229,COGNI-3885,Story,To Do,High,issue_assigned
JR01576,2026-08-03 08:01:00,DEV328,DEVOPS-7484,Task,Code Review,Low,issue_created
JR03489,2026-08-03 08:01:00,DEV136,COGNI-8216,Bug,To Do,Low,status_changed
JR01811,2026-08-03 08:02:00,DEV006,DEVOPS-2034,Story,To Do,High,issue_updated
JR02667,2026-08-03 08:06:00,DEV007,DEVOPS-7617,Improvement,To Do,Critical,issue_updated
JR02961,2026-08-03 08:12:00,DEV268,COGNI-3026,Bug,Done,Low,status_changed
JR04944,2026-08-03 08:13:00,DEV064,DATA-1619,Improvement,To Do,High,comment_added
JR00589,2026-08-03 08:21:00,DEV139,DATA-6269,Story,To Do,Medium,comment_added
JR02913,2026-08-03 08:22:00,DEV306,COGNI-4722,Improvement,Done,Low,issue_updated
JR03297,2026-08-03 08:27:00,DEV270,DEVOPS-4994,Improvement,To Do,Medium,issue_assigned
JR02443,2026-08-03 08:28:00,DEV447,DEVOPS-1767,Improvement,Testing,Medium,comment_added
JR03602,2026-08-03 08:33:00,DEV412,DEVOPS-9789,Story,Testing,Critical,issue_updated
JR03952,2026-08-03 09:08:00,DEV486,DATA-7264,Improvement,To Do,High,issue_updated
JR02923,2026-08-03 09:09:00,DEV204,DEVOPS-9047,Story,In Progress,Low,comment_added
JR00374,2026-08-03 09:26:00,DEV365,DATA-5018,Task,Testing,High,issue_updated
JR00341,2026-08-03 09:30:00,DEV033,COGNI-4761,Story,To Do,High,comment_added
JR01354,2026-08-03 09:30:00,DEV238,DEVOPS-8633,Improvement,Testing,Critical,issue_assigned
JR01270,2026-08-03 09:33:00,DEV185,COGNI-1233,Bug,In Progress,Medium,status_changed
JR01964,2026-08-03 09:34:00,DEV172,DATA-3976,Story,Testing,Low,status_changed
JR03751,2026-08-03 09:37:00,DEV279,DATA-6821,Story,In Progress,Low,comment_added
JR04284,2026-08-03 09:37:00,DEV376,DEVOPS-4727,Task,To Do,Low,status_changed
JR04996,2026-08-03 09:37:00,DEV483,DEVOPS-4223,Task,To Do,Critical,status_changed
JR03125,2026-08-03 09:42:00,DEV037,DATA-2145,Improvement,Testing,Medium,comment_added
JR03255,2026-08-03 09:44:00,DEV368,DEVOPS-976,Task,In Progress,Low,issue_created
JR01129,2026-08-03 09:45:00,DEV170,COGNI-414,Story,Testing,High,issue_assigned
JR02943,2026-08-03 09:46:00,DEV457,COGNI-2352,Task,Code Review,Low,comment_added
JR01195,2026-08-03 09:47:00,DEV404,DEVOPS-2691,Bug,Testing,High,issue_created
JR04413,2026-08-03 09:56:00,DEV178,COGNI-2181,Task,In Progress,Critical,issue_assigned
JR01038,2026-08-03 09:57:00,DEV107,COGNI-5823,Improvement,Code Review,Medium,issue_assigned
JR00911,2026-08-03 10:08:00,DEV261,DATA-5732,Bug,In Progress,High,issue_updated
JR02059,2026-08-03 10:09:00,DEV218,COGNI-9926,Improvement,Testing,Critical,issue_assigned
JR00569,2026-08-03 10:18:00,DEV228,DATA-4024,Improvement,To Do,High,comment_added
JR04901,2026-08-03 10:19:00,DEV483,DEVOPS-6674,Bug,Code Review,Critical,status_changed
JR04597,2026-08-03 10:25:00,DEV276,COGNI-5086,Bug,Testing,Medium,issue_created
JR03372,2026-08-03 10:36:00,DEV115,DEVOPS-3880,Story,Testing,Medium,issue_assigned
JR01377,2026-08-03 10:41:00,DEV461,DEVOPS-2256,Task,Testing,Medium,status_changed
JR04404,2026-08-03 10:55:00,DEV079,DEVOPS-6679,Bug,Done,Critical,status_changed
JR04968,2026-08-03 10:56:00,DEV426,DEVOPS-5045,Improvement,In Progress,High,status_changed
JR00957,2026-08-03 10:57:00,DEV272,COGNI-5372,Bug,In Progress,High,issue_assigned
JR00015,2026-08-03 11:02:00,DEV034,DEVOPS-2267,Improvement,Done,Medium,issue_created
JR02072,2026-08-03 11:02:00,DEV467,DEVOPS-3651,Improvement,Code Review,Critical,issue_assigned
JR04112,2026-08-03 11:07:00,DEV387,COGNI-7792,Improvement,To Do,Critical,issue_created
JR00270,2026-08-03 11:08:00,DEV373,DEVOPS-227,Bug,Code Review,Medium,issue_assigned
JR01381,2026-08-03 11:12:00,DEV286,COGNI-7438,Improvement,Done,High,status_changed
JR02623,2026-08-03 11:17:00,DEV384,DATA-5560,Story,To Do,Medium,comment_added
JR02722,2026-08-03 11:18:00,DEV049,DEVOPS-927,Story,Testing,Medium,comment_added
JR03310,2026-08-03 11:18:00,DEV003,DEVOPS-1090,Improvement,Code Review,Medium,status_changed
JR01183,2026-08-03 11:23:00,DEV374,COGNI-1775,Task,To Do,High,comment_added
JR00617,2026-08-03 11:25:00,DEV254,COGNI-1922,Task,In Progress,Medium,status_changed
JR00151,2026-08-03 11:27:00,DEV303,COGNI-8483,Improvement,To Do,Medium,issue_created
JR01679,2026-08-03 11:31:00,DEV394,DATA-5045,Story,In Progress,Low,issue_created
JR00160,2026-08-03 11:35:00,DEV026,COGNI-5217,Task,Done,High,issue_assigned
JR00288,2026-08-03 11:41:00,DEV247,DEVOPS-4149,Task,Testing,Critical,comment_added
JR01536,2026-08-03 11:50:00,DEV477,COGNI-2294,Task,Code Review,High,comment_added
JR02922,2026-08-03 11:50:00,DEV424,COGNI-8955,Improvement,Code Review,Medium,issue_updated
JR04075,2026-08-03 11:50:00,DEV128,DEVOPS-950,Bug,Code Review,Low,issue_assigned
JR04619,2026-08-03 11:50:00,DEV075,DEVOPS-8860,Bug,Code Review,Low,status_changed
JR02118,2026-08-03 11:51:00,DEV436,COGNI-5385,Story,Code Review,Critical,comment_added
JR02299,2026-08-03 11:53:00,DEV447,DATA-1197,Bug,Testing,Critical,issue_assigned
JR03978,2026-08-03 11:58:00,DEV007,DATA-668,Story,To Do,Critical,comment_added
JR04557,2026-08-03 12:02:00,DEV279,COGNI-8013,Task,Done,High,issue_updated
JR01785,2026-08-03 12:15:00,DEV228,DATA-4815,Improvement,To Do,Low,issue_assigned
JR02091,2026-08-03 12:21:00,DEV307,DEVOPS-178,Bug,Done,High,comment_added
JR00483,2026-08-03 12:22:00,DEV389,DEVOPS-710,Task,To Do,High,status_changed
JR03192,2026-08-03 12:28:00,DEV113,DATA-3275,Bug,Done,High,comment_added
JR00595,2026-08-03 12:29:00,DEV319,DATA-9987,Task,Testing,Critical,issue_assigned
JR03378,2026-08-03 12:36:00,DEV213,DATA-9737,Bug,To Do,Critical,issue_updated
JR04817,2026-08-03 12:41:00,DEV129,COGNI-865,Story,In Progress,High,issue_updated
JR00928,2026-08-03 12:47:00,DEV205,DATA-8903,Task,To Do,High,comment_added
JR03867,2026-08-03 12:49:00,DEV428,DEVOPS-5602,Story,In Progress,High,issue_assigned
JR00547,2026-08-03 12:52:00,DEV220,DATA-1664,Bug,To Do,Low,status_changed
JR02989,2026-08-03 12:53:00,DEV478,DATA-3094,Bug,In Progress,Medium,issue_created
JR01164,2026-08-03 12:55:00,DEV475,DATA-1677,Improvement,In Progress,Medium,status_changed
JR02470,2026-08-03 12:55:00,DEV470,DATA-7364,Bug,Code Review,Low,status_changed
JR02817,2026-08-03 13:09:00,DEV269,COGNI-8479,Improvement,Done,High,issue_assigned
JR02704,2026-08-03 13:19:00,DEV408,COGNI-1075,Bug,Done,Medium,issue_assigned
JR01900,2026-08-03 13:23:00,DEV027,DEVOPS-3794,Task,Testing,Low,issue_assigned
JR04252,2026-08-03 13:23:00,DEV099,DATA-1013,Story,Code Review,Medium,issue_updated
JR00186,2026-08-03 13:24:00,DEV348,DEVOPS-1122,Task,Done,Critical,issue_created
JR01273,2026-08-03 13:28:00,DEV100,DATA-6855,Bug,Testing,High,status_changed
JR01660,2026-08-03 13:28:00,DEV280,DEVOPS-7872,Story,Testing,Critical,issue_assigned
JR04478,2026-08-03 13:28:00,DEV226,COGNI-4572,Bug,Code Review,Medium,issue_created
JR01746,2026-08-03 13:31:00,DEV329,COGNI-8362,Bug,To Do,High,issue_assigned
JR04995,2026-08-03 13:32:00,DEV365,DATA-3532,Bug,Testing,Low,status_changed
JR02074,2026-08-03 13:33:00,DEV496,COGNI-7383,Improvement,To Do,Low,issue_created
JR03683,2026-08-03 13:33:00,DEV060,DATA-1973,Task,In Progress,Low,issue_created
JR04124,2026-08-03 13:45:00,DEV464,COGNI-8891,Improvement,To Do,Low,comment_added
JR04178,2026-08-03 13:45:00,DEV368,DEVOPS-3765,Story,In Progress,Critical,issue_updated
JR00433,2026-08-03 13:51:00,DEV118,DATA-3411,Task,Testing,Critical,status_changed
JR01323,2026-08-03 13:53:00,DEV199,COGNI-9438,Bug,Code Review,Medium,comment_added
JR02041,2026-08-03 13:56:00,DEV366,DEVOPS-8149,Improvement,In Progress,Low,issue_created
JR00924,2026-08-03 14:04:00,DEV475,DATA-9538,Bug,In Progress,Critical,issue_updated
JR02359,2026-08-03 14:05:00,DEV497,DEVOPS-6032,Improvement,In Progress,High,issue_updated
JR00594,2026-08-03 14:12:00,DEV089,DATA-9338,Story,Testing,Low,issue_assigned
JR03590,2026-08-03 14:12:00,DEV282,COGNI-3215,Improvement,Code Review,Medium,issue_assigned
JR02509,2026-08-03 14:21:00,DEV067,DATA-2422,Story,In Progress,High,issue_created
JR01503,2026-08-03 14:32:00,DEV096,DEVOPS-6227,Improvement,Testing,Medium,issue_assigned
JR00331,2026-08-03 14:36:00,DEV445,COGNI-7932,Improvement,In Progress,High,issue_updated
JR03336,2026-08-03 14:36:00,DEV117,COGNI-2749,Improvement,Testing,Medium,status_changed
JR02793,2026-08-03 14:48:00,DEV248,COGNI-8335,Task,Code Review,Medium,issue_assigned
JR02223,2026-08-03 14:52:00,DEV411,COGNI-3000,Task,In Progress,Medium,comment_added
JR04242,2026-08-03 14:55:00,DEV266,DATA-6416,Bug,Done,High,issue_created
JR03599,2026-08-03 14:59:00,DEV287,COGNI-2404,Improvement,Done,High,issue_assigned
JR01107,2026-08-03 15:00:00,DEV346,DATA-6400,Improvement,Code Review,High,issue_created
JR01904,2026-08-03 15:06:00,DEV388,COGNI-7460,Bug,Testing,High,status_changed
JR00773,2026-08-03 15:11:00,DEV074,DATA-6946,Task,Code Review,High,issue_updated
JR02471,2026-08-03 15:23:00,DEV016,COGNI-1991,Improvement,Testing,Critical,status_changed
JR03284,2026-08-03 15:24:00,DEV042,COGNI-3068,Story,To Do,High,issue_created
JR03364,2026-08-03 15:29:00,DEV336,COGNI-2953,Bug,Done,Medium,issue_created
JR00064,2026-08-03 15:35:00,DEV138,DEVOPS-9731,Bug,To Do,High,status_changed
JR02339,2026-08-03 15:44:00,DEV236,COGNI-8195,Bug,Done,Critical,status_changed
JR04420,2026-08-03 15:46:00,DEV101,COGNI-1327,Bug,Code Review,High,status_changed
JR00682,2026-08-03 15:57:00,DEV286,COGNI-2566,Task,To Do,Low,issue_updated
JR03160,2026-08-03 15:59:00,DEV234,DATA-6080,Bug,Done,Critical,issue_created
JR03330,2026-08-03 16:01:00,DEV201,COGNI-5220,Task,In Progress,High,issue_updated
JR00155,2026-08-03 16:06:00,DEV400,DATA-4587,Task,To Do,Low,issue_updated
JR02121,2026-08-03 16:09:00,DEV479,DATA-6066,Bug,Testing,High,comment_added
JR02131,2026-08-03 16:10:00,DEV437,DEVOPS-9987,Bug,Code Review,High,issue_updated
JR00982,2026-08-03 16:20:00,DEV119,DATA-6046,Bug,Done,Low,status_changed
JR01404,2026-08-03 16:25:00,DEV273,DATA-9144,Task,Testing,High,status_changed
JR04055,2026-08-03 16:29:00,DEV494,DEVOPS-1261,Task,To Do,High,status_changed
JR00435,2026-08-03 16:50:00,DEV004,DEVOPS-9392,Improvement,Done,High,issue_created
JR01448,2026-08-03 16:54:00,DEV134,COGNI-8770,Task,In Progress,Low,issue_updated
JR03449,2026-08-03 17:02:00,DEV443,COGNI-6660,Bug,Done,Medium,issue_created
JR00232,2026-08-03 17:09:00,DEV039,DATA-7579,Story,Done,Critical,issue_assigned
JR01562,2026-08-03 17:11:00,DEV018,DEVOPS-841,Improvement,Testing,High,issue_updated
JR04335,2026-08-03 17:13:00,DEV232,DATA-2373,Task,In Progress,High,comment_added
JR04006,2026-08-03 17:19:00,DEV330,DEVOPS-3314,Story,Done,High,issue_assigned
JR04594,2026-08-03 17:22:00,DEV275,COGNI-4372,Bug,In Progress,Medium,issue_assigned
JR01008,2026-08-03 17:27:00,DEV437,COGNI-9857,Bug,Done,Critical,issue_assigned
JR04417,2026-08-03 17:28:00,DEV381,DATA-8577,Story,In Progress,Medium,issue_assigned
JR04592,2026-08-03 17:31:00,DEV373,DEVOPS-7310,Bug,To Do,High,issue_updated
JR04437,2026-08-03 17:36:00,DEV423,DATA-1254,Story,To Do,Low,comment_added
JR03970,2026-08-03 17:44:00,DEV168,COGNI-5633,Bug,Code Review,Low,status_changed
JR01138,2026-08-03 17:47:00,DEV073,DATA-4847,Task,Done,Low,status_changed
JR01399,2026-08-03 17:48:00,DEV456,COGNI-8840,Bug,In Progress,Critical,issue_updated
JR01617,2026-08-03 17:49:00,DEV401,DEVOPS-7059,Story,Code Review,Critical,issue_created
JR02792,2026-08-03 17:49:00,DEV199,COGNI-6439,Improvement,Done,High,comment_added
JR03413,2026-08-03 17:56:00,DEV057,DEVOPS-6633,Bug,In Progress,High,comment_added
JR02594,2026-08-03 17:58:00,DEV066,DEVOPS-8850,Bug,Testing,Medium,comment_added
JR04018,2026-08-03 17:58:00,DEV136,DATA-8706,Task,In Progress,Critical,issue_created
JR02200,2026-08-03 17:59:00,DEV191,COGNI-676,Story,Testing,Low,issue_created
JR03580,2026-08-03 18:02:00,DEV203,COGNI-4091,Story,Done,Critical,issue_created
JR01173,2026-08-03 18:10:00,DEV261,COGNI-6974,Task,Done,High,issue_assigned
JR04211,2026-08-03 18:10:00,DEV049,COGNI-1110,Story,Testing,Critical,issue_created
JR02577,2026-08-03 18:20:00,DEV127,COGNI-719,Story,Done,Critical,status_changed
JR04438,2026-08-03 18:21:00,DEV403,COGNI-7121,Story,Code Review,Medium,issue_assigned
JR00280,2026-08-03 18:25:00,DEV408,DATA-1807,Improvement,To Do,High,issue_created
JR01372,2026-08-03 18:25:00,DEV396,DATA-1374,Task,Done,Medium,issue_assigned
JR01911,2026-08-03 18:37:00,DEV293,DATA-2796,Story,Code Review,High,comment_added
JR03833,2026-08-03 18:37:00,DEV161,DEVOPS-8752,Bug,Done,Medium,comment_added
JR04617,2026-08-03 18:37:00,DEV348,COGNI-5539,Improvement,To Do,High,comment_added
JR00438,2026-08-03 18:38:00,DEV443,DEVOPS-3341,Bug,Done,Critical,status_changed
JR00619,2026-08-03 18:43:00,DEV500,COGNI-1286,Story,Done,Low,issue_assigned
JR00283,2026-08-03 18:47:00,DEV021,COGNI-1027,Bug,To Do,Low,status_changed
JR04834,2026-08-03 18:47:00,DEV430,DEVOPS-2943,Improvement,In Progress,Low,comment_added
JR03870,2026-08-03 18:54:00,DEV222,DATA-4278,Task,In Progress,Low,issue_created
JR02662,2026-08-03 18:55:00,DEV380,COGNI-7435,Task,To Do,Low,status_changed
JR04428,2026-08-03 18:56:00,DEV470,COGNI-4783,Story,Testing,Low,status_changed
JR01151,2026-08-03 18:58:00,DEV217,COGNI-1088,Improvement,Testing,Medium,comment_added
JR04358,2026-08-03 18:59:00,DEV338,COGNI-959,Bug,Done,Medium,issue_created
JR00508,2026-08-03 19:03:00,DEV401,COGNI-2218,Story,To Do,Low,comment_added
JR00542,2026-08-03 19:06:00,DEV289,DATA-1305,Task,To Do,High,status_changed
JR03090,2026-08-03 19:09:00,DEV343,COGNI-1634,Bug,Done,High,issue_created
JR02832,2026-08-03 19:14:00,DEV244,DATA-6786,Task,In Progress,Medium,issue_created
JR00048,2026-08-03 19:19:00,DEV044,DEVOPS-3635,Story,Code Review,Critical,issue_assigned
JR03410,2026-08-03 19:25:00,DEV386,DEVOPS-5337,Story,Done,Low,issue_assigned
JR01453,2026-08-03 19:29:00,DEV116,COGNI-3050,Bug,Testing,Medium,issue_updated
JR01689,2026-08-03 19:30:00,DEV256,DEVOPS-7976,Bug,To Do,Medium,status_changed
JR00218,2026-08-03 19:41:00,DEV374,DEVOPS-1511,Task,Done,Medium,issue_assigned
JR03335,2026-08-03 19:43:00,DEV364,DATA-8907,Improvement,Code Review,Medium,status_changed
JR02209,2026-08-03 19:46:00,DEV165,DATA-5073,Improvement,Done,Medium,issue_updated
JR01852,2026-08-03 19:56:00,DEV163,DATA-7327,Improvement,To Do,Low,issue_assigned
JR02557,2026-08-03 20:00:00,DEV125,COGNI-6301,Story,Done,Medium,status_changed
JR00859,2026-08-03 20:08:00,DEV073,COGNI-3712,Story,In Progress,Critical,issue_assigned
JR03509,2026-08-03 20:14:00,DEV329,DATA-5518,Story,Done,Medium,comment_added
JR04015,2026-08-03 20:14:00,DEV058,DATA-9012,Task,To Do,Critical,issue_assigned
JR00951,2026-08-03 20:15:00,DEV197,COGNI-5856,Task,Done,Medium,issue_assigned
JR04486,2026-08-03 20:15:00,DEV113,COGNI-8396,Improvement,In Progress,High,comment_added
JR01288,2026-08-03 20:16:00,DEV104,DATA-280,Improvement,To Do,Low,issue_created
JR01993,2026-08-03 20:16:00,DEV222,DATA-4214,Bug,In Progress,Critical,issue_created
JR03803,2026-08-03 20:17:00,DEV421,DATA-125,Story,In Progress,Medium,status_changed
JR01884,2026-08-03 20:22:00,DEV104,COGNI-3976,Task,In Progress,Critical,issue_updated
JR02431,2026-08-03 20:34:00,DEV251,DEVOPS-6944,Bug,To Do,Low,issue_assigned
JR00780,2026-08-03 20:40:00,DEV186,DATA-6854,Story,Code Review,Low,issue_updated
JR00914,2026-08-03 20:42:00,DEV432,COGNI-1365,Story,Testing,Low,issue_updated
JR00657,2026-08-03 20:50:00,DEV368,DEVOPS-2185,Task,Done,Medium,status_changed
JR03787,2026-08-03 20:54:00,DEV019,COGNI-2332,Improvement,In Progress,High,comment_added
JR04401,2026-08-03 20:54:00,DEV110,COGNI-3365,Story,To Do,Medium,issue_assigned
JR04954,2026-08-03 20:57:00,DEV220,DATA-9755,Bug,Done,Medium,issue_updated
JR00432,2026-08-03 21:02:00,DEV215,COGNI-6263,Task,In Progress,High,status_changed
JR02116,2026-08-03 21:07:00,DEV473,DEVOPS-2439,Story,In Progress,Low,issue_updated
JR00825,2026-08-03 21:08:00,DEV143,COGNI-1473,Task,Done,Medium,issue_created
JR04001,2026-08-03 21:10:00,DEV065,COGNI-1814,Improvement,Testing,Medium,issue_updated
JR04804,2026-08-03 21:21:00,DEV361,COGNI-9020,Task,Testing,Critical,status_changed
JR01332,2026-08-03 21:22:00,DEV004,DATA-8195,Bug,To Do,Medium,comment_added
JR00469,2026-08-03 21:26:00,DEV014,DATA-4529,Story,In Progress,Low,status_changed
JR02433,2026-08-03 21:42:00,DEV117,DEVOPS-1626,Improvement,Done,Low,comment_added
JR00163,2026-08-03 21:43:00,DEV044,DATA-1009,Bug,Testing,Low,status_changed
JR01986,2026-08-03 22:09:00,DEV060,DATA-9627,Bug,Testing,Critical,issue_updated
JR04653,2026-08-03 22:09:00,DEV297,COGNI-1233,Improvement,To Do,Critical,comment_added
JR04249,2026-08-03 22:14:00,DEV339,DATA-7044,Story,Testing,High,comment_added
JR02745,2026-08-03 22:26:00,DEV270,DEVOPS-4495,Task,Testing,Medium,issue_assigned
JR01657,2026-08-03 22:33:00,DEV222,DATA-3894,Story,Done,Medium,status_changed
JR02942,2026-08-03 22:36:00,DEV345,DATA-3864,Bug,Done,Low,comment_added
JR01780,2026-08-03 22:41:00,DEV026,COGNI-2596,Story,Done,Critical,status_changed
JR02829,2026-08-03 22:46:00,DEV240,DEVOPS-8995,Story,Testing,High,comment_added
JR02398,2026-08-03 22:49:00,DEV261,DEVOPS-5480,Bug,Testing,Critical,issue_updated
JR02265,2026-08-03 22:51:00,DEV431,COGNI-5616,Story,Testing,Critical,issue_updated
JR01716,2026-08-03 22:54:00,DEV190,DATA-7546,Improvement,In Progress,Critical,issue_updated
JR02418,2026-08-03 22:58:00,DEV391,DATA-9055,Story,Done,Medium,status_changed
JR01254,2026-08-03 23:05:00,DEV271,DEVOPS-3465,Task,Testing,Low,status_changed
JR00711,2026-08-03 23:17:00,DEV437,DATA-7791,Improvement,Testing,Critical,issue_assigned
JR00408,2026-08-03 23:18:00,DEV269,COGNI-1549,Bug,Testing,Critical,issue_assigned
JR01192,2026-08-03 23:21:00,DEV477,DATA-1102,Story,In Progress,Low,status_changed
JR04991,2026-08-03 23:25:00,DEV385,DATA-8519,Improvement,In Progress,Low,issue_created
JR01476,2026-08-03 23:28:00,DEV011,COGNI-2970,Task,Testing,Critical,status_changed
JR00436,2026-08-03 23:33:00,DEV482,DEVOPS-8002,Task,Testing,Medium,status_changed
JR04583,2026-08-03 23:36:00,DEV127,DEVOPS-8253,Story,Done,High,comment_added
JR00375,2026-08-03 23:46:00,DEV230,COGNI-2090,Task,Done,Medium,comment_added
JR02873,2026-08-03 23:55:00,DEV339,COGNI-1673,Story,To Do,Medium,status_changed
JR00460,2026-08-04 00:05:00,DEV325,DEVOPS-2288,Bug,In Progress,Critical,issue_assigned
JR03589,2026-08-04 00:08:00,DEV176,DEVOPS-5169,Bug,Done,Medium,issue_updated
JR00271,2026-08-04 00:19:00,DEV416,COGNI-3973,Story,Code Review,Medium,issue_updated
JR04878,2026-08-04 00:19:00,DEV427,DATA-5886,Task,In Progress,Critical,status_changed
JR00362,2026-08-04 00:25:00,DEV395,COGNI-9411,Improvement,Done,High,issue_assigned
JR04578,2026-08-04 00:27:00,DEV166,DEVOPS-8899,Story,Code Review,Critical,issue_updated
JR03037,2026-08-04 00:38:00,DEV055,DATA-6344,Improvement,Done,Medium,issue_created
JR02632,2026-08-04 00:42:00,DEV096,COGNI-8467,Improvement,Done,Critical,issue_created
JR03840,2026-08-04 00:43:00,DEV106,COGNI-370,Bug,In Progress,Low,issue_assigned
JR04171,2026-08-04 00:43:00,DEV472,COGNI-9573,Task,Testing,Critical,issue_created
JR03224,2026-08-04 00:46:00,DEV029,DATA-830,Task,Testing,High,issue_assigned
JR04421,2026-08-04 00:50:00,DEV499,DEVOPS-3212,Story,Done,Critical,issue_created
JR03530,2026-08-04 00:52:00,DEV284,DEVOPS-7799,Story,Code Review,Medium,comment_added
JR01380,2026-08-04 00:59:00,DEV368,COGNI-8062,Story,Done,High,comment_added
JR03898,2026-08-04 01:02:00,DEV340,DEVOPS-3255,Improvement,In Progress,Medium,issue_assigned
JR01122,2026-08-04 01:06:00,DEV203,DATA-3043,Task,In Progress,High,issue_assigned
JR00672,2026-08-04 01:20:00,DEV158,DATA-1976,Story,To Do,Critical,issue_assigned
JR00961,2026-08-04 01:23:00,DEV271,DEVOPS-8306,Task,Done,Critical,status_changed
JR02322,2026-08-04 01:25:00,DEV251,COGNI-2410,Improvement,Code Review,Medium,issue_assigned
JR03421,2026-08-04 01:26:00,DEV343,DEVOPS-4357,Story,Done,Medium,comment_added
JR01903,2026-08-04 01:27:00,DEV193,COGNI-6132,Bug,Testing,Low,status_changed
JR04850,2026-08-04 01:31:00,DEV144,COGNI-4065,Improvement,In Progress,Medium,issue_assigned
JR01227,2026-08-04 01:33:00,DEV284,DEVOPS-3947,Story,To Do,Critical,issue_updated
JR03443,2026-08-04 01:39:00,DEV380,DEVOPS-5056,Bug,Testing,Critical,status_changed
JR00106,2026-08-04 01:47:00,DEV258,DEVOPS-8901,Bug,Done,High,status_changed
JR03969,2026-08-04 01:48:00,DEV385,COGNI-7749,Improvement,Testing,High,status_changed
JR03991,2026-08-04 01:51:00,DEV124,DATA-9691,Improvement,Testing,Low,issue_updated
JR02791,2026-08-04 01:54:00,DEV108,DATA-3353,Bug,In Progress,High,status_changed
JR03247,2026-08-04 01:56:00,DEV446,DATA-6711,Task,Testing,Medium,status_changed
JR04204,2026-08-04 01:58:00,DEV287,COGNI-3522,Bug,Testing,Critical,issue_updated
JR01351,2026-08-04 02:03:00,DEV141,COGNI-6875,Story,Testing,Critical,status_changed
JR01696,2026-08-04 02:03:00,DEV441,DATA-8024,Story,Code Review,Medium,issue_updated
JR01650,2026-08-04 02:06:00,DEV390,COGNI-2835,Story,Code Review,Low,status_changed
JR01963,2026-08-04 02:10:00,DEV432,DATA-4285,Story,In Progress,Medium,status_changed
JR02638,2026-08-04 02:10:00,DEV001,DATA-797,Story,Code Review,Medium,issue_created
JR00532,2026-08-04 02:11:00,DEV421,DATA-8358,Bug,In Progress,Critical,comment_added
JR00082,2026-08-04 02:14:00,DEV468,DATA-675,Improvement,Done,Low,issue_created
JR01191,2026-08-04 02:17:00,DEV351,DEVOPS-1597,Bug,Code Review,Critical,issue_created
JR00925,2026-08-04 02:31:00,DEV462,DATA-8861,Story,Testing,Critical,issue_created
JR02784,2026-08-04 02:31:00,DEV329,DEVOPS-4691,Bug,To Do,Medium,issue_updated
JR02302,2026-08-04 02:42:00,DEV298,COGNI-1234,Improvement,Done,High,status_changed
JR03131,2026-08-04 02:42:00,DEV303,COGNI-2536,Story,In Progress,Low,status_changed
JR03420,2026-08-04 02:54:00,DEV105,COGNI-2307,Bug,In Progress,Low,issue_updated
JR01413,2026-08-04 02:59:00,DEV061,DEVOPS-8766,Story,Code Review,Medium,issue_created
JR04876,2026-08-04 03:00:00,DEV390,DATA-5091,Story,Testing,Critical,issue_updated
JR00097,2026-08-04 03:26:00,DEV139,COGNI-2750,Story,Done,High,comment_added
JR02846,2026-08-04 03:27:00,DEV011,COGNI-6192,Bug,Done,Medium,status_changed
JR00939,2026-08-04 03:28:00,DEV063,DATA-4879,Story,In Progress,Medium,issue_created
JR00548,2026-08-04 03:33:00,DEV145,DATA-7678,Task,To Do,Low,status_changed
JR03768,2026-08-04 03:34:00,DEV074,COGNI-2148,Task,Testing,Low,issue_assigned
JR02046,2026-08-04 03:35:00,DEV247,DEVOPS-7555,Improvement,Done,High,comment_added
JR02401,2026-08-04 03:35:00,DEV033,DATA-3455,Story,Code Review,Medium,status_changed
JR03961,2026-08-04 03:35:00,DEV033,DATA-322,Task,Done,Low,issue_created
JR00336,2026-08-04 03:45:00,DEV127,COGNI-2421,Story,To Do,High,status_changed
JR00307,2026-08-04 03:46:00,DEV280,COGNI-826,Bug,To Do,Critical,issue_updated
JR03739,2026-08-04 03:49:00,DEV115,COGNI-5682,Improvement,Code Review,Medium,comment_added
JR00550,2026-08-04 03:52:00,DEV159,DATA-9966,Improvement,Done,Critical,issue_updated
JR04864,2026-08-04 03:56:00,DEV039,DEVOPS-6405,Bug,In Progress,Medium,status_changed
JR02219,2026-08-04 04:00:00,DEV054,COGNI-4544,Story,To Do,High,issue_created
JR04277,2026-08-04 04:00:00,DEV294,DEVOPS-5759,Task,Code Review,Medium,issue_created
JR00742,2026-08-04 04:07:00,DEV285,COGNI-8704,Bug,Code Review,Medium,issue_assigned
JR02303,2026-08-04 04:07:00,DEV410,DATA-3929,Bug,Testing,High,status_changed
JR00778,2026-08-04 04:08:00,DEV319,DATA-8011,Story,Code Review,Critical,comment_added
JR01927,2026-08-04 04:22:00,DEV398,DEVOPS-3757,Improvement,To Do,High,comment_added
JR00305,2026-08-04 04:36:00,DEV382,COGNI-1340,Task,Done,High,issue_updated
JR00496,2026-08-04 04:39:00,DEV322,COGNI-2346,Story,Testing,Low,issue_updated
JR00152,2026-08-04 04:45:00,DEV137,COGNI-7160,Bug,To Do,Critical,issue_created
JR00256,2026-08-04 04:49:00,DEV367,DATA-6506,Task,To Do,Critical,issue_assigned
JR02080,2026-08-04 04:57:00,DEV231,DATA-2952,Bug,To Do,Low,issue_assigned
JR03960,2026-08-04 05:01:00,DEV352,COGNI-4828,Story,To Do,Critical,issue_updated
JR04185,2026-08-04 05:03:00,DEV482,COGNI-7257,Bug,Testing,High,issue_assigned
JR03180,2026-08-04 05:05:00,DEV480,DEVOPS-4555,Task,To Do,High,comment_added
JR04803,2026-08-04 05:07:00,DEV038,DATA-3513,Bug,In Progress,Low,issue_created
JR01145,2026-08-04 05:11:00,DEV001,DATA-4619,Task,Done,Medium,issue_created
JR04808,2026-08-04 05:24:00,DEV085,DEVOPS-4835,Bug,In Progress,Critical,comment_added
JR04072,2026-08-04 05:27:00,DEV216,COGNI-2882,Story,To Do,High,issue_assigned
JR01218,2026-08-04 05:28:00,DEV454,COGNI-3150,Improvement,Testing,Low,comment_added
JR04685,2026-08-04 05:31:00,DEV309,COGNI-6892,Bug,Testing,Low,issue_updated
JR01889,2026-08-04 05:34:00,DEV040,COGNI-2767,Bug,Done,Low,issue_assigned
JR01051,2026-08-04 05:37:00,DEV467,DEVOPS-3789,Story,Testing,Low,issue_updated
JR01205,2026-08-04 05:39:00,DEV135,COGNI-4795,Bug,In Progress,Medium,issue_updated
JR00551,2026-08-04 05:41:00,DEV320,DEVOPS-4081,Task,Done,Medium,issue_assigned
JR02548,2026-08-04 05:53:00,DEV365,COGNI-3178,Story,Done,Low,comment_added
JR04697,2026-08-04 06:00:00,DEV163,COGNI-3673,Task,To Do,High,issue_updated
JR02510,2026-08-04 06:02:00,DEV274,DATA-5954,Improvement,Testing,Critical,issue_created
JR01223,2026-08-04 06:04:00,DEV015,DATA-480,Improvement,To Do,High,comment_added
JR02319,2026-08-04 06:13:00,DEV379,COGNI-1655,Bug,In Progress,Medium,issue_created
JR04167,2026-08-04 06:23:00,DEV352,DEVOPS-377,Bug,To Do,Medium,issue_created
JR03290,2026-08-04 06:24:00,DEV085,DEVOPS-8874,Bug,Testing,Critical,issue_assigned
JR03820,2026-08-04 06:29:00,DEV248,COGNI-2980,Task,Code Review,Medium,issue_updated
JR03747,2026-08-04 06:30:00,DEV261,DEVOPS-1687,Story,Done,Critical,issue_assigned
JR01845,2026-08-04 06:32:00,DEV357,DATA-6589,Bug,Testing,Critical,status_changed
JR04395,2026-08-04 06:33:00,DEV007,COGNI-4753,Bug,To Do,Low,issue_assigned
JR01787,2026-08-04 06:36:00,DEV265,DATA-7674,Story,To Do,Medium,issue_updated
JR00801,2026-08-04 06:37:00,DEV003,DEVOPS-380,Story,In Progress,High,comment_added
JR00125,2026-08-04 06:55:00,DEV171,DEVOPS-2593,Bug,In Progress,Low,status_changed
JR04765,2026-08-04 07:01:00,DEV050,DEVOPS-3883,Improvement,Testing,Medium,issue_updated
JR00802,2026-08-04 07:11:00,DEV283,DEVOPS-9705,Improvement,Testing,High,status_changed
JR01566,2026-08-04 07:15:00,DEV273,DATA-7498,Improvement,Testing,Low,comment_added
JR04781,2026-08-04 07:15:00,DEV027,DEVOPS-1515,Bug,In Progress,High,issue_updated
JR00566,2026-08-04 07:17:00,DEV150,DEVOPS-3522,Improvement,To Do,Critical,status_changed
JR02391,2026-08-04 07:17:00,DEV398,DATA-4850,Story,Code Review,Medium,comment_added
JR01942,2026-08-04 07:24:00,DEV102,DATA-6144,Bug,Testing,Low,comment_added
JR04997,2026-08-04 07:29:00,DEV208,COGNI-6799,Task,Code Review,High,status_changed
JR04315,2026-08-04 07:31:00,DEV155,DATA-9129,Bug,To Do,Medium,status_changed
JR00117,2026-08-04 07:35:00,DEV035,DATA-5954,Story,Testing,Low,comment_added
JR04228,2026-08-04 07:39:00,DEV267,DATA-8669,Story,Code Review,Critical,issue_created
JR04688,2026-08-04 07:39:00,DEV405,DEVOPS-9294,Story,Testing,Low,comment_added
JR04223,2026-08-04 07:41:00,DEV449,DEVOPS-2147,Improvement,To Do,Medium,issue_updated
JR00342,2026-08-04 07:44:00,DEV091,COGNI-4848,Task,Code Review,High,issue_updated
JR00247,2026-08-04 07:52:00,DEV213,COGNI-466,Bug,Testing,Medium,issue_created
JR00832,2026-08-04 08:02:00,DEV081,DATA-9181,Task,To Do,High,issue_assigned
JR04013,2026-08-04 08:04:00,DEV098,DATA-9454,Bug,Done,Critical,issue_updated
JR00522,2026-08-04 08:08:00,DEV243,DATA-8277,Task,Testing,Medium,issue_updated
JR03272,2026-08-04 08:08:00,DEV114,DATA-5788,Story,Testing,Medium,issue_assigned
JR00345,2026-08-04 08:12:00,DEV230,DEVOPS-531,Task,To Do,Low,issue_created
JR04442,2026-08-04 08:13:00,DEV324,DATA-9613,Bug,Code Review,Low,comment_added
JR00723,2026-08-04 08:19:00,DEV209,COGNI-5490,Improvement,In Progress,Low,comment_added
JR02617,2026-08-04 08:21:00,DEV266,DATA-3984,Story,In Progress,Critical,issue_created
JR01465,2026-08-04 08:24:00,DEV476,DEVOPS-9688,Task,Code Review,Critical,issue_created
JR01373,2026-08-04 08:28:00,DEV478,DATA-4179,Story,In Progress,Medium,status_changed
JR01983,2026-08-04 08:29:00,DEV231,DATA-7610,Story,In Progress,High,issue_created
JR04633,2026-08-04 08:32:00,DEV424,COGNI-366,Task,Done,Critical,comment_added
JR02816,2026-08-04 08:37:00,DEV070,COGNI-6941,Improvement,In Progress,Critical,comment_added
JR02270,2026-08-04 08:40:00,DEV281,DEVOPS-8070,Task,In Progress,Low,issue_updated
JR04103,2026-08-04 08:42:00,DEV181,DATA-230,Story,Testing,Critical,status_changed
JR00884,2026-08-04 08:44:00,DEV427,DEVOPS-9356,Bug,To Do,Critical,issue_assigned
JR01528,2026-08-04 08:45:00,DEV319,DATA-1892,Task,Code Review,High,issue_updated
JR02531,2026-08-04 08:46:00,DEV454,DATA-8005,Task,Testing,Medium,issue_updated
JR04391,2026-08-04 08:47:00,DEV049,DATA-5593,Task,To Do,Medium,issue_created
JR01551,2026-08-04 09:09:00,DEV074,DEVOPS-4488,Story,To Do,Critical,issue_updated
JR04604,2026-08-04 09:11:00,DEV350,DATA-5770,Task,In Progress,High,status_changed
JR04306,2026-08-04 09:14:00,DEV024,DEVOPS-1087,Bug,Code Review,Medium,status_changed
JR00596,2026-08-04 09:17:00,DEV166,DEVOPS-5373,Bug,In Progress,High,issue_created
JR03058,2026-08-04 09:17:00,DEV343,COGNI-1778,Improvement,In Progress,High,status_changed
JR00560,2026-08-04 09:18:00,DEV084,DATA-9701,Story,Done,High,issue_updated
JR00272,2026-08-04 09:20:00,DEV402,DATA-4131,Bug,In Progress,High,issue_created
JR01575,2026-08-04 09:20:00,DEV101,DATA-6290,Story,Done,Low,comment_added
JR04870,2026-08-04 09:21:00,DEV258,DEVOPS-2235,Task,Testing,Critical,status_changed
JR00209,2026-08-04 09:30:00,DEV315,DEVOPS-2771,Task,Code Review,High,status_changed
JR00269,2026-08-04 09:43:00,DEV485,DEVOPS-4168,Improvement,To Do,High,status_changed
JR02310,2026-08-04 09:50:00,DEV127,COGNI-7257,Bug,Code Review,Low,status_changed
JR02697,2026-08-04 09:51:00,DEV175,DATA-8378,Bug,To Do,High,status_changed
JR03120,2026-08-04 09:57:00,DEV460,DEVOPS-9584,Bug,In Progress,Critical,issue_assigned
JR03504,2026-08-04 10:00:00,DEV133,DEVOPS-8200,Story,Done,Medium,issue_updated
JR01272,2026-08-04 10:01:00,DEV406,DEVOPS-6149,Improvement,Done,Medium,issue_assigned
JR00024,2026-08-04 10:03:00,DEV344,COGNI-9789,Improvement,Done,Low,issue_updated
JR00035,2026-08-04 10:11:00,DEV188,COGNI-5706,Story,Done,Medium,status_changed
JR02801,2026-08-04 10:12:00,DEV198,DATA-4490,Bug,Testing,High,issue_updated
JR02741,2026-08-04 10:18:00,DEV282,DEVOPS-5314,Improvement,Testing,Critical,status_changed
JR02258,2026-08-04 10:20:00,DEV243,COGNI-7146,Improvement,In Progress,Medium,status_changed
JR03635,2026-08-04 10:28:00,DEV340,DATA-2792,Bug,In Progress,Medium,issue_assigned
JR02140,2026-08-04 10:29:00,DEV226,DEVOPS-4194,Improvement,Testing,Medium,status_changed
JR00431,2026-08-04 10:32:00,DEV300,COGNI-5218,Bug,Done,Critical,issue_assigned
JR01948,2026-08-04 10:33:00,DEV362,DATA-1105,Task,Testing,Medium,status_changed
JR00317,2026-08-04 10:36:00,DEV388,COGNI-8891,Bug,Code Review,Low,comment_added
JR01282,2026-08-04 10:44:00,DEV395,DEVOPS-9326,Story,Testing,High,issue_assigned
JR03361,2026-08-04 10:47:00,DEV387,COGNI-3818,Task,Testing,Critical,comment_added
JR03658,2026-08-04 10:53:00,DEV039,COGNI-2074,Story,To Do,Medium,comment_added
JR00025,2026-08-04 10:54:00,DEV321,COGNI-1449,Task,In Progress,High,issue_assigned
JR00727,2026-08-04 11:00:00,DEV478,DEVOPS-6152,Task,In Progress,Medium,issue_created
JR00525,2026-08-04 11:02:00,DEV374,DATA-5637,Story,Testing,High,status_changed
JR03289,2026-08-04 11:03:00,DEV296,COGNI-6840,Bug,Code Review,Critical,comment_added
JR00953,2026-08-04 11:11:00,DEV197,COGNI-6231,Task,Done,Medium,issue_assigned
JR01930,2026-08-04 11:16:00,DEV420,DEVOPS-7012,Improvement,Testing,Low,issue_created
JR02445,2026-08-04 11:18:00,DEV181,DATA-8449,Story,Testing,Medium,issue_created
JR01047,2026-08-04 11:21:00,DEV265,DATA-7000,Story,To Do,High,status_changed
JR04345,2026-08-04 11:28:00,DEV486,DEVOPS-2929,Task,Testing,Low,issue_created
JR04977,2026-08-04 11:28:00,DEV473,DATA-6317,Bug,Done,High,issue_assigned
JR02575,2026-08-04 11:29:00,DEV215,DATA-6735,Improvement,In Progress,High,issue_updated
JR02925,2026-08-04 11:30:00,DEV173,COGNI-9963,Story,Done,Low,issue_created
JR01053,2026-08-04 11:32:00,DEV378,DEVOPS-960,Story,Code Review,Medium,issue_updated
JR04008,2026-08-04 11:41:00,DEV058,DATA-6386,Bug,To Do,Low,status_changed
JR04788,2026-08-04 11:41:00,DEV473,COGNI-7712,Task,In Progress,Critical,issue_updated
JR00076,2026-08-04 11:42:00,DEV353,COGNI-6063,Story,Done,Low,status_changed
JR00520,2026-08-04 11:54:00,DEV207,DATA-2152,Story,In Progress,Critical,issue_updated
JR00820,2026-08-04 11:57:00,DEV494,COGNI-6221,Story,Testing,Low,status_changed
JR03208,2026-08-04 12:02:00,DEV374,COGNI-4464,Story,To Do,Critical,issue_updated
JR03144,2026-08-04 12:04:00,DEV087,COGNI-707,Improvement,Testing,Low,issue_updated
JR00080,2026-08-04 12:05:00,DEV409,DATA-8229,Improvement,Testing,Medium,issue_updated
JR02770,2026-08-04 12:05:00,DEV109,COGNI-5113,Improvement,Done,Low,status_changed
JR00263,2026-08-04 12:12:00,DEV158,DEVOPS-6538,Bug,In Progress,Critical,issue_updated
JR00428,2026-08-04 12:16:00,DEV451,DEVOPS-4306,Bug,Testing,Critical,issue_updated
JR04632,2026-08-04 12:19:00,DEV076,DEVOPS-4244,Improvement,To Do,High,issue_updated
JR03935,2026-08-04 12:23:00,DEV101,DEVOPS-9926,Improvement,In Progress,High,status_changed
JR01186,2026-08-04 12:24:00,DEV312,DEVOPS-9124,Task,To Do,Low,issue_assigned
JR04866,2026-08-04 12:33:00,DEV481,COGNI-3679,Bug,Code Review,High,issue_updated
JR02032,2026-08-04 12:34:00,DEV268,DATA-4630,Improvement,In Progress,Critical,status_changed
JR02877,2026-08-04 12:34:00,DEV158,COGNI-9877,Improvement,To Do,Medium,issue_updated
JR03877,2026-08-04 12:35:00,DEV358,DEVOPS-4760,Improvement,Done,Medium,status_changed
JR03123,2026-08-04 12:39:00,DEV158,DEVOPS-8149,Story,Testing,Medium,comment_added
JR01977,2026-08-04 12:44:00,DEV142,DATA-4849,Task,In Progress,Low,issue_updated
JR03596,2026-08-04 12:50:00,DEV101,COGNI-3475,Improvement,To Do,Low,issue_created
JR01848,2026-08-04 12:52:00,DEV205,DEVOPS-8399,Bug,Done,Low,issue_assigned
JR00821,2026-08-04 12:54:00,DEV150,DATA-8395,Improvement,Done,Low,issue_assigned
JR00047,2026-08-04 12:55:00,DEV229,DEVOPS-4524,Improvement,Done,High,issue_assigned
JR00347,2026-08-04 13:01:00,DEV207,DATA-1349,Improvement,Code Review,Low,issue_created
JR04549,2026-08-04 13:01:00,DEV350,COGNI-7720,Bug,Testing,Critical,status_changed
JR04720,2026-08-04 13:02:00,DEV198,DEVOPS-776,Bug,Done,Critical,issue_assigned
JR04369,2026-08-04 13:08:00,DEV073,DATA-2185,Task,To Do,Critical,issue_assigned
JR01104,2026-08-04 13:22:00,DEV081,COGNI-4929,Improvement,Done,Medium,comment_added
JR02951,2026-08-04 13:22:00,DEV071,COGNI-7701,Task,Done,Medium,issue_assigned
JR04776,2026-08-04 13:22:00,DEV434,DEVOPS-1618,Task,In Progress,Low,issue_updated
JR01260,2026-08-04 13:26:00,DEV401,COGNI-4433,Story,Testing,Medium,issue_assigned
JR01737,2026-08-04 13:33:00,DEV065,COGNI-9113,Story,To Do,Low,issue_assigned
JR00735,2026-08-04 13:35:00,DEV286,COGNI-4718,Improvement,Done,Critical,status_changed
JR01855,2026-08-04 13:45:00,DEV148,DEVOPS-7615,Bug,To Do,Low,issue_assigned
JR02853,2026-08-04 13:49:00,DEV065,COGNI-5473,Story,Done,Critical,status_changed
JR01834,2026-08-04 13:50:00,DEV171,DEVOPS-5747,Bug,To Do,Medium,issue_created
JR02564,2026-08-04 13:51:00,DEV324,DEVOPS-2433,Improvement,Code Review,High,issue_updated
JR04435,2026-08-04 13:53:00,DEV124,COGNI-3784,Improvement,To Do,High,status_changed
JR01672,2026-08-04 14:01:00,DEV155,DEVOPS-1953,Story,Code Review,Critical,issue_updated
JR01941,2026-08-04 14:03:00,DEV098,DATA-9824,Story,In Progress,Low,status_changed
JR00843,2026-08-04 14:11:00,DEV466,COGNI-5726,Story,Done,Medium,issue_updated
JR01178,2026-08-04 14:12:00,DEV092,DATA-4830,Bug,Testing,Critical,comment_added
JR02360,2026-08-04 14:13:00,DEV440,DEVOPS-3150,Improvement,Code Review,Medium,status_changed
JR04807,2026-08-04 14:14:00,DEV125,DATA-2127,Improvement,Code Review,Critical,issue_created
JR01358,2026-08-04 14:15:00,DEV259,DATA-4427,Story,Done,High,issue_assigned
JR03863,2026-08-04 14:15:00,DEV469,DEVOPS-8430,Story,Testing,Critical,comment_added
JR04038,2026-08-04 14:22:00,DEV232,DATA-2168,Bug,In Progress,Medium,status_changed
JR02157,2026-08-04 14:25:00,DEV024,DATA-4990,Task,To Do,Low,issue_assigned
JR00183,2026-08-04 14:27:00,DEV240,COGNI-4169,Story,Code Review,Medium,issue_assigned
JR00166,2026-08-04 14:29:00,DEV174,DEVOPS-910,Task,In Progress,Critical,comment_added
JR03773,2026-08-04 14:29:00,DEV060,DATA-9537,Story,Done,Critical,issue_created
JR00945,2026-08-04 14:31:00,DEV236,DEVOPS-7728,Story,In Progress,Critical,issue_assigned
JR01005,2026-08-04 14:35:00,DEV441,COGNI-6198,Bug,In Progress,Low,comment_added
JR02767,2026-08-04 14:38:00,DEV441,DEVOPS-7958,Bug,Code Review,Medium,comment_added
JR01447,2026-08-04 14:39:00,DEV017,DEVOPS-2752,Bug,To Do,Medium,status_changed
JR01234,2026-08-04 14:44:00,DEV311,DEVOPS-5451,Bug,In Progress,High,comment_added
JR00248,2026-08-04 14:50:00,DEV251,COGNI-7738,Task,Code Review,High,issue_created
JR03100,2026-08-04 14:51:00,DEV144,DEVOPS-5606,Story,Done,Low,issue_assigned
JR01883,2026-08-04 15:04:00,DEV065,DEVOPS-2975,Bug,In Progress,Critical,issue_created
JR01283,2026-08-04 15:14:00,DEV324,DATA-8414,Task,Testing,Critical,comment_added
JR04415,2026-08-04 15:25:00,DEV480,COGNI-1719,Story,In Progress,Medium,issue_assigned
JR01210,2026-08-04 15:29:00,DEV216,DEVOPS-4971,Bug,Done,Medium,issue_updated
JR01336,2026-08-04 15:31:00,DEV101,DEVOPS-9182,Story,Done,Critical,status_changed
JR01630,2026-08-04 15:33:00,DEV311,DEVOPS-2682,Story,Done,High,issue_created
JR02910,2026-08-04 15:37:00,DEV232,COGNI-7728,Task,In Progress,High,issue_assigned
JR04499,2026-08-04 15:41:00,DEV131,COGNI-9251,Improvement,Done,High,issue_updated
JR00174,2026-08-04 15:42:00,DEV390,COGNI-2515,Story,Code Review,Critical,comment_added
JR03464,2026-08-04 15:43:00,DEV074,DEVOPS-1536,Improvement,In Progress,Medium,issue_updated
JR00382,2026-08-04 15:45:00,DEV063,DATA-3274,Task,In Progress,High,comment_added
JR02407,2026-08-04 15:47:00,DEV263,COGNI-6846,Task,Code Review,Low,comment_added
JR04425,2026-08-04 15:54:00,DEV070,DATA-4592,Bug,In Progress,Low,comment_added
JR03066,2026-08-04 15:56:00,DEV069,DEVOPS-7134,Improvement,In Progress,Critical,issue_created
JR00261,2026-08-04 15:58:00,DEV169,DATA-3813,Improvement,Code Review,Critical,status_changed
JR04090,2026-08-04 16:06:00,DEV309,COGNI-6964,Bug,Testing,Low,status_changed
JR02137,2026-08-04 16:07:00,DEV486,COGNI-7752,Improvement,Done,Low,status_changed
JR04512,2026-08-04 16:08:00,DEV038,DEVOPS-6439,Story,Testing,High,issue_updated
JR01415,2026-08-04 16:09:00,DEV334,COGNI-645,Bug,To Do,Critical,comment_added
JR03584,2026-08-04 16:12:00,DEV146,COGNI-845,Story,Testing,High,status_changed
JR01760,2026-08-04 16:15:00,DEV456,COGNI-5704,Story,Code Review,High,comment_added
JR03206,2026-08-04 16:15:00,DEV284,DEVOPS-4612,Story,In Progress,Critical,issue_created
JR03749,2026-08-04 16:21:00,DEV233,COGNI-2358,Task,Testing,High,issue_assigned
JR02865,2026-08-04 16:23:00,DEV081,DEVOPS-6561,Bug,Testing,Low,status_changed
JR03412,2026-08-04 16:23:00,DEV364,COGNI-2894,Bug,Testing,High,issue_assigned
JR02397,2026-08-04 16:24:00,DEV483,COGNI-9666,Task,Done,High,issue_assigned
JR04990,2026-08-04 16:33:00,DEV448,DATA-8405,Task,Code Review,Low,status_changed
JR01850,2026-08-04 16:35:00,DEV049,DEVOPS-5001,Bug,Testing,Medium,status_changed
JR00501,2026-08-04 16:36:00,DEV074,COGNI-6221,Task,Testing,Medium,issue_updated
JR01306,2026-08-04 16:37:00,DEV157,COGNI-9774,Story,Done,High,comment_added
JR00392,2026-08-04 16:40:00,DEV475,DEVOPS-1011,Task,To Do,Medium,issue_created
JR02282,2026-08-04 16:42:00,DEV070,DATA-7360,Bug,Done,Low,status_changed
JR02120,2026-08-04 16:45:00,DEV405,DATA-2042,Task,Done,Critical,status_changed
JR00606,2026-08-04 16:46:00,DEV355,COGNI-2177,Improvement,Done,Critical,issue_created
JR04701,2026-08-04 16:47:00,DEV165,DATA-2637,Task,Testing,High,status_changed
JR02582,2026-08-04 16:50:00,DEV280,DATA-5601,Story,Code Review,Low,issue_created
JR03603,2026-08-04 16:50:00,DEV477,DATA-5779,Task,To Do,High,issue_created
JR00196,2026-08-04 16:51:00,DEV211,COGNI-1211,Bug,In Progress,High,status_changed
JR04923,2026-08-04 16:57:00,DEV018,DATA-5678,Improvement,In Progress,Critical,comment_added
JR00867,2026-08-04 16:58:00,DEV024,DEVOPS-103,Task,Done,Low,issue_updated
JR01755,2026-08-04 16:58:00,DEV452,COGNI-6399,Improvement,Code Review,Critical,issue_created
JR04672,2026-08-04 16:59:00,DEV163,DATA-5944,Story,Done,High,status_changed
JR02279,2026-08-04 17:03:00,DEV084,DATA-2787,Story,Done,High,issue_created
JR01088,2026-08-04 17:11:00,DEV106,DATA-4056,Story,Code Review,Medium,issue_created
JR04855,2026-08-04 17:11:00,DEV426,DATA-1328,Improvement,Code Review,Critical,status_changed
JR02111,2026-08-04 17:14:00,DEV380,COGNI-1328,Story,To Do,Medium,status_changed
JR03576,2026-08-04 17:15:00,DEV257,DEVOPS-7150,Task,Code Review,Medium,issue_updated
JR03983,2026-08-04 17:19:00,DEV387,DEVOPS-5709,Bug,To Do,Critical,issue_assigned
JR04113,2026-08-04 17:22:00,DEV165,DATA-9986,Task,Testing,Low,comment_added
JR03102,2026-08-04 17:33:00,DEV181,DEVOPS-182,Improvement,In Progress,Low,comment_added
JR03918,2026-08-04 17:37:00,DEV025,DATA-109,Task,In Progress,Medium,issue_created
JR02909,2026-08-04 17:53:00,DEV469,COGNI-7460,Task,Done,Critical,comment_added
JR03311,2026-08-04 17:56:00,DEV163,DATA-527,Story,Testing,Low,status_changed
JR04102,2026-08-04 17:58:00,DEV099,COGNI-5537,Task,Testing,Critical,issue_created
JR00984,2026-08-04 18:01:00,DEV088,DATA-3720,Improvement,Code Review,Critical,issue_updated
JR01925,2026-08-04 18:01:00,DEV219,DEVOPS-6719,Improvement,In Progress,Critical,issue_updated
JR04517,2026-08-04 18:02:00,DEV139,COGNI-2505,Task,Done,Critical,issue_updated
JR01527,2026-08-04 18:03:00,DEV058,DATA-908,Improvement,Code Review,Low,issue_assigned
JR02615,2026-08-04 18:07:00,DEV487,COGNI-6709,Task,Testing,High,comment_added
JR01934,2026-08-04 18:08:00,DEV225,DEVOPS-6586,Bug,In Progress,Critical,comment_added
JR03903,2026-08-04 18:12:00,DEV072,DATA-4696,Story,To Do,High,issue_created
JR01570,2026-08-04 18:15:00,DEV185,DATA-5199,Story,Done,High,comment_added
JR00165,2026-08-04 18:19:00,DEV339,DATA-702,Task,Code Review,Low,issue_created
JR04908,2026-08-04 18:28:00,DEV001,DEVOPS-6830,Bug,Done,Critical,issue_updated
JR01355,2026-08-04 18:29:00,DEV260,DEVOPS-8827,Bug,Code Review,Low,issue_created
JR01513,2026-08-04 18:32:00,DEV289,DATA-6973,Story,In Progress,Low,issue_assigned
JR04069,2026-08-04 18:32:00,DEV023,DATA-7767,Story,To Do,Medium,status_changed
JR00400,2026-08-04 18:34:00,DEV424,COGNI-9887,Bug,Done,Low,status_changed
JR01386,2026-08-04 18:41:00,DEV266,COGNI-1049,Improvement,Done,Medium,status_changed
JR00920,2026-08-04 18:43:00,DEV473,COGNI-5491,Story,Done,High,comment_added
JR01133,2026-08-04 18:43:00,DEV442,COGNI-4997,Task,Code Review,Medium,comment_added
JR02988,2026-08-04 18:47:00,DEV401,DATA-3747,Bug,Code Review,Medium,issue_created
JR03718,2026-08-04 18:47:00,DEV339,DEVOPS-6246,Improvement,Done,Critical,issue_created
JR02039,2026-08-04 18:49:00,DEV230,DATA-6474,Story,Testing,Medium,comment_added
JR02184,2026-08-04 18:49:00,DEV250,DATA-1315,Story,Done,High,issue_created
JR03558,2026-08-04 18:56:00,DEV316,COGNI-8057,Story,In Progress,Critical,issue_assigned
JR04040,2026-08-04 19:10:00,DEV433,DEVOPS-3530,Story,Done,Medium,comment_added
JR02163,2026-08-04 19:11:00,DEV397,COGNI-9085,Improvement,To Do,Medium,issue_created
JR01258,2026-08-04 19:16:00,DEV477,DATA-183,Improvement,Done,Critical,comment_added
JR00429,2026-08-04 19:44:00,DEV130,COGNI-9361,Bug,Code Review,Low,issue_created
JR02700,2026-08-04 19:48:00,DEV132,COGNI-5628,Story,To Do,Critical,issue_created
JR03527,2026-08-04 19:56:00,DEV469,COGNI-1978,Story,Testing,Critical,status_changed
JR01501,2026-08-04 20:08:00,DEV022,COGNI-1028,Bug,In Progress,High,status_changed
JR04520,2026-08-04 20:18:00,DEV082,COGNI-9870,Task,To Do,High,issue_assigned
JR01067,2026-08-04 20:19:00,DEV126,DEVOPS-1673,Bug,In Progress,Medium,issue_updated
JR01790,2026-08-04 20:21:00,DEV458,DEVOPS-1219,Improvement,In Progress,Critical,status_changed
JR01444,2026-08-04 20:26:00,DEV166,DATA-808,Improvement,Testing,Medium,issue_assigned
JR02549,2026-08-04 20:30:00,DEV308,DATA-8771,Task,Code Review,Low,issue_updated
JR03567,2026-08-04 20:33:00,DEV296,COGNI-5564,Bug,Testing,High,comment_added
JR02542,2026-08-04 20:49:00,DEV458,COGNI-2767,Improvement,Code Review,Medium,comment_added
JR00395,2026-08-04 20:50:00,DEV098,DATA-9935,Bug,Code Review,Medium,comment_added
JR03884,2026-08-04 21:01:00,DEV468,DATA-713,Bug,Done,Critical,issue_updated
JR04965,2026-08-04 21:07:00,DEV043,DEVOPS-3502,Bug,In Progress,High,issue_created
JR03587,2026-08-04 21:20:00,DEV374,DATA-9289,Story,Done,Medium,issue_updated
JR01480,2026-08-04 21:33:00,DEV067,COGNI-5204,Bug,Done,Low,comment_added
JR04931,2026-08-04 21:42:00,DEV332,DATA-7810,Improvement,In Progress,Medium,status_changed
JR02195,2026-08-04 21:43:00,DEV180,DEVOPS-1824,Task,Done,High,issue_assigned
JR04746,2026-08-04 21:50:00,DEV271,COGNI-1206,Story,Code Review,Low,issue_created
JR04894,2026-08-04 21:54:00,DEV475,DEVOPS-8319,Story,Done,Medium,status_changed
JR04661,2026-08-04 21:55:00,DEV382,COGNI-270,Improvement,Testing,High,issue_assigned
JR02045,2026-08-04 22:03:00,DEV346,COGNI-3808,Improvement,To Do,Low,issue_assigned
JR02333,2026-08-04 22:05:00,DEV338,DEVOPS-8265,Task,Done,Medium,comment_added
JR04574,2026-08-04 22:05:00,DEV437,COGNI-5796,Improvement,To Do,Medium,status_changed
JR00468,2026-08-04 22:06:00,DEV147,DEVOPS-5771,Improvement,Code Review,High,issue_updated
JR00223,2026-08-04 22:34:00,DEV049,COGNI-526,Improvement,Code Review,High,issue_created
JR03595,2026-08-04 22:38:00,DEV134,DEVOPS-6671,Story,Code Review,High,issue_created
JR00386,2026-08-04 22:39:00,DEV065,DATA-3044,Bug,Done,High,issue_assigned
JR02099,2026-08-04 22:45:00,DEV147,COGNI-4893,Improvement,To Do,Low,comment_added
JR04529,2026-08-04 22:46:00,DEV371,COGNI-5534,Bug,Code Review,High,issue_created
JR00474,2026-08-04 22:52:00,DEV443,DATA-6099,Improvement,Testing,High,status_changed
JR04643,2026-08-04 22:53:00,DEV048,DEVOPS-8514,Bug,To Do,Low,issue_assigned
JR04919,2026-08-04 22:57:00,DEV132,DATA-9871,Story,Testing,High,issue_created
JR04846,2026-08-04 22:58:00,DEV466,DATA-6338,Improvement,In Progress,High,issue_updated
JR01488,2026-08-04 23:02:00,DEV028,DATA-4369,Story,In Progress,Critical,comment_added
JR00747,2026-08-04 23:07:00,DEV399,DATA-1080,Story,In Progress,Critical,issue_updated
JR00905,2026-08-04 23:12:00,DEV296,COGNI-9027,Bug,Code Review,Low,issue_created
JR00530,2026-08-04 23:13:00,DEV004,DATA-1739,Improvement,Testing,High,issue_assigned
JR04232,2026-08-04 23:13:00,DEV397,COGNI-1984,Bug,Done,Critical,issue_created
JR01554,2026-08-04 23:19:00,DEV075,DEVOPS-4385,Task,To Do,Critical,issue_updated
JR03518,2026-08-04 23:22:00,DEV421,COGNI-3947,Task,In Progress,Low,status_changed
JR03900,2026-08-04 23:22:00,DEV059,DEVOPS-5155,Bug,In Progress,Medium,issue_created
JR01445,2026-08-04 23:24:00,DEV201,DATA-6490,Story,Testing,High,issue_assigned
JR01707,2026-08-04 23:28:00,DEV252,COGNI-2448,Story,Testing,Critical,comment_added
JR01114,2026-08-04 23:32:00,DEV019,COGNI-1614,Bug,To Do,Critical,issue_assigned
JR04290,2026-08-04 23:32:00,DEV469,DEVOPS-3570,Task,Testing,Medium,status_changed
JR04114,2026-08-04 23:34:00,DEV446,DEVOPS-4810,Improvement,Done,Critical,issue_updated
JR00327,2026-08-04 23:35:00,DEV371,DATA-6839,Story,To Do,Medium,status_changed
JR01763,2026-08-04 23:37:00,DEV325,COGNI-7395,Story,In Progress,Critical,issue_created
JR03071,2026-08-04 23:37:00,DEV067,DEVOPS-8081,Improvement,Testing,Low,issue_assigned
JR04569,2026-08-04 23:38:00,DEV130,DATA-4678,Task,Testing,Critical,issue_created
JR00471,2026-08-04 23:44:00,DEV146,DATA-7819,Bug,To Do,Low,issue_assigned
JR02149,2026-08-04 23:47:00,DEV271,DATA-664,Bug,To Do,Low,comment_added
JR00319,2026-08-04 23:53:00,DEV321,COGNI-7986,Story,Code Review,High,issue_assigned
JR00422,2026-08-04 23:54:00,DEV294,DATA-7473,Task,To Do,High,issue_assigned
JR04890,2026-08-04 23:56:00,DEV370,DEVOPS-2751,Story,In Progress,High,status_changed
JR00461,2026-08-05 00:05:00,DEV403,COGNI-8945,Bug,Testing,Low,issue_assigned
JR03869,2026-08-05 00:08:00,DEV301,DEVOPS-9966,Bug,Testing,Low,comment_added
JR04324,2026-08-05 00:09:00,DEV301,DEVOPS-2991,Bug,Done,High,status_changed
JR03556,2026-08-05 00:10:00,DEV325,DATA-1674,Story,In Progress,Critical,issue_assigned
JR02708,2026-08-05 00:15:00,DEV498,COGNI-1173,Improvement,Code Review,High,status_changed
JR01833,2026-08-05 00:22:00,DEV032,DATA-2584,Bug,To Do,Critical,issue_updated
JR03752,2026-08-05 00:28:00,DEV149,DEVOPS-6662,Story,Testing,Medium,issue_updated
JR04451,2026-08-05 00:29:00,DEV320,DEVOPS-3755,Task,Testing,High,issue_created
JR00956,2026-08-05 00:37:00,DEV169,COGNI-1327,Story,To Do,Low,issue_created
JR01431,2026-08-05 00:39:00,DEV308,DEVOPS-6221,Bug,Testing,Critical,status_changed
JR03883,2026-08-05 00:44:00,DEV358,COGNI-5513,Improvement,To Do,Critical,status_changed
JR03326,2026-08-05 00:45:00,DEV349,DEVOPS-9221,Improvement,In Progress,Medium,issue_updated
JR03937,2026-08-05 00:47:00,DEV418,DEVOPS-568,Task,Code Review,Critical,issue_assigned
JR03856,2026-08-05 00:49:00,DEV291,COGNI-2089,Task,Code Review,Critical,issue_created
JR04831,2026-08-05 00:50:00,DEV032,COGNI-7115,Task,Testing,Medium,issue_updated
JR04883,2026-08-05 00:55:00,DEV305,DATA-6302,Improvement,Code Review,Low,issue_created
JR04796,2026-08-05 00:58:00,DEV126,DATA-6000,Story,Testing,Critical,issue_updated
JR00146,2026-08-05 00:59:00,DEV499,DATA-8344,Task,In Progress,Critical,issue_updated
JR01603,2026-08-05 01:01:00,DEV494,DEVOPS-8525,Story,To Do,Critical,issue_created
JR02977,2026-08-05 01:07:00,DEV368,DATA-1004,Story,Testing,High,comment_added
JR00822,2026-08-05 01:14:00,DEV472,COGNI-956,Improvement,Code Review,Low,status_changed
JR03092,2026-08-05 01:14:00,DEV042,COGNI-5414,Story,To Do,Low,issue_assigned
JR00265,2026-08-05 01:21:00,DEV032,COGNI-7565,Bug,In Progress,Medium,comment_added
JR04407,2026-08-05 01:22:00,DEV163,DEVOPS-4415,Story,In Progress,Low,status_changed
JR00811,2026-08-05 01:41:00,DEV184,DATA-3025,Story,In Progress,Medium,status_changed
JR02621,2026-08-05 01:41:00,DEV381,DATA-3585,Task,Testing,Critical,comment_added
JR04166,2026-08-05 01:48:00,DEV474,DEVOPS-2543,Task,Testing,Critical,issue_updated
JR00900,2026-08-05 01:51:00,DEV414,COGNI-6885,Story,To Do,Medium,status_changed
JR02308,2026-08-05 01:54:00,DEV105,COGNI-1086,Bug,Done,Critical,issue_updated
JR04727,2026-08-05 02:04:00,DEV262,DEVOPS-6422,Task,Done,Critical,issue_assigned
JR02171,2026-08-05 02:07:00,DEV222,COGNI-1372,Bug,To Do,Critical,status_changed
JR00407,2026-08-05 02:08:00,DEV127,DATA-4838,Story,In Progress,Medium,status_changed
JR04489,2026-08-05 02:10:00,DEV093,DATA-4462,Task,In Progress,Critical,issue_assigned
JR00994,2026-08-05 02:11:00,DEV087,DEVOPS-6739,Improvement,Testing,Low,issue_updated
JR03876,2026-08-05 02:18:00,DEV214,DEVOPS-4931,Improvement,In Progress,Critical,status_changed
JR04754,2026-08-05 02:20:00,DEV430,COGNI-1342,Bug,Done,High,issue_assigned
JR04203,2026-08-05 02:27:00,DEV183,DEVOPS-9601,Story,Done,Medium,issue_assigned
JR03839,2026-08-05 02:29:00,DEV310,COGNI-1958,Bug,Code Review,Medium,issue_assigned
JR03886,2026-08-05 02:32:00,DEV237,COGNI-6511,Improvement,Done,Medium,status_changed
JR03086,2026-08-05 02:35:00,DEV136,DEVOPS-1732,Story,In Progress,High,issue_created
JR02455,2026-08-05 02:43:00,DEV183,DEVOPS-2856,Bug,In Progress,High,status_changed
JR00470,2026-08-05 02:47:00,DEV326,COGNI-8373,Story,Testing,High,issue_created
JR00292,2026-08-05 02:51:00,DEV271,COGNI-9802,Bug,Done,Critical,issue_updated
JR03973,2026-08-05 02:52:00,DEV280,DEVOPS-4652,Story,In Progress,High,issue_updated
JR02945,2026-08-05 02:56:00,DEV076,DEVOPS-3682,Task,Testing,High,status_changed
JR02006,2026-08-05 03:00:00,DEV397,DEVOPS-224,Task,Code Review,High,issue_assigned
JR03957,2026-08-05 03:03:00,DEV078,COGNI-5995,Improvement,Done,Low,issue_created
JR02695,2026-08-05 03:06:00,DEV421,COGNI-7217,Story,Code Review,Critical,issue_created
JR01768,2026-08-05 03:12:00,DEV019,COGNI-947,Task,To Do,High,issue_created
JR03320,2026-08-05 03:18:00,DEV441,DEVOPS-8480,Bug,Code Review,Critical,issue_updated
JR03147,2026-08-05 03:19:00,DEV193,DATA-7064,Task,To Do,Medium,issue_updated
JR04159,2026-08-05 03:19:00,DEV324,COGNI-2376,Task,To Do,Medium,issue_created
JR02940,2026-08-05 03:25:00,DEV350,DEVOPS-8243,Story,To Do,Medium,issue_created
JR04160,2026-08-05 03:38:00,DEV412,DEVOPS-805,Story,In Progress,Critical,comment_added
JR02748,2026-08-05 03:42:00,DEV251,DATA-3652,Story,Testing,Critical,status_changed
JR03294,2026-08-05 03:42:00,DEV005,DEVOPS-3996,Improvement,In Progress,Low,issue_created
JR00685,2026-08-05 03:43:00,DEV448,COGNI-9247,Task,Testing,High,comment_added
JR04375,2026-08-05 03:53:00,DEV367,DATA-4805,Task,Code Review,High,comment_added
JR03104,2026-08-05 03:55:00,DEV404,DEVOPS-8283,Improvement,To Do,Critical,comment_added
JR03363,2026-08-05 04:01:00,DEV352,COGNI-1504,Bug,Done,Critical,comment_added
JR04093,2026-08-05 04:03:00,DEV365,DATA-3573,Improvement,Code Review,Low,issue_assigned
JR04257,2026-08-05 04:04:00,DEV214,COGNI-2447,Task,Code Review,Critical,status_changed
JR02754,2026-08-05 04:08:00,DEV047,DATA-137,Story,Code Review,Critical,comment_added
JR01690,2026-08-05 04:09:00,DEV037,COGNI-8196,Bug,To Do,Critical,issue_assigned
JR04955,2026-08-05 04:16:00,DEV099,COGNI-761,Improvement,In Progress,Low,issue_updated
JR00068,2026-08-05 04:22:00,DEV173,COGNI-8449,Story,To Do,Medium,issue_updated
JR03158,2026-08-05 04:24:00,DEV216,DATA-1578,Story,Code Review,High,status_changed
JR04603,2026-08-05 04:26:00,DEV444,DEVOPS-695,Story,Code Review,High,issue_created
JR04064,2026-08-05 04:29:00,DEV128,DEVOPS-5539,Task,Done,High,issue_updated
JR03753,2026-08-05 04:38:00,DEV094,DEVOPS-5625,Task,Code Review,High,comment_added
JR02673,2026-08-05 04:44:00,DEV163,DATA-6381,Story,Testing,Critical,comment_added
JR03700,2026-08-05 04:52:00,DEV070,DEVOPS-8983,Story,Testing,Critical,issue_assigned
JR03056,2026-08-05 04:55:00,DEV168,DATA-6595,Story,Code Review,Low,issue_assigned
JR00816,2026-08-05 05:04:00,DEV487,DATA-8458,Story,In Progress,High,issue_updated
JR02210,2026-08-05 05:04:00,DEV187,DEVOPS-911,Story,Code Review,Low,issue_updated
JR00290,2026-08-05 05:06:00,DEV228,DATA-3937,Bug,Testing,Low,issue_assigned
JR03162,2026-08-05 05:07:00,DEV487,DEVOPS-7457,Story,Done,High,comment_added
JR02757,2026-08-05 05:08:00,DEV181,DATA-7675,Task,To Do,High,issue_assigned
JR01741,2026-08-05 05:09:00,DEV412,DEVOPS-9072,Story,To Do,Medium,issue_updated
JR00298,2026-08-05 05:14:00,DEV245,COGNI-2659,Task,In Progress,Medium,status_changed
JR00796,2026-08-05 05:19:00,DEV147,COGNI-3877,Improvement,To Do,Critical,issue_updated
JR04810,2026-08-05 05:20:00,DEV237,DATA-6095,Improvement,To Do,Medium,issue_created
JR04188,2026-08-05 05:23:00,DEV302,COGNI-349,Improvement,Code Review,Medium,issue_created
JR01172,2026-08-05 05:24:00,DEV076,DEVOPS-5799,Bug,In Progress,Critical,status_changed
JR01966,2026-08-05 05:30:00,DEV092,DEVOPS-1011,Story,Testing,Low,status_changed
JR00977,2026-08-05 05:31:00,DEV206,COGNI-4278,Story,Code Review,High,issue_updated
JR03758,2026-08-05 05:36:00,DEV470,DEVOPS-1774,Bug,Code Review,High,issue_updated
JR00519,2026-08-05 05:38:00,DEV451,DEVOPS-961,Task,Testing,Medium,issue_assigned
JR01842,2026-08-05 05:40:00,DEV206,DEVOPS-7865,Bug,To Do,High,issue_created
JR02334,2026-08-05 05:49:00,DEV105,DATA-8509,Task,Done,Low,status_changed
JR03526,2026-08-05 05:53:00,DEV077,DEVOPS-4226,Story,To Do,Medium,issue_assigned
JR02220,2026-08-05 05:56:00,DEV468,DATA-9235,Improvement,To Do,Critical,comment_added
JR00797,2026-08-05 05:59:00,DEV333,DEVOPS-5440,Story,To Do,Low,comment_added
JR03822,2026-08-05 05:59:00,DEV234,DATA-9336,Bug,Code Review,Critical,issue_created
JR02863,2026-08-05 06:02:00,DEV290,DATA-7734,Improvement,In Progress,High,comment_added
JR04548,2026-08-05 06:02:00,DEV311,COGNI-8288,Task,Done,Low,comment_added
JR02170,2026-08-05 06:12:00,DEV242,DEVOPS-3041,Task,To Do,Low,issue_assigned
JR01908,2026-08-05 06:16:00,DEV101,COGNI-754,Story,To Do,High,issue_created
JR00045,2026-08-05 06:19:00,DEV457,DATA-5675,Story,Code Review,Medium,issue_assigned
JR00128,2026-08-05 06:22:00,DEV244,DATA-6861,Bug,In Progress,Low,status_changed
JR01786,2026-08-05 06:25:00,DEV172,COGNI-307,Task,Code Review,Medium,comment_added
JR04993,2026-08-05 06:45:00,DEV359,COGNI-3737,Task,In Progress,Medium,issue_assigned
JR03493,2026-08-05 06:47:00,DEV417,COGNI-4575,Story,In Progress,Medium,issue_assigned
JR02933,2026-08-05 06:48:00,DEV375,DATA-2767,Improvement,Testing,High,issue_updated
JR02931,2026-08-05 06:49:00,DEV326,DEVOPS-3713,Bug,Code Review,Medium,issue_updated
JR03818,2026-08-05 06:52:00,DEV117,DATA-2857,Story,To Do,High,issue_updated
JR03981,2026-08-05 06:54:00,DEV443,COGNI-3921,Bug,Testing,Low,issue_assigned
JR00467,2026-08-05 07:00:00,DEV438,DATA-232,Story,Done,High,issue_created
JR02725,2026-08-05 07:05:00,DEV270,DEVOPS-9073,Task,To Do,Critical,comment_added
JR01546,2026-08-05 07:17:00,DEV492,DEVOPS-5952,Improvement,Testing,High,status_changed
JR02343,2026-08-05 07:19:00,DEV090,DEVOPS-1816,Task,Done,Medium,issue_updated
JR03334,2026-08-05 07:32:00,DEV236,DEVOPS-3768,Bug,To Do,Low,issue_created
JR02281,2026-08-05 07:37:00,DEV214,DATA-7993,Task,Done,Critical,issue_created
JR00253,2026-08-05 07:39:00,DEV164,DATA-5020,Improvement,Code Review,Low,status_changed
JR03912,2026-08-05 07:39:00,DEV433,COGNI-838,Task,Testing,Medium,status_changed
JR00054,2026-08-05 07:43:00,DEV115,DEVOPS-2720,Bug,Testing,Medium,status_changed
JR02251,2026-08-05 07:44:00,DEV034,COGNI-2886,Task,To Do,High,comment_added
JR04017,2026-08-05 07:47:00,DEV314,DATA-898,Story,Done,Medium,issue_created
JR02776,2026-08-05 07:49:00,DEV117,DATA-7026,Bug,Code Review,Critical,status_changed
JR03619,2026-08-05 07:51:00,DEV359,COGNI-7657,Improvement,In Progress,High,status_changed
JR03191,2026-08-05 07:52:00,DEV432,COGNI-4097,Improvement,In Progress,Low,comment_added
JR02541,2026-08-05 07:56:00,DEV187,DEVOPS-786,Bug,Done,Medium,issue_assigned
JR02388,2026-08-05 08:00:00,DEV463,COGNI-5662,Bug,In Progress,High,issue_updated
JR02712,2026-08-05 08:10:00,DEV432,DATA-4032,Task,To Do,Medium,issue_updated
JR01317,2026-08-05 08:13:00,DEV023,DATA-7118,Improvement,In Progress,High,issue_assigned
JR03235,2026-08-05 08:16:00,DEV080,DEVOPS-2671,Bug,To Do,High,issue_created
JR04758,2026-08-05 08:29:00,DEV292,COGNI-3317,Task,Code Review,Critical,issue_assigned
JR00127,2026-08-05 08:31:00,DEV114,DEVOPS-6796,Improvement,Code Review,High,status_changed
JR02766,2026-08-05 08:36:00,DEV434,DEVOPS-726,Improvement,Testing,Medium,issue_assigned
JR04117,2026-08-05 08:37:00,DEV024,DEVOPS-5035,Task,Code Review,Medium,issue_assigned
JR01932,2026-08-05 08:46:00,DEV350,DEVOPS-4230,Improvement,Testing,Low,issue_assigned
JR03673,2026-08-05 08:55:00,DEV143,DEVOPS-9061,Task,Testing,Critical,status_changed
JR00067,2026-08-05 08:57:00,DEV330,DATA-5449,Story,Testing,Critical,issue_updated
JR04477,2026-08-05 08:57:00,DEV084,DATA-323,Task,Testing,Medium,issue_assigned
JR01515,2026-08-05 09:01:00,DEV009,COGNI-9300,Bug,Code Review,Medium,issue_created
JR02883,2026-08-05 09:10:00,DEV189,COGNI-8956,Task,Testing,Low,issue_assigned
JR00533,2026-08-05 09:11:00,DEV022,DEVOPS-5693,Bug,To Do,Low,issue_assigned
JR01926,2026-08-05 09:12:00,DEV439,DATA-2174,Story,Testing,High,issue_updated
JR04305,2026-08-05 09:18:00,DEV175,COGNI-3908,Story,In Progress,Medium,comment_added
JR03766,2026-08-05 09:27:00,DEV156,DATA-3907,Task,Testing,Low,issue_assigned
JR03485,2026-08-05 09:29:00,DEV012,DEVOPS-6813,Bug,Code Review,Low,issue_updated
JR00426,2026-08-05 09:33:00,DEV481,DEVOPS-3198,Bug,Testing,High,issue_updated
JR04384,2026-08-05 09:34:00,DEV179,DATA-9367,Story,To Do,Low,status_changed
JR02459,2026-08-05 09:35:00,DEV035,COGNI-9419,Improvement,In Progress,Critical,issue_assigned
JR03888,2026-08-05 09:36:00,DEV495,COGNI-4927,Bug,Code Review,Critical,issue_assigned
JR04402,2026-08-05 09:45:00,DEV134,DEVOPS-3701,Story,Done,Medium,comment_added
JR03497,2026-08-05 09:46:00,DEV157,COGNI-4190,Story,In Progress,Critical,issue_created
JR02384,2026-08-05 09:49:00,DEV313,COGNI-6544,Task,To Do,Medium,comment_added
JR00666,2026-08-05 09:53:00,DEV459,COGNI-5096,Bug,In Progress,Critical,issue_assigned
JR04182,2026-08-05 09:53:00,DEV169,DATA-4219,Bug,Testing,High,status_changed
JR00621,2026-08-05 09:56:00,DEV177,COGNI-7728,Bug,Code Review,Low,status_changed
JR03832,2026-08-05 09:58:00,DEV487,DEVOPS-1847,Story,Testing,High,issue_created
JR00359,2026-08-05 09:59:00,DEV361,COGNI-4490,Story,Testing,Medium,status_changed
JR04126,2026-08-05 10:05:00,DEV056,COGNI-8533,Improvement,In Progress,Low,issue_updated
JR03613,2026-08-05 10:06:00,DEV440,DATA-7632,Task,In Progress,Low,issue_created
JR04709,2026-08-05 10:15:00,DEV014,DEVOPS-535,Task,Code Review,Medium,issue_assigned
JR01219,2026-08-05 10:18:00,DEV319,DATA-3557,Bug,Testing,High,status_changed
JR02410,2026-08-05 10:21:00,DEV022,DATA-7012,Task,In Progress,Medium,status_changed
JR00287,2026-08-05 10:23:00,DEV464,COGNI-5645,Story,In Progress,High,issue_updated
JR04704,2026-08-05 10:23:00,DEV345,DATA-2269,Task,Code Review,Critical,issue_updated
JR04121,2026-08-05 10:25:00,DEV423,COGNI-5047,Bug,Testing,Medium,issue_assigned
JR00687,2026-08-05 10:27:00,DEV264,DATA-2549,Bug,To Do,Critical,issue_created
JR02669,2026-08-05 10:28:00,DEV425,DEVOPS-2857,Improvement,To Do,Medium,comment_added
JR03103,2026-08-05 10:39:00,DEV204,DEVOPS-8954,Task,Testing,Low,status_changed
JR01681,2026-08-05 10:42:00,DEV495,DATA-1670,Improvement,Code Review,Low,issue_updated
JR00944,2026-08-05 10:49:00,DEV367,DEVOPS-1735,Bug,In Progress,High,issue_created
JR02404,2026-08-05 10:52:00,DEV196,DEVOPS-9329,Bug,Done,Low,status_changed
JR01504,2026-08-05 11:03:00,DEV339,COGNI-713,Task,To Do,High,status_changed
JR01263,2026-08-05 11:04:00,DEV135,DATA-1107,Bug,Testing,Low,issue_updated
JR01639,2026-08-05 11:06:00,DEV050,COGNI-1153,Story,Code Review,Critical,status_changed
JR01511,2026-08-05 11:07:00,DEV413,DATA-8642,Story,Code Review,High,status_changed
JR04881,2026-08-05 11:07:00,DEV189,DATA-5790,Improvement,In Progress,Low,issue_updated
JR00571,2026-08-05 11:08:00,DEV076,COGNI-4766,Bug,In Progress,High,comment_added
JR01022,2026-08-05 11:10:00,DEV181,DEVOPS-3949,Task,Testing,Critical,issue_updated
JR00354,2026-08-05 11:14:00,DEV372,COGNI-4050,Bug,In Progress,Critical,issue_created
JR03483,2026-08-05 11:15:00,DEV290,DEVOPS-2336,Improvement,In Progress,High,issue_assigned
JR03861,2026-08-05 11:19:00,DEV231,DATA-6069,Bug,Testing,Low,issue_created
JR00584,2026-08-05 11:24:00,DEV132,COGNI-8171,Story,To Do,Low,issue_assigned
JR02734,2026-08-05 11:30:00,DEV097,DEVOPS-283,Story,In Progress,Critical,issue_assigned
JR01548,2026-08-05 11:33:00,DEV353,DEVOPS-8057,Bug,To Do,Critical,comment_added
JR03985,2026-08-05 11:36:00,DEV203,DATA-4913,Story,Testing,High,issue_assigned
JR04174,2026-08-05 11:37:00,DEV146,DATA-3769,Task,Testing,Low,issue_assigned
JR04237,2026-08-05 11:38:00,DEV461,DATA-7063,Story,To Do,Critical,comment_added
JR02937,2026-08-05 11:46:00,DEV080,DATA-3789,Bug,Done,Medium,issue_created
JR04483,2026-08-05 11:46:00,DEV135,DATA-8888,Story,Code Review,High,issue_updated
JR00947,2026-08-05 11:49:00,DEV178,DEVOPS-8170,Improvement,In Progress,Critical,status_changed
JR01509,2026-08-05 11:53:00,DEV288,DATA-5642,Bug,Testing,Medium,comment_added
JR03715,2026-08-05 11:59:00,DEV449,COGNI-4420,Improvement,Done,High,issue_assigned
JR04474,2026-08-05 12:01:00,DEV431,DATA-3229,Improvement,Code Review,Low,status_changed
JR01187,2026-08-05 12:05:00,DEV451,COGNI-1360,Bug,Code Review,Critical,comment_added
JR01738,2026-08-05 12:14:00,DEV260,COGNI-2894,Bug,Done,Medium,issue_updated
JR04967,2026-08-05 12:16:00,DEV448,DEVOPS-5559,Story,Testing,High,status_changed
JR03550,2026-08-05 12:22:00,DEV077,DATA-4445,Task,To Do,Critical,comment_added
JR02773,2026-08-05 12:23:00,DEV434,DATA-3087,Task,Done,High,comment_added
JR04070,2026-08-05 12:24:00,DEV105,COGNI-7500,Improvement,To Do,Critical,comment_added
JR03736,2026-08-05 12:29:00,DEV103,DEVOPS-3690,Story,Testing,Medium,comment_added
JR03425,2026-08-05 12:36:00,DEV289,COGNI-1071,Task,Done,Medium,issue_assigned
JR04675,2026-08-05 12:50:00,DEV071,COGNI-6221,Improvement,Testing,Medium,issue_created
JR00011,2026-08-05 12:52:00,DEV006,DEVOPS-4679,Task,Testing,Low,issue_created
JR00381,2026-08-05 13:02:00,DEV463,DATA-4217,Improvement,Testing,Critical,issue_created
JR03050,2026-08-05 13:03:00,DEV182,COGNI-4363,Story,In Progress,Critical,issue_created
JR02144,2026-08-05 13:05:00,DEV302,COGNI-8935,Task,Code Review,Low,issue_created
JR00169,2026-08-05 13:08:00,DEV274,COGNI-9839,Task,To Do,Medium,issue_assigned
JR03392,2026-08-05 13:11:00,DEV421,COGNI-2785,Improvement,Done,Low,status_changed
JR00333,2026-08-05 13:25:00,DEV382,COGNI-9347,Story,Code Review,Critical,issue_updated
JR03033,2026-08-05 13:29:00,DEV227,DATA-7460,Story,In Progress,Low,comment_added
JR03303,2026-08-05 13:34:00,DEV433,DEVOPS-5624,Task,Testing,Low,issue_created
JR02840,2026-08-05 13:37:00,DEV152,DEVOPS-7219,Task,Testing,Critical,comment_added
JR03381,2026-08-05 13:45:00,DEV281,DEVOPS-7958,Improvement,To Do,Medium,issue_created
JR00367,2026-08-05 13:47:00,DEV499,DATA-3894,Bug,In Progress,High,issue_assigned
JR01402,2026-08-05 13:50:00,DEV376,DEVOPS-5847,Task,Code Review,Low,issue_updated
JR01073,2026-08-05 13:55:00,DEV146,DATA-143,Story,Code Review,High,comment_added
JR00255,2026-08-05 13:57:00,DEV387,DATA-6369,Improvement,Code Review,Low,issue_assigned
JR00598,2026-08-05 13:57:00,DEV471,DATA-5163,Improvement,Code Review,Medium,issue_updated
JR03129,2026-08-05 14:03:00,DEV297,COGNI-507,Bug,Done,High,comment_added
JR04476,2026-08-05 14:03:00,DEV083,DEVOPS-1121,Bug,Testing,Critical,comment_added
JR00420,2026-08-05 14:09:00,DEV271,DEVOPS-8627,Story,Testing,High,issue_assigned
JR00842,2026-08-05 14:13:00,DEV485,DEVOPS-1282,Story,To Do,Medium,comment_added
JR03098,2026-08-05 14:32:00,DEV097,DATA-5949,Task,Done,Medium,issue_created
JR01754,2026-08-05 14:36:00,DEV290,COGNI-645,Improvement,Testing,High,comment_added
JR04751,2026-08-05 14:37:00,DEV366,DATA-2265,Task,Code Review,High,comment_added
JR02839,2026-08-05 14:40:00,DEV275,COGNI-1312,Improvement,Code Review,Critical,issue_updated
JR02852,2026-08-05 14:48:00,DEV105,DATA-7159,Improvement,Done,High,comment_added
JR00498,2026-08-05 14:55:00,DEV336,COGNI-259,Improvement,Testing,Low,issue_updated
JR04331,2026-08-05 15:00:00,DEV294,DATA-3327,Improvement,In Progress,Medium,status_changed
JR00351,2026-08-05 15:01:00,DEV386,COGNI-2715,Task,To Do,Medium,issue_assigned
JR02363,2026-08-05 15:14:00,DEV146,DEVOPS-349,Task,Done,Low,status_changed
JR03093,2026-08-05 15:18:00,DEV162,DEVOPS-512,Task,Done,Low,issue_created
JR00334,2026-08-05 15:23:00,DEV445,COGNI-1353,Story,Code Review,High,issue_created
JR01960,2026-08-05 15:24:00,DEV330,DEVOPS-2482,Improvement,Done,Low,issue_assigned
JR01652,2026-08-05 15:27:00,DEV351,DATA-6642,Bug,Testing,High,status_changed
JR02834,2026-08-05 15:27:00,DEV247,COGNI-1939,Improvement,Testing,Medium,issue_created
JR03792,2026-08-05 15:28:00,DEV388,COGNI-3864,Task,To Do,High,status_changed
JR02618,2026-08-05 15:33:00,DEV320,DEVOPS-7317,Task,Done,Low,issue_updated
JR04611,2026-08-05 15:33:00,DEV404,DATA-1879,Task,Testing,High,issue_updated
JR00762,2026-08-05 15:42:00,DEV075,COGNI-4072,Improvement,Code Review,Low,issue_updated
JR04089,2026-08-05 15:44:00,DEV399,COGNI-7578,Bug,Testing,Medium,status_changed
JR00332,2026-08-05 15:45:00,DEV216,COGNI-4154,Bug,Done,Critical,status_changed
JR00938,2026-08-05 15:47:00,DEV167,COGNI-9757,Story,In Progress,High,status_changed
JR03148,2026-08-05 15:53:00,DEV369,COGNI-3204,Improvement,Testing,Medium,comment_added
JR04755,2026-08-05 15:53:00,DEV361,DEVOPS-6891,Story,In Progress,Medium,comment_added
JR01846,2026-08-05 15:55:00,DEV088,COGNI-9311,Task,To Do,High,issue_created
JR00902,2026-08-05 15:57:00,DEV450,DATA-4138,Story,Testing,Critical,status_changed
JR03784,2026-08-05 15:59:00,DEV221,DEVOPS-1801,Bug,Done,High,status_changed
JR01824,2026-08-05 16:00:00,DEV137,COGNI-3686,Task,Testing,Medium,issue_updated
JR04910,2026-08-05 16:01:00,DEV201,COGNI-8813,Task,Done,Medium,issue_created
JR01037,2026-08-05 16:09:00,DEV171,COGNI-6725,Bug,Code Review,High,comment_added
JR00509,2026-08-05 16:18:00,DEV173,DATA-4141,Task,In Progress,High,issue_assigned
JR03186,2026-08-05 16:19:00,DEV134,DATA-4484,Bug,In Progress,Low,status_changed
JR03544,2026-08-05 16:19:00,DEV098,COGNI-9814,Improvement,In Progress,Medium,issue_created
JR00118,2026-08-05 16:23:00,DEV276,DATA-6915,Story,To Do,Low,issue_created
JR00988,2026-08-05 16:27:00,DEV125,COGNI-6526,Task,Code Review,Low,issue_created
JR00849,2026-08-05 16:31:00,DEV457,DATA-9704,Task,In Progress,High,issue_assigned
JR00340,2026-08-05 16:33:00,DEV036,DEVOPS-3336,Improvement,Code Review,Low,issue_updated
JR03003,2026-08-05 16:34:00,DEV240,DEVOPS-2106,Story,Code Review,Medium,status_changed
JR03542,2026-08-05 16:34:00,DEV217,DATA-2167,Task,Testing,Critical,issue_updated
JR00649,2026-08-05 16:38:00,DEV314,DATA-6535,Task,Code Review,High,issue_updated
JR04411,2026-08-05 16:39:00,DEV227,DEVOPS-8507,Task,Testing,Critical,status_changed
JR03771,2026-08-05 16:41:00,DEV111,DEVOPS-4070,Bug,Code Review,Medium,comment_added
JR02729,2026-08-05 16:46:00,DEV498,COGNI-3999,Improvement,To Do,High,status_changed
JR03457,2026-08-05 16:49:00,DEV358,DEVOPS-1056,Story,Done,High,issue_created
JR00989,2026-08-05 16:55:00,DEV040,DEVOPS-8756,Bug,To Do,High,issue_updated
JR04328,2026-08-05 16:57:00,DEV086,DEVOPS-3072,Improvement,Code Review,Critical,status_changed
JR03906,2026-08-05 16:58:00,DEV084,COGNI-1159,Bug,Testing,Medium,issue_updated
JR03157,2026-08-05 17:00:00,DEV490,COGNI-9291,Bug,In Progress,Low,comment_added
JR04696,2026-08-05 17:00:00,DEV341,DATA-8014,Bug,Done,Low,issue_assigned
JR01101,2026-08-05 17:02:00,DEV088,COGNI-1982,Task,In Progress,High,issue_created
JR03694,2026-08-05 17:03:00,DEV347,COGNI-8406,Task,Testing,High,issue_assigned
JR01347,2026-08-05 17:04:00,DEV199,DEVOPS-5408,Bug,Testing,Low,issue_updated
JR04925,2026-08-05 17:07:00,DEV361,COGNI-6414,Story,To Do,Critical,status_changed
JR04060,2026-08-05 17:26:00,DEV087,DEVOPS-1796,Bug,To Do,Critical,issue_created
JR00396,2026-08-05 17:34:00,DEV406,DATA-9611,Story,In Progress,Medium,issue_assigned
JR00697,2026-08-05 17:34:00,DEV103,COGNI-239,Bug,Testing,Critical,status_changed
JR00126,2026-08-05 17:36:00,DEV148,DEVOPS-1156,Improvement,To Do,Medium,status_changed
JR01862,2026-08-05 17:36:00,DEV465,DATA-6923,Story,Testing,Medium,comment_added
JR01396,2026-08-05 17:41:00,DEV402,DATA-1028,Improvement,Code Review,Critical,issue_created
JR04259,2026-08-05 17:46:00,DEV012,DEVOPS-5709,Improvement,Code Review,Low,issue_created
JR01356,2026-08-05 17:48:00,DEV439,COGNI-9614,Story,Code Review,High,issue_assigned
JR02635,2026-08-05 17:56:00,DEV409,COGNI-8450,Story,In Progress,Medium,issue_assigned
JR01728,2026-08-05 18:01:00,DEV059,COGNI-7036,Story,In Progress,Medium,status_changed
JR02713,2026-08-05 18:03:00,DEV403,DEVOPS-4930,Story,To Do,High,issue_updated
JR02804,2026-08-05 18:09:00,DEV014,COGNI-9411,Task,Testing,High,comment_added
JR00050,2026-08-05 18:13:00,DEV478,COGNI-5205,Story,Code Review,High,issue_created
JR02143,2026-08-05 18:15:00,DEV225,COGNI-9452,Improvement,In Progress,Low,issue_created
JR02330,2026-08-05 18:18:00,DEV450,COGNI-4084,Story,To Do,Critical,issue_assigned
JR04108,2026-08-05 18:21:00,DEV200,DATA-7672,Story,In Progress,Low,issue_updated
JR04768,2026-08-05 18:27:00,DEV136,DEVOPS-8135,Improvement,Code Review,Medium,issue_assigned
JR03931,2026-08-05 18:33:00,DEV113,COGNI-7660,Task,Testing,Critical,issue_created
JR01674,2026-08-05 18:34:00,DEV124,DATA-6334,Bug,Testing,Critical,comment_added
JR02978,2026-08-05 18:35:00,DEV475,DATA-6135,Improvement,Done,Low,comment_added
JR04556,2026-08-05 18:45:00,DEV118,DATA-1864,Improvement,Testing,High,comment_added
JR00751,2026-08-05 18:50:00,DEV166,DEVOPS-1338,Story,In Progress,Medium,issue_created
JR01968,2026-08-05 18:59:00,DEV348,DEVOPS-3095,Story,Testing,Critical,status_changed
JR03868,2026-08-05 19:03:00,DEV298,COGNI-4641,Improvement,In Progress,Medium,comment_added
JR02250,2026-08-05 19:09:00,DEV341,COGNI-7925,Bug,Code Review,Low,comment_added
JR01420,2026-08-05 19:14:00,DEV095,DEVOPS-1433,Bug,To Do,Critical,issue_updated
JR01029,2026-08-05 19:20:00,DEV366,COGNI-6224,Improvement,Testing,Medium,issue_updated
JR03734,2026-08-05 19:33:00,DEV115,DATA-835,Story,Done,Low,status_changed
JR00274,2026-08-05 19:34:00,DEV160,DEVOPS-4244,Bug,Done,Medium,issue_assigned
JR00114,2026-08-05 19:36:00,DEV381,DATA-897,Improvement,Done,Medium,issue_created
JR00676,2026-08-05 19:47:00,DEV156,DEVOPS-3673,Story,Testing,Critical,issue_assigned
JR03302,2026-08-05 19:48:00,DEV041,DEVOPS-5233,Story,In Progress,Medium,comment_added
JR02454,2026-08-05 19:53:00,DEV093,DATA-5786,Task,In Progress,High,issue_updated
JR01631,2026-08-05 19:57:00,DEV171,COGNI-463,Bug,Testing,Medium,comment_added
JR00096,2026-08-05 20:02:00,DEV121,DATA-5241,Bug,Testing,Low,issue_assigned
JR03711,2026-08-05 20:05:00,DEV240,DEVOPS-4197,Improvement,Testing,High,issue_created
JR00694,2026-08-05 20:07:00,DEV110,DEVOPS-4106,Bug,Code Review,High,issue_assigned
JR03627,2026-08-05 20:14:00,DEV231,COGNI-8878,Story,In Progress,Low,comment_added
JR03298,2026-08-05 20:17:00,DEV086,DATA-3877,Task,Testing,Low,issue_created
JR02912,2026-08-05 20:19:00,DEV311,COGNI-4170,Task,To Do,Critical,issue_created
JR03159,2026-08-05 20:21:00,DEV132,DEVOPS-8452,Improvement,Testing,Low,issue_assigned
JR02960,2026-08-05 20:23:00,DEV391,COGNI-1518,Improvement,To Do,High,status_changed
JR03836,2026-08-05 20:27:00,DEV372,DATA-3543,Improvement,Code Review,Medium,issue_created
JR02400,2026-08-05 20:31:00,DEV079,DATA-6190,Task,To Do,Low,issue_updated
JR01495,2026-08-05 20:32:00,DEV196,DATA-4649,Task,To Do,Medium,status_changed
JR03498,2026-08-05 20:37:00,DEV337,COGNI-9189,Improvement,Code Review,Low,issue_updated
JR03027,2026-08-05 20:41:00,DEV272,DEVOPS-7636,Story,To Do,Medium,issue_created
JR01718,2026-08-05 20:48:00,DEV383,DEVOPS-6919,Improvement,Code Review,High,comment_added
JR01193,2026-08-05 20:54:00,DEV371,DATA-2724,Story,To Do,Low,issue_updated
JR01392,2026-08-05 20:57:00,DEV067,DEVOPS-4337,Story,Code Review,Medium,issue_created
JR04772,2026-08-05 21:07:00,DEV375,COGNI-5259,Bug,In Progress,Low,issue_updated
JR02614,2026-08-05 21:10:00,DEV344,DATA-8499,Bug,In Progress,Low,issue_updated
JR02494,2026-08-05 21:13:00,DEV460,DATA-6936,Bug,Testing,High,issue_created
JR01954,2026-08-05 21:14:00,DEV014,DEVOPS-6219,Improvement,In Progress,Low,issue_assigned
JR01736,2026-08-05 21:23:00,DEV450,DATA-8893,Story,Done,Medium,issue_created
JR03031,2026-08-05 21:24:00,DEV157,DEVOPS-7066,Improvement,In Progress,High,issue_updated
JR02760,2026-08-05 21:28:00,DEV236,DEVOPS-8195,Task,In Progress,Critical,issue_created
JR02973,2026-08-05 21:28:00,DEV231,COGNI-3672,Story,Done,Low,status_changed
JR02013,2026-08-05 21:37:00,DEV395,DEVOPS-220,Task,To Do,High,comment_added
JR02208,2026-08-05 21:48:00,DEV001,DATA-9956,Task,Done,Low,status_changed
JR03197,2026-08-05 21:51:00,DEV490,DATA-2341,Task,Code Review,Low,issue_assigned
JR01979,2026-08-05 21:59:00,DEV057,COGNI-3223,Task,Code Review,Low,issue_created
JR03349,2026-08-05 22:04:00,DEV099,DEVOPS-1267,Story,Done,Medium,issue_updated
JR03389,2026-08-05 22:11:00,DEV110,DEVOPS-2265,Story,To Do,High,status_changed
JR01487,2026-08-05 22:31:00,DEV064,DATA-3088,Story,To Do,Low,issue_assigned
JR04471,2026-08-05 22:32:00,DEV343,DEVOPS-742,Story,In Progress,Low,status_changed
JR02535,2026-08-05 22:39:00,DEV465,COGNI-1543,Bug,Done,Medium,issue_updated
JR02975,2026-08-05 22:46:00,DEV149,DEVOPS-1547,Bug,Testing,Low,comment_added
JR01891,2026-08-05 22:50:00,DEV235,DATA-2268,Task,Code Review,High,issue_created
JR04444,2026-08-05 22:52:00,DEV178,DEVOPS-153,Bug,To Do,Medium,status_changed
JR04928,2026-08-05 22:52:00,DEV264,COGNI-3127,Bug,Testing,Medium,issue_updated
JR03796,2026-08-05 22:55:00,DEV003,DATA-1885,Story,Done,Low,issue_assigned
JR00603,2026-08-05 22:56:00,DEV291,COGNI-9021,Improvement,Testing,Medium,issue_updated
JR04332,2026-08-05 22:56:00,DEV208,COGNI-9696,Task,In Progress,Critical,issue_updated
JR02316,2026-08-05 22:57:00,DEV117,DATA-1294,Story,Testing,Low,issue_assigned
JR02291,2026-08-05 23:00:00,DEV352,DATA-1371,Task,To Do,Critical,issue_created
JR04193,2026-08-05 23:03:00,DEV321,DATA-8611,Improvement,In Progress,Medium,comment_added
JR01520,2026-08-05 23:32:00,DEV181,DEVOPS-1301,Task,Done,Low,issue_created
JR02451,2026-08-05 23:32:00,DEV175,COGNI-7406,Task,Done,Low,issue_created
JR00805,2026-08-05 23:37:00,DEV069,COGNI-4606,Improvement,In Progress,Medium,issue_updated
JR03062,2026-08-05 23:44:00,DEV134,DEVOPS-2536,Task,Done,Critical,comment_added
JR03344,2026-08-05 23:45:00,DEV094,DATA-3422,Task,Testing,Low,issue_created
JR01587,2026-08-05 23:50:00,DEV252,DEVOPS-6676,Improvement,Testing,High,issue_assigned
JR02192,2026-08-05 23:53:00,DEV235,DATA-3221,Improvement,Code Review,Critical,issue_updated
JR04080,2026-08-05 23:55:00,DEV092,DEVOPS-4921,Improvement,Code Review,High,issue_assigned
JR04970,2026-08-05 23:55:00,DEV380,COGNI-957,Story,In Progress,Medium,issue_created
JR02115,2026-08-05 23:58:00,DEV136,COGNI-2285,Task,Testing,Medium,issue_created
JR00895,2026-08-05 23:59:00,DEV292,DEVOPS-3122,Task,Done,High,comment_added
JR02426,2026-08-06 00:01:00,DEV148,DEVOPS-3021,Bug,To Do,Critical,comment_added
JR00837,2026-08-06 00:06:00,DEV231,COGNI-6251,Bug,Code Review,Critical,comment_added
JR01887,2026-08-06 00:12:00,DEV217,DEVOPS-396,Bug,To Do,Low,issue_assigned
JR01756,2026-08-06 00:17:00,DEV457,DEVOPS-4046,Story,Testing,Medium,issue_assigned
JR03280,2026-08-06 00:17:00,DEV052,DATA-8138,Improvement,Code Review,High,issue_assigned
JR03848,2026-08-06 00:18:00,DEV140,COGNI-8437,Task,In Progress,Low,comment_added
JR02727,2026-08-06 00:19:00,DEV253,COGNI-1255,Bug,To Do,Critical,comment_added
JR01401,2026-08-06 00:29:00,DEV363,DATA-4336,Bug,Testing,Medium,issue_assigned
JR02595,2026-08-06 00:35:00,DEV222,COGNI-2421,Improvement,In Progress,Low,issue_assigned
JR03837,2026-08-06 00:36:00,DEV399,COGNI-2661,Improvement,In Progress,Medium,issue_updated
JR00052,2026-08-06 00:37:00,DEV438,DEVOPS-5683,Story,To Do,Medium,comment_added
JR04152,2026-08-06 00:44:00,DEV186,DATA-3688,Improvement,Code Review,Low,issue_assigned
JR01049,2026-08-06 00:47:00,DEV042,DATA-8603,Story,In Progress,Low,issue_updated
JR03681,2026-08-06 00:49:00,DEV191,DATA-4834,Improvement,Code Review,High,issue_updated
JR04087,2026-08-06 00:50:00,DEV346,COGNI-7224,Improvement,Testing,Low,issue_updated
JR03096,2026-08-06 00:53:00,DEV499,COGNI-6980,Task,In Progress,High,issue_updated
JR00156,2026-08-06 00:54:00,DEV021,COGNI-3480,Bug,Testing,Low,issue_updated
JR00934,2026-08-06 00:59:00,DEV368,DEVOPS-8667,Improvement,To Do,High,issue_created
JR02657,2026-08-06 01:14:00,DEV239,DEVOPS-7195,Bug,To Do,Low,issue_assigned
JR00545,2026-08-06 01:15:00,DEV077,DEVOPS-1245,Task,Testing,High,issue_assigned
JR01868,2026-08-06 01:21:00,DEV394,COGNI-6494,Task,To Do,High,comment_added
JR00228,2026-08-06 01:24:00,DEV422,DATA-5861,Story,To Do,High,issue_assigned
JR02098,2026-08-06 01:27:00,DEV238,DATA-6135,Task,Code Review,Low,issue_assigned
JR02351,2026-08-06 01:33:00,DEV286,COGNI-9183,Bug,To Do,Medium,status_changed
JR00170,2026-08-06 01:34:00,DEV133,COGNI-1692,Improvement,Code Review,Medium,comment_added
JR01150,2026-08-06 01:34:00,DEV396,DEVOPS-1046,Task,In Progress,Critical,issue_created
JR00140,2026-08-06 01:44:00,DEV113,DATA-6007,Story,Done,High,issue_created
JR04545,2026-08-06 01:49:00,DEV094,DEVOPS-6357,Task,Done,Low,comment_added
JR03850,2026-08-06 01:50:00,DEV217,COGNI-2009,Bug,Testing,High,status_changed
JR02024,2026-08-06 01:51:00,DEV215,COGNI-3307,Task,Done,Critical,issue_updated
JR00909,2026-08-06 01:57:00,DEV226,DATA-9801,Bug,Testing,Low,comment_added
JR04691,2026-08-06 02:13:00,DEV101,DEVOPS-8023,Story,In Progress,Critical,issue_assigned
JR00242,2026-08-06 02:14:00,DEV358,DATA-5236,Improvement,Code Review,High,comment_added
JR01959,2026-08-06 02:15:00,DEV273,DATA-4909,Improvement,Testing,Critical,issue_updated
JR01279,2026-08-06 02:25:00,DEV450,DEVOPS-3410,Improvement,Done,Low,issue_updated
JR00804,2026-08-06 02:29:00,DEV222,COGNI-5068,Bug,In Progress,Critical,issue_created
JR01665,2026-08-06 02:34:00,DEV486,COGNI-4070,Improvement,In Progress,Critical,issue_updated
JR02328,2026-08-06 02:35:00,DEV353,DEVOPS-7682,Improvement,Code Review,Medium,comment_added
JR02583,2026-08-06 02:35:00,DEV016,DEVOPS-364,Story,In Progress,Low,issue_updated
JR02749,2026-08-06 02:35:00,DEV332,DATA-4886,Improvement,To Do,High,issue_updated
JR01892,2026-08-06 02:36:00,DEV216,DEVOPS-9588,Improvement,In Progress,Medium,comment_added
JR02867,2026-08-06 02:37:00,DEV257,DATA-1728,Improvement,Done,Critical,comment_added
JR02369,2026-08-06 02:42:00,DEV012,DATA-1831,Bug,Done,High,status_changed
JR02063,2026-08-06 02:45:00,DEV069,DATA-4614,Story,Testing,Medium,issue_assigned
JR02733,2026-08-06 02:46:00,DEV115,DEVOPS-3331,Story,In Progress,Critical,issue_assigned
JR00631,2026-08-06 02:54:00,DEV489,DEVOPS-4215,Bug,To Do,Medium,comment_added
JR04187,2026-08-06 02:55:00,DEV483,DEVOPS-671,Task,Code Review,Medium,issue_created
JR01349,2026-08-06 02:57:00,DEV273,DEVOPS-1532,Task,In Progress,High,issue_created
JR03189,2026-08-06 03:04:00,DEV405,DATA-3672,Bug,To Do,Medium,comment_added
JR02031,2026-08-06 03:08:00,DEV066,COGNI-8197,Bug,In Progress,Critical,comment_added
JR02795,2026-08-06 03:27:00,DEV098,DEVOPS-4756,Improvement,To Do,Critical,issue_created
JR01522,2026-08-06 03:30:00,DEV028,COGNI-7533,Task,Testing,High,status_changed
JR01045,2026-08-06 03:32:00,DEV032,COGNI-192,Task,Testing,Low,issue_updated
JR01682,2026-08-06 03:32:00,DEV399,DEVOPS-892,Bug,To Do,Critical,issue_created
JR04045,2026-08-06 03:36:00,DEV055,COGNI-108,Improvement,To Do,Medium,issue_created
JR04056,2026-08-06 03:39:00,DEV481,DATA-1438,Bug,Testing,High,issue_updated
JR02920,2026-08-06 03:42:00,DEV384,DEVOPS-7224,Story,Done,Low,issue_updated
JR02864,2026-08-06 03:44:00,DEV168,DEVOPS-768,Improvement,To Do,Medium,issue_created
JR00115,2026-08-06 03:49:00,DEV413,COGNI-8163,Bug,Code Review,High,status_changed
JR02309,2026-08-06 04:14:00,DEV432,DEVOPS-7671,Improvement,Testing,Medium,comment_added
JR02018,2026-08-06 04:20:00,DEV379,DATA-408,Improvement,In Progress,Critical,status_changed
JR03460,2026-08-06 04:25:00,DEV262,DATA-3266,Story,Done,Critical,issue_assigned
JR04104,2026-08-06 04:37:00,DEV299,DEVOPS-1390,Bug,To Do,Medium,issue_assigned
JR02984,2026-08-06 04:47:00,DEV110,DATA-2644,Bug,Done,Low,status_changed
JR04655,2026-08-06 04:50:00,DEV072,DEVOPS-6438,Bug,Code Review,High,comment_added
JR04585,2026-08-06 05:09:00,DEV327,DEVOPS-5870,Story,In Progress,Critical,issue_updated
JR00592,2026-08-06 05:13:00,DEV042,DEVOPS-1723,Task,In Progress,Medium,issue_updated
JR00053,2026-08-06 05:22:00,DEV367,DEVOPS-9349,Improvement,In Progress,High,issue_updated
JR03565,2026-08-06 05:22:00,DEV478,DEVOPS-4585,Task,Testing,High,status_changed
JR00109,2026-08-06 05:28:00,DEV095,DEVOPS-5058,Story,To Do,Medium,comment_added
JR02718,2026-08-06 05:28:00,DEV220,DEVOPS-285,Bug,Code Review,Low,issue_created
JR00090,2026-08-06 05:38:00,DEV206,DEVOPS-5513,Improvement,Done,Critical,status_changed
JR02972,2026-08-06 05:39:00,DEV245,DATA-9709,Bug,Testing,High,status_changed
JR01451,2026-08-06 05:51:00,DEV292,COGNI-9454,Bug,To Do,High,issue_assigned
JR04805,2026-08-06 05:53:00,DEV463,DEVOPS-2912,Story,Testing,Critical,status_changed
JR00749,2026-08-06 05:58:00,DEV225,COGNI-228,Story,Code Review,Low,issue_updated
JR04325,2026-08-06 05:58:00,DEV324,COGNI-4960,Story,Testing,Medium,comment_added
JR03490,2026-08-06 06:04:00,DEV011,DATA-4040,Story,Testing,Critical,issue_updated
JR02344,2026-08-06 06:21:00,DEV033,DEVOPS-5872,Story,In Progress,Critical,issue_assigned
JR01294,2026-08-06 06:22:00,DEV366,DEVOPS-4813,Task,Testing,Medium,issue_created
JR02929,2026-08-06 06:22:00,DEV163,DEVOPS-5143,Bug,To Do,Critical,comment_added
JR03351,2026-08-06 06:24:00,DEV128,COGNI-5144,Story,To Do,Medium,issue_assigned
JR01202,2026-08-06 06:27:00,DEV500,DEVOPS-7585,Improvement,Done,High,issue_updated
JR04470,2026-08-06 06:27:00,DEV233,DATA-3550,Improvement,Code Review,Low,status_changed
JR03865,2026-08-06 06:29:00,DEV487,COGNI-8712,Bug,In Progress,Medium,comment_added
JR01525,2026-08-06 06:37:00,DEV466,COGNI-3686,Bug,Done,Critical,status_changed
JR02327,2026-08-06 06:40:00,DEV384,DEVOPS-2933,Task,In Progress,Medium,issue_updated
JR04800,2026-08-06 06:41:00,DEV347,COGNI-8174,Improvement,To Do,Critical,issue_created
JR04987,2026-08-06 06:50:00,DEV182,DEVOPS-983,Improvement,Testing,High,issue_updated
JR04744,2026-08-06 06:51:00,DEV252,COGNI-8101,Bug,Done,Medium,comment_added
JR00585,2026-08-06 07:07:00,DEV454,COGNI-4405,Improvement,Done,Low,comment_added
JR02810,2026-08-06 07:07:00,DEV151,DEVOPS-9955,Task,To Do,Critical,issue_assigned
JR03097,2026-08-06 07:07:00,DEV332,DATA-5126,Bug,Testing,High,issue_assigned
JR04246,2026-08-06 07:10:00,DEV480,DEVOPS-7206,Improvement,Testing,High,status_changed
JR04360,2026-08-06 07:13:00,DEV025,DATA-2251,Improvement,In Progress,Low,status_changed
JR03649,2026-08-06 07:18:00,DEV493,DATA-6135,Story,Testing,Low,issue_created
JR03089,2026-08-06 07:20:00,DEV195,DATA-6922,Story,To Do,High,issue_created
JR00845,2026-08-06 07:21:00,DEV422,DEVOPS-955,Bug,Done,Low,issue_created
JR04742,2026-08-06 07:21:00,DEV205,DATA-2663,Story,To Do,Medium,issue_created
JR02004,2026-08-06 07:25:00,DEV353,DATA-8431,Improvement,Testing,High,issue_assigned
JR02405,2026-08-06 07:26:00,DEV437,COGNI-9055,Bug,To Do,Low,issue_created
JR03411,2026-08-06 07:30:00,DEV158,COGNI-8335,Story,To Do,Medium,comment_added
JR01719,2026-08-06 07:55:00,DEV029,DEVOPS-1137,Task,In Progress,High,issue_assigned
JR03242,2026-08-06 08:00:00,DEV477,COGNI-2505,Story,Testing,Low,status_changed
JR02516,2026-08-06 08:02:00,DEV257,DATA-7714,Task,To Do,High,issue_created
JR03000,2026-08-06 08:02:00,DEV448,DEVOPS-8192,Improvement,Done,Critical,comment_added
JR04581,2026-08-06 08:03:00,DEV037,COGNI-6733,Bug,Code Review,Medium,status_changed
JR04248,2026-08-06 08:08:00,DEV198,DATA-8119,Improvement,Code Review,High,issue_assigned
JR01335,2026-08-06 08:11:00,DEV048,DATA-7356,Bug,In Progress,High,issue_created
JR03137,2026-08-06 08:13:00,DEV123,DEVOPS-4522,Improvement,Done,Medium,issue_assigned
JR04568,2026-08-06 08:14:00,DEV306,COGNI-9802,Bug,Done,Low,issue_updated
JR04591,2026-08-06 08:16:00,DEV360,DATA-1144,Improvement,In Progress,Low,issue_created
JR02626,2026-08-06 08:24:00,DEV371,DEVOPS-2936,Improvement,In Progress,Medium,issue_created
JR04802,2026-08-06 08:25:00,DEV462,COGNI-8837,Task,To Do,Medium,status_changed
JR04759,2026-08-06 08:29:00,DEV098,DEVOPS-7854,Improvement,Testing,Critical,issue_assigned
JR03688,2026-08-06 08:31:00,DEV384,DEVOPS-9236,Bug,In Progress,High,comment_added
JR03597,2026-08-06 08:32:00,DEV234,DEVOPS-6692,Improvement,To Do,High,issue_assigned
JR01616,2026-08-06 08:34:00,DEV224,COGNI-2866,Task,Code Review,Medium,issue_updated
JR00949,2026-08-06 08:36:00,DEV401,DATA-5714,Story,Done,Critical,issue_created
JR03738,2026-08-06 08:36:00,DEV317,COGNI-2279,Story,In Progress,Low,issue_created
JR02387,2026-08-06 08:40:00,DEV282,DATA-7519,Improvement,To Do,High,issue_assigned
JR03668,2026-08-06 08:40:00,DEV203,DATA-2215,Bug,Code Review,High,comment_added
JR03467,2026-08-06 08:45:00,DEV269,COGNI-8028,Story,Code Review,Low,issue_created
JR02552,2026-08-06 08:46:00,DEV208,DEVOPS-6853,Task,In Progress,High,issue_assigned
JR02132,2026-08-06 08:55:00,DEV252,COGNI-8312,Story,Done,Low,comment_added
JR03078,2026-08-06 08:58:00,DEV278,DATA-641,Task,Testing,Critical,issue_assigned
JR00722,2026-08-06 09:00:00,DEV381,COGNI-8920,Bug,Testing,High,status_changed
JR02565,2026-08-06 09:00:00,DEV265,DEVOPS-9018,Task,To Do,Medium,issue_updated
JR04202,2026-08-06 09:10:00,DEV238,DATA-2099,Story,Code Review,Critical,issue_updated
JR02001,2026-08-06 09:12:00,DEV225,DATA-3641,Task,Testing,Low,issue_updated
JR02015,2026-08-06 09:12:00,DEV445,DEVOPS-6174,Story,Done,Critical,comment_added
JR03740,2026-08-06 09:13:00,DEV483,COGNI-2315,Bug,Testing,High,issue_created
JR04555,2026-08-06 09:14:00,DEV077,COGNI-2629,Bug,Testing,Low,issue_created
JR03725,2026-08-06 09:19:00,DEV260,COGNI-3810,Bug,Done,Low,issue_created
JR03020,2026-08-06 09:26:00,DEV198,DEVOPS-9032,Story,In Progress,Medium,status_changed
JR00363,2026-08-06 09:27:00,DEV378,DEVOPS-7625,Task,Done,Medium,issue_updated
JR02432,2026-08-06 09:30:00,DEV366,DATA-7193,Improvement,In Progress,Low,status_changed
JR03079,2026-08-06 09:31:00,DEV477,DEVOPS-105,Story,Done,Low,issue_assigned
JR02976,2026-08-06 09:32:00,DEV328,DEVOPS-6984,Task,Code Review,Medium,status_changed
JR01604,2026-08-06 09:40:00,DEV391,COGNI-4519,Story,Code Review,Low,comment_added
JR01686,2026-08-06 09:40:00,DEV271,DATA-324,Improvement,Code Review,Medium,issue_updated
JR00871,2026-08-06 09:42:00,DEV460,DATA-2604,Task,Done,Critical,issue_assigned
JR01464,2026-08-06 09:47:00,DEV239,COGNI-8021,Improvement,In Progress,Critical,issue_created
JR02093,2026-08-06 09:55:00,DEV318,DEVOPS-6691,Improvement,Done,Critical,comment_added
JR03950,2026-08-06 09:56:00,DEV092,COGNI-1265,Improvement,Testing,High,status_changed
JR01535,2026-08-06 09:59:00,DEV161,COGNI-6413,Bug,Testing,High,status_changed
JR02490,2026-08-06 10:04:00,DEV369,COGNI-5170,Bug,Code Review,Critical,issue_updated
JR00210,2026-08-06 10:07:00,DEV205,DEVOPS-4040,Bug,Done,Medium,issue_updated
JR02169,2026-08-06 10:07:00,DEV163,COGNI-5248,Story,Code Review,Medium,issue_updated
JR00358,2026-08-06 10:08:00,DEV391,COGNI-3030,Story,Done,High,status_changed
JR03757,2026-08-06 10:08:00,DEV203,DATA-5183,Bug,Code Review,Medium,status_changed
JR02806,2026-08-06 10:11:00,DEV089,COGNI-329,Improvement,To Do,Low,issue_updated
JR03106,2026-08-06 10:19:00,DEV491,DEVOPS-700,Bug,To Do,Medium,status_changed
JR02085,2026-08-06 10:20:00,DEV424,DATA-415,Improvement,Done,Low,issue_created
JR03114,2026-08-06 10:20:00,DEV350,COGNI-637,Task,In Progress,High,comment_added
JR02513,2026-08-06 10:21:00,DEV067,DATA-8504,Improvement,Testing,Critical,issue_updated
JR03331,2026-08-06 10:22:00,DEV240,COGNI-1189,Improvement,Testing,High,comment_added
JR00311,2026-08-06 10:28:00,DEV258,DATA-2654,Story,Done,Medium,issue_assigned
JR02393,2026-08-06 10:29:00,DEV004,COGNI-8724,Bug,Code Review,High,status_changed
JR00110,2026-08-06 10:31:00,DEV162,COGNI-6187,Improvement,Done,Medium,comment_added
JR01004,2026-08-06 10:45:00,DEV477,DATA-6154,Bug,Code Review,Medium,issue_assigned
JR03305,2026-08-06 10:49:00,DEV487,DATA-2124,Task,Testing,Medium,issue_updated
JR04780,2026-08-06 10:50:00,DEV388,DEVOPS-1143,Improvement,Testing,Critical,issue_assigned
JR02008,2026-08-06 10:52:00,DEV330,COGNI-7393,Improvement,To Do,Medium,issue_created
JR01063,2026-08-06 10:53:00,DEV266,DEVOPS-7313,Improvement,In Progress,Critical,issue_created
JR02962,2026-08-06 10:55:00,DEV068,COGNI-3749,Improvement,Code Review,Low,status_changed
JR01916,2026-08-06 10:58:00,DEV067,DATA-6764,Task,Done,High,issue_assigned
JR02898,2026-08-06 10:59:00,DEV283,DATA-2338,Task,In Progress,Low,issue_updated
JR03517,2026-08-06 11:02:00,DEV262,DEVOPS-1869,Improvement,To Do,Medium,status_changed
JR02010,2026-08-06 11:15:00,DEV169,DATA-1592,Story,In Progress,Critical,issue_created
JR02324,2026-08-06 11:19:00,DEV415,DATA-6254,Improvement,In Progress,Low,issue_created
JR01156,2026-08-06 11:23:00,DEV325,DATA-1322,Task,Testing,High,issue_created
JR03781,2026-08-06 11:31:00,DEV393,DATA-5265,Story,Testing,Low,issue_assigned
JR00880,2026-08-06 11:36:00,DEV476,COGNI-6425,Task,Testing,Critical,issue_updated
JR03568,2026-08-06 11:38:00,DEV151,DATA-359,Improvement,In Progress,High,status_changed
JR03169,2026-08-06 11:39:00,DEV473,DEVOPS-4717,Story,Done,Medium,issue_assigned
JR03322,2026-08-06 11:40:00,DEV245,DEVOPS-4580,Task,In Progress,Critical,issue_assigned
JR00494,2026-08-06 11:42:00,DEV424,DATA-9298,Story,Code Review,High,issue_created
JR02771,2026-08-06 11:52:00,DEV122,COGNI-2494,Improvement,Code Review,Critical,issue_updated
JR04158,2026-08-06 11:55:00,DEV390,DATA-810,Story,Done,Low,issue_assigned
JR00368,2026-08-06 11:59:00,DEV323,COGNI-8731,Bug,Testing,Medium,issue_created
JR00790,2026-08-06 11:59:00,DEV396,DEVOPS-8881,Story,Done,Medium,issue_updated
JR00371,2026-08-06 12:02:00,DEV214,COGNI-6018,Improvement,To Do,Medium,issue_updated
JR03914,2026-08-06 12:05:00,DEV265,DATA-7982,Task,Code Review,Medium,status_changed
JR00027,2026-08-06 12:06:00,DEV010,COGNI-2098,Task,Done,Low,comment_added
JR03512,2026-08-06 12:07:00,DEV024,COGNI-3090,Bug,Testing,Critical,issue_created
JR02394,2026-08-06 12:08:00,DEV395,DATA-3496,Story,To Do,Critical,issue_assigned
JR00993,2026-08-06 12:11:00,DEV313,COGNI-2594,Task,Done,Medium,status_changed
JR00901,2026-08-06 12:14:00,DEV112,COGNI-9221,Task,To Do,Low,issue_assigned
JR00948,2026-08-06 12:17:00,DEV440,COGNI-302,Bug,Code Review,Critical,issue_created
JR02463,2026-08-06 12:20:00,DEV007,COGNI-6544,Story,In Progress,High,comment_added
JR04791,2026-08-06 12:23:00,DEV188,DATA-6744,Story,To Do,Low,issue_created
JR04698,2026-08-06 12:26:00,DEV060,DATA-8078,Story,In Progress,High,status_changed
JR01751,2026-08-06 12:56:00,DEV349,DEVOPS-2742,Bug,Testing,Low,issue_updated
JR02174,2026-08-06 12:58:00,DEV342,COGNI-7408,Improvement,To Do,Medium,issue_assigned
JR04394,2026-08-06 12:59:00,DEV235,COGNI-3318,Story,Done,Medium,comment_added
JR04457,2026-08-06 12:59:00,DEV190,COGNI-1961,Bug,Done,Low,issue_created
JR04722,2026-08-06 12:59:00,DEV310,COGNI-953,Bug,Testing,High,status_changed
JR00105,2026-08-06 13:04:00,DEV460,COGNI-1196,Bug,Testing,Critical,issue_created
JR00243,2026-08-06 13:10:00,DEV361,COGNI-2786,Story,Code Review,High,issue_assigned
JR02862,2026-08-06 13:14:00,DEV463,DATA-191,Bug,Done,Low,comment_added
JR04196,2026-08-06 13:18:00,DEV033,DATA-5435,Bug,Done,High,status_changed
JR01375,2026-08-06 13:23:00,DEV484,DEVOPS-7237,Bug,Code Review,Low,issue_created
JR02104,2026-08-06 13:39:00,DEV144,DATA-6733,Bug,Code Review,Critical,comment_added
JR01885,2026-08-06 13:49:00,DEV271,DATA-1126,Bug,Testing,Critical,issue_updated
JR03295,2026-08-06 13:49:00,DEV469,DEVOPS-1394,Improvement,Done,Low,comment_added
JR03406,2026-08-06 13:50:00,DEV238,DATA-6608,Task,To Do,Low,issue_updated
JR01344,2026-08-06 13:53:00,DEV250,DEVOPS-3813,Story,To Do,Low,status_changed
JR02680,2026-08-06 13:54:00,DEV500,COGNI-6374,Bug,Testing,Medium,issue_updated
JR01456,2026-08-06 13:55:00,DEV016,DEVOPS-412,Bug,To Do,Low,comment_added
JR00609,2026-08-06 13:56:00,DEV062,DEVOPS-8076,Improvement,In Progress,High,status_changed
JR01259,2026-08-06 14:04:00,DEV482,DATA-4935,Task,Done,High,issue_assigned
JR02826,2026-08-06 14:20:00,DEV190,DEVOPS-6663,Story,Testing,Medium,issue_assigned
JR00078,2026-08-06 14:37:00,DEV480,DEVOPS-2437,Bug,Done,Low,issue_assigned
JR01612,2026-08-06 14:37:00,DEV497,COGNI-5031,Task,In Progress,Low,issue_assigned
JR01820,2026-08-06 14:39:00,DEV339,DEVOPS-5402,Bug,Testing,Medium,status_changed
JR00935,2026-08-06 14:42:00,DEV461,COGNI-2545,Task,In Progress,High,issue_assigned
JR04254,2026-08-06 14:42:00,DEV200,DEVOPS-3203,Improvement,In Progress,High,issue_assigned
JR04914,2026-08-06 14:52:00,DEV005,DATA-7173,Bug,Testing,Critical,issue_updated
JR04942,2026-08-06 14:52:00,DEV159,COGNI-9923,Story,To Do,High,status_changed
JR03338,2026-08-06 15:07:00,DEV131,COGNI-894,Task,Testing,Critical,status_changed
JR02968,2026-08-06 15:14:00,DEV302,COGNI-3048,Task,Code Review,Low,comment_added
JR00204,2026-08-06 15:15:00,DEV333,DEVOPS-801,Bug,In Progress,Medium,issue_created
JR00289,2026-08-06 15:15:00,DEV340,DEVOPS-6917,Improvement,To Do,Medium,comment_added
JR00965,2026-08-06 15:16:00,DEV304,COGNI-5960,Bug,Done,Critical,issue_created
JR01840,2026-08-06 15:33:00,DEV334,DEVOPS-3461,Task,In Progress,Low,issue_updated
JR01314,2026-08-06 15:34:00,DEV163,DEVOPS-2541,Bug,Testing,Medium,status_changed
JR01989,2026-08-06 15:43:00,DEV493,DEVOPS-1052,Bug,In Progress,Medium,issue_created
JR02053,2026-08-06 15:47:00,DEV397,DATA-9826,Bug,Testing,Low,issue_assigned
JR02211,2026-08-06 15:58:00,DEV359,DEVOPS-6420,Improvement,Testing,High,issue_assigned
JR02323,2026-08-06 16:05:00,DEV150,COGNI-4972,Bug,In Progress,Critical,issue_created
JR03300,2026-08-06 16:06:00,DEV166,DEVOPS-4932,Task,In Progress,High,comment_added
JR04729,2026-08-06 16:07:00,DEV206,DEVOPS-7678,Task,To Do,Critical,issue_updated
JR02486,2026-08-06 16:25:00,DEV015,COGNI-1039,Bug,In Progress,Medium,issue_updated
JR01414,2026-08-06 16:36:00,DEV335,DEVOPS-5904,Improvement,Testing,High,issue_assigned
JR02544,2026-08-06 16:45:00,DEV268,DEVOPS-3593,Task,Testing,Critical,comment_added
JR04823,2026-08-06 17:03:00,DEV105,DEVOPS-3393,Improvement,To Do,Critical,status_changed
JR02465,2026-08-06 17:04:00,DEV435,DATA-7031,Story,In Progress,Critical,issue_created
JR00980,2026-08-06 17:08:00,DEV477,DATA-9518,Improvement,Done,High,issue_updated
JR02441,2026-08-06 17:08:00,DEV005,DEVOPS-5137,Task,Code Review,Low,issue_created
JR02927,2026-08-06 17:09:00,DEV386,DATA-376,Bug,Done,High,issue_assigned
JR00479,2026-08-06 17:11:00,DEV076,DEVOPS-8533,Bug,In Progress,Critical,issue_assigned
JR02382,2026-08-06 17:17:00,DEV396,COGNI-314,Bug,Testing,High,issue_assigned
JR03340,2026-08-06 17:17:00,DEV108,DEVOPS-2161,Story,To Do,Low,issue_created
JR03408,2026-08-06 17:19:00,DEV313,DEVOPS-7175,Story,To Do,Medium,issue_assigned
JR00049,2026-08-06 17:22:00,DEV096,DATA-9319,Bug,Done,Critical,issue_updated
JR01316,2026-08-06 17:28:00,DEV455,DATA-7280,Bug,In Progress,Critical,issue_updated
JR00377,2026-08-06 17:32:00,DEV203,COGNI-8915,Story,Code Review,Medium,comment_added
JR02375,2026-08-06 17:43:00,DEV142,COGNI-605,Task,In Progress,Low,comment_added
JR01395,2026-08-06 17:47:00,DEV232,COGNI-1829,Task,In Progress,Medium,issue_assigned
JR00323,2026-08-06 18:02:00,DEV254,DATA-5783,Bug,Done,High,issue_created
JR02687,2026-08-06 18:07:00,DEV213,DATA-2487,Bug,Code Review,Critical,issue_created
JR04282,2026-08-06 18:16:00,DEV194,COGNI-7200,Story,Testing,Low,issue_assigned
JR02651,2026-08-06 18:17:00,DEV489,DATA-2871,Bug,Code Review,Medium,comment_added
JR02597,2026-08-06 18:22:00,DEV457,DATA-5359,Improvement,To Do,Critical,comment_added
JR03211,2026-08-06 18:34:00,DEV060,DATA-7486,Bug,To Do,Critical,issue_created
JR00244,2026-08-06 18:35:00,DEV017,DEVOPS-4579,Improvement,In Progress,Medium,status_changed
JR01872,2026-08-06 18:36:00,DEV023,DATA-1748,Task,Code Review,Medium,comment_added
JR01285,2026-08-06 18:43:00,DEV130,DEVOPS-503,Improvement,In Progress,Medium,issue_created
JR02374,2026-08-06 18:43:00,DEV329,DEVOPS-1182,Task,To Do,Low,issue_created
JR03742,2026-08-06 18:43:00,DEV104,COGNI-312,Bug,Code Review,High,issue_created
JR02414,2026-08-06 18:48:00,DEV346,DATA-4676,Improvement,To Do,Critical,status_changed
JR04208,2026-08-06 18:51:00,DEV252,DEVOPS-5862,Bug,In Progress,Low,issue_updated
JR04537,2026-08-06 18:52:00,DEV341,DEVOPS-1627,Improvement,Done,High,comment_added
JR00644,2026-08-06 18:53:00,DEV402,COGNI-9549,Improvement,In Progress,High,issue_assigned
JR02815,2026-08-06 18:59:00,DEV048,DATA-2840,Task,Testing,Critical,issue_created
JR00527,2026-08-06 19:00:00,DEV068,DEVOPS-4199,Story,Testing,High,issue_updated
JR04687,2026-08-06 19:01:00,DEV386,COGNI-6175,Bug,Code Review,Medium,issue_created
JR03930,2026-08-06 19:02:00,DEV135,COGNI-8570,Bug,Testing,High,issue_assigned
JR04613,2026-08-06 19:10:00,DEV319,DEVOPS-9866,Task,Done,Low,status_changed
JR00851,2026-08-06 19:11:00,DEV467,COGNI-5251,Improvement,In Progress,Medium,issue_assigned
JR04615,2026-08-06 19:15:00,DEV394,DEVOPS-8793,Task,Testing,High,issue_updated
JR00875,2026-08-06 19:20:00,DEV133,DEVOPS-1689,Story,Testing,High,comment_added
JR00882,2026-08-06 19:20:00,DEV177,DATA-3235,Story,To Do,Medium,issue_updated
JR03578,2026-08-06 19:21:00,DEV316,DEVOPS-3947,Task,To Do,Critical,issue_created
JR01111,2026-08-06 19:29:00,DEV269,DEVOPS-1866,Improvement,In Progress,High,issue_updated
JR00593,2026-08-06 19:30:00,DEV126,DATA-6126,Task,Testing,High,issue_created
JR00478,2026-08-06 19:32:00,DEV392,COGNI-5147,Bug,To Do,Medium,issue_created
JR01748,2026-08-06 19:32:00,DEV425,COGNI-4426,Task,In Progress,Critical,comment_added
JR01024,2026-08-06 19:35:00,DEV436,DEVOPS-1038,Improvement,Testing,Critical,issue_created
JR01299,2026-08-06 19:37:00,DEV035,DEVOPS-3218,Improvement,Testing,Medium,issue_updated
JR03528,2026-08-06 19:42:00,DEV382,COGNI-8664,Bug,To Do,Low,issue_updated
JR04536,2026-08-06 19:44:00,DEV107,DATA-9271,Bug,In Progress,Medium,status_changed
JR02113,2026-08-06 19:48:00,DEV031,DEVOPS-7519,Bug,In Progress,Critical,status_changed
JR04824,2026-08-06 19:52:00,DEV294,COGNI-1103,Task,Testing,Critical,status_changed
JR01061,2026-08-06 19:57:00,DEV443,COGNI-2652,Task,In Progress,Medium,comment_added
JR00869,2026-08-06 20:00:00,DEV069,DATA-7890,Improvement,In Progress,Low,issue_created
JR04713,2026-08-06 20:02:00,DEV446,DEVOPS-9881,Improvement,Code Review,Critical,issue_created
JR01744,2026-08-06 20:08:00,DEV496,DEVOPS-7841,Bug,In Progress,Low,issue_updated
JR02665,2026-08-06 20:12:00,DEV425,COGNI-4933,Story,Testing,High,issue_created
JR00627,2026-08-06 20:29:00,DEV412,DATA-6518,Task,Done,Low,issue_updated
JR04131,2026-08-06 20:29:00,DEV312,COGNI-3116,Task,In Progress,Critical,comment_added
JR01337,2026-08-06 20:30:00,DEV482,DEVOPS-7131,Task,Done,High,status_changed
JR01152,2026-08-06 20:32:00,DEV166,DATA-3628,Story,Code Review,Low,issue_assigned
JR03699,2026-08-06 20:33:00,DEV118,DATA-8624,Story,To Do,Medium,issue_created
JR03051,2026-08-06 20:35:00,DEV087,DEVOPS-6600,Bug,Done,Medium,status_changed
JR01039,2026-08-06 20:38:00,DEV133,DEVOPS-9536,Story,To Do,Medium,issue_created
JR02232,2026-08-06 20:42:00,DEV245,DATA-9314,Improvement,To Do,Critical,issue_created
JR01269,2026-08-06 20:54:00,DEV440,COGNI-6378,Story,Testing,Medium,issue_assigned
JR02346,2026-08-06 20:55:00,DEV087,DATA-6640,Story,Code Review,Critical,status_changed
JR03253,2026-08-06 20:55:00,DEV185,DEVOPS-5232,Improvement,Code Review,Medium,issue_assigned
JR02685,2026-08-06 21:02:00,DEV178,COGNI-278,Improvement,In Progress,Critical,issue_updated
JR04092,2026-08-06 21:04:00,DEV458,DATA-8353,Story,To Do,Critical,issue_created
JR00758,2026-08-06 21:12:00,DEV428,DATA-8529,Improvement,To Do,Low,comment_added
JR03769,2026-08-06 21:13:00,DEV341,COGNI-6890,Improvement,In Progress,Medium,issue_assigned
JR02466,2026-08-06 21:15:00,DEV363,DATA-2819,Bug,Code Review,High,comment_added
JR02326,2026-08-06 21:18:00,DEV142,DEVOPS-6697,Improvement,Testing,Low,comment_added
JR01602,2026-08-06 21:26:00,DEV200,DEVOPS-7023,Improvement,Done,Medium,comment_added
JR03890,2026-08-06 21:40:00,DEV097,DEVOPS-9904,Bug,Code Review,Low,comment_added
JR03964,2026-08-06 21:58:00,DEV463,COGNI-3331,Improvement,Code Review,High,issue_updated
JR01655,2026-08-06 22:01:00,DEV255,DEVOPS-5101,Improvement,Done,Medium,issue_assigned
JR02101,2026-08-06 22:05:00,DEV041,DATA-6448,Bug,To Do,Medium,issue_created
JR02361,2026-08-06 22:26:00,DEV002,DATA-2395,Improvement,To Do,Critical,status_changed
JR01080,2026-08-06 22:30:00,DEV121,COGNI-4089,Story,In Progress,Low,issue_updated
JR02177,2026-08-06 22:34:00,DEV144,DATA-5527,Task,Testing,Low,issue_assigned
JR02645,2026-08-06 22:35:00,DEV141,COGNI-8649,Task,Done,Low,issue_created
JR04156,2026-08-06 22:47:00,DEV226,DATA-8978,Story,In Progress,Medium,issue_assigned
JR01232,2026-08-06 22:49:00,DEV375,COGNI-796,Bug,Done,High,issue_updated
JR00568,2026-08-06 22:54:00,DEV146,DATA-981,Improvement,Done,High,comment_added
JR01649,2026-08-06 22:56:00,DEV361,DATA-3867,Improvement,Done,Low,comment_added
JR01378,2026-08-06 22:59:00,DEV414,COGNI-5521,Improvement,Done,Low,issue_created
JR03273,2026-08-06 23:00:00,DEV017,COGNI-1135,Bug,To Do,Low,issue_assigned
JR01341,2026-08-06 23:08:00,DEV032,COGNI-5068,Improvement,To Do,Low,issue_updated
JR00891,2026-08-06 23:09:00,DEV122,DEVOPS-6526,Task,In Progress,High,issue_assigned
JR03172,2026-08-06 23:17:00,DEV077,COGNI-104,Improvement,To Do,Critical,issue_updated
JR03213,2026-08-06 23:21:00,DEV375,COGNI-3879,Bug,To Do,High,issue_updated
JR00022,2026-08-06 23:23:00,DEV427,DATA-1121,Task,Code Review,High,issue_created
JR01105,2026-08-06 23:33:00,DEV183,COGNI-2035,Improvement,Done,Medium,comment_added
JR04149,2026-08-06 23:33:00,DEV326,DEVOPS-2595,Improvement,Done,Low,issue_assigned
JR03491,2026-08-06 23:34:00,DEV194,DATA-2222,Task,Code Review,High,issue_created
JR00207,2026-08-06 23:38:00,DEV229,DATA-7531,Improvement,Code Review,Critical,status_changed
JR00936,2026-08-06 23:43:00,DEV166,COGNI-6210,Story,To Do,Low,status_changed
JR03112,2026-08-06 23:45:00,DEV418,DEVOPS-8248,Task,To Do,Medium,comment_added
JR01691,2026-08-06 23:46:00,DEV465,COGNI-5287,Story,In Progress,Low,status_changed
JR04787,2026-08-06 23:46:00,DEV321,DEVOPS-6952,Improvement,Done,Medium,status_changed
JR00724,2026-08-06 23:48:00,DEV145,DEVOPS-5796,Bug,In Progress,Critical,issue_updated
JR00464,2026-08-06 23:54:00,DEV041,DATA-3362,Task,Code Review,Low,issue_created
JR03653,2026-08-06 23:56:00,DEV201,COGNI-1897,Story,Code Review,Critical,issue_assigned
JR02264,2026-08-07 00:02:00,DEV068,DEVOPS-761,Bug,Code Review,Low,comment_added
JR02214,2026-08-07 00:06:00,DEV027,DATA-996,Improvement,To Do,Low,issue_updated
JR01233,2026-08-07 00:09:00,DEV100,COGNI-1429,Improvement,In Progress,Critical,comment_added
JR04648,2026-08-07 00:23:00,DEV439,DATA-3611,Task,Code Review,High,issue_assigned
JR02993,2026-08-07 00:26:00,DEV480,DATA-6446,Task,Code Review,High,issue_updated
JR01230,2026-08-07 00:27:00,DEV291,COGNI-1136,Task,Code Review,Critical,issue_created
JR00195,2026-08-07 00:30:00,DEV328,COGNI-2115,Bug,Done,Low,issue_assigned
JR01901,2026-08-07 00:30:00,DEV128,DATA-6851,Improvement,To Do,Critical,issue_created
JR01726,2026-08-07 00:36:00,DEV018,DATA-6205,Task,Code Review,High,status_changed
JR03292,2026-08-07 00:43:00,DEV248,DATA-1799,Improvement,To Do,Medium,status_changed
JR00803,2026-08-07 00:52:00,DEV438,DEVOPS-1853,Improvement,Done,Medium,issue_assigned
JR00721,2026-08-07 00:53:00,DEV449,COGNI-403,Improvement,Testing,Critical,comment_added
JR02447,2026-08-07 00:55:00,DEV094,DATA-2048,Bug,To Do,Critical,issue_assigned
JR02719,2026-08-07 01:04:00,DEV378,DATA-3906,Improvement,Testing,Medium,issue_created
JR04976,2026-08-07 01:04:00,DEV036,COGNI-6554,Story,Done,Critical,comment_added
JR03570,2026-08-07 01:07:00,DEV156,DATA-9915,Task,In Progress,High,issue_updated
JR03924,2026-08-07 01:12:00,DEV034,COGNI-4891,Task,Done,Low,issue_created
JR01209,2026-08-07 01:16:00,DEV225,COGNI-8897,Story,To Do,High,status_changed
JR02415,2026-08-07 01:16:00,DEV463,DEVOPS-7919,Improvement,Code Review,Critical,issue_assigned
JR03909,2026-08-07 01:20:00,DEV385,COGNI-7749,Story,Testing,Low,issue_updated
JR02532,2026-08-07 01:27:00,DEV307,DEVOPS-3230,Story,In Progress,High,comment_added
JR03274,2026-08-07 01:32:00,DEV374,COGNI-3948,Story,Code Review,Medium,comment_added
JR02231,2026-08-07 01:34:00,DEV236,COGNI-2121,Story,In Progress,High,issue_assigned
JR02126,2026-08-07 01:39:00,DEV273,DEVOPS-8034,Story,Code Review,High,issue_created
JR03288,2026-08-07 01:52:00,DEV452,DATA-6714,Bug,Testing,High,comment_added
JR03891,2026-08-07 02:02:00,DEV124,DATA-8322,Improvement,In Progress,Medium,issue_updated
JR04622,2026-08-07 02:02:00,DEV209,DEVOPS-5899,Story,To Do,Medium,status_changed
JR04431,2026-08-07 02:05:00,DEV493,COGNI-1910,Task,Done,High,issue_created
JR01542,2026-08-07 02:16:00,DEV034,COGNI-604,Bug,Done,Low,comment_added
JR03735,2026-08-07 02:20:00,DEV434,DEVOPS-1858,Bug,To Do,Medium,status_changed
JR04095,2026-08-07 02:36:00,DEV424,DEVOPS-9914,Improvement,Code Review,Critical,issue_created
JR00220,2026-08-07 02:46:00,DEV409,DATA-2821,Story,In Progress,Medium,issue_updated
JR03337,2026-08-07 02:51:00,DEV251,DATA-779,Story,To Do,Low,issue_created
JR02355,2026-08-07 02:55:00,DEV179,DATA-9074,Bug,Code Review,Critical,issue_created
JR01475,2026-08-07 02:59:00,DEV443,COGNI-5448,Task,To Do,Medium,issue_assigned
JR04887,2026-08-07 03:03:00,DEV001,COGNI-3898,Story,Code Review,Medium,issue_updated
JR02406,2026-08-07 03:07:00,DEV129,COGNI-4593,Story,To Do,Critical,issue_assigned
JR01673,2026-08-07 03:10:00,DEV307,DEVOPS-3193,Story,To Do,High,comment_added
JR02814,2026-08-07 03:12:00,DEV463,COGNI-2497,Bug,Testing,Low,status_changed
JR02807,2026-08-07 03:15:00,DEV018,DEVOPS-8799,Story,To Do,Critical,issue_updated
JR00094,2026-08-07 03:17:00,DEV410,DATA-2608,Task,In Progress,Medium,status_changed
JR02073,2026-08-07 03:19:00,DEV121,COGNI-3080,Bug,To Do,Medium,issue_updated
JR02781,2026-08-07 03:21:00,DEV483,DATA-773,Story,Testing,Medium,issue_updated
JR01857,2026-08-07 03:27:00,DEV166,COGNI-4268,Task,In Progress,Low,issue_created
JR02808,2026-08-07 03:27:00,DEV224,COGNI-5704,Bug,To Do,Medium,issue_created
JR03140,2026-08-07 03:30:00,DEV366,COGNI-4008,Improvement,Done,High,status_changed
JR04540,2026-08-07 03:32:00,DEV451,DATA-7495,Improvement,Code Review,Critical,issue_created
JR01021,2026-08-07 03:34:00,DEV383,DATA-6892,Bug,Done,Medium,issue_created
JR01918,2026-08-07 03:34:00,DEV342,COGNI-9526,Improvement,Done,Low,comment_added
JR02970,2026-08-07 03:35:00,DEV163,COGNI-9729,Improvement,In Progress,Medium,comment_added
JR04078,2026-08-07 03:37:00,DEV236,COGNI-9263,Task,In Progress,High,issue_assigned
JR03545,2026-08-07 03:38:00,DEV351,COGNI-8871,Bug,Testing,Medium,issue_created
JR02442,2026-08-07 03:43:00,DEV341,DEVOPS-9869,Bug,In Progress,Low,comment_added
JR03514,2026-08-07 03:51:00,DEV439,DEVOPS-6252,Bug,Testing,Medium,comment_added
JR00088,2026-08-07 03:54:00,DEV388,COGNI-3406,Task,Testing,Critical,issue_created
JR01180,2026-08-07 03:55:00,DEV152,COGNI-3108,Bug,To Do,Low,issue_created
JR03834,2026-08-07 03:58:00,DEV067,DATA-3023,Story,Code Review,Critical,issue_created
JR01599,2026-08-07 04:04:00,DEV078,COGNI-6762,Task,Testing,Critical,issue_created
JR00316,2026-08-07 04:06:00,DEV019,DATA-3901,Task,Code Review,High,issue_updated
JR00554,2026-08-07 04:07:00,DEV421,DATA-9922,Task,Code Review,Critical,issue_assigned
JR00465,2026-08-07 04:12:00,DEV338,DATA-9758,Improvement,To Do,High,issue_created
JR02435,2026-08-07 04:12:00,DEV395,DATA-8348,Task,To Do,Critical,issue_assigned
JR02900,2026-08-07 04:15:00,DEV249,DATA-3680,Story,Code Review,Critical,issue_assigned
JR02434,2026-08-07 04:18:00,DEV161,DEVOPS-3297,Task,Testing,High,issue_created
JR03216,2026-08-07 04:20:00,DEV479,DEVOPS-5736,Task,In Progress,Critical,issue_updated
JR00293,2026-08-07 04:26:00,DEV289,COGNI-8363,Improvement,Testing,Critical,issue_created
JR02728,2026-08-07 04:26:00,DEV006,DEVOPS-5149,Story,Testing,Medium,issue_updated
JR02368,2026-08-07 04:30:00,DEV237,DEVOPS-9259,Improvement,To Do,Critical,comment_added
JR03021,2026-08-07 04:32:00,DEV269,COGNI-7162,Task,In Progress,Critical,issue_assigned
JR02130,2026-08-07 04:33:00,DEV376,COGNI-7133,Story,Testing,High,issue_created
JR04272,2026-08-07 04:35:00,DEV206,DATA-8855,Task,To Do,Critical,status_changed
JR03620,2026-08-07 04:40:00,DEV284,DATA-6553,Story,Code Review,Medium,issue_updated
JR02811,2026-08-07 04:41:00,DEV361,DATA-732,Story,Code Review,Critical,issue_updated
JR04524,2026-08-07 04:43:00,DEV279,DATA-5833,Story,To Do,Critical,status_changed
JR03249,2026-08-07 04:44:00,DEV347,DEVOPS-8242,Bug,To Do,High,issue_assigned
JR04141,2026-08-07 04:45:00,DEV068,DATA-5632,Bug,In Progress,Medium,issue_assigned
JR02348,2026-08-07 04:46:00,DEV158,DATA-9596,Improvement,To Do,Critical,issue_updated
JR00356,2026-08-07 04:47:00,DEV467,DEVOPS-5911,Story,Testing,Critical,comment_added
JR00480,2026-08-07 04:55:00,DEV147,DEVOPS-5140,Improvement,Testing,High,issue_created
JR04904,2026-08-07 05:06:00,DEV102,DEVOPS-6360,Bug,In Progress,Critical,issue_created
JR04480,2026-08-07 05:12:00,DEV238,COGNI-4171,Bug,Testing,High,status_changed
JR02861,2026-08-07 05:13:00,DEV063,COGNI-1374,Task,Done,High,issue_assigned
JR02587,2026-08-07 05:14:00,DEV025,COGNI-6340,Task,Testing,Critical,issue_created
JR02168,2026-08-07 05:19:00,DEV343,DEVOPS-2469,Story,To Do,High,comment_added
JR01199,2026-08-07 05:23:00,DEV044,DEVOPS-9668,Improvement,Done,Low,issue_created
JR03038,2026-08-07 05:27:00,DEV312,COGNI-9136,Improvement,Code Review,Critical,issue_updated
JR00472,2026-08-07 05:34:00,DEV238,DATA-405,Bug,Code Review,Low,comment_added
JR02257,2026-08-07 05:34:00,DEV101,DATA-6596,Task,Done,Critical,issue_updated
JR00301,2026-08-07 05:47:00,DEV132,COGNI-4988,Improvement,In Progress,Critical,issue_assigned
JR02796,2026-08-07 05:49:00,DEV021,DEVOPS-2353,Improvement,Testing,Medium,comment_added
JR00262,2026-08-07 05:51:00,DEV004,DEVOPS-5379,Bug,Done,Medium,issue_updated
JR03178,2026-08-07 05:52:00,DEV035,COGNI-7568,Bug,In Progress,Critical,comment_added
JR02142,2026-08-07 06:01:00,DEV210,DATA-7075,Story,Testing,Critical,issue_updated
JR02551,2026-08-07 06:01:00,DEV281,DATA-7450,Bug,In Progress,Low,comment_added
JR01100,2026-08-07 06:08:00,DEV411,DATA-4679,Improvement,Testing,High,issue_created
JR00267,2026-08-07 06:09:00,DEV208,DEVOPS-2583,Improvement,In Progress,Critical,issue_assigned
JR02457,2026-08-07 06:09:00,DEV231,DATA-8451,Bug,Code Review,Medium,comment_added
JR02503,2026-08-07 06:12:00,DEV191,DEVOPS-3119,Story,To Do,High,status_changed
JR01516,2026-08-07 06:14:00,DEV248,COGNI-4689,Story,Done,High,comment_added
JR03639,2026-08-07 06:22:00,DEV121,DEVOPS-5961,Bug,In Progress,Medium,status_changed
JR03023,2026-08-07 06:30:00,DEV160,DATA-7190,Task,Testing,Critical,issue_created
JR02365,2026-08-07 06:31:00,DEV293,DEVOPS-3877,Bug,Done,High,issue_updated
JR03036,2026-08-07 06:38:00,DEV323,DATA-258,Improvement,To Do,High,issue_assigned
JR02584,2026-08-07 06:41:00,DEV398,COGNI-3795,Story,Done,High,issue_assigned
JR01185,2026-08-07 06:55:00,DEV087,COGNI-332,Improvement,To Do,High,issue_assigned
JR00983,2026-08-07 06:57:00,DEV098,DEVOPS-8168,Improvement,To Do,Critical,issue_updated
JR03944,2026-08-07 06:59:00,DEV310,DEVOPS-5194,Task,In Progress,High,status_changed
JR02286,2026-08-07 07:00:00,DEV164,DATA-5664,Story,To Do,High,comment_added
JR01715,2026-08-07 07:08:00,DEV016,DATA-1469,Story,Testing,Critical,issue_assigned
JR03761,2026-08-07 07:12:00,DEV019,COGNI-7845,Improvement,Testing,Critical,status_changed
JR00337,2026-08-07 07:13:00,DEV346,DATA-1069,Task,Done,Critical,status_changed
JR03904,2026-08-07 07:14:00,DEV007,DEVOPS-4717,Improvement,In Progress,Low,issue_updated
JR04678,2026-08-07 07:16:00,DEV246,COGNI-3960,Story,Done,Critical,comment_added
JR00610,2026-08-07 07:18:00,DEV388,COGNI-9955,Task,In Progress,High,issue_updated
JR00740,2026-08-07 07:19:00,DEV460,COGNI-8375,Story,Testing,Critical,status_changed
JR00874,2026-08-07 07:20:00,DEV082,COGNI-5079,Bug,Code Review,Medium,comment_added
JR00873,2026-08-07 07:23:00,DEV389,DEVOPS-7544,Task,Done,Low,issue_assigned
JR00650,2026-08-07 07:25:00,DEV021,DATA-1872,Improvement,In Progress,High,issue_assigned
JR00089,2026-08-07 07:30:00,DEV289,COGNI-740,Bug,Testing,High,status_changed
JR03575,2026-08-07 07:34:00,DEV026,DEVOPS-9087,Bug,Code Review,Critical,issue_assigned
JR02627,2026-08-07 07:45:00,DEV313,DATA-295,Story,To Do,High,status_changed
JR02956,2026-08-07 07:48:00,DEV439,DATA-3960,Improvement,To Do,Medium,issue_updated
JR04576,2026-08-07 07:50:00,DEV368,DATA-9509,Task,Done,High,status_changed
JR01330,2026-08-07 07:52:00,DEV087,DEVOPS-1785,Bug,In Progress,Medium,issue_assigned
JR01472,2026-08-07 07:57:00,DEV128,COGNI-7496,Bug,Code Review,Critical,issue_assigned
JR04741,2026-08-07 07:57:00,DEV494,DEVOPS-2603,Improvement,Testing,Medium,comment_added
JR01863,2026-08-07 08:06:00,DEV029,COGNI-6926,Bug,Done,Critical,comment_added
JR02456,2026-08-07 08:07:00,DEV148,DATA-2951,Task,Testing,High,issue_updated
JR04436,2026-08-07 08:07:00,DEV070,DEVOPS-7984,Improvement,Testing,High,issue_assigned
JR03543,2026-08-07 08:11:00,DEV004,DEVOPS-8957,Task,Done,Medium,issue_created
JR02574,2026-08-07 08:13:00,DEV288,DEVOPS-278,Story,In Progress,High,issue_created
JR02048,2026-08-07 08:18:00,DEV428,DATA-4348,Bug,Done,High,comment_added
JR03239,2026-08-07 08:21:00,DEV475,DATA-382,Improvement,Done,Critical,issue_created
JR00187,2026-08-07 08:24:00,DEV261,COGNI-6219,Bug,Done,Low,issue_updated
JR01667,2026-08-07 08:33:00,DEV133,COGNI-4162,Story,Testing,Critical,issue_created
JR04258,2026-08-07 08:37:00,DEV362,DATA-4937,Story,In Progress,Low,issue_updated
JR04957,2026-08-07 08:39:00,DEV144,COGNI-9099,Improvement,Done,Critical,comment_added
JR04748,2026-08-07 08:59:00,DEV024,DEVOPS-9313,Bug,Code Review,High,comment_added
JR02963,2026-08-07 09:02:00,DEV416,DEVOPS-3988,Story,Code Review,Medium,issue_assigned
JR01493,2026-08-07 09:04:00,DEV163,COGNI-769,Improvement,Testing,Medium,issue_assigned
JR00771,2026-08-07 09:05:00,DEV364,COGNI-2061,Task,Testing,High,issue_created
JR00246,2026-08-07 09:08:00,DEV050,COGNI-6465,Story,To Do,High,status_changed
JR03143,2026-08-07 09:08:00,DEV153,COGNI-7303,Story,Testing,High,comment_added
JR04595,2026-08-07 09:10:00,DEV002,DEVOPS-8109,Bug,Testing,Low,status_changed
JR04607,2026-08-07 09:11:00,DEV419,DATA-3051,Story,Testing,Low,issue_created
JR03859,2026-08-07 09:14:00,DEV337,COGNI-1336,Bug,In Progress,Low,issue_updated
JR00886,2026-08-07 09:15:00,DEV368,COGNI-7438,Improvement,Testing,Low,issue_assigned
JR02884,2026-08-07 09:17:00,DEV277,DEVOPS-282,Task,Done,Medium,issue_updated
JR02058,2026-08-07 09:27:00,DEV230,DATA-3809,Improvement,Testing,Low,comment_added
JR02888,2026-08-07 09:37:00,DEV443,COGNI-6667,Task,In Progress,Medium,issue_created
JR00029,2026-08-07 09:38:00,DEV140,DATA-292,Improvement,Code Review,Medium,comment_added
JR00828,2026-08-07 09:43:00,DEV492,COGNI-1757,Task,Code Review,High,issue_created
JR04969,2026-08-07 09:46:00,DEV353,COGNI-5855,Bug,In Progress,High,issue_updated
JR00942,2026-08-07 09:47:00,DEV445,DATA-4686,Bug,Code Review,Medium,issue_updated
JR01087,2026-08-07 09:50:00,DEV445,DEVOPS-8130,Bug,In Progress,Medium,comment_added
JR02581,2026-08-07 09:51:00,DEV112,DEVOPS-8968,Task,To Do,Critical,comment_added
JR01580,2026-08-07 09:57:00,DEV423,DEVOPS-7774,Bug,In Progress,Low,issue_updated
JR04010,2026-08-07 09:58:00,DEV200,DATA-7166,Improvement,To Do,Low,comment_added
JR02065,2026-08-07 10:00:00,DEV027,DEVOPS-6363,Bug,To Do,Critical,issue_created
JR02103,2026-08-07 10:00:00,DEV258,COGNI-9657,Story,Done,Critical,issue_updated
JR03825,2026-08-07 10:07:00,DEV271,DATA-4461,Story,Testing,Low,comment_added
JR00205,2026-08-07 10:13:00,DEV092,DEVOPS-6217,Bug,Done,Medium,issue_updated
JR02558,2026-08-07 10:14:00,DEV015,DEVOPS-6374,Improvement,Done,High,issue_updated
JR02798,2026-08-07 10:18:00,DEV011,DEVOPS-6855,Task,Code Review,High,issue_created
JR02899,2026-08-07 10:22:00,DEV077,COGNI-1353,Task,To Do,Medium,issue_updated
JR03433,2026-08-07 10:22:00,DEV099,COGNI-8485,Bug,To Do,Medium,issue_assigned
JR04300,2026-08-07 10:33:00,DEV229,DEVOPS-1731,Improvement,Done,Critical,comment_added
JR01130,2026-08-07 10:39:00,DEV251,DEVOPS-4605,Story,To Do,Low,issue_updated
JR03450,2026-08-07 10:41:00,DEV037,COGNI-7609,Improvement,Code Review,Critical,issue_assigned
JR04127,2026-08-07 10:50:00,DEV006,DATA-4405,Task,Testing,High,issue_created
JR00579,2026-08-07 11:16:00,DEV161,COGNI-1871,Improvement,Done,Critical,comment_added
JR03001,2026-08-07 11:18:00,DEV141,DATA-7093,Bug,Done,Critical,comment_added
JR04163,2026-08-07 11:24:00,DEV277,DEVOPS-7164,Story,In Progress,High,issue_assigned
JR00182,2026-08-07 11:27:00,DEV127,DATA-8407,Improvement,To Do,Critical,issue_assigned
JR00966,2026-08-07 11:28:00,DEV333,DATA-4785,Task,In Progress,High,comment_added
JR02497,2026-08-07 11:28:00,DEV231,DATA-2567,Story,Code Review,Critical,issue_updated
JR02886,2026-08-07 11:32:00,DEV116,DATA-8568,Story,To Do,Medium,issue_updated
JR02800,2026-08-07 11:37:00,DEV170,DEVOPS-5782,Improvement,To Do,Low,issue_updated
JR03892,2026-08-07 11:43:00,DEV299,COGNI-9113,Improvement,Done,Medium,issue_created
JR04250,2026-08-07 11:44:00,DEV354,DEVOPS-489,Story,In Progress,Medium,issue_created
JR01400,2026-08-07 11:50:00,DEV171,DEVOPS-3797,Improvement,To Do,Low,comment_added
JR04981,2026-08-07 12:06:00,DEV175,DEVOPS-6440,Task,Code Review,Medium,issue_assigned
JR01106,2026-08-07 12:07:00,DEV414,DATA-2851,Story,In Progress,High,issue_assigned
JR02934,2026-08-07 12:12:00,DEV323,COGNI-1598,Story,Code Review,Critical,issue_created
JR04690,2026-08-07 12:12:00,DEV470,DATA-3388,Task,Code Review,Low,issue_updated
JR02280,2026-08-07 12:23:00,DEV237,COGNI-9983,Improvement,To Do,High,issue_assigned
JR02496,2026-08-07 12:25:00,DEV044,COGNI-296,Task,Testing,Low,issue_created
JR02606,2026-08-07 12:31:00,DEV322,DATA-8762,Task,To Do,High,comment_added
JR01346,2026-08-07 12:36:00,DEV187,COGNI-8744,Story,Done,High,issue_created
JR02028,2026-08-07 12:37:00,DEV234,DEVOPS-4933,Improvement,To Do,High,issue_created
JR01348,2026-08-07 12:41:00,DEV358,DEVOPS-6501,Improvement,Code Review,Medium,comment_added
JR03379,2026-08-07 12:41:00,DEV444,DEVOPS-8134,Bug,To Do,Low,status_changed
JR04869,2026-08-07 12:44:00,DEV283,DEVOPS-6859,Task,To Do,Low,status_changed
JR01624,2026-08-07 12:45:00,DEV199,DEVOPS-8482,Story,Testing,Critical,issue_assigned
JR04125,2026-08-07 12:46:00,DEV152,DATA-1800,Improvement,Testing,High,issue_updated
JR00013,2026-08-07 12:50:00,DEV498,COGNI-8596,Bug,Testing,Low,status_changed
JR04528,2026-08-07 12:59:00,DEV170,COGNI-5627,Improvement,In Progress,Critical,comment_added
JR04000,2026-08-07 13:04:00,DEV411,DEVOPS-7668,Story,Code Review,Medium,issue_created
JR03048,2026-08-07 13:06:00,DEV399,DATA-6190,Task,To Do,High,issue_created
JR01452,2026-08-07 13:13:00,DEV404,DEVOPS-2428,Improvement,Testing,High,issue_updated
JR04294,2026-08-07 13:20:00,DEV158,DATA-3973,Story,Testing,Low,status_changed
JR03012,2026-08-07 13:24:00,DEV203,DATA-9315,Improvement,To Do,Medium,issue_created
JR00001,2026-08-07 13:28:00,DEV214,DATA-4321,Task,Code Review,High,issue_created
JR02611,2026-08-07 13:28:00,DEV114,COGNI-6530,Task,Code Review,Critical,issue_updated
JR03434,2026-08-07 13:36:00,DEV104,DEVOPS-7007,Bug,Code Review,Low,status_changed
JR03277,2026-08-07 13:42:00,DEV053,DEVOPS-6406,Task,Code Review,High,issue_updated
JR01844,2026-08-07 13:54:00,DEV196,DEVOPS-3516,Story,Testing,Critical,issue_updated
JR04760,2026-08-07 14:01:00,DEV468,DEVOPS-3295,Story,In Progress,Low,comment_added
JR00268,2026-08-07 14:06:00,DEV282,DEVOPS-1428,Story,Testing,High,status_changed
JR04132,2026-08-07 14:13:00,DEV483,DATA-4588,Story,Testing,Medium,issue_assigned
JR00405,2026-08-07 14:14:00,DEV317,DEVOPS-5781,Task,Testing,Medium,issue_assigned
JR01389,2026-08-07 14:16:00,DEV205,DEVOPS-9387,Improvement,In Progress,Critical,issue_updated
JR00093,2026-08-07 14:21:00,DEV416,DEVOPS-3278,Task,Done,Low,issue_created
JR03830,2026-08-07 14:21:00,DEV489,COGNI-5308,Task,To Do,Critical,status_changed
JR03902,2026-08-07 14:21:00,DEV227,DEVOPS-8987,Bug,Done,Critical,status_changed
JR01490,2026-08-07 14:25:00,DEV247,DEVOPS-6558,Story,To Do,Low,issue_updated
JR00112,2026-08-07 14:37:00,DEV340,DATA-432,Story,Code Review,Medium,status_changed
JR03164,2026-08-07 14:39:00,DEV459,DATA-1657,Improvement,Done,High,issue_created
JR04726,2026-08-07 14:40:00,DEV107,COGNI-6450,Story,In Progress,Low,issue_updated
JR01491,2026-08-07 14:41:00,DEV233,DATA-8513,Bug,To Do,Low,comment_added
JR04498,2026-08-07 14:42:00,DEV131,COGNI-5554,Task,Testing,Low,issue_assigned
JR01585,2026-08-07 14:45:00,DEV220,DEVOPS-9704,Improvement,Code Review,High,comment_added
JR01523,2026-08-07 14:48:00,DEV094,DATA-874,Bug,Done,Low,issue_created
JR01752,2026-08-07 14:50:00,DEV331,DEVOPS-4670,Bug,To Do,Medium,issue_assigned
JR01246,2026-08-07 14:52:00,DEV251,DATA-8979,Improvement,In Progress,Low,comment_added
JR03516,2026-08-07 15:04:00,DEV142,DATA-3514,Story,In Progress,Critical,issue_updated
JR02629,2026-08-07 15:10:00,DEV324,COGNI-6247,Story,Code Review,Low,issue_updated
JR02043,2026-08-07 15:11:00,DEV299,DATA-8516,Improvement,Code Review,High,issue_updated
JR00413,2026-08-07 15:12:00,DEV455,DATA-825,Story,To Do,Critical,comment_added
JR04888,2026-08-07 15:16:00,DEV412,COGNI-8436,Story,Testing,High,issue_updated
JR03427,2026-08-07 15:23:00,DEV314,DEVOPS-3932,Task,Testing,Critical,status_changed
JR01231,2026-08-07 15:32:00,DEV457,COGNI-6637,Bug,To Do,Critical,comment_added
JR03849,2026-08-07 15:34:00,DEV481,COGNI-376,Task,To Do,High,issue_updated
JR00786,2026-08-07 15:36:00,DEV471,DEVOPS-4395,Bug,Testing,Low,status_changed
JR00793,2026-08-07 15:37:00,DEV449,DATA-4899,Bug,Testing,Low,issue_updated
JR03348,2026-08-07 15:40:00,DEV078,DATA-3077,Bug,Done,High,issue_assigned
JR04950,2026-08-07 15:57:00,DEV074,DATA-7398,Task,Done,Critical,status_changed
JR00541,2026-08-07 16:04:00,DEV463,COGNI-6997,Improvement,To Do,Medium,comment_added
JR02166,2026-08-07 16:06:00,DEV477,DATA-9465,Story,Code Review,Medium,issue_assigned
JR01666,2026-08-07 16:08:00,DEV073,COGNI-982,Task,Done,Low,comment_added
JR03287,2026-08-07 16:13:00,DEV203,DATA-4205,Story,Testing,Medium,issue_created
JR01870,2026-08-07 16:15:00,DEV352,COGNI-5218,Task,To Do,Medium,comment_added
JR04023,2026-08-07 16:24:00,DEV042,COGNI-3896,Improvement,Testing,Medium,status_changed
JR01828,2026-08-07 16:45:00,DEV423,DATA-7694,Improvement,In Progress,Critical,comment_added
JR02991,2026-08-07 16:47:00,DEV481,DEVOPS-4827,Improvement,Code Review,Low,issue_assigned
JR00212,2026-08-07 16:54:00,DEV455,COGNI-1395,Task,To Do,Medium,comment_added
JR00674,2026-08-07 16:55:00,DEV298,DEVOPS-2196,Task,To Do,Critical,issue_created
JR03352,2026-08-07 17:02:00,DEV231,DEVOPS-4855,Improvement,Testing,Low,issue_created
JR00537,2026-08-07 17:03:00,DEV470,DEVOPS-2455,Bug,Done,Critical,comment_added
JR02769,2026-08-07 17:11:00,DEV060,DATA-466,Bug,Testing,High,issue_created
JR03955,2026-08-07 17:14:00,DEV460,DEVOPS-2640,Bug,Testing,Medium,issue_updated
JR00955,2026-08-07 17:15:00,DEV415,COGNI-9788,Story,To Do,High,comment_added
JR02872,2026-08-07 17:22:00,DEV212,DATA-1698,Task,Code Review,Medium,issue_assigned
JR03283,2026-08-07 17:22:00,DEV073,DATA-5454,Improvement,In Progress,Critical,issue_updated
JR02777,2026-08-07 17:25:00,DEV104,DEVOPS-6877,Task,Testing,High,issue_updated
JR02682,2026-08-07 17:27:00,DEV069,DATA-9408,Bug,Code Review,Low,status_changed
JR04129,2026-08-07 17:32:00,DEV390,DATA-9715,Task,In Progress,Critical,issue_updated
JR00214,2026-08-07 17:36:00,DEV469,DEVOPS-5883,Task,Done,High,issue_updated
JR02235,2026-08-07 17:43:00,DEV148,DEVOPS-3808,Improvement,To Do,High,issue_created
JR02420,2026-08-07 17:46:00,DEV318,DEVOPS-3268,Bug,To Do,High,issue_assigned
JR03915,2026-08-07 17:50:00,DEV198,DEVOPS-4952,Story,To Do,High,issue_created
JR02828,2026-08-07 17:52:00,DEV033,DATA-7034,Task,To Do,High,status_changed
JR04309,2026-08-07 17:57:00,DEV290,DEVOPS-3662,Bug,Testing,High,issue_created
JR03474,2026-08-07 18:04:00,DEV048,DEVOPS-6174,Bug,Code Review,High,issue_updated
JR00826,2026-08-07 18:06:00,DEV239,COGNI-3125,Task,To Do,Critical,status_changed
JR03395,2026-08-07 18:08:00,DEV025,DATA-8480,Task,Code Review,High,issue_assigned
JR02342,2026-08-07 18:12:00,DEV412,DATA-5054,Improvement,Testing,Critical,issue_updated
JR01072,2026-08-07 18:23:00,DEV024,COGNI-9576,Task,In Progress,High,issue_updated
JR00100,2026-08-07 18:25:00,DEV010,DATA-3636,Story,In Progress,Critical,issue_created
JR04872,2026-08-07 18:27:00,DEV499,DATA-4774,Bug,Done,Medium,issue_updated
JR03669,2026-08-07 18:29:00,DEV073,COGNI-7297,Task,To Do,Critical,issue_updated
JR01777,2026-08-07 18:35:00,DEV146,DATA-7476,Improvement,To Do,Critical,issue_created
JR01984,2026-08-07 18:35:00,DEV413,COGNI-6429,Bug,Done,Medium,issue_updated
JR04256,2026-08-07 18:35:00,DEV395,COGNI-2220,Improvement,Done,Critical,status_changed
JR02422,2026-08-07 18:37:00,DEV371,COGNI-7596,Task,In Progress,Critical,status_changed
JR03333,2026-08-07 18:37:00,DEV103,DEVOPS-8610,Improvement,Testing,High,issue_updated
JR03717,2026-08-07 18:37:00,DEV226,DEVOPS-6606,Task,Done,Medium,issue_updated
JR02545,2026-08-07 18:38:00,DEV132,DATA-2198,Bug,In Progress,High,comment_added
JR03746,2026-08-07 18:46:00,DEV074,COGNI-2936,Task,Code Review,Low,issue_assigned
JR03780,2026-08-07 18:50:00,DEV173,COGNI-9327,Improvement,Code Review,Medium,issue_created
JR01779,2026-08-07 18:51:00,DEV047,DEVOPS-8343,Improvement,To Do,Critical,issue_created
JR01343,2026-08-07 18:52:00,DEV315,DEVOPS-493,Improvement,In Progress,Medium,issue_assigned
JR04845,2026-08-07 18:53:00,DEV068,COGNI-8686,Improvement,In Progress,High,issue_created
JR00765,2026-08-07 18:57:00,DEV485,DEVOPS-9892,Bug,To Do,Medium,comment_added
JR01446,2026-08-07 19:00:00,DEV293,DEVOPS-8622,Bug,To Do,Critical,issue_assigned
JR03654,2026-08-07 19:10:00,DEV336,COGNI-2473,Improvement,Testing,Medium,issue_created
JR03561,2026-08-07 19:11:00,DEV343,DATA-3087,Task,To Do,Low,issue_assigned
JR00346,2026-08-07 19:12:00,DEV411,COGNI-155,Story,In Progress,Medium,issue_created
JR01564,2026-08-07 19:12:00,DEV202,DATA-6362,Bug,Done,High,issue_assigned
JR01125,2026-08-07 19:18:00,DEV154,COGNI-2310,Task,To Do,Low,comment_added
JR04795,2026-08-07 19:21:00,DEV070,COGNI-1255,Story,Testing,High,status_changed
JR03343,2026-08-07 19:23:00,DEV359,DATA-5748,Story,In Progress,High,issue_assigned
JR04099,2026-08-07 19:24:00,DEV352,DATA-4400,Bug,In Progress,Medium,issue_updated
JR04195,2026-08-07 19:28:00,DEV376,DEVOPS-1582,Story,To Do,Low,comment_added
JR01215,2026-08-07 19:33:00,DEV314,DEVOPS-1502,Improvement,In Progress,High,status_changed
JR02245,2026-08-07 19:43:00,DEV223,DEVOPS-4088,Story,Testing,Critical,issue_updated
JR04534,2026-08-07 19:43:00,DEV062,DATA-7845,Story,Code Review,Critical,issue_updated
JR02876,2026-08-07 19:45:00,DEV261,DATA-3723,Improvement,Code Review,Critical,issue_assigned
JR00072,2026-08-07 19:50:00,DEV101,DATA-5679,Story,Done,High,issue_updated
JR01894,2026-08-07 19:50:00,DEV373,COGNI-7098,Improvement,Done,Critical,issue_assigned
JR01043,2026-08-07 20:02:00,DEV051,COGNI-9890,Task,Code Review,Critical,issue_assigned
JR02340,2026-08-07 20:06:00,DEV181,COGNI-1349,Bug,Testing,Low,issue_created
JR03126,2026-08-07 20:08:00,DEV486,DATA-1043,Bug,Testing,Critical,issue_assigned
JR04614,2026-08-07 20:08:00,DEV118,COGNI-8832,Story,Code Review,Low,issue_updated
JR01496,2026-08-07 20:13:00,DEV001,COGNI-262,Task,Testing,Medium,issue_created
JR04240,2026-08-07 20:15:00,DEV113,DEVOPS-2575,Bug,Testing,High,comment_added
JR02971,2026-08-07 20:19:00,DEV007,COGNI-6430,Task,Code Review,Low,issue_updated
JR04110,2026-08-07 20:19:00,DEV261,DATA-8537,Improvement,Testing,Critical,issue_created
JR00868,2026-08-07 20:21:00,DEV249,DATA-9181,Bug,Testing,Medium,comment_added
JR01581,2026-08-07 20:21:00,DEV006,DATA-2438,Bug,In Progress,High,comment_added
JR00446,2026-08-07 20:29:00,DEV173,DATA-7469,Improvement,Done,Critical,issue_assigned
JR02329,2026-08-07 20:38:00,DEV329,DEVOPS-6323,Story,To Do,Low,comment_added
JR00439,2026-08-07 20:47:00,DEV316,COGNI-4468,Bug,Done,Low,status_changed
JR01430,2026-08-07 20:49:00,DEV243,DEVOPS-1089,Improvement,To Do,High,comment_added
JR03831,2026-08-07 20:58:00,DEV454,DATA-1838,Bug,Testing,Low,comment_added
JR04034,2026-08-07 21:02:00,DEV222,DEVOPS-2577,Bug,Done,Critical,comment_added
JR03889,2026-08-07 21:15:00,DEV121,DEVOPS-6053,Task,To Do,Low,issue_assigned
JR03375,2026-08-07 21:18:00,DEV022,COGNI-3019,Improvement,In Progress,Medium,status_changed
JR00055,2026-08-07 21:21:00,DEV312,DATA-8033,Improvement,Testing,High,issue_updated
JR00296,2026-08-07 21:24:00,DEV239,DEVOPS-4271,Story,Done,Critical,issue_created
JR00699,2026-08-07 21:26:00,DEV112,DATA-8960,Improvement,Code Review,High,issue_assigned
JR04209,2026-08-07 21:28:00,DEV477,COGNI-5052,Bug,Code Review,Low,status_changed
JR00878,2026-08-07 21:29:00,DEV202,COGNI-2605,Improvement,Testing,High,comment_added
JR03577,2026-08-07 21:29:00,DEV408,DEVOPS-4786,Improvement,Code Review,High,comment_added
JR04562,2026-08-07 21:30:00,DEV415,DATA-6063,Bug,Code Review,High,issue_created
JR03207,2026-08-07 21:33:00,DEV155,COGNI-656,Bug,To Do,Critical,issue_assigned
JR00487,2026-08-07 21:35:00,DEV139,DEVOPS-3608,Improvement,Done,Low,issue_assigned
JR01334,2026-08-07 21:35:00,DEV079,COGNI-4298,Task,Code Review,Medium,issue_created
JR03632,2026-08-07 21:37:00,DEV110,COGNI-1022,Story,To Do,Low,issue_created
JR00852,2026-08-07 21:40:00,DEV274,DEVOPS-5868,Story,Testing,Medium,issue_assigned
JR04515,2026-08-07 21:42:00,DEV485,COGNI-8236,Improvement,To Do,Critical,issue_assigned
JR00549,2026-08-07 21:44:00,DEV288,COGNI-8512,Improvement,Done,High,issue_created
JR00614,2026-08-07 21:46:00,DEV016,DATA-5669,Story,In Progress,Critical,status_changed
JR01196,2026-08-07 21:49:00,DEV231,DEVOPS-658,Bug,Done,Critical,comment_added
JR04287,2026-08-07 21:52:00,DEV097,DEVOPS-3378,Story,To Do,High,issue_created
JR00757,2026-08-07 21:54:00,DEV456,COGNI-1622,Improvement,Done,Low,status_changed
JR02524,2026-08-07 22:02:00,DEV079,DATA-720,Task,Testing,High,issue_assigned
JR00889,2026-08-07 22:03:00,DEV258,DATA-3847,Bug,Done,Medium,issue_created
JR01558,2026-08-07 22:15:00,DEV021,DATA-8666,Bug,Testing,Low,comment_added
JR02983,2026-08-07 22:25:00,DEV147,DEVOPS-6547,Bug,Testing,Critical,status_changed
JR03689,2026-08-07 22:25:00,DEV075,DEVOPS-5942,Story,Code Review,Medium,issue_updated
JR04706,2026-08-07 22:30:00,DEV030,DATA-1030,Story,Done,Critical,issue_assigned
JR04396,2026-08-07 22:32:00,DEV396,COGNI-5317,Task,Testing,Medium,issue_created
JR00981,2026-08-07 22:33:00,DEV388,COGNI-6458,Task,In Progress,Critical,comment_added
JR04427,2026-08-07 22:36:00,DEV294,DEVOPS-4772,Bug,To Do,Medium,issue_created
JR04422,2026-08-07 22:40:00,DEV408,COGNI-3771,Bug,To Do,High,issue_created
JR04446,2026-08-07 22:42:00,DEV457,DATA-5889,Bug,In Progress,Critical,issue_updated
JR04930,2026-08-07 22:46:00,DEV465,DEVOPS-4760,Bug,Testing,Low,status_changed
JR01304,2026-08-07 22:56:00,DEV420,DATA-6541,Story,Testing,Medium,comment_added
JR00335,2026-08-07 23:00:00,DEV388,COGNI-3923,Story,Code Review,Low,issue_assigned
JR00906,2026-08-07 23:02:00,DEV056,DATA-6397,Improvement,To Do,Critical,issue_assigned
JR03714,2026-08-07 23:05:00,DEV057,DATA-439,Story,Code Review,Low,issue_assigned
JR03709,2026-08-07 23:14:00,DEV466,DATA-592,Improvement,Testing,Critical,issue_created
JR00736,2026-08-07 23:25:00,DEV084,COGNI-7318,Task,In Progress,Critical,comment_added
JR02848,2026-08-07 23:31:00,DEV253,DEVOPS-5870,Improvement,Testing,Medium,issue_assigned
JR03009,2026-08-07 23:32:00,DEV141,COGNI-1888,Improvement,Testing,High,issue_assigned
JR04510,2026-08-07 23:34:00,DEV438,DEVOPS-7338,Story,Done,Low,status_changed
JR04571,2026-08-07 23:35:00,DEV432,DEVOPS-3555,Bug,Testing,Critical,issue_created
JR04848,2026-08-07 23:35:00,DEV226,COGNI-8988,Task,Done,Low,issue_created
JR04858,2026-08-07 23:37:00,DEV335,DEVOPS-5091,Story,To Do,Critical,comment_added
JR04767,2026-08-07 23:39:00,DEV315,DATA-3047,Story,Done,Medium,issue_assigned
JR02204,2026-08-07 23:43:00,DEV447,DEVOPS-1271,Story,Done,Medium,status_changed
JR01638,2026-08-07 23:57:00,DEV422,COGNI-6010,Task,Testing,High,issue_assigned
JR01411,2026-08-08 00:02:00,DEV399,COGNI-9280,Task,In Progress,High,issue_updated
JR02237,2026-08-08 00:03:00,DEV436,DATA-1514,Story,To Do,Low,issue_assigned
JR03276,2026-08-08 00:04:00,DEV115,COGNI-3125,Story,In Progress,Critical,issue_created
JR02630,2026-08-08 00:07:00,DEV085,DATA-9992,Story,In Progress,Low,issue_created
JR00380,2026-08-08 00:12:00,DEV454,DEVOPS-5814,Bug,Done,High,issue_assigned
JR03400,2026-08-08 00:14:00,DEV275,DEVOPS-6341,Improvement,Done,High,comment_added
JR03168,2026-08-08 00:20:00,DEV237,DATA-7811,Bug,Code Review,Critical,issue_updated
JR02026,2026-08-08 00:22:00,DEV327,COGNI-8171,Story,Code Review,Medium,issue_assigned
JR03722,2026-08-08 00:23:00,DEV192,DEVOPS-3191,Improvement,In Progress,Critical,comment_added
JR03293,2026-08-08 00:24:00,DEV056,COGNI-5314,Story,Code Review,Medium,issue_updated
JR03418,2026-08-08 00:27:00,DEV359,DATA-2014,Story,Code Review,Critical,issue_created
JR01753,2026-08-08 00:29:00,DEV209,DEVOPS-5397,Bug,Testing,Medium,comment_added
JR03182,2026-08-08 00:59:00,DEV380,COGNI-8757,Bug,In Progress,Medium,issue_updated
JR03698,2026-08-08 01:02:00,DEV124,COGNI-4170,Improvement,In Progress,Critical,issue_created
JR04836,2026-08-08 01:04:00,DEV263,COGNI-502,Task,Code Review,Low,status_changed
JR04392,2026-08-08 01:06:00,DEV057,DATA-5894,Task,Testing,Critical,issue_assigned
JR00181,2026-08-08 01:13:00,DEV262,COGNI-6111,Bug,Testing,Critical,issue_assigned
JR01370,2026-08-08 01:15:00,DEV074,DATA-4419,Story,Code Review,High,issue_updated
JR03083,2026-08-08 01:15:00,DEV495,DATA-5029,Story,To Do,Medium,status_changed
JR00085,2026-08-08 01:16:00,DEV013,COGNI-4587,Improvement,In Progress,Medium,status_changed
JR02159,2026-08-08 01:23:00,DEV337,DEVOPS-556,Bug,Testing,Low,issue_updated
JR00819,2026-08-08 01:25:00,DEV244,DEVOPS-6526,Improvement,Testing,High,issue_updated
JR00894,2026-08-08 01:29:00,DEV466,COGNI-7874,Story,Code Review,Low,comment_added
JR03065,2026-08-08 01:35:00,DEV141,DATA-4939,Story,To Do,High,issue_updated
JR01670,2026-08-08 01:38:00,DEV223,COGNI-4421,Story,To Do,High,issue_updated
JR02255,2026-08-08 01:41:00,DEV236,COGNI-1083,Story,Done,Medium,issue_assigned
JR03034,2026-08-08 02:04:00,DEV381,DEVOPS-3265,Task,Testing,Low,issue_assigned
JR01995,2026-08-08 02:11:00,DEV034,DATA-3481,Task,Code Review,Medium,status_changed
JR02412,2026-08-08 02:17:00,DEV158,DEVOPS-6097,Story,Testing,Medium,issue_assigned
JR02566,2026-08-08 02:23:00,DEV387,COGNI-5845,Task,To Do,Low,status_changed
JR04231,2026-08-08 02:27:00,DEV320,DEVOPS-895,Bug,Code Review,Critical,issue_created
JR00158,2026-08-08 02:30:00,DEV199,DEVOPS-8398,Story,In Progress,Medium,issue_updated
JR01426,2026-08-08 02:30:00,DEV055,DEVOPS-3282,Bug,Testing,Low,comment_added
JR02107,2026-08-08 02:32:00,DEV060,DEVOPS-6344,Bug,Done,Medium,status_changed
JR01623,2026-08-08 02:38:00,DEV180,COGNI-5837,Story,To Do,Medium,issue_created
JR02590,2026-08-08 02:46:00,DEV448,DATA-6103,Bug,Testing,Medium,status_changed
JR00456,2026-08-08 02:50:00,DEV354,DEVOPS-2758,Bug,Testing,High,issue_updated
JR00654,2026-08-08 02:51:00,DEV202,DATA-5736,Improvement,In Progress,Medium,issue_assigned
JR01160,2026-08-08 02:51:00,DEV116,DEVOPS-9491,Improvement,In Progress,Low,issue_created
JR03940,2026-08-08 02:59:00,DEV194,COGNI-8983,Bug,Code Review,Low,issue_updated
JR02656,2026-08-08 03:05:00,DEV376,DATA-2501,Story,To Do,Low,status_changed
JR01937,2026-08-08 03:07:00,DEV008,DATA-4028,Story,In Progress,Critical,issue_updated
JR02215,2026-08-08 03:19:00,DEV342,COGNI-2098,Bug,Done,High,issue_updated
JR04494,2026-08-08 03:25:00,DEV241,DATA-2375,Improvement,Code Review,Low,issue_assigned
JR04349,2026-08-08 03:28:00,DEV183,COGNI-9813,Bug,Code Review,Medium,comment_added
JR02278,2026-08-08 03:33:00,DEV270,DEVOPS-5651,Task,In Progress,Critical,issue_assigned
JR02283,2026-08-08 03:33:00,DEV472,COGNI-8295,Improvement,Code Review,High,issue_updated
JR00258,2026-08-08 03:40:00,DEV141,DEVOPS-7324,Task,Done,Medium,comment_added
JR02746,2026-08-08 03:40:00,DEV398,DATA-498,Story,To Do,High,issue_created
JR01197,2026-08-08 03:42:00,DEV247,DEVOPS-6578,Story,Testing,High,status_changed
JR02523,2026-08-08 03:46:00,DEV230,DATA-8182,Story,Code Review,Low,comment_added
JR04241,2026-08-08 03:51:00,DEV489,DEVOPS-1891,Bug,In Progress,High,status_changed
JR04735,2026-08-08 03:54:00,DEV323,DEVOPS-5228,Task,Testing,Medium,issue_assigned
JR02871,2026-08-08 03:55:00,DEV324,DEVOPS-2325,Task,Code Review,Critical,issue_updated
JR02511,2026-08-08 03:57:00,DEV236,DEVOPS-9538,Bug,Done,Medium,issue_created
JR02604,2026-08-08 03:57:00,DEV309,COGNI-1194,Task,Testing,Critical,issue_updated
JR01661,2026-08-08 03:58:00,DEV440,DEVOPS-4949,Improvement,In Progress,Critical,issue_assigned
JR03675,2026-08-08 04:19:00,DEV452,COGNI-2474,Improvement,Testing,Critical,comment_added
JR01530,2026-08-08 04:21:00,DEV274,DEVOPS-5464,Bug,To Do,Critical,issue_created
JR01467,2026-08-08 04:27:00,DEV217,COGNI-3403,Task,In Progress,Critical,issue_created
JR02473,2026-08-08 04:27:00,DEV464,COGNI-3419,Improvement,In Progress,High,status_changed
JR03447,2026-08-08 04:27:00,DEV448,DATA-6259,Improvement,To Do,Low,issue_created
JR02416,2026-08-08 04:28:00,DEV256,COGNI-9327,Improvement,Done,Low,issue_created
JR01119,2026-08-08 04:30:00,DEV039,DEVOPS-7893,Improvement,Done,Medium,status_changed
JR02083,2026-08-08 04:30:00,DEV153,DATA-3898,Bug,Code Review,Low,comment_added
JR03592,2026-08-08 04:30:00,DEV299,COGNI-6117,Story,Testing,High,issue_created
JR02194,2026-08-08 04:32:00,DEV009,DATA-2004,Bug,Testing,Medium,issue_assigned
JR03356,2026-08-08 04:37:00,DEV165,DEVOPS-6130,Bug,Done,High,issue_updated
JR04630,2026-08-08 04:44:00,DEV106,DEVOPS-9151,Story,In Progress,Critical,issue_updated
JR03953,2026-08-08 04:45:00,DEV039,DATA-7799,Task,Done,High,status_changed
JR00733,2026-08-08 04:54:00,DEV331,DEVOPS-8152,Bug,Code Review,Critical,issue_created
JR02294,2026-08-08 04:55:00,DEV080,DEVOPS-4142,Improvement,To Do,Critical,issue_updated
JR00738,2026-08-08 05:09:00,DEV475,DATA-144,Task,Testing,Medium,comment_added
JR04043,2026-08-08 05:18:00,DEV179,DATA-6985,Bug,Done,Critical,status_changed
JR03841,2026-08-08 05:22:00,DEV121,COGNI-7696,Bug,Done,Critical,issue_assigned
JR03724,2026-08-08 05:34:00,DEV071,COGNI-1843,Task,In Progress,High,issue_created
JR03685,2026-08-08 05:35:00,DEV239,DEVOPS-8137,Improvement,Testing,Low,issue_created
JR00044,2026-08-08 05:40:00,DEV097,DATA-7611,Improvement,Done,Low,issue_updated
JR01059,2026-08-08 05:51:00,DEV201,DATA-4250,Improvement,To Do,High,status_changed
JR01044,2026-08-08 05:55:00,DEV256,DEVOPS-5590,Improvement,In Progress,Critical,issue_assigned
JR03461,2026-08-08 06:01:00,DEV182,DATA-9732,Story,Done,Critical,status_changed
JR00448,2026-08-08 06:03:00,DEV388,COGNI-3875,Improvement,Testing,Low,status_changed
JR01229,2026-08-08 06:12:00,DEV483,DEVOPS-2124,Bug,Testing,Low,issue_created
JR00257,2026-08-08 06:13:00,DEV319,DEVOPS-276,Task,Testing,Low,status_changed
JR04582,2026-08-08 06:23:00,DEV074,DEVOPS-5977,Story,Code Review,Critical,status_changed
JR00572,2026-08-08 06:25:00,DEV314,DATA-3327,Bug,To Do,Low,issue_assigned
JR00779,2026-08-08 06:26:00,DEV266,COGNI-681,Improvement,To Do,Low,issue_updated
JR04525,2026-08-08 06:30:00,DEV442,COGNI-7127,Task,To Do,Medium,issue_updated
JR04579,2026-08-08 06:32:00,DEV413,DATA-8749,Bug,Code Review,Medium,issue_updated
JR01303,2026-08-08 06:43:00,DEV464,DEVOPS-6486,Task,Done,Critical,issue_created
JR03701,2026-08-08 06:44:00,DEV385,DATA-7940,Bug,To Do,Critical,status_changed
JR02676,2026-08-08 06:55:00,DEV006,DEVOPS-3735,Improvement,In Progress,Critical,comment_added
JR03617,2026-08-08 07:02:00,DEV446,COGNI-6112,Story,In Progress,Medium,status_changed
JR04666,2026-08-08 07:05:00,DEV312,COGNI-7607,Story,Code Review,Low,issue_assigned
JR03554,2026-08-08 07:13:00,DEV335,DATA-9087,Improvement,Code Review,Critical,issue_assigned
JR01318,2026-08-08 07:15:00,DEV063,DEVOPS-9863,Improvement,To Do,High,comment_added
JR03185,2026-08-08 07:20:00,DEV046,DATA-8318,Bug,Testing,Critical,issue_created
JR02672,2026-08-08 07:31:00,DEV486,DEVOPS-3829,Improvement,Done,Low,comment_added
JR00958,2026-08-08 07:33:00,DEV468,DEVOPS-1765,Bug,Done,Low,comment_added
JR01973,2026-08-08 07:34:00,DEV207,COGNI-5067,Story,Code Review,Critical,status_changed
JR04344,2026-08-08 07:44:00,DEV337,COGNI-6931,Story,To Do,Low,issue_created
JR04280,2026-08-08 07:48:00,DEV168,DATA-4060,Improvement,Done,Medium,comment_added
JR04789,2026-08-08 07:53:00,DEV431,DEVOPS-6792,Bug,Testing,Medium,issue_updated
JR04852,2026-08-08 07:53:00,DEV136,DEVOPS-2078,Task,In Progress,Low,status_changed
JR00286,2026-08-08 08:01:00,DEV298,DEVOPS-5585,Bug,Testing,Critical,status_changed
JR02109,2026-08-08 08:01:00,DEV058,COGNI-6656,Bug,In Progress,High,issue_assigned
JR03201,2026-08-08 08:06:00,DEV377,DATA-8615,Story,Testing,Critical,issue_assigned
JR01795,2026-08-08 08:10:00,DEV183,DEVOPS-5152,Improvement,Testing,Low,issue_updated
JR02772,2026-08-08 08:14:00,DEV290,COGNI-9411,Story,To Do,Medium,comment_added
JR02428,2026-08-08 08:15:00,DEV245,DEVOPS-5950,Improvement,Done,High,status_changed
JR01611,2026-08-08 08:17:00,DEV191,COGNI-8184,Story,In Progress,Critical,issue_created
JR01132,2026-08-08 08:34:00,DEV301,DATA-5064,Improvement,Code Review,High,status_changed
JR01146,2026-08-08 08:38:00,DEV125,DATA-4372,Task,Done,High,status_changed
JR04263,2026-08-08 08:51:00,DEV403,COGNI-858,Task,Done,Critical,issue_created
JR04168,2026-08-08 08:58:00,DEV300,DEVOPS-4917,Task,Done,Low,issue_assigned
JR02762,2026-08-08 09:00:00,DEV211,COGNI-1439,Story,In Progress,High,comment_added
JR04484,2026-08-08 09:00:00,DEV490,COGNI-7998,Bug,Code Review,Medium,comment_added
JR02711,2026-08-08 09:05:00,DEV010,DATA-8588,Improvement,Testing,High,issue_assigned
JR02461,2026-08-08 09:11:00,DEV392,DEVOPS-569,Story,Testing,Medium,status_changed
JR00922,2026-08-08 09:12:00,DEV473,DATA-471,Task,To Do,Medium,status_changed
JR03583,2026-08-08 09:14:00,DEV442,COGNI-5124,Task,In Progress,Low,issue_updated
JR00834,2026-08-08 09:15:00,DEV302,DATA-3415,Improvement,To Do,High,issue_created
JR04832,2026-08-08 09:15:00,DEV038,COGNI-5715,Improvement,In Progress,Low,status_changed
JR00624,2026-08-08 09:20:00,DEV288,DATA-7178,Story,Code Review,Low,issue_assigned
JR04825,2026-08-08 09:20:00,DEV431,COGNI-4203,Bug,Testing,Low,issue_assigned
JR03807,2026-08-08 09:26:00,DEV448,COGNI-5957,Task,Done,Low,issue_assigned
JR01735,2026-08-08 09:31:00,DEV426,DATA-6123,Bug,To Do,Medium,issue_assigned
JR00670,2026-08-08 09:32:00,DEV406,DEVOPS-9036,Story,Testing,Medium,issue_created
JR02786,2026-08-08 09:35:00,DEV086,COGNI-7891,Story,Done,Critical,issue_updated
JR03470,2026-08-08 09:36:00,DEV487,DATA-365,Bug,Code Review,Medium,issue_created
JR03183,2026-08-08 09:41:00,DEV100,DATA-2238,Improvement,Code Review,Critical,issue_created
JR04021,2026-08-08 09:42:00,DEV462,DEVOPS-4855,Task,Done,Critical,issue_created
JR04255,2026-08-08 09:44:00,DEV169,DATA-4805,Improvement,Done,Medium,issue_created
JR04806,2026-08-08 09:51:00,DEV187,COGNI-5539,Task,In Progress,Low,issue_assigned
JR01704,2026-08-08 09:55:00,DEV390,DEVOPS-6066,Bug,Code Review,Critical,comment_added
JR01158,2026-08-08 09:56:00,DEV021,DEVOPS-9075,Task,To Do,High,issue_created
JR01275,2026-08-08 09:56:00,DEV136,DEVOPS-4173,Task,In Progress,Critical,issue_assigned
JR03445,2026-08-08 09:59:00,DEV416,DEVOPS-6999,Bug,In Progress,Critical,issue_updated
JR04336,2026-08-08 09:59:00,DEV460,DEVOPS-9854,Bug,Done,Medium,issue_created
JR03018,2026-08-08 10:01:00,DEV150,DATA-9090,Story,Done,Critical,issue_updated
JR01621,2026-08-08 10:06:00,DEV251,DATA-8696,Improvement,To Do,Critical,issue_updated
JR02483,2026-08-08 10:07:00,DEV106,COGNI-9203,Improvement,Testing,High,issue_updated
JR00970,2026-08-08 10:19:00,DEV323,DEVOPS-8825,Story,In Progress,Critical,comment_added
JR02092,2026-08-08 10:19:00,DEV010,DEVOPS-6352,Bug,Done,Critical,issue_created
JR01914,2026-08-08 10:26:00,DEV206,DATA-1019,Bug,Done,High,issue_updated
JR00578,2026-08-08 10:27:00,DEV474,DEVOPS-3734,Story,In Progress,Low,issue_assigned
JR04771,2026-08-08 10:28:00,DEV301,DEVOPS-2951,Task,Code Review,Critical,issue_assigned
JR01541,2026-08-08 10:29:00,DEV338,COGNI-6725,Story,Done,Critical,issue_updated
JR02292,2026-08-08 10:29:00,DEV215,COGNI-3757,Bug,Code Review,High,issue_updated
JR01629,2026-08-08 10:34:00,DEV291,DATA-9594,Story,Code Review,Low,status_changed
JR03827,2026-08-08 10:39:00,DEV139,DEVOPS-5240,Bug,In Progress,Low,issue_created
JR01781,2026-08-08 10:51:00,DEV250,COGNI-4134,Improvement,Done,Critical,comment_added
JR03522,2026-08-08 10:57:00,DEV092,COGNI-1345,Task,Code Review,High,comment_added
JR04111,2026-08-08 10:59:00,DEV058,DATA-9593,Story,Done,High,status_changed
JR04710,2026-08-08 11:01:00,DEV278,DATA-3509,Story,Done,Low,comment_added
JR03077,2026-08-08 11:02:00,DEV334,DATA-5929,Story,Testing,High,issue_updated
JR00839,2026-08-08 11:03:00,DEV159,DATA-3467,Bug,Testing,High,comment_added
JR02842,2026-08-08 11:07:00,DEV496,COGNI-8597,Improvement,Done,High,status_changed
JR03644,2026-08-08 11:11:00,DEV411,COGNI-765,Task,Code Review,Critical,issue_created
JR02035,2026-08-08 11:19:00,DEV328,DATA-8003,Task,In Progress,Medium,issue_created
JR04456,2026-08-08 11:22:00,DEV374,COGNI-3810,Bug,Done,Medium,issue_created
JR03610,2026-08-08 11:24:00,DEV473,COGNI-6178,Story,Code Review,Medium,comment_added
JR02383,2026-08-08 11:29:00,DEV295,DEVOPS-955,Story,Testing,Medium,issue_assigned
JR04109,2026-08-08 11:32:00,DEV039,COGNI-5049,Improvement,Testing,Critical,issue_assigned
JR03145,2026-08-08 11:36:00,DEV478,DATA-2268,Task,Testing,Medium,issue_assigned
JR04213,2026-08-08 11:38:00,DEV448,DATA-5151,Improvement,Done,High,comment_added
JR04779,2026-08-08 11:42:00,DEV411,DATA-3446,Bug,Code Review,High,status_changed
JR00972,2026-08-08 11:43:00,DEV197,DATA-9798,Improvement,Testing,Medium,comment_added
JR03535,2026-08-08 11:47:00,DEV237,DEVOPS-3739,Improvement,Done,Medium,issue_updated
JR04912,2026-08-08 11:54:00,DEV331,DATA-565,Story,In Progress,Critical,issue_created
JR01364,2026-08-08 12:02:00,DEV308,COGNI-3590,Improvement,Done,High,issue_updated
JR02965,2026-08-08 12:06:00,DEV094,COGNI-8612,Task,To Do,Medium,status_changed
JR03095,2026-08-08 12:10:00,DEV106,DATA-9839,Story,Done,Medium,comment_added
JR04469,2026-08-08 12:18:00,DEV248,DEVOPS-2665,Improvement,Testing,Medium,comment_added
JR00476,2026-08-08 12:19:00,DEV104,DEVOPS-7868,Bug,Done,Critical,issue_assigned
JR01412,2026-08-08 12:28:00,DEV245,COGNI-535,Story,In Progress,Critical,issue_assigned
JR01267,2026-08-08 12:32:00,DEV289,COGNI-4456,Improvement,In Progress,Critical,status_changed
JR01597,2026-08-08 12:34:00,DEV032,DEVOPS-1315,Story,To Do,Low,status_changed
JR03871,2026-08-08 12:36:00,DEV324,DATA-7738,Story,Code Review,Low,status_changed
JR02739,2026-08-08 12:40:00,DEV248,COGNI-7133,Improvement,Code Review,Low,status_changed
JR01912,2026-08-08 12:42:00,DEV060,DEVOPS-8114,Improvement,Code Review,Low,status_changed
JR01085,2026-08-08 12:43:00,DEV367,DATA-9750,Story,Testing,Low,issue_created
JR03607,2026-08-08 12:49:00,DEV238,DATA-7666,Improvement,Testing,High,issue_assigned
JR02547,2026-08-08 12:53:00,DEV450,COGNI-473,Improvement,Testing,Low,issue_assigned
JR00785,2026-08-08 13:06:00,DEV270,COGNI-4116,Bug,Testing,Medium,issue_created
JR03566,2026-08-08 13:06:00,DEV069,DEVOPS-7415,Improvement,Code Review,High,issue_created
JR03193,2026-08-08 13:14:00,DEV211,DATA-4719,Task,Done,High,status_changed
JR04860,2026-08-08 13:16:00,DEV432,COGNI-2126,Bug,In Progress,Critical,issue_updated
JR02849,2026-08-08 13:19:00,DEV070,COGNI-5328,Task,Code Review,High,issue_updated
JR04859,2026-08-08 13:20:00,DEV232,COGNI-4630,Task,To Do,Medium,issue_created
JR02506,2026-08-08 13:32:00,DEV010,DATA-7855,Improvement,In Progress,Low,status_changed
JR00372,2026-08-08 13:34:00,DEV132,DATA-6440,Bug,To Do,Critical,status_changed
JR00600,2026-08-08 13:39:00,DEV411,DATA-5825,Bug,Testing,Medium,comment_added
JR01717,2026-08-08 13:43:00,DEV208,DATA-1035,Improvement,Code Review,Critical,issue_updated
JR04449,2026-08-08 13:43:00,DEV006,DEVOPS-6046,Bug,Code Review,High,issue_assigned
JR00231,2026-08-08 13:49:00,DEV100,DATA-4092,Story,To Do,Low,issue_updated
JR03128,2026-08-08 13:56:00,DEV144,COGNI-2535,Story,To Do,Medium,comment_added
JR03775,2026-08-08 13:58:00,DEV162,DEVOPS-3006,Task,In Progress,Medium,issue_created
JR01830,2026-08-08 13:59:00,DEV280,DEVOPS-2868,Task,In Progress,Low,issue_updated
JR04749,2026-08-08 14:03:00,DEV159,DATA-1887,Task,Done,High,comment_added
JR03111,2026-08-08 14:11:00,DEV012,DATA-2135,Bug,Done,High,status_changed
JR02055,2026-08-08 14:17:00,DEV118,DEVOPS-4645,Task,To Do,Medium,issue_updated
JR01109,2026-08-08 14:18:00,DEV424,DEVOPS-5800,Bug,Testing,Critical,comment_added
JR02915,2026-08-08 14:30:00,DEV472,DATA-8513,Improvement,To Do,Low,issue_updated
JR02196,2026-08-08 14:32:00,DEV214,DEVOPS-8732,Improvement,Done,Low,issue_assigned
JR02474,2026-08-08 14:39:00,DEV348,DATA-7877,Story,Code Review,Low,issue_created
JR00521,2026-08-08 14:41:00,DEV150,DEVOPS-9450,Story,Code Review,Critical,issue_assigned
JR03557,2026-08-08 14:45:00,DEV130,DATA-6576,Story,In Progress,High,status_changed
JR02467,2026-08-08 14:46:00,DEV179,DATA-8330,Improvement,Done,Medium,issue_assigned
JR01032,2026-08-08 14:47:00,DEV473,DEVOPS-9824,Task,In Progress,High,issue_assigned
JR04606,2026-08-08 14:49:00,DEV140,DATA-3996,Story,Done,Low,issue_created
JR03316,2026-08-08 14:50:00,DEV174,DEVOPS-4918,Bug,To Do,Critical,issue_updated
JR02555,2026-08-08 14:51:00,DEV085,DATA-8701,Improvement,Done,High,comment_added
JR02958,2026-08-08 14:51:00,DEV391,DEVOPS-3761,Bug,Done,Low,issue_created
JR02381,2026-08-08 14:53:00,DEV489,COGNI-8000,Task,Code Review,High,issue_updated
JR01634,2026-08-08 14:57:00,DEV031,COGNI-9791,Improvement,Code Review,Medium,comment_added
JR04173,2026-08-08 14:57:00,DEV196,DATA-2010,Story,To Do,High,issue_assigned
JR00628,2026-08-08 15:01:00,DEV198,DEVOPS-8845,Story,Code Review,High,issue_created
JR04644,2026-08-08 15:02:00,DEV398,DEVOPS-4986,Improvement,In Progress,Low,status_changed
JR02096,2026-08-08 15:04:00,DEV266,DEVOPS-9117,Story,Code Review,Medium,comment_added
JR02953,2026-08-08 15:07:00,DEV497,DATA-747,Story,In Progress,Low,issue_updated
JR01468,2026-08-08 15:14:00,DEV415,COGNI-5772,Bug,Testing,Medium,comment_added
JR04041,2026-08-08 15:18:00,DEV404,DEVOPS-6533,Bug,Code Review,Low,issue_updated
JR02366,2026-08-08 15:21:00,DEV161,COGNI-3692,Bug,Testing,Critical,status_changed
JR00971,2026-08-08 15:23:00,DEV450,DATA-7632,Task,Code Review,Low,comment_added
JR02530,2026-08-08 15:25:00,DEV279,DEVOPS-2766,Bug,To Do,Low,issue_updated
JR03121,2026-08-08 15:27:00,DEV154,DATA-4701,Story,Code Review,Low,issue_updated
JR00741,2026-08-08 15:28:00,DEV021,DEVOPS-3458,Bug,In Progress,High,status_changed
JR04120,2026-08-08 15:30:00,DEV188,DATA-3672,Improvement,To Do,Medium,comment_added
JR00259,2026-08-08 15:32:00,DEV100,DATA-4086,Improvement,To Do,Low,comment_added
JR01184,2026-08-08 15:38:00,DEV160,COGNI-9324,Task,Done,Critical,status_changed
JR04857,2026-08-08 15:39:00,DEV374,DATA-4671,Improvement,To Do,High,issue_updated
JR03017,2026-08-08 15:41:00,DEV301,DATA-4100,Task,Done,Low,issue_assigned
JR01637,2026-08-08 15:49:00,DEV252,DEVOPS-1666,Task,To Do,Medium,issue_created
JR01687,2026-08-08 15:51:00,DEV225,DATA-4434,Bug,In Progress,Critical,status_changed
JR04982,2026-08-08 15:55:00,DEV184,DATA-7497,Bug,Code Review,High,status_changed
JR00641,2026-08-08 15:56:00,DEV362,DATA-8407,Bug,In Progress,Medium,comment_added
JR04443,2026-08-08 15:56:00,DEV156,DEVOPS-2079,Story,In Progress,Low,issue_assigned
JR01057,2026-08-08 16:03:00,DEV432,DATA-6482,Bug,Testing,Low,status_changed
JR02079,2026-08-08 16:28:00,DEV350,DEVOPS-3781,Task,To Do,High,issue_created
JR00018,2026-08-08 16:30:00,DEV187,DATA-9516,Bug,Testing,Low,comment_added
JR02742,2026-08-08 16:31:00,DEV498,DEVOPS-182,Improvement,In Progress,High,issue_updated
JR03772,2026-08-08 16:33:00,DEV139,COGNI-6626,Bug,Testing,Critical,comment_added
JR00678,2026-08-08 16:35:00,DEV157,COGNI-5343,Bug,Code Review,Medium,issue_created
JR01250,2026-08-08 16:36:00,DEV179,DEVOPS-6521,Improvement,To Do,Medium,comment_added
JR01556,2026-08-08 16:40:00,DEV304,DATA-3318,Story,In Progress,Low,status_changed
JR04818,2026-08-08 16:40:00,DEV471,DATA-1899,Improvement,To Do,High,status_changed
JR00812,2026-08-08 16:43:00,DEV095,COGNI-9359,Task,In Progress,Low,issue_updated
JR01613,2026-08-08 16:44:00,DEV107,DATA-4048,Improvement,Done,Medium,issue_assigned
JR02421,2026-08-08 16:44:00,DEV073,DATA-1956,Story,In Progress,Critical,issue_updated
JR03674,2026-08-08 16:47:00,DEV078,COGNI-6802,Story,In Progress,Medium,issue_assigned
JR04416,2026-08-08 16:48:00,DEV383,COGNI-436,Story,To Do,Low,comment_added
JR01609,2026-08-08 16:50:00,DEV141,DATA-5625,Bug,To Do,Critical,issue_assigned
JR04719,2026-08-08 16:57:00,DEV199,DATA-675,Improvement,To Do,High,comment_added
JR00918,2026-08-08 17:05:00,DEV311,COGNI-1207,Story,Done,Medium,issue_created
JR04342,2026-08-08 17:05:00,DEV048,DEVOPS-5870,Story,Testing,High,issue_assigned
JR03824,2026-08-08 17:06:00,DEV294,DATA-8645,Task,Testing,High,issue_assigned
JR02247,2026-08-08 17:20:00,DEV335,DEVOPS-8148,Task,Done,Medium,status_changed
JR02440,2026-08-08 17:20:00,DEV413,DEVOPS-913,Bug,In Progress,Medium,issue_created
JR04291,2026-08-08 17:20:00,DEV374,DATA-9938,Improvement,Done,Low,comment_added
JR02504,2026-08-08 17:28:00,DEV405,DATA-2308,Story,Code Review,Medium,status_changed
JR01683,2026-08-08 17:31:00,DEV447,DATA-5756,Story,Testing,High,issue_assigned
JR03175,2026-08-08 17:42:00,DEV108,COGNI-7556,Bug,Done,High,status_changed
JR03713,2026-08-08 17:52:00,DEV263,DEVOPS-5439,Improvement,In Progress,Low,status_changed
JR04739,2026-08-08 17:52:00,DEV138,DEVOPS-6305,Task,Done,High,issue_assigned
JR03745,2026-08-08 17:55:00,DEV362,DEVOPS-1948,Story,Testing,Critical,comment_added
JR00500,2026-08-08 17:58:00,DEV169,DATA-5218,Bug,In Progress,Medium,comment_added
JR04042,2026-08-08 17:59:00,DEV350,DEVOPS-3058,Improvement,Testing,High,status_changed
JR03064,2026-08-08 18:01:00,DEV254,DATA-3529,Task,Done,Low,comment_added
JR03549,2026-08-08 18:06:00,DEV395,DATA-8211,Bug,Code Review,Medium,comment_added
JR01176,2026-08-08 18:08:00,DEV318,COGNI-4509,Task,Testing,Low,comment_added
JR00111,2026-08-08 18:09:00,DEV499,DATA-9957,Bug,Done,High,issue_created
JR02313,2026-08-08 18:11:00,DEV167,DATA-3991,Bug,Done,High,issue_created
JR03726,2026-08-08 18:17:00,DEV410,COGNI-6653,Improvement,Code Review,High,status_changed
JR00658,2026-08-08 18:18:00,DEV448,DEVOPS-6300,Task,Code Review,Critical,issue_updated
JR04934,2026-08-08 18:23:00,DEV023,COGNI-5878,Task,To Do,Low,issue_assigned
JR00515,2026-08-08 18:28:00,DEV272,DATA-4522,Improvement,Code Review,Low,issue_assigned
JR02051,2026-08-08 18:31:00,DEV401,COGNI-4134,Task,Testing,Critical,comment_added
JR04297,2026-08-08 18:34:00,DEV004,COGNI-1573,Bug,Code Review,Critical,issue_assigned
JR03299,2026-08-08 18:37:00,DEV240,DEVOPS-6500,Bug,Done,High,comment_added
JR01641,2026-08-08 18:39:00,DEV258,DATA-4257,Story,In Progress,Critical,issue_assigned
JR01731,2026-08-08 18:44:00,DEV342,DATA-8248,Improvement,In Progress,Low,comment_added
JR03136,2026-08-08 18:53:00,DEV447,DATA-7126,Improvement,In Progress,Critical,issue_updated
JR04301,2026-08-08 18:59:00,DEV203,COGNI-529,Improvement,Done,Medium,issue_updated
JR02173,2026-08-08 19:00:00,DEV369,DATA-5272,Bug,Done,Low,issue_assigned
JR04007,2026-08-08 19:03:00,DEV338,COGNI-4259,Improvement,In Progress,Low,issue_created
JR04985,2026-08-08 19:13:00,DEV271,COGNI-9712,Improvement,To Do,Medium,issue_assigned
JR03163,2026-08-08 19:15:00,DEV488,COGNI-4132,Bug,Testing,High,issue_created
JR04020,2026-08-08 19:17:00,DEV027,DEVOPS-2532,Story,To Do,High,issue_assigned
JR00404,2026-08-08 19:22:00,DEV073,DATA-4299,Task,To Do,Low,status_changed
JR02188,2026-08-08 19:22:00,DEV132,COGNI-8390,Task,Code Review,Medium,issue_created
JR01648,2026-08-08 19:27:00,DEV358,DEVOPS-5428,Story,To Do,Medium,issue_assigned
JR00136,2026-08-08 19:28:00,DEV149,COGNI-5446,Improvement,In Progress,Low,issue_updated
JR04635,2026-08-08 19:32:00,DEV218,DATA-7636,Improvement,To Do,Medium,comment_added
JR04933,2026-08-08 19:42:00,DEV338,COGNI-547,Improvement,Testing,Low,issue_created
JR04629,2026-08-08 19:46:00,DEV474,DATA-7065,Story,To Do,Critical,issue_created
JR01664,2026-08-08 19:49:00,DEV369,DEVOPS-3846,Story,Code Review,Low,issue_created
JR01712,2026-08-08 19:52:00,DEV352,COGNI-9166,Bug,In Progress,High,comment_added
JR01771,2026-08-08 19:58:00,DEV402,DATA-8457,Story,Testing,Low,comment_added
JR03684,2026-08-08 20:01:00,DEV314,DEVOPS-4229,Task,To Do,High,issue_assigned
JR04745,2026-08-08 20:04:00,DEV420,COGNI-1088,Bug,To Do,High,status_changed
JR04341,2026-08-08 20:05:00,DEV292,COGNI-5031,Improvement,To Do,Critical,status_changed
JR04419,2026-08-08 20:06:00,DEV003,DATA-9064,Story,Done,Medium,issue_assigned
JR04076,2026-08-08 20:09:00,DEV305,DEVOPS-6895,Story,Done,High,status_changed
JR03466,2026-08-08 20:11:00,DEV312,DATA-4483,Story,To Do,Low,issue_created
JR02203,2026-08-08 20:16:00,DEV137,DEVOPS-8577,Bug,Testing,Low,comment_added
JR02272,2026-08-08 20:19:00,DEV027,DATA-4241,Bug,Testing,Low,issue_updated
JR00006,2026-08-08 20:24:00,DEV163,DATA-8794,Story,Done,Low,comment_added
JR04473,2026-08-08 20:24:00,DEV317,COGNI-7911,Task,Code Review,Low,issue_assigned
JR02176,2026-08-08 20:29:00,DEV028,COGNI-8913,Story,To Do,High,issue_updated
JR03196,2026-08-08 20:33:00,DEV191,DATA-2989,Task,In Progress,Low,issue_updated
JR04073,2026-08-08 20:38:00,DEV203,COGNI-8093,Bug,Testing,Low,comment_added
JR04721,2026-08-08 20:40:00,DEV233,DEVOPS-2429,Improvement,Code Review,Medium,issue_assigned
JR04389,2026-08-08 20:42:00,DEV316,DEVOPS-2848,Task,Done,Low,issue_updated
JR00626,2026-08-08 20:47:00,DEV309,DEVOPS-7856,Improvement,To Do,Low,issue_created
JR02916,2026-08-08 20:49:00,DEV037,DATA-7946,Story,To Do,Critical,comment_added
JR04155,2026-08-08 20:59:00,DEV491,COGNI-9592,Story,Done,High,status_changed
JR03618,2026-08-08 21:00:00,DEV310,DATA-9969,Bug,Code Review,Low,status_changed
JR03737,2026-08-08 21:02:00,DEV355,DATA-8944,Bug,In Progress,Low,status_changed
JR02349,2026-08-08 21:07:00,DEV321,DEVOPS-824,Story,In Progress,Low,issue_created
JR02201,2026-08-08 21:08:00,DEV454,COGNI-985,Task,Done,High,issue_created
JR00748,2026-08-08 21:09:00,DEV438,DATA-5215,Story,Code Review,Medium,issue_updated
JR01643,2026-08-08 21:14:00,DEV042,DATA-1703,Story,To Do,Low,comment_added
JR02692,2026-08-08 21:19:00,DEV267,COGNI-3898,Improvement,To Do,Low,issue_assigned
JR04602,2026-08-08 21:22:00,DEV312,DEVOPS-1411,Story,In Progress,High,issue_assigned
JR02515,2026-08-08 21:26:00,DEV092,DEVOPS-8194,Improvement,In Progress,Medium,status_changed
JR00931,2026-08-08 21:34:00,DEV417,COGNI-9500,Improvement,To Do,Medium,issue_created
JR03085,2026-08-08 21:34:00,DEV160,DATA-6839,Task,In Progress,High,issue_updated
JR04399,2026-08-08 21:37:00,DEV301,DEVOPS-779,Story,Testing,Medium,status_changed
JR00588,2026-08-08 21:49:00,DEV052,COGNI-8638,Task,In Progress,High,issue_created
JR03759,2026-08-08 21:52:00,DEV052,DEVOPS-2266,Story,To Do,Critical,status_changed
JR03777,2026-08-08 21:57:00,DEV342,DATA-1721,Task,In Progress,Critical,issue_assigned
JR04610,2026-08-08 22:02:00,DEV048,COGNI-962,Story,Done,Medium,status_changed
JR02919,2026-08-08 22:06:00,DEV162,DEVOPS-3588,Task,In Progress,High,issue_assigned
JR01482,2026-08-08 22:13:00,DEV384,COGNI-8552,Task,To Do,Critical,status_changed
JR04743,2026-08-08 22:22:00,DEV018,COGNI-7559,Task,Done,Low,status_changed
JR01678,2026-08-08 22:23:00,DEV204,DEVOPS-5540,Bug,Done,Critical,issue_assigned
JR04924,2026-08-08 22:30:00,DEV349,COGNI-9751,Bug,Code Review,Low,issue_updated
JR01600,2026-08-08 22:33:00,DEV233,DEVOPS-8184,Task,Testing,Medium,comment_added
JR01933,2026-08-08 22:33:00,DEV135,COGNI-2147,Story,In Progress,Medium,comment_added
JR00529,2026-08-08 22:36:00,DEV398,DATA-6555,Task,In Progress,Critical,comment_added
JR04577,2026-08-08 22:40:00,DEV075,DEVOPS-1875,Bug,Code Review,High,status_changed
JR03424,2026-08-08 22:50:00,DEV459,COGNI-5060,Task,In Progress,Low,issue_updated
JR00629,2026-08-08 22:51:00,DEV164,COGNI-8833,Story,In Progress,Critical,comment_added
JR01393,2026-08-08 22:56:00,DEV181,COGNI-9123,Story,Code Review,High,comment_added
JR03499,2026-08-08 23:00:00,DEV372,DEVOPS-6661,Bug,Testing,Low,issue_updated
JR01569,2026-08-08 23:02:00,DEV248,COGNI-4126,Story,Testing,High,issue_created
JR00492,2026-08-08 23:08:00,DEV117,DEVOPS-2649,Improvement,Done,Critical,issue_created
JR03227,2026-08-08 23:18:00,DEV385,DATA-3974,Story,Code Review,High,issue_created
JR03899,2026-08-08 23:20:00,DEV332,DATA-9985,Task,Code Review,High,issue_created
JR01126,2026-08-08 23:33:00,DEV274,DATA-8739,Bug,In Progress,High,issue_updated
JR04668,2026-08-08 23:35:00,DEV204,DEVOPS-1857,Improvement,In Progress,High,issue_updated
JR01479,2026-08-08 23:36:00,DEV018,DATA-3404,Improvement,Done,Critical,comment_added
JR00240,2026-08-08 23:37:00,DEV269,COGNI-690,Bug,Done,High,status_changed
JR00640,2026-08-08 23:40:00,DEV494,DATA-3632,Improvement,To Do,Low,issue_created
JR04472,2026-08-08 23:46:00,DEV274,COGNI-7830,Task,Code Review,Critical,issue_updated
JR00700,2026-08-08 23:47:00,DEV473,DATA-3394,Story,Done,Low,issue_updated
JR02995,2026-08-08 23:47:00,DEV237,DEVOPS-2204,Improvement,To Do,Critical,issue_created
JR03468,2026-08-08 23:47:00,DEV009,DEVOPS-260,Improvement,To Do,High,issue_created
JR00728,2026-08-08 23:52:00,DEV208,COGNI-3284,Story,Done,Low,issue_created
JR03204,2026-08-08 23:55:00,DEV051,DATA-3788,Story,In Progress,Low,issue_created
JR04025,2026-08-09 00:04:00,DEV005,DEVOPS-7154,Task,Testing,Medium,status_changed
JR03041,2026-08-09 00:07:00,DEV070,DATA-6198,Bug,In Progress,Medium,issue_updated
JR01253,2026-08-09 00:13:00,DEV109,COGNI-5135,Bug,Done,Low,issue_created
JR03809,2026-08-09 00:16:00,DEV416,DEVOPS-3407,Bug,Testing,High,issue_assigned
JR02011,2026-08-09 00:17:00,DEV334,COGNI-3907,Improvement,Testing,Medium,status_changed
JR02042,2026-08-09 00:18:00,DEV410,COGNI-3902,Improvement,Done,Critical,issue_assigned
JR03629,2026-08-09 00:20:00,DEV239,DATA-5488,Task,In Progress,Medium,issue_assigned
JR01982,2026-08-09 00:24:00,DEV228,COGNI-8228,Improvement,In Progress,Medium,issue_created
JR04066,2026-08-09 00:24:00,DEV384,DATA-8992,Task,Testing,Critical,status_changed
JR03897,2026-08-09 00:30:00,DEV467,DEVOPS-6361,Improvement,To Do,Low,issue_updated
JR01729,2026-08-09 00:31:00,DEV166,COGNI-6704,Bug,Testing,Medium,issue_created
JR04251,2026-08-09 00:33:00,DEV014,DEVOPS-2650,Bug,Testing,Medium,comment_added
JR04642,2026-08-09 00:33:00,DEV123,COGNI-5929,Improvement,Done,Low,status_changed
JR02129,2026-08-09 00:41:00,DEV174,DATA-6069,Bug,Testing,High,comment_added
JR01499,2026-08-09 00:44:00,DEV320,DEVOPS-2236,Bug,Testing,Critical,comment_added
JR02845,2026-08-09 00:45:00,DEV453,COGNI-6173,Task,Testing,Medium,comment_added
JR00850,2026-08-09 00:48:00,DEV367,COGNI-2724,Bug,Code Review,Low,comment_added
JR03008,2026-08-09 00:48:00,DEV435,COGNI-2809,Story,To Do,Medium,issue_updated
JR04067,2026-08-09 00:49:00,DEV295,DATA-8410,Task,Done,High,comment_added
JR00032,2026-08-09 00:54:00,DEV445,COGNI-6853,Task,Done,Critical,status_changed
JR00059,2026-08-09 01:02:00,DEV452,COGNI-604,Improvement,In Progress,Critical,issue_created
JR03656,2026-08-09 01:05:00,DEV304,COGNI-8054,Bug,Done,Critical,comment_added
JR02954,2026-08-09 01:06:00,DEV186,COGNI-2336,Bug,Done,High,issue_assigned
JR03215,2026-08-09 01:07:00,DEV305,DEVOPS-1147,Task,Testing,Critical,status_changed
JR00836,2026-08-09 01:16:00,DEV325,DATA-5642,Task,To Do,Critical,issue_created
JR02997,2026-08-09 01:17:00,DEV089,DATA-3505,Story,Done,Low,status_changed
JR00968,2026-08-09 01:19:00,DEV238,DEVOPS-6497,Story,Testing,Low,issue_created
JR01610,2026-08-09 01:25:00,DEV249,DATA-2279,Story,Testing,Critical,status_changed
JR00099,2026-08-09 01:26:00,DEV102,COGNI-8465,Bug,Done,Critical,issue_assigned
JR00414,2026-08-09 01:26:00,DEV008,COGNI-754,Bug,Testing,High,issue_assigned
JR01502,2026-08-09 01:32:00,DEV206,COGNI-6072,Task,To Do,High,status_changed
JR02230,2026-08-09 01:41:00,DEV271,DEVOPS-1846,Story,In Progress,High,issue_assigned
JR02501,2026-08-09 01:50:00,DEV233,DEVOPS-8812,Bug,Code Review,Critical,issue_created
JR03146,2026-08-09 01:51:00,DEV279,DATA-720,Task,In Progress,Medium,status_changed
JR02300,2026-08-09 01:52:00,DEV247,DATA-1441,Story,In Progress,Medium,issue_updated
JR04496,2026-08-09 01:53:00,DEV183,COGNI-9442,Story,Code Review,Low,issue_created
JR02267,2026-08-09 02:00:00,DEV252,DEVOPS-4532,Task,Code Review,Medium,issue_created
JR00518,2026-08-09 02:14:00,DEV394,DEVOPS-512,Improvement,Code Review,Critical,issue_assigned
JR04288,2026-08-09 02:27:00,DEV364,COGNI-9630,Task,In Progress,Critical,issue_assigned
JR00167,2026-08-09 02:32:00,DEV190,DATA-2209,Bug,Done,Medium,issue_created
JR03894,2026-08-09 02:33:00,DEV087,DEVOPS-9651,Story,Testing,Low,status_changed
JR02070,2026-08-09 02:36:00,DEV023,DEVOPS-4763,Improvement,Testing,Critical,status_changed
JR02833,2026-08-09 02:39:00,DEV082,DEVOPS-215,Task,To Do,Medium,issue_updated
JR03399,2026-08-09 02:41:00,DEV493,DEVOPS-6585,Improvement,Code Review,Low,status_changed
JR04096,2026-08-09 02:41:00,DEV201,COGNI-225,Bug,To Do,High,comment_added
JR04513,2026-08-09 02:43:00,DEV112,DATA-3536,Bug,Code Review,Low,issue_assigned
JR04893,2026-08-09 02:43:00,DEV325,DEVOPS-6023,Task,Code Review,High,issue_created
JR03707,2026-08-09 02:54:00,DEV089,COGNI-861,Task,In Progress,Critical,status_changed
JR04265,2026-08-09 02:57:00,DEV208,DEVOPS-418,Bug,Code Review,Medium,comment_added
JR00643,2026-08-09 03:18:00,DEV349,DEVOPS-7261,Improvement,In Progress,High,issue_assigned
JR04809,2026-08-09 03:29:00,DEV260,DATA-714,Task,Done,Critical,comment_added
JR03540,2026-08-09 03:40:00,DEV210,DATA-2973,Bug,Code Review,Low,issue_assigned
JR03974,2026-08-09 03:43:00,DEV102,DATA-8011,Improvement,In Progress,Critical,issue_assigned
JR02856,2026-08-09 03:44:00,DEV152,COGNI-4328,Task,Testing,Critical,comment_added
JR03382,2026-08-09 03:45:00,DEV437,DATA-9026,Story,Code Review,Critical,issue_assigned
JR00491,2026-08-09 04:05:00,DEV078,COGNI-4708,Bug,Testing,Low,status_changed
JR02429,2026-08-09 04:08:00,DEV149,COGNI-1982,Bug,To Do,Low,issue_assigned
JR03024,2026-08-09 04:09:00,DEV427,COGNI-6025,Bug,Code Review,Medium,issue_updated
JR03458,2026-08-09 04:11:00,DEV498,COGNI-3960,Bug,Code Review,Medium,issue_created
JR01419,2026-08-09 04:12:00,DEV305,COGNI-9585,Task,Testing,Medium,issue_assigned
JR03513,2026-08-09 04:12:00,DEV015,DATA-1993,Improvement,To Do,Critical,issue_updated
JR04544,2026-08-09 04:15:00,DEV307,COGNI-7437,Task,Code Review,High,comment_added
JR04481,2026-08-09 04:21:00,DEV039,DATA-5554,Story,Code Review,Low,issue_assigned
JR01965,2026-08-09 04:22:00,DEV205,DATA-3301,Task,To Do,Critical,issue_created
JR01813,2026-08-09 04:29:00,DEV381,DATA-3136,Story,To Do,High,issue_created
JR04503,2026-08-09 04:32:00,DEV164,COGNI-4897,Task,In Progress,Critical,comment_added
JR02027,2026-08-09 04:36:00,DEV460,DEVOPS-5182,Improvement,In Progress,Low,issue_created
JR02740,2026-08-09 04:37:00,DEV283,DATA-4444,Improvement,Done,High,issue_updated
JR00511,2026-08-09 04:43:00,DEV146,DEVOPS-5868,Improvement,Code Review,Low,issue_updated
JR01826,2026-08-09 04:56:00,DEV470,DEVOPS-2620,Task,Done,Medium,status_changed
JR02269,2026-08-09 05:00:00,DEV101,DEVOPS-1544,Task,Code Review,Low,status_changed
JR03366,2026-08-09 05:02:00,DEV186,DEVOPS-365,Story,Done,High,status_changed
JR03388,2026-08-09 05:04:00,DEV369,DATA-3280,Story,To Do,Critical,comment_added
JR01014,2026-08-09 05:07:00,DEV123,COGNI-7139,Story,Done,High,issue_assigned
JR04464,2026-08-09 05:11:00,DEV369,DATA-1602,Task,To Do,Critical,issue_assigned
JR04627,2026-08-09 05:13:00,DEV261,COGNI-4801,Story,To Do,High,issue_assigned
JR03325,2026-08-09 05:16:00,DEV203,DEVOPS-1836,Story,In Progress,Medium,comment_added
JR03731,2026-08-09 05:18:00,DEV239,DEVOPS-7719,Bug,Done,Low,status_changed
JR04441,2026-08-09 05:28:00,DEV497,COGNI-4520,Improvement,Code Review,High,status_changed
JR02981,2026-08-09 05:30:00,DEV290,COGNI-1041,Story,Code Review,Critical,issue_created
JR02996,2026-08-09 05:34:00,DEV137,COGNI-8999,Improvement,To Do,Medium,issue_updated
JR01276,2026-08-09 05:41:00,DEV331,DEVOPS-5314,Improvement,Testing,Low,issue_assigned
JR02568,2026-08-09 05:42:00,DEV098,DEVOPS-2052,Bug,Code Review,Low,issue_assigned
JR03387,2026-08-09 05:42:00,DEV227,DATA-5360,Story,Testing,High,issue_created
JR04011,2026-08-09 05:43:00,DEV140,COGNI-3980,Task,To Do,Critical,issue_created
JR03844,2026-08-09 05:49:00,DEV272,COGNI-8343,Story,Code Review,Low,status_changed
JR00409,2026-08-09 05:50:00,DEV075,COGNI-3548,Story,Testing,Medium,status_changed
JR01865,2026-08-09 06:01:00,DEV271,DEVOPS-2824,Bug,To Do,Medium,issue_assigned
JR02855,2026-08-09 06:02:00,DEV282,DEVOPS-7582,Story,Code Review,High,issue_created
JR04921,2026-08-09 06:13:00,DEV201,DEVOPS-7359,Task,Testing,Medium,status_changed
JR02536,2026-08-09 06:18:00,DEV278,DATA-8135,Improvement,To Do,Critical,issue_assigned
JR03161,2026-08-09 06:38:00,DEV356,DEVOPS-3782,Improvement,Done,Low,issue_assigned
JR01640,2026-08-09 06:39:00,DEV092,DATA-3976,Story,In Progress,Low,status_changed
JR03428,2026-08-09 06:45:00,DEV257,DATA-1077,Improvement,In Progress,Critical,comment_added
JR04378,2026-08-09 06:49:00,DEV041,DEVOPS-2079,Improvement,In Progress,Medium,issue_updated
JR03806,2026-08-09 06:54:00,DEV089,DATA-6738,Bug,In Progress,Critical,status_changed
JR02389,2026-08-09 07:00:00,DEV079,DEVOPS-3688,Bug,In Progress,Critical,issue_assigned
JR00144,2026-08-09 07:02:00,DEV153,DEVOPS-2931,Task,Testing,Critical,comment_added
JR03959,2026-08-09 07:06:00,DEV144,DATA-7046,Improvement,Code Review,High,comment_added
JR04867,2026-08-09 07:07:00,DEV460,DATA-9045,Task,Done,Medium,issue_created
JR00555,2026-08-09 07:10:00,DEV290,COGNI-3927,Bug,Code Review,High,issue_updated
JR03765,2026-08-09 07:16:00,DEV032,DATA-3386,Bug,Done,Low,issue_assigned
JR04849,2026-08-09 07:19:00,DEV271,DATA-2866,Story,Testing,Critical,status_changed
JR00302,2026-08-09 07:21:00,DEV353,DATA-9362,Story,Testing,Medium,comment_added
JR00534,2026-08-09 07:21:00,DEV429,DEVOPS-8530,Story,To Do,Low,comment_added
JR02979,2026-08-09 07:25:00,DEV296,COGNI-7223,Task,Code Review,Low,issue_assigned
JR00198,2026-08-09 07:26:00,DEV096,DEVOPS-9071,Improvement,Code Review,Medium,issue_created
JR04340,2026-08-09 07:34:00,DEV280,DEVOPS-6619,Improvement,To Do,High,issue_updated
JR00684,2026-08-09 07:40:00,DEV483,COGNI-993,Task,Testing,Medium,issue_updated
JR00062,2026-08-09 07:44:00,DEV394,COGNI-2006,Story,Code Review,High,issue_created
JR04387,2026-08-09 07:47:00,DEV391,COGNI-8858,Story,In Progress,Critical,issue_assigned
JR04145,2026-08-09 07:48:00,DEV111,COGNI-7599,Task,Testing,Critical,issue_assigned
JR01155,2026-08-09 07:51:00,DEV442,DATA-8087,Bug,Code Review,Medium,status_changed
JR03939,2026-08-09 07:51:00,DEV315,DATA-9824,Task,Code Review,Critical,issue_updated
JR01700,2026-08-09 07:54:00,DEV327,DEVOPS-1348,Improvement,In Progress,Medium,status_changed
JR04580,2026-08-09 08:01:00,DEV333,DATA-6049,Bug,Code Review,Critical,issue_assigned
JR04532,2026-08-09 08:10:00,DEV200,COGNI-3023,Bug,Testing,High,issue_updated
JR03223,2026-08-09 08:11:00,DEV056,DATA-1674,Story,Code Review,High,comment_added
JR01961,2026-08-09 08:21:00,DEV100,DATA-3837,Bug,In Progress,Low,status_changed
JR01469,2026-08-09 08:23:00,DEV202,DATA-7681,Task,In Progress,Low,issue_updated
JR03764,2026-08-09 08:26:00,DEV106,DEVOPS-3016,Story,Testing,Medium,status_changed
JR04385,2026-08-09 08:42:00,DEV469,DATA-711,Task,Code Review,Low,issue_created
JR04321,2026-08-09 08:46:00,DEV040,DATA-6464,Bug,To Do,Critical,status_changed
JR04488,2026-08-09 08:48:00,DEV475,COGNI-9800,Improvement,Testing,High,issue_assigned
JR02586,2026-08-09 08:57:00,DEV360,DATA-4640,Task,In Progress,Critical,issue_created
JR01074,2026-08-09 08:59:00,DEV066,DEVOPS-4195,Improvement,In Progress,Medium,status_changed
JR04940,2026-08-09 09:00:00,DEV009,DATA-1823,Task,Testing,Critical,comment_added
JR01320,2026-08-09 09:09:00,DEV181,DEVOPS-8092,Task,Testing,Critical,issue_updated
JR04798,2026-08-09 09:15:00,DEV166,DEVOPS-8930,Improvement,To Do,Medium,status_changed
JR01619,2026-08-09 09:18:00,DEV479,DEVOPS-5078,Improvement,Done,High,issue_created
JR04307,2026-08-09 09:20:00,DEV136,DEVOPS-372,Story,Code Review,Low,issue_assigned
JR04004,2026-08-09 09:23:00,DEV373,DATA-8799,Improvement,In Progress,High,issue_updated
JR02837,2026-08-09 09:29:00,DEV500,DEVOPS-7196,Story,Testing,Medium,issue_assigned
JR01271,2026-08-09 09:30:00,DEV021,DEVOPS-9803,Story,In Progress,Medium,comment_added
JR03248,2026-08-09 09:44:00,DEV058,DEVOPS-1007,Story,In Progress,Critical,issue_assigned
JR00417,2026-08-09 09:46:00,DEV292,DEVOPS-3577,Bug,Done,High,issue_created
JR04535,2026-08-09 09:46:00,DEV326,DATA-4608,Improvement,Code Review,Critical,issue_assigned
JR00611,2026-08-09 09:48:00,DEV174,DATA-6878,Story,Done,Critical,issue_created
JR03843,2026-08-09 09:50:00,DEV302,COGNI-1800,Bug,In Progress,Low,comment_added
JR01099,2026-08-09 09:57:00,DEV467,DATA-8318,Improvement,In Progress,High,comment_added
JR01797,2026-08-09 10:02:00,DEV173,DATA-610,Improvement,Done,Medium,status_changed
JR01997,2026-08-09 10:02:00,DEV271,DEVOPS-6550,Improvement,To Do,High,comment_added
JR04052,2026-08-09 10:03:00,DEV177,DATA-7117,Story,In Progress,High,issue_created
JR04139,2026-08-09 10:04:00,DEV173,COGNI-5041,Story,In Progress,Medium,issue_created
JR02714,2026-08-09 10:05:00,DEV253,DATA-2611,Bug,Done,Low,issue_assigned
JR01103,2026-08-09 10:10:00,DEV226,DATA-6185,Improvement,To Do,Medium,issue_assigned
JR04339,2026-08-09 10:12:00,DEV258,COGNI-5969,Story,Done,Medium,status_changed
JR03938,2026-08-09 10:15:00,DEV057,DATA-1240,Story,Testing,Low,issue_created
JR04835,2026-08-09 10:18:00,DEV061,DEVOPS-3815,Improvement,Code Review,Medium,status_changed
JR04926,2026-08-09 10:19:00,DEV280,COGNI-2087,Task,Testing,High,issue_updated
JR02985,2026-08-09 10:21:00,DEV492,DEVOPS-2482,Improvement,In Progress,Medium,issue_created
JR00557,2026-08-09 10:28:00,DEV296,DEVOPS-2136,Story,In Progress,Medium,issue_assigned
JR04596,2026-08-09 10:34:00,DEV182,DATA-1979,Task,Done,Low,issue_updated
JR04157,2026-08-09 10:35:00,DEV126,COGNI-3137,Improvement,To Do,Critical,status_changed
JR00452,2026-08-09 10:37:00,DEV250,DEVOPS-1807,Improvement,To Do,Critical,issue_updated
JR02491,2026-08-09 10:37:00,DEV252,COGNI-5969,Story,Code Review,Critical,issue_updated
JR04002,2026-08-09 10:39:00,DEV202,DEVOPS-3552,Task,Code Review,High,status_changed
JR00143,2026-08-09 10:41:00,DEV400,DATA-2646,Bug,Code Review,High,issue_updated
JR01142,2026-08-09 10:43:00,DEV271,DEVOPS-887,Improvement,Done,High,comment_added
JR02570,2026-08-09 10:55:00,DEV091,DEVOPS-1445,Bug,In Progress,Low,comment_added
JR04205,2026-08-09 10:59:00,DEV284,DATA-198,Bug,Done,High,issue_created
JR01871,2026-08-09 11:00:00,DEV396,DEVOPS-9726,Bug,Testing,Low,issue_updated
JR02716,2026-08-09 11:02:00,DEV015,COGNI-3200,Improvement,Done,Medium,issue_updated
JR01591,2026-08-09 11:06:00,DEV335,DATA-2251,Task,Testing,Low,issue_updated
JR02874,2026-08-09 11:08:00,DEV131,COGNI-2514,Story,Code Review,Medium,issue_updated
JR04356,2026-08-09 11:08:00,DEV425,DEVOPS-7260,Story,Code Review,High,issue_updated
JR04429,2026-08-09 11:10:00,DEV283,DEVOPS-9113,Task,Testing,Critical,issue_assigned
JR02317,2026-08-09 11:11:00,DEV035,DEVOPS-4690,Task,Code Review,Critical,comment_added
JR03537,2026-08-09 11:12:00,DEV376,DATA-5063,Bug,To Do,Critical,issue_updated
JR01817,2026-08-09 11:14:00,DEV316,DATA-1358,Task,In Progress,High,issue_updated
JR03905,2026-08-09 11:18:00,DEV016,DEVOPS-2139,Bug,To Do,Medium,issue_created
JR00583,2026-08-09 11:22:00,DEV274,COGNI-367,Task,Done,Medium,status_changed
JR01238,2026-08-09 11:23:00,DEV180,DEVOPS-8080,Story,To Do,Critical,issue_updated
JR02240,2026-08-09 11:23:00,DEV417,DEVOPS-6230,Task,In Progress,Low,issue_created
JR01163,2026-08-09 11:34:00,DEV427,COGNI-4661,Story,In Progress,High,status_changed
JR04563,2026-08-09 11:35:00,DEV105,DEVOPS-9108,Bug,To Do,High,issue_created
JR02252,2026-08-09 11:40:00,DEV235,DEVOPS-654,Task,Done,Critical,status_changed
JR03373,2026-08-09 11:41:00,DEV365,DEVOPS-2631,Bug,To Do,Critical,comment_added
JR00005,2026-08-09 11:43:00,DEV397,DEVOPS-5343,Task,Testing,Low,issue_created
JR03992,2026-08-09 11:45:00,DEV012,DEVOPS-9567,Improvement,Done,Medium,issue_created
JR02298,2026-08-09 11:55:00,DEV427,DATA-6851,Task,Done,Medium,issue_assigned
JR02413,2026-08-09 11:56:00,DEV364,DEVOPS-9917,Improvement,Done,High,comment_added
JR01245,2026-08-09 11:58:00,DEV265,COGNI-6521,Story,In Progress,Low,issue_assigned
JR01277,2026-08-09 11:58:00,DEV208,COGNI-1339,Bug,Code Review,High,issue_created
JR02666,2026-08-09 12:02:00,DEV030,DEVOPS-9783,Improvement,Code Review,Medium,status_changed
JR03243,2026-08-09 12:03:00,DEV032,DATA-6899,Task,In Progress,Critical,issue_created
JR01019,2026-08-09 12:06:00,DEV429,DEVOPS-6383,Story,Done,Medium,issue_assigned
JR02364,2026-08-09 12:06:00,DEV164,COGNI-1310,Story,In Progress,Low,status_changed
JR00788,2026-08-09 12:16:00,DEV239,COGNI-700,Story,To Do,High,status_changed
JR01204,2026-08-09 12:16:00,DEV265,COGNI-2485,Bug,In Progress,Low,status_changed
JR01596,2026-08-09 12:16:00,DEV336,DEVOPS-3022,Story,Done,Medium,issue_assigned
JR00932,2026-08-09 12:18:00,DEV403,COGNI-1309,Task,Done,Medium,issue_updated
JR03920,2026-08-09 12:23:00,DEV322,DEVOPS-578,Improvement,Done,High,issue_updated
JR03080,2026-08-09 12:25:00,DEV112,COGNI-1465,Story,Testing,Critical,comment_added
JR04584,2026-08-09 12:31:00,DEV129,DEVOPS-1512,Story,In Progress,Critical,comment_added
JR02277,2026-08-09 12:33:00,DEV223,DATA-4026,Improvement,Done,Medium,comment_added
JR01310,2026-08-09 12:56:00,DEV399,COGNI-5300,Bug,To Do,Low,issue_assigned
JR04947,2026-08-09 13:03:00,DEV387,DEVOPS-9242,Bug,Testing,Low,issue_assigned
JR03233,2026-08-09 13:04:00,DEV344,DATA-5470,Improvement,In Progress,Medium,status_changed
JR03014,2026-08-09 13:12:00,DEV100,DATA-8459,Task,Code Review,High,issue_updated
JR01772,2026-08-09 13:22:00,DEV128,DATA-7904,Story,To Do,Critical,issue_created
JR02822,2026-08-09 13:25:00,DEV104,DATA-5026,Improvement,Code Review,Medium,comment_added
JR02854,2026-08-09 13:25:00,DEV021,COGNI-6370,Story,To Do,Low,issue_assigned
JR00930,2026-08-09 13:26:00,DEV454,COGNI-8582,Story,Testing,High,issue_assigned
JR04292,2026-08-09 13:28:00,DEV201,COGNI-3202,Task,To Do,High,comment_added
JR01936,2026-08-09 13:32:00,DEV297,DEVOPS-8327,Bug,Testing,Medium,issue_updated
JR00131,2026-08-09 13:36:00,DEV259,DEVOPS-514,Task,Code Review,Low,comment_added
JR03730,2026-08-09 13:36:00,DEV343,DATA-6394,Improvement,To Do,Medium,issue_assigned
JR04785,2026-08-09 13:40:00,DEV095,DATA-1461,Bug,Code Review,Medium,issue_created
JR04856,2026-08-09 13:41:00,DEV137,DATA-8460,Bug,Done,Low,issue_assigned
JR04764,2026-08-09 13:47:00,DEV446,DEVOPS-1537,Improvement,Done,Low,status_changed
JR00782,2026-08-09 13:52:00,DEV015,DEVOPS-8887,Bug,To Do,High,issue_assigned
JR03122,2026-08-09 13:53:00,DEV205,COGNI-1734,Bug,In Progress,Low,issue_assigned
JR00502,2026-08-09 14:01:00,DEV349,COGNI-8002,Task,Code Review,Critical,status_changed
JR00582,2026-08-09 14:01:00,DEV154,DEVOPS-219,Story,Code Review,Critical,issue_created
JR03324,2026-08-09 14:04:00,DEV200,COGNI-5971,Improvement,Code Review,Critical,status_changed
JR04539,2026-08-09 14:17:00,DEV355,DEVOPS-8921,Bug,Code Review,Critical,issue_created
JR01055,2026-08-09 14:19:00,DEV394,COGNI-4592,Story,Testing,Medium,comment_added
JR01764,2026-08-09 14:21:00,DEV371,COGNI-9835,Story,Testing,Medium,comment_added
JR02768,2026-08-09 14:23:00,DEV019,DATA-4940,Improvement,Testing,Low,issue_updated
JR02094,2026-08-09 14:27:00,DEV005,DATA-9614,Story,Done,Low,issue_created
JR01593,2026-08-09 14:28:00,DEV247,COGNI-9764,Bug,Testing,Medium,status_changed
JR01532,2026-08-09 14:35:00,DEV225,DEVOPS-6226,Task,In Progress,Critical,issue_created
JR02181,2026-08-09 14:37:00,DEV481,DATA-3136,Bug,Done,Medium,comment_added
JR03423,2026-08-09 14:38:00,DEV243,DEVOPS-950,Bug,Code Review,Medium,comment_added
JR04773,2026-08-09 14:40:00,DEV050,DEVOPS-5371,Improvement,Testing,High,issue_assigned
JR00484,2026-08-09 14:45:00,DEV122,DEVOPS-4082,Story,To Do,Medium,issue_assigned
JR01486,2026-08-09 14:55:00,DEV361,COGNI-647,Story,To Do,Critical,issue_created
JR03422,2026-08-09 14:56:00,DEV454,COGNI-5818,Bug,In Progress,Low,issue_updated
JR03634,2026-08-09 15:02:00,DEV330,DATA-2166,Bug,Testing,High,issue_assigned
JR03314,2026-08-09 15:04:00,DEV098,DEVOPS-8841,Improvement,Testing,Low,comment_added
JR00488,2026-08-09 15:08:00,DEV183,COGNI-7727,Story,Done,Low,issue_created
JR00387,2026-08-09 15:11:00,DEV195,COGNI-4144,Bug,In Progress,Medium,issue_assigned
JR04959,2026-08-09 15:11:00,DEV274,COGNI-2392,Bug,Done,High,status_changed
JR04214,2026-08-09 15:15:00,DEV380,COGNI-1302,Task,Testing,High,issue_updated
JR01990,2026-08-09 15:33:00,DEV362,DATA-109,Story,Testing,Medium,status_changed
JR02325,2026-08-09 15:38:00,DEV480,COGNI-5602,Story,Done,Low,issue_created
JR00306,2026-08-09 15:42:00,DEV141,DEVOPS-3719,Task,In Progress,Low,issue_assigned
JR02508,2026-08-09 16:07:00,DEV464,DEVOPS-2620,Task,In Progress,Medium,comment_added
JR04953,2026-08-09 16:14:00,DEV441,COGNI-8575,Story,Testing,Medium,comment_added
JR03864,2026-08-09 16:20:00,DEV302,DATA-2169,Story,Testing,Critical,issue_assigned
JR02386,2026-08-09 16:21:00,DEV411,DATA-8811,Bug,To Do,High,issue_created
JR01251,2026-08-09 16:37:00,DEV370,COGNI-4640,Task,Testing,Low,issue_created
JR01369,2026-08-09 16:47:00,DEV224,DEVOPS-5842,Story,Done,Low,comment_added
JR00827,2026-08-09 16:51:00,DEV076,DEVOPS-4953,Story,In Progress,High,status_changed
JR02239,2026-08-09 16:53:00,DEV126,DEVOPS-3505,Improvement,Testing,High,issue_assigned
JR00777,2026-08-09 16:54:00,DEV460,DEVOPS-3810,Improvement,To Do,Low,issue_assigned
JR04670,2026-08-09 16:58:00,DEV264,DEVOPS-3639,Task,In Progress,Medium,status_changed
JR03015,2026-08-09 17:03:00,DEV283,DATA-8168,Improvement,Code Review,High,issue_assigned
JR01442,2026-08-09 17:16:00,DEV265,COGNI-3434,Task,Done,Critical,issue_updated
JR03107,2026-08-09 17:16:00,DEV099,DEVOPS-3669,Task,Code Review,Critical,comment_added
JR03975,2026-08-09 17:20:00,DEV391,COGNI-9261,Bug,Done,Critical,status_changed
JR03926,2026-08-09 17:27:00,DEV022,DATA-7240,Improvement,Testing,Critical,issue_assigned
JR04915,2026-08-09 17:27:00,DEV500,DATA-3728,Bug,In Progress,High,issue_assigned
JR02275,2026-08-09 17:31:00,DEV095,DATA-4177,Bug,Done,Critical,comment_added
JR03156,2026-08-09 17:35:00,DEV060,DATA-2694,Story,In Progress,Low,status_changed
JR01789,2026-08-09 17:44:00,DEV384,COGNI-351,Story,To Do,Low,issue_created
JR03998,2026-08-09 17:53:00,DEV288,DATA-1503,Task,Code Review,Low,status_changed
JR01992,2026-08-09 17:59:00,DEV169,COGNI-4072,Task,Done,Low,status_changed
JR04882,2026-08-09 18:01:00,DEV386,DEVOPS-5914,Task,Testing,Medium,issue_assigned
JR03043,2026-08-09 18:03:00,DEV470,DEVOPS-5803,Task,Testing,Medium,status_changed
JR03484,2026-08-09 18:03:00,DEV340,COGNI-6354,Task,Done,Low,issue_updated
JR03271,2026-08-09 18:04:00,DEV249,DEVOPS-1717,Task,Done,High,issue_updated
JR01060,2026-08-09 18:10:00,DEV374,DATA-9900,Bug,Done,Critical,comment_added
JR03435,2026-08-09 18:11:00,DEV389,DATA-8807,Task,Done,Low,issue_assigned
JR02674,2026-08-09 18:22:00,DEV110,DEVOPS-8248,Bug,To Do,Medium,comment_added
JR00039,2026-08-09 18:23:00,DEV386,COGNI-7412,Improvement,Testing,Critical,status_changed
JR03815,2026-08-09 18:24:00,DEV026,COGNI-4699,Improvement,Testing,Critical,issue_assigned
JR04312,2026-08-09 18:27:00,DEV079,COGNI-2642,Task,Done,Low,comment_added
JR00714,2026-08-09 18:28:00,DEV221,DATA-5059,Task,To Do,Medium,issue_updated
JR00662,2026-08-09 18:30:00,DEV487,COGNI-4642,Improvement,Code Review,Critical,issue_updated
JR01809,2026-08-09 18:39:00,DEV256,COGNI-3296,Improvement,Code Review,Medium,comment_added
JR01065,2026-08-09 18:42:00,DEV397,DEVOPS-3685,Bug,Done,Critical,issue_updated
JR03982,2026-08-09 18:43:00,DEV039,DEVOPS-1280,Bug,Testing,High,issue_created
JR01262,2026-08-09 18:46:00,DEV144,COGNI-3365,Task,To Do,Low,issue_created
JR03254,2026-08-09 18:55:00,DEV229,DATA-540,Improvement,Code Review,Low,issue_updated
JR04820,2026-08-09 18:57:00,DEV401,DEVOPS-6035,Improvement,Code Review,High,issue_updated
JR00565,2026-08-09 18:59:00,DEV134,DATA-6073,Task,Done,Low,comment_added
JR04964,2026-08-09 19:02:00,DEV351,DATA-1247,Bug,To Do,Medium,status_changed
JR01998,2026-08-09 19:06:00,DEV458,DATA-2443,Bug,In Progress,Critical,issue_updated
JR00299,2026-08-09 19:07:00,DEV352,COGNI-8977,Improvement,To Do,Critical,issue_assigned
JR01734,2026-08-09 19:10:00,DEV429,DATA-4489,Task,Done,Medium,issue_updated
JR04677,2026-08-09 19:17:00,DEV244,DEVOPS-8948,Improvement,To Do,Medium,issue_created
JR01281,2026-08-09 19:23:00,DEV199,DEVOPS-3917,Bug,To Do,Medium,issue_created
JR04905,2026-08-09 19:28:00,DEV286,DEVOPS-2522,Story,To Do,High,issue_assigned
JR04094,2026-08-09 19:40:00,DEV365,DEVOPS-2675,Story,In Progress,Low,issue_assigned
JR00350,2026-08-09 19:42:00,DEV060,DATA-1126,Story,In Progress,High,comment_added
JR01201,2026-08-09 19:48:00,DEV048,DATA-3562,Improvement,Code Review,Critical,issue_created
JR00254,2026-08-09 19:51:00,DEV319,DATA-9942,Task,Done,Low,status_changed
JR01293,2026-08-09 19:52:00,DEV394,DEVOPS-4640,Story,In Progress,Low,issue_updated
JR04106,2026-08-09 20:02:00,DEV004,DATA-1630,Improvement,In Progress,Low,comment_added
JR04637,2026-08-09 20:03:00,DEV093,COGNI-6836,Bug,Done,Critical,comment_added
JR04086,2026-08-09 20:10:00,DEV154,DEVOPS-4080,Bug,Done,Low,issue_updated
JR00960,2026-08-09 20:14:00,DEV221,DEVOPS-4480,Task,Done,High,status_changed
JR04406,2026-08-09 20:16:00,DEV154,DATA-7823,Bug,Code Review,Low,status_changed
JR00807,2026-08-09 20:17:00,DEV098,COGNI-7100,Story,In Progress,High,comment_added
JR04868,2026-08-09 20:17:00,DEV341,DATA-4278,Bug,Code Review,Critical,issue_updated
JR04509,2026-08-09 20:18:00,DEV003,DEVOPS-7531,Bug,Code Review,Critical,issue_created
JR02573,2026-08-09 20:21:00,DEV442,DEVOPS-1407,Bug,In Progress,High,comment_added
JR02744,2026-08-09 20:28:00,DEV359,COGNI-4217,Story,To Do,Low,issue_assigned
JR01484,2026-08-09 20:30:00,DEV353,DEVOPS-7897,Bug,Done,Medium,issue_created
JR00466,2026-08-09 20:32:00,DEV034,DEVOPS-115,Improvement,Testing,High,issue_updated
JR02228,2026-08-09 20:33:00,DEV254,DEVOPS-5692,Story,Done,Critical,issue_created
JR00683,2026-08-09 20:43:00,DEV404,DATA-4645,Task,To Do,Low,status_changed
JR01944,2026-08-09 20:55:00,DEV058,DEVOPS-5626,Bug,Testing,High,issue_created
JR00962,2026-08-09 20:56:00,DEV006,DATA-9605,Task,Code Review,Critical,status_changed
JR02974,2026-08-09 21:00:00,DEV207,DATA-918,Improvement,Testing,Low,issue_created
JR04316,2026-08-09 21:02:00,DEV148,COGNI-6213,Improvement,To Do,Low,comment_added
JR00007,2026-08-09 21:04:00,DEV467,COGNI-5856,Bug,To Do,Medium,comment_added
JR02492,2026-08-09 21:05:00,DEV309,COGNI-9029,Bug,Code Review,Medium,issue_assigned
JR04533,2026-08-09 21:10:00,DEV085,DEVOPS-548,Improvement,Done,Low,issue_updated
JR00567,2026-08-09 21:13:00,DEV144,DATA-9601,Task,To Do,Low,comment_added
JR00794,2026-08-09 21:15:00,DEV008,DEVOPS-1135,Story,Done,Critical,status_changed
JR02825,2026-08-09 21:18:00,DEV208,DEVOPS-5544,Bug,Testing,Low,comment_added
JR04838,2026-08-09 21:23:00,DEV084,DEVOPS-8239,Task,Done,High,issue_updated
JR00457,2026-08-09 21:27:00,DEV143,DEVOPS-9394,Task,To Do,Low,status_changed
JR02449,2026-08-09 21:29:00,DEV359,DEVOPS-9771,Story,Done,Medium,issue_created
JR00558,2026-08-09 21:30:00,DEV366,DEVOPS-2907,Story,In Progress,Critical,issue_updated
JR04039,2026-08-09 21:42:00,DEV008,COGNI-8763,Task,Code Review,Critical,issue_created
JR02160,2026-08-09 21:43:00,DEV436,DEVOPS-5714,Story,To Do,Critical,comment_added
JR02821,2026-08-09 21:45:00,DEV082,DEVOPS-8771,Story,Testing,Critical,issue_updated
JR04815,2026-08-09 21:46:00,DEV488,COGNI-7461,Improvement,In Progress,Critical,status_changed
JR01139,2026-08-09 21:48:00,DEV437,COGNI-1160,Story,To Do,Medium,issue_assigned
JR01733,2026-08-09 21:52:00,DEV340,DATA-9057,Improvement,To Do,Medium,status_changed
JR02576,2026-08-09 21:52:00,DEV259,COGNI-2365,Task,Code Review,Medium,comment_added
JR04031,2026-08-09 21:55:00,DEV333,DATA-5611,Improvement,In Progress,Critical,issue_created
JR04393,2026-08-09 21:55:00,DEV412,DEVOPS-3632,Task,Done,Medium,status_changed
JR00978,2026-08-09 21:56:00,DEV349,COGNI-5311,Task,To Do,Critical,issue_updated
JR03152,2026-08-09 21:58:00,DEV310,DEVOPS-616,Improvement,Testing,Low,status_changed
JR01249,2026-08-09 22:02:00,DEV341,DATA-878,Story,Code Review,Medium,issue_updated
JR01565,2026-08-09 22:06:00,DEV141,COGNI-7384,Story,In Progress,Critical,comment_added
JR00623,2026-08-09 22:07:00,DEV491,DEVOPS-9529,Task,Done,High,issue_assigned
JR01301,2026-08-09 22:08:00,DEV238,DEVOPS-1064,Story,Testing,High,comment_added
JR03652,2026-08-09 22:14:00,DEV384,DATA-1531,Story,In Progress,Medium,issue_created
JR00275,2026-08-09 22:16:00,DEV256,COGNI-3831,Task,In Progress,Medium,status_changed
JR01081,2026-08-09 22:17:00,DEV159,DATA-716,Story,Testing,Critical,status_changed
JR01867,2026-08-09 22:22:00,DEV284,COGNI-2472,Story,Code Review,High,comment_added
JR04370,2026-08-09 22:25:00,DEV205,DATA-4518,Story,Code Review,Critical,issue_updated
JR03391,2026-08-09 22:27:00,DEV444,COGNI-4125,Bug,In Progress,Low,issue_assigned
JR00986,2026-08-09 22:29:00,DEV293,DEVOPS-8714,Bug,Testing,Medium,issue_assigned
JR03564,2026-08-09 22:35:00,DEV241,DATA-8498,Story,Done,Critical,issue_created
JR00701,2026-08-09 22:43:00,DEV003,DEVOPS-1928,Improvement,Testing,Critical,comment_added
JR00113,2026-08-09 22:45:00,DEV472,DEVOPS-1259,Bug,In Progress,Medium,issue_assigned
JR02057,2026-08-09 22:46:00,DEV457,DEVOPS-1324,Task,In Progress,Low,status_changed
JR03551,2026-08-09 22:51:00,DEV084,COGNI-4360,Improvement,In Progress,High,issue_created
JR00073,2026-08-09 22:55:00,DEV105,COGNI-7921,Task,Done,Medium,issue_assigned
JR04212,2026-08-09 22:55:00,DEV114,COGNI-3023,Improvement,Code Review,Low,status_changed
JR02601,2026-08-09 22:57:00,DEV470,DEVOPS-9020,Task,Done,Low,issue_assigned
JR00719,2026-08-09 23:00:00,DEV417,DATA-8777,Task,Code Review,High,issue_created
JR03217,2026-08-09 23:01:00,DEV218,DEVOPS-253,Story,To Do,Medium,issue_created
JR04318,2026-08-09 23:06:00,DEV493,DATA-2555,Improvement,Done,Low,status_changed
JR04368,2026-08-09 23:10:00,DEV384,DEVOPS-1876,Task,To Do,Critical,comment_added
JR00870,2026-08-09 23:19:00,DEV331,COGNI-6616,Improvement,To Do,Medium,issue_created
JR01843,2026-08-09 23:20:00,DEV500,DEVOPS-9377,Story,Code Review,Critical,status_changed
JR03270,2026-08-09 23:20:00,DEV226,DATA-4383,Story,To Do,High,issue_updated
JR03795,2026-08-09 23:22:00,DEV235,COGNI-9123,Bug,To Do,High,comment_added
JR00865,2026-08-09 23:26:00,DEV306,DATA-5636,Improvement,To Do,Medium,status_changed
JR00574,2026-08-09 23:35:00,DEV316,COGNI-3553,Improvement,Done,Critical,issue_updated
JR04065,2026-08-09 23:39:00,DEV285,COGNI-531,Task,Done,Low,status_changed
JR00215,2026-08-09 23:43:00,DEV359,COGNI-9529,Task,Testing,Low,issue_updated
JR04082,2026-08-10 00:00:00,DEV344,COGNI-9330,Improvement,Code Review,High,issue_assigned
JR04827,2026-08-10 00:00:00,DEV321,DATA-3215,Story,Code Review,Low,issue_created
JR01778,2026-08-10 00:18:00,DEV034,COGNI-6469,Story,Done,Low,issue_assigned
JR03200,2026-08-10 00:21:00,DEV494,COGNI-341,Improvement,Testing,Low,status_changed
JR01147,2026-08-10 00:25:00,DEV408,COGNI-1182,Task,Code Review,Critical,issue_created
JR02135,2026-08-10 00:31:00,DEV221,DATA-6446,Task,Done,Medium,issue_updated
JR01740,2026-08-10 00:36:00,DEV218,COGNI-7127,Bug,Code Review,Low,issue_updated
JR02885,2026-08-10 00:36:00,DEV232,COGNI-4163,Bug,In Progress,Medium,issue_created
JR02117,2026-08-10 00:39:00,DEV255,DATA-4889,Improvement,To Do,Critical,issue_assigned
JR04840,2026-08-10 00:39:00,DEV110,COGNI-6814,Story,To Do,Medium,issue_updated
JR02183,2026-08-10 00:40:00,DEV093,COGNI-9654,Bug,Testing,Medium,status_changed
JR04386,2026-08-10 00:41:00,DEV479,COGNI-9453,Task,In Progress,Low,issue_assigned
JR02579,2026-08-10 00:48:00,DEV056,COGNI-9203,Task,Done,Low,issue_updated
JR03692,2026-08-10 00:48:00,DEV268,DEVOPS-5462,Task,Testing,High,issue_created
JR01598,2026-08-10 00:50:00,DEV214,DEVOPS-6846,Task,Testing,Low,comment_added
JR01120,2026-08-10 00:55:00,DEV071,COGNI-4695,Bug,Code Review,Critical,issue_updated
JR04177,2026-08-10 00:55:00,DEV044,COGNI-9107,Bug,Done,Low,comment_added
JR01046,2026-08-10 00:56:00,DEV446,COGNI-160,Improvement,Testing,Critical,issue_updated
JR01592,2026-08-10 00:58:00,DEV058,COGNI-2346,Bug,In Progress,Medium,status_changed
JR01994,2026-08-10 01:03:00,DEV105,COGNI-8468,Improvement,To Do,Low,issue_updated
JR00021,2026-08-10 01:05:00,DEV304,COGNI-6724,Improvement,Testing,Low,comment_added
JR03081,2026-08-10 01:10:00,DEV402,DATA-324,Improvement,Code Review,Critical,issue_updated
JR03138,2026-08-10 01:10:00,DEV322,DEVOPS-5653,Story,Testing,High,issue_created
JR04757,2026-08-10 01:14:00,DEV221,COGNI-7963,Task,Code Review,Medium,issue_assigned
JR01410,2026-08-10 01:15:00,DEV040,COGNI-4824,Bug,Done,Medium,issue_created
JR01033,2026-08-10 01:21:00,DEV173,DEVOPS-7969,Improvement,Done,Medium,comment_added
JR00756,2026-08-10 01:24:00,DEV035,COGNI-7028,Improvement,Code Review,High,issue_updated
JR02095,2026-08-10 01:25:00,DEV205,DATA-3227,Improvement,Done,Critical,issue_updated
JR02019,2026-08-10 01:30:00,DEV244,DATA-6206,Improvement,Testing,Low,status_changed
JR03431,2026-08-10 01:33:00,DEV402,COGNI-7986,Bug,Testing,High,comment_added
JR03149,2026-08-10 01:34:00,DEV145,DATA-7312,Improvement,In Progress,Critical,issue_updated
JR04176,2026-08-10 01:37:00,DEV046,DEVOPS-7921,Story,Done,Medium,issue_assigned
JR04502,2026-08-10 01:54:00,DEV139,DATA-9553,Task,In Progress,Critical,issue_created
JR02670,2026-08-10 01:55:00,DEV332,DEVOPS-2043,Task,In Progress,Medium,status_changed
JR03693,2026-08-10 02:05:00,DEV450,DEVOPS-5997,Task,To Do,High,issue_assigned
JR04547,2026-08-10 02:05:00,DEV214,DEVOPS-4178,Bug,Code Review,High,issue_created
JR04215,2026-08-10 02:07:00,DEV442,DATA-779,Story,To Do,Critical,issue_updated
JR02633,2026-08-10 02:17:00,DEV345,COGNI-4788,Story,Testing,Low,status_changed
JR03533,2026-08-10 02:25:00,DEV047,COGNI-5091,Story,Testing,Critical,issue_created
JR01135,2026-08-10 02:29:00,DEV247,DEVOPS-4725,Task,Testing,Low,issue_assigned
JR02485,2026-08-10 02:33:00,DEV112,COGNI-3941,Improvement,Testing,Low,issue_assigned
JR02341,2026-08-10 02:34:00,DEV352,DEVOPS-8292,Bug,To Do,Critical,issue_updated
JR04884,2026-08-10 02:35:00,DEV167,COGNI-4386,Task,Done,High,issue_assigned
JR01699,2026-08-10 02:36:00,DEV487,COGNI-8624,Story,To Do,Medium,issue_assigned
JR03574,2026-08-10 02:39:00,DEV022,DATA-8696,Improvement,Code Review,Low,issue_created
JR04361,2026-08-10 02:51:00,DEV140,DATA-1499,Bug,Code Review,Low,issue_created
JR04676,2026-08-10 02:51:00,DEV212,DATA-5231,Task,In Progress,High,issue_updated
JR03383,2026-08-10 02:52:00,DEV048,COGNI-4608,Bug,Code Review,High,status_changed
JR04302,2026-08-10 02:52:00,DEV347,DATA-8832,Story,Done,Low,issue_created
JR02425,2026-08-10 02:58:00,DEV251,COGNI-212,Improvement,Code Review,High,issue_assigned
JR00997,2026-08-10 03:00:00,DEV033,DEVOPS-1204,Improvement,Testing,Low,issue_created
JR03951,2026-08-10 03:03:00,DEV148,DATA-4141,Story,In Progress,Medium,issue_created
JR04380,2026-08-10 03:03:00,DEV123,COGNI-7904,Task,Done,Medium,issue_assigned
JR03622,2026-08-10 03:11:00,DEV284,COGNI-3219,Story,Done,Medium,issue_assigned
JR05000,2026-08-10 03:11:00,DEV313,DEVOPS-6026,Improvement,Testing,Medium,issue_created
JR00855,2026-08-10 03:15:00,DEV065,COGNI-2326,Story,To Do,Low,issue_assigned
JR04410,2026-08-10 03:16:00,DEV472,DATA-475,Story,Done,Low,issue_updated
JR01588,2026-08-10 03:19:00,DEV413,DEVOPS-4224,Bug,Done,Medium,status_changed
JR03921,2026-08-10 03:21:00,DEV270,DEVOPS-2567,Bug,Code Review,Critical,issue_created
JR04552,2026-08-10 03:23:00,DEV295,DATA-5286,Bug,Code Review,Critical,issue_updated
JR03398,2026-08-10 03:35:00,DEV226,DEVOPS-1995,Task,To Do,Low,issue_created
JR00559,2026-08-10 03:37:00,DEV204,COGNI-2709,Improvement,Testing,Low,status_changed
JR02567,2026-08-10 03:37:00,DEV079,DATA-9745,Task,To Do,High,status_changed
JR02167,2026-08-10 03:38:00,DEV251,DATA-8832,Story,Done,Low,issue_assigned
JR02838,2026-08-10 03:43:00,DEV324,DEVOPS-6388,Task,Testing,High,issue_assigned
JR03880,2026-08-10 03:45:00,DEV370,COGNI-6778,Story,Code Review,Low,issue_updated
JR03923,2026-08-10 03:47:00,DEV263,COGNI-4907,Task,In Progress,Critical,comment_added
JR02686,2026-08-10 03:53:00,DEV365,COGNI-6472,Task,Done,Medium,issue_updated
JR04362,2026-08-10 03:53:00,DEV289,COGNI-2078,Bug,In Progress,Critical,issue_created
JR00926,2026-08-10 03:58:00,DEV369,DEVOPS-2242,Improvement,To Do,Critical,comment_added
JR03511,2026-08-10 04:04:00,DEV260,DATA-1188,Story,Testing,Low,comment_added
JR04975,2026-08-10 04:11:00,DEV302,DATA-9915,Story,Testing,High,status_changed
JR03177,2026-08-10 04:15:00,DEV499,DATA-1928,Improvement,In Progress,High,status_changed
JR00848,2026-08-10 04:16:00,DEV425,DATA-2450,Improvement,In Progress,Critical,comment_added
JR03221,2026-08-10 04:16:00,DEV333,COGNI-3537,Bug,Done,High,status_changed
JR00992,2026-08-10 04:21:00,DEV469,DATA-4061,Story,Code Review,Low,issue_updated
JR02585,2026-08-10 04:24:00,DEV384,DEVOPS-5313,Task,In Progress,High,issue_updated
JR00783,2026-08-10 04:26:00,DEV369,DATA-401,Bug,Code Review,Critical,issue_assigned
JR00206,2026-08-10 04:36:00,DEV153,COGNI-2384,Task,To Do,Low,comment_added
JR03108,2026-08-10 04:50:00,DEV282,DEVOPS-2369,Improvement,To Do,High,status_changed
JR04945,2026-08-10 04:51:00,DEV082,COGNI-8345,Task,Testing,High,issue_updated
JR03245,2026-08-10 04:54:00,DEV116,DEVOPS-2744,Bug,Code Review,High,issue_assigned
JR03853,2026-08-10 04:58:00,DEV062,DATA-8476,Improvement,To Do,Critical,issue_updated
JR04224,2026-08-10 05:09:00,DEV247,DATA-2956,Improvement,In Progress,Critical,issue_created
JR02774,2026-08-10 05:16:00,DEV407,COGNI-4980,Task,Code Review,Low,status_changed
JR01079,2026-08-10 05:25:00,DEV241,DEVOPS-2215,Bug,Testing,Critical,issue_created
JR02185,2026-08-10 05:33:00,DEV167,DEVOPS-8306,Story,Done,Medium,issue_assigned
JR02841,2026-08-10 05:34:00,DEV172,COGNI-6334,Story,Done,Medium,status_changed
JR03525,2026-08-10 05:34:00,DEV482,DEVOPS-8233,Task,Done,Medium,issue_assigned
JR00897,2026-08-10 05:36:00,DEV488,COGNI-9038,Improvement,To Do,Low,issue_updated
JR01095,2026-08-10 05:38:00,DEV460,DATA-1788,Bug,To Do,Critical,comment_added
JR04543,2026-08-10 05:38:00,DEV253,COGNI-5592,Bug,Testing,Low,comment_added
JR03995,2026-08-10 05:39:00,DEV035,DEVOPS-3447,Task,Done,Low,issue_updated
JR00604,2026-08-10 05:41:00,DEV398,DEVOPS-9701,Story,Done,High,issue_updated
JR03281,2026-08-10 05:53:00,DEV391,DEVOPS-2491,Bug,Done,Low,issue_created
JR03750,2026-08-10 05:54:00,DEV188,DATA-6499,Task,Testing,High,issue_created
JR01586,2026-08-10 05:56:00,DEV267,COGNI-8514,Improvement,Testing,Low,status_changed
JR00781,2026-08-10 05:57:00,DEV448,COGNI-3229,Story,Testing,High,comment_added
JR04599,2026-08-10 05:59:00,DEV249,DATA-6340,Bug,To Do,Medium,issue_updated
JR02353,2026-08-10 06:04:00,DEV277,DATA-5557,Improvement,To Do,Low,issue_updated
JR02518,2026-08-10 06:08:00,DEV039,COGNI-9987,Improvement,Code Review,Critical,issue_assigned
JR02593,2026-08-10 06:09:00,DEV139,DATA-2373,Story,In Progress,High,issue_assigned
JR00276,2026-08-10 06:11:00,DEV226,DATA-4640,Bug,To Do,Low,issue_created
JR03657,2026-08-10 06:32:00,DEV074,DATA-6706,Improvement,To Do,High,issue_updated
JR00463,2026-08-10 06:52:00,DEV294,COGNI-4617,Task,In Progress,Medium,comment_added
JR04623,2026-08-10 06:53:00,DEV212,DEVOPS-3867,Task,In Progress,High,comment_added
JR01706,2026-08-10 06:54:00,DEV284,DATA-6998,Task,To Do,Medium,status_changed
JR00896,2026-08-10 06:55:00,DEV145,DATA-9395,Task,Testing,Critical,status_changed
JR01805,2026-08-10 07:06:00,DEV409,DATA-1320,Improvement,Testing,Medium,status_changed
JR01168,2026-08-10 07:12:00,DEV459,DEVOPS-5211,Task,To Do,Low,comment_added
JR00695,2026-08-10 07:17:00,DEV463,COGNI-6374,Story,To Do,Low,issue_updated
JR00634,2026-08-10 07:18:00,DEV157,DATA-9167,Improvement,Testing,Low,issue_assigned
JR02213,2026-08-10 07:19:00,DEV334,COGNI-2095,Task,Code Review,Low,issue_created
JR01928,2026-08-10 07:27:00,DEV031,DEVOPS-1850,Story,In Progress,High,issue_assigned
JR03838,2026-08-10 07:46:00,DEV424,COGNI-8626,Improvement,Testing,High,issue_assigned
JR00038,2026-08-10 07:47:00,DEV193,DEVOPS-4663,Story,To Do,Medium,comment_added
JR03645,2026-08-10 07:49:00,DEV455,DEVOPS-5871,Task,Done,Low,issue_updated
JR01075,2026-08-10 07:50:00,DEV352,COGNI-7369,Bug,Code Review,Medium,status_changed
JR03854,2026-08-10 07:51:00,DEV404,DATA-8862,Task,To Do,Critical,issue_assigned
JR01601,2026-08-10 08:07:00,DEV112,DATA-7468,Story,To Do,High,status_changed
JR04994,2026-08-10 08:17:00,DEV236,DATA-4289,Improvement,Done,High,status_changed
JR02128,2026-08-10 08:23:00,DEV108,DATA-5567,Bug,To Do,Medium,status_changed
JR03022,2026-08-10 08:35:00,DEV414,DEVOPS-1258,Improvement,Testing,Low,status_changed
JR03588,2026-08-10 08:35:00,DEV063,DATA-1710,Bug,Code Review,Low,issue_updated
JR04353,2026-08-10 08:35:00,DEV410,DEVOPS-3783,Improvement,In Progress,Low,issue_updated
JR03651,2026-08-10 08:40:00,DEV003,DATA-2557,Improvement,Done,Medium,issue_created
JR02603,2026-08-10 08:43:00,DEV113,COGNI-6738,Improvement,Done,High,issue_assigned
JR00817,2026-08-10 08:46:00,DEV220,COGNI-8851,Task,Testing,Medium,status_changed
JR04100,2026-08-10 08:46:00,DEV036,DATA-7152,Bug,Testing,Medium,status_changed
JR00384,2026-08-10 08:52:00,DEV041,COGNI-8444,Improvement,Testing,High,issue_created
JR01319,2026-08-10 08:54:00,DEV046,DATA-3172,Story,Code Review,Medium,issue_assigned
JR00046,2026-08-10 08:56:00,DEV356,COGNI-4727,Bug,In Progress,Medium,issue_created
JR00443,2026-08-10 09:00:00,DEV233,COGNI-9696,Story,Done,Critical,status_changed
JR00415,2026-08-10 09:02:00,DEV243,DEVOPS-6026,Improvement,Done,Medium,issue_created
JR03463,2026-08-10 09:03:00,DEV208,DEVOPS-5689,Improvement,Code Review,High,comment_added
JR02875,2026-08-10 09:05:00,DEV189,DATA-172,Bug,In Progress,Low,status_changed
JR03304,2026-08-10 09:08:00,DEV188,COGNI-1816,Story,Done,High,issue_updated
JR02182,2026-08-10 09:09:00,DEV152,DEVOPS-4151,Improvement,Code Review,Medium,comment_added
JR01608,2026-08-10 09:10:00,DEV148,DEVOPS-6117,Task,Done,High,issue_updated
JR02233,2026-08-10 09:10:00,DEV026,DEVOPS-813,Improvement,Code Review,Medium,issue_assigned
JR03384,2026-08-10 09:17:00,DEV338,COGNI-2846,Story,Code Review,High,issue_updated
JR03829,2026-08-10 09:24:00,DEV347,DEVOPS-6574,Bug,In Progress,Low,status_changed
JR00266,2026-08-10 09:38:00,DEV489,DATA-9184,Task,Testing,Medium,status_changed
JR00713,2026-08-10 09:38:00,DEV278,DEVOPS-274,Bug,Testing,High,status_changed
JR04593,2026-08-10 09:41:00,DEV205,DATA-1199,Bug,To Do,High,issue_assigned
JR01836,2026-08-10 09:42:00,DEV315,DEVOPS-4699,Story,In Progress,Medium,status_changed
JR03933,2026-08-10 09:45:00,DEV485,COGNI-4269,Improvement,To Do,Medium,issue_updated
JR04553,2026-08-10 09:45:00,DEV036,DEVOPS-7983,Bug,Code Review,High,issue_created
JR02765,2026-08-10 09:46:00,DEV396,DEVOPS-8189,Story,Done,High,issue_created
JR02273,2026-08-10 09:48:00,DEV279,COGNI-7871,Improvement,Testing,Critical,issue_created
JR00489,2026-08-10 09:59:00,DEV349,COGNI-2885,Task,Done,Medium,issue_created
JR00879,2026-08-10 10:00:00,DEV150,DEVOPS-9379,Story,Testing,Medium,issue_created
JR00394,2026-08-10 10:12:00,DEV036,DATA-5935,Improvement,Done,High,issue_created
JR01654,2026-08-10 10:13:00,DEV005,COGNI-7327,Story,To Do,High,issue_assigned
JR01721,2026-08-10 10:20:00,DEV285,DEVOPS-8176,Task,Code Review,High,issue_assigned
JR02599,2026-08-10 10:31:00,DEV431,DATA-7247,Improvement,Done,High,issue_created
JR03744,2026-08-10 10:31:00,DEV095,DEVOPS-1384,Improvement,In Progress,High,issue_assigned
JR03531,2026-08-10 10:34:00,DEV162,DEVOPS-6142,Task,Testing,Critical,issue_updated
JR04492,2026-08-10 10:35:00,DEV472,DEVOPS-2325,Task,Testing,High,comment_added
JR04575,2026-08-10 10:37:00,DEV396,DEVOPS-685,Task,Code Review,Medium,status_changed
JR02705,2026-08-10 10:46:00,DEV044,DEVOPS-2476,Improvement,Code Review,Medium,issue_created
JR04763,2026-08-10 10:48:00,DEV240,DATA-1381,Bug,Code Review,Low,comment_added
JR00761,2026-08-10 10:51:00,DEV099,DATA-8543,Bug,In Progress,Medium,issue_updated
JR04681,2026-08-10 10:57:00,DEV427,DATA-5553,Bug,Code Review,Critical,issue_created
JR00201,2026-08-10 11:01:00,DEV441,DEVOPS-3505,Story,In Progress,Low,issue_assigned
JR02655,2026-08-10 11:06:00,DEV435,DATA-3625,Task,Done,Critical,status_changed
JR02917,2026-08-10 11:15:00,DEV347,DATA-4743,Bug,In Progress,Low,status_changed
JR03203,2026-08-10 11:25:00,DEV230,DATA-9820,Task,Done,High,status_changed
JR02112,2026-08-10 11:27:00,DEV280,DATA-178,Bug,To Do,High,status_changed
JR01877,2026-08-10 11:38:00,DEV493,DEVOPS-6247,Improvement,To Do,Medium,status_changed
JR00591,2026-08-10 11:40:00,DEV405,DATA-5464,Task,Done,Critical,issue_updated
JR01096,2026-08-10 11:44:00,DEV325,COGNI-670,Improvement,In Progress,High,issue_updated
JR04951,2026-08-10 11:44:00,DEV252,DATA-4496,Task,In Progress,Low,status_changed
JR03990,2026-08-10 11:47:00,DEV202,DEVOPS-1887,Story,Testing,Low,issue_assigned
JR02653,2026-08-10 11:49:00,DEV157,COGNI-1563,Story,In Progress,Critical,issue_assigned
JR03054,2026-08-10 11:51:00,DEV016,DEVOPS-2042,Improvement,Code Review,Critical,issue_created
JR02625,2026-08-10 11:58:00,DEV132,DATA-8010,Bug,To Do,Critical,issue_updated
JR00192,2026-08-10 12:08:00,DEV391,COGNI-8756,Improvement,Done,Medium,comment_added
JR01506,2026-08-10 12:13:00,DEV490,DEVOPS-9896,Bug,To Do,Critical,status_changed
JR02763,2026-08-10 12:13:00,DEV497,DATA-4529,Improvement,In Progress,Critical,status_changed
JR04493,2026-08-10 12:16:00,DEV311,DEVOPS-5861,Task,Testing,Low,status_changed
JR04826,2026-08-10 12:16:00,DEV418,DATA-2236,Bug,In Progress,Low,status_changed
JR03188,2026-08-10 12:26:00,DEV313,DATA-4137,Bug,Done,Medium,issue_created
JR01571,2026-08-10 12:34:00,DEV272,COGNI-9145,Task,In Progress,Medium,issue_updated
JR04343,2026-08-10 12:34:00,DEV036,DEVOPS-3790,Story,Testing,High,issue_assigned
JR04943,2026-08-10 12:37:00,DEV299,DATA-4894,Improvement,Done,Medium,issue_created
JR02038,2026-08-10 12:42:00,DEV156,DATA-1675,Story,Code Review,Critical,issue_assigned
JR02906,2026-08-10 12:44:00,DEV329,DEVOPS-7773,Task,In Progress,Critical,comment_added
JR01140,2026-08-10 12:46:00,DEV396,DEVOPS-8827,Improvement,To Do,High,issue_assigned
JR02589,2026-08-10 12:50:00,DEV291,DATA-928,Task,In Progress,Low,issue_created
JR04374,2026-08-10 12:50:00,DEV200,DEVOPS-3977,Bug,In Progress,Low,comment_added
JR03967,2026-08-10 12:51:00,DEV276,DATA-8010,Bug,In Progress,Low,issue_updated
JR04363,2026-08-10 12:57:00,DEV163,DEVOPS-2884,Improvement,To Do,Low,status_changed
JR00563,2026-08-10 12:59:00,DEV455,DEVOPS-1011,Story,Done,Medium,issue_created
JR01001,2026-08-10 12:59:00,DEV189,DEVOPS-7965,Task,Code Review,Critical,comment_added
JR04973,2026-08-10 12:59:00,DEV468,DATA-3997,Story,To Do,Low,status_changed
JR03986,2026-08-10 13:06:00,DEV463,DEVOPS-4482,Bug,Done,Critical,issue_created
JR00608,2026-08-10 13:12:00,DEV284,DEVOPS-2129,Improvement,In Progress,Low,issue_assigned
JR04261,2026-08-10 13:14:00,DEV229,DEVOPS-9290,Task,To Do,Critical,status_changed
JR03755,2026-08-10 13:20:00,DEV001,COGNI-1232,Story,Code Review,Low,issue_assigned
JR00427,2026-08-10 13:26:00,DEV211,DATA-7582,Story,To Do,Low,comment_added
JR01561,2026-08-10 13:26:00,DEV414,DEVOPS-628,Task,Done,Low,issue_updated
JR01477,2026-08-10 13:27:00,DEV471,COGNI-171,Improvement,To Do,Low,status_changed
JR01331,2026-08-10 13:35:00,DEV448,COGNI-3879,Bug,To Do,Low,issue_updated
JR03439,2026-08-10 13:39:00,DEV401,DEVOPS-9311,Bug,Code Review,Low,comment_added
JR02114,2026-08-10 13:51:00,DEV208,DATA-1177,Improvement,Code Review,High,comment_added
JR04753,2026-08-10 13:58:00,DEV337,COGNI-5893,Story,To Do,Low,status_changed
JR03546,2026-08-10 14:01:00,DEV256,COGNI-2702,Bug,Done,Critical,issue_assigned
JR04170,2026-08-10 14:04:00,DEV233,DEVOPS-2648,Bug,Testing,Low,comment_added
JR01841,2026-08-10 14:07:00,DEV438,DEVOPS-6008,Story,Testing,Critical,issue_created
JR04022,2026-08-10 14:09:00,DEV286,DATA-4066,Bug,In Progress,Critical,status_changed
JR00752,2026-08-10 14:11:00,DEV169,COGNI-5392,Task,Code Review,High,issue_created
JR02858,2026-08-10 14:13:00,DEV167,COGNI-2395,Story,In Progress,Low,issue_updated
JR04612,2026-08-10 14:13:00,DEV243,COGNI-7944,Improvement,Code Review,Low,comment_added
JR00389,2026-08-10 14:15:00,DEV233,DATA-5146,Story,Code Review,Medium,issue_created
JR01457,2026-08-10 14:18:00,DEV491,DEVOPS-8203,Task,In Progress,High,comment_added
JR04898,2026-08-10 14:23:00,DEV277,DATA-6022,Bug,To Do,High,comment_added
JR00967,2026-08-10 14:24:00,DEV266,DEVOPS-7174,Story,Done,High,comment_added
JR03823,2026-08-10 14:25:00,DEV097,COGNI-3963,Task,Code Review,Low,issue_updated
JR00577,2026-08-10 14:30:00,DEV177,DATA-4061,Task,To Do,Medium,issue_updated
JR03397,2026-08-10 14:42:00,DEV422,COGNI-3436,Bug,Done,Critical,issue_updated
JR02061,2026-08-10 14:45:00,DEV075,DEVOPS-2876,Story,In Progress,Medium,status_changed
JR04320,2026-08-10 14:45:00,DEV017,DEVOPS-721,Story,Code Review,High,issue_assigned
JR04247,2026-08-10 14:47:00,DEV482,DEVOPS-4989,Story,In Progress,Low,comment_added
JR04862,2026-08-10 14:47:00,DEV032,COGNI-1672,Task,Code Review,Critical,comment_added
JR01237,2026-08-10 14:48:00,DEV308,DEVOPS-3125,Bug,In Progress,High,issue_updated
JR03748,2026-08-10 14:51:00,DEV451,COGNI-3421,Story,Code Review,Low,issue_updated
JR00789,2026-08-10 14:52:00,DEV175,DEVOPS-288,Improvement,To Do,Medium,issue_updated
JR00844,2026-08-10 14:57:00,DEV389,DATA-7333,Bug,Testing,Low,issue_assigned
JR00979,2026-08-10 14:57:00,DEV309,COGNI-3813,Task,Done,Low,issue_updated
JR04542,2026-08-10 15:00:00,DEV164,DEVOPS-4682,Story,Code Review,Critical,issue_created
JR01098,2026-08-10 15:06:00,DEV226,DATA-1869,Task,Testing,Medium,issue_updated
JR03405,2026-08-10 15:16:00,DEV113,COGNI-7468,Story,Testing,High,status_changed
JR04669,2026-08-10 15:20:00,DEV238,DEVOPS-3124,Task,Code Review,Medium,comment_added
JR04409,2026-08-10 15:21:00,DEV088,DATA-8212,Task,To Do,Medium,status_changed
JR00760,2026-08-10 15:38:00,DEV022,DEVOPS-2414,Bug,Testing,Low,status_changed
JR01549,2026-08-10 15:42:00,DEV355,DATA-1585,Improvement,Testing,Critical,issue_updated
JR03019,2026-08-10 15:42:00,DEV153,DATA-9058,Story,Done,Critical,comment_added
JR04589,2026-08-10 15:44:00,DEV046,COGNI-5177,Task,To Do,High,issue_updated
JR03663,2026-08-10 15:45:00,DEV052,DATA-2556,Improvement,Testing,Critical,issue_updated
JR04680,2026-08-10 15:49:00,DEV211,DEVOPS-9932,Bug,Testing,Medium,issue_assigned
JR01514,2026-08-10 15:52:00,DEV277,DEVOPS-2593,Bug,Code Review,High,issue_assigned
JR00004,2026-08-10 15:53:00,DEV074,DEVOPS-1037,Task,In Progress,High,issue_assigned
JR00213,2026-08-10 15:55:00,DEV105,COGNI-2239,Story,In Progress,Low,issue_assigned
JR04663,2026-08-10 15:55:00,DEV381,DATA-9230,Story,Testing,Medium,issue_updated
JR04298,2026-08-10 16:05:00,DEV396,COGNI-7917,Story,In Progress,Low,comment_added
JR03307,2026-08-10 16:06:00,DEV467,DATA-243,Improvement,To Do,Critical,issue_updated
JR01693,2026-08-10 16:09:00,DEV118,DEVOPS-8185,Story,Testing,Critical,issue_assigned
JR04649,2026-08-10 16:11:00,DEV337,DATA-3789,Task,Done,Critical,issue_created
JR02619,2026-08-10 16:14:00,DEV380,DEVOPS-9082,Bug,In Progress,Critical,issue_assigned
JR01489,2026-08-10 16:15:00,DEV351,DATA-6722,Improvement,To Do,Critical,comment_added
JR01684,2026-08-10 16:30:00,DEV316,DEVOPS-3791,Story,Done,High,issue_created
JR00613,2026-08-10 16:31:00,DEV436,COGNI-3042,Improvement,Code Review,High,comment_added
JR00669,2026-08-10 16:32:00,DEV412,COGNI-9984,Task,To Do,Critical,comment_added
JR02314,2026-08-10 16:33:00,DEV315,COGNI-4817,Improvement,Testing,High,issue_created
JR02622,2026-08-10 16:36:00,DEV376,COGNI-6321,Task,To Do,Low,issue_updated
JR02165,2026-08-10 16:38:00,DEV350,COGNI-9176,Story,Testing,Critical,issue_created
JR04357,2026-08-10 16:39:00,DEV382,DEVOPS-6631,Task,To Do,Critical,issue_assigned
JR04507,2026-08-10 16:42:00,DEV096,COGNI-1787,Bug,Code Review,Medium,issue_updated
JR03555,2026-08-10 16:53:00,DEV175,DATA-3737,Improvement,Done,High,issue_updated
JR04162,2026-08-10 16:53:00,DEV383,DATA-5318,Task,Done,Medium,comment_added
JR01309,2026-08-10 17:08:00,DEV279,COGNI-6109,Story,Testing,Low,comment_added
JR03393,2026-08-10 17:11:00,DEV274,COGNI-4281,Improvement,In Progress,Medium,status_changed
JR04918,2026-08-10 17:12:00,DEV025,DEVOPS-8505,Bug,In Progress,Medium,issue_updated
JR01102,2026-08-10 17:14:00,DEV021,DEVOPS-6575,Improvement,Testing,Low,issue_created
JR03732,2026-08-10 17:22:00,DEV374,DEVOPS-9604,Story,In Progress,High,comment_added
JR02948,2026-08-10 17:27:00,DEV243,COGNI-9829,Improvement,Done,Low,status_changed
JR00043,2026-08-10 17:35:00,DEV096,DEVOPS-8340,Story,Code Review,Critical,issue_created
JR01595,2026-08-10 17:39:00,DEV292,DATA-4488,Bug,Code Review,Critical,issue_created
JR04811,2026-08-10 17:48:00,DEV439,DEVOPS-6568,Improvement,Testing,Low,issue_assigned
JR03845,2026-08-10 17:52:00,DEV167,DATA-1594,Story,In Progress,Medium,issue_updated
JR04084,2026-08-10 17:53:00,DEV243,DEVOPS-4480,Bug,Code Review,Critical,comment_added
JR01462,2026-08-10 17:55:00,DEV157,DEVOPS-7076,Improvement,Code Review,Medium,issue_created
JR02698,2026-08-10 17:55:00,DEV270,DEVOPS-4385,Bug,Code Review,Low,issue_created
JR04667,2026-08-10 18:01:00,DEV177,COGNI-8254,Bug,Code Review,Critical,issue_updated
JR02480,2026-08-10 18:05:00,DEV081,DEVOPS-7473,Story,Done,Critical,issue_assigned
JR03040,2026-08-10 18:05:00,DEV483,DATA-1060,Story,Testing,High,issue_created
JR01007,2026-08-10 18:14:00,DEV314,DATA-3910,Improvement,Code Review,High,issue_updated
JR00308,2026-08-10 18:16:00,DEV121,DATA-6844,Bug,Testing,Critical,issue_created
JR02707,2026-08-10 18:17:00,DEV271,COGNI-9724,Story,Code Review,Medium,issue_updated
JR02813,2026-08-10 18:18:00,DEV353,DATA-5746,Story,In Progress,High,issue_created
JR03496,2026-08-10 18:20:00,DEV319,DATA-7879,Improvement,In Progress,Low,issue_updated
JR00033,2026-08-10 18:21:00,DEV098,DATA-3006,Story,Done,Low,issue_assigned
JR04243,2026-08-10 18:21:00,DEV210,DATA-9178,Bug,Code Review,Low,comment_added
JR04625,2026-08-10 18:21:00,DEV400,COGNI-9682,Story,Done,Critical,comment_added
JR01298,2026-08-10 18:30:00,DEV094,DEVOPS-2573,Improvement,Code Review,High,status_changed
JR01433,2026-08-10 18:37:00,DEV223,DEVOPS-2684,Story,Done,Low,issue_created
JR00139,2026-08-10 18:39:00,DEV352,DATA-660,Task,Code Review,Low,issue_created
JR01847,2026-08-10 18:40:00,DEV365,COGNI-488,Story,Testing,Low,issue_assigned
JR03067,2026-08-10 18:43:00,DEV225,DATA-4191,Story,Testing,Critical,comment_added
JR02207,2026-08-10 18:45:00,DEV406,DATA-5507,Bug,Code Review,Low,issue_created
JR03438,2026-08-10 18:45:00,DEV308,DATA-2721,Story,In Progress,Critical,status_changed
JR02556,2026-08-10 18:54:00,DEV367,COGNI-8905,Story,Testing,Medium,comment_added
JR03910,2026-08-10 18:54:00,DEV497,DATA-8187,Bug,Done,Low,comment_added
JR03826,2026-08-10 18:55:00,DEV083,DEVOPS-2287,Improvement,Done,Medium,issue_updated
JR02145,2026-08-10 18:59:00,DEV003,DEVOPS-6752,Story,To Do,High,status_changed
JR00315,2026-08-10 19:01:00,DEV348,COGNI-728,Task,Done,High,status_changed
JR04068,2026-08-10 19:10:00,DEV297,DEVOPS-7369,Story,Done,Medium,issue_assigned
JR03594,2026-08-10 19:12:00,DEV309,COGNI-4828,Story,Code Review,High,status_changed
JR01938,2026-08-10 19:16:00,DEV017,DATA-3241,Bug,Code Review,Low,comment_added
JR02563,2026-08-10 19:23:00,DEV090,COGNI-2914,Task,Testing,Medium,issue_updated
JR02908,2026-08-10 19:24:00,DEV224,DATA-798,Story,Testing,High,issue_assigned
JR00369,2026-08-10 19:26:00,DEV279,DATA-4619,Improvement,In Progress,Critical,comment_added
JR02529,2026-08-10 19:29:00,DEV017,DEVOPS-4510,Story,Testing,Medium,comment_added
JR01497,2026-08-10 19:30:00,DEV259,DATA-1087,Task,Done,Low,comment_added
JR03068,2026-08-10 19:32:00,DEV169,DEVOPS-715,Bug,In Progress,Medium,comment_added
JR04229,2026-08-10 19:35:00,DEV373,DATA-431,Story,In Progress,Low,comment_added
JR03655,2026-08-10 19:37:00,DEV072,DEVOPS-4171,Improvement,Code Review,High,issue_assigned
JR03462,2026-08-10 19:38:00,DEV374,DEVOPS-8522,Story,Testing,Low,status_changed
JR00562,2026-08-10 19:44:00,DEV430,COGNI-2378,Story,Done,Critical,comment_added
JR00580,2026-08-10 19:44:00,DEV480,DATA-7524,Improvement,Done,Medium,issue_updated
JR03786,2026-08-10 19:45:00,DEV245,COGNI-5685,Story,To Do,Medium,status_changed
JR02064,2026-08-10 19:47:00,DEV247,DATA-4908,Improvement,In Progress,Medium,issue_updated
JR00091,2026-08-10 19:50:00,DEV321,DEVOPS-1555,Bug,Done,Medium,comment_added
JR04137,2026-08-10 20:01:00,DEV404,DATA-3275,Task,In Progress,Medium,comment_added
JR01182,2026-08-10 20:07:00,DEV356,COGNI-4262,Task,In Progress,Critical,comment_added
JR04504,2026-08-10 20:08:00,DEV375,COGNI-9217,Task,Code Review,High,issue_created
JR03971,2026-08-10 20:21:00,DEV275,DEVOPS-1122,Task,Done,High,status_changed
JR01093,2026-08-10 20:24:00,DEV152,COGNI-3305,Bug,To Do,High,status_changed
JR04657,2026-08-10 20:26:00,DEV471,DATA-9553,Story,To Do,Critical,issue_updated
JR04388,2026-08-10 20:32:00,DEV292,DEVOPS-6980,Bug,Done,Critical,issue_updated
JR04600,2026-08-10 20:33:00,DEV109,DATA-430,Story,Testing,Medium,issue_updated
JR04439,2026-08-10 20:37:00,DEV365,DEVOPS-7250,Task,Code Review,Critical,status_changed
JR00888,2026-08-10 20:38:00,DEV384,DATA-684,Improvement,To Do,High,status_changed
JR00954,2026-08-10 20:48:00,DEV322,DEVOPS-5235,Task,Code Review,Critical,comment_added
JR00570,2026-08-10 20:51:00,DEV024,DEVOPS-6847,Improvement,In Progress,High,status_changed
JR01765,2026-08-10 20:52:00,DEV066,DEVOPS-2970,Story,Testing,High,issue_updated
JR03419,2026-08-10 20:56:00,DEV213,COGNI-4584,Bug,Code Review,Critical,issue_assigned
JR04638,2026-08-10 20:57:00,DEV282,COGNI-7752,Task,To Do,Critical,issue_assigned
JR03532,2026-08-10 21:07:00,DEV457,DEVOPS-3808,Bug,Code Review,Medium,issue_updated
JR02054,2026-08-10 21:08:00,DEV318,DEVOPS-1043,Task,Code Review,High,issue_assigned
JR00224,2026-08-10 21:11:00,DEV022,DEVOPS-8033,Improvement,Code Review,Critical,issue_updated
JR04426,2026-08-10 21:16:00,DEV365,COGNI-5642,Story,Testing,Critical,issue_updated
JR04128,2026-08-10 21:18:00,DEV486,DATA-4834,Bug,Testing,Medium,comment_added
JR04172,2026-08-10 21:20:00,DEV150,COGNI-4425,Improvement,Testing,Critical,issue_assigned
JR04786,2026-08-10 21:24:00,DEV397,COGNI-6318,Improvement,Testing,Low,comment_added
JR04841,2026-08-10 21:24:00,DEV205,DEVOPS-4482,Improvement,To Do,Low,issue_created
JR01228,2026-08-10 21:25:00,DEV152,DATA-1365,Story,Testing,High,issue_assigned
JR04716,2026-08-10 21:26:00,DEV435,COGNI-7135,Story,Testing,Low,issue_assigned
JR03459,2026-08-10 21:27:00,DEV229,DATA-8931,Task,In Progress,Critical,status_changed
JR01858,2026-08-10 21:41:00,DEV271,COGNI-5938,Story,Done,Critical,comment_added
JR02790,2026-08-10 21:41:00,DEV246,DEVOPS-5637,Improvement,To Do,Low,comment_added
JR01531,2026-08-10 21:47:00,DEV140,COGNI-6949,Story,Testing,Medium,issue_created
JR03109,2026-08-10 21:50:00,DEV162,COGNI-7489,Bug,Code Review,Medium,status_changed
JR03878,2026-08-10 21:50:00,DEV184,DEVOPS-8996,Task,To Do,Low,issue_updated
JR00528,2026-08-10 21:51:00,DEV399,COGNI-513,Bug,Testing,Medium,issue_updated
JR01179,2026-08-10 22:12:00,DEV054,COGNI-339,Story,In Progress,Medium,status_changed
JR01437,2026-08-10 22:15:00,DEV350,DATA-900,Bug,To Do,Critical,issue_updated
JR01296,2026-08-10 22:22:00,DEV342,DATA-9101,Bug,Code Review,High,status_changed
JR02987,2026-08-10 22:29:00,DEV164,DEVOPS-7833,Improvement,Done,Medium,comment_added
JR01620,2026-08-10 22:31:00,DEV333,DEVOPS-7264,Improvement,In Progress,Critical,issue_assigned
JR01713,2026-08-10 22:35:00,DEV425,DATA-5892,Task,To Do,Medium,status_changed
JR04465,2026-08-10 22:35:00,DEV332,DEVOPS-3099,Task,Code Review,Low,issue_created
JR01798,2026-08-10 22:43:00,DEV432,DATA-4911,Improvement,To Do,Low,issue_updated
JR04652,2026-08-10 22:45:00,DEV487,DEVOPS-5507,Story,In Progress,Low,status_changed
JR01622,2026-08-10 22:47:00,DEV034,DEVOPS-135,Task,In Progress,Medium,status_changed
JR04531,2026-08-10 22:55:00,DEV010,DEVOPS-8527,Bug,Testing,Low,issue_assigned
JR03779,2026-08-10 22:58:00,DEV155,DATA-616,Story,Done,Critical,issue_updated
JR04671,2026-08-10 22:58:00,DEV010,COGNI-2798,Improvement,To Do,Critical,status_changed
JR03650,2026-08-10 22:59:00,DEV121,COGNI-6664,Improvement,Code Review,Medium,comment_added
JR04346,2026-08-10 23:01:00,DEV448,COGNI-2235,Improvement,To Do,High,status_changed
JR01113,2026-08-10 23:03:00,DEV159,COGNI-9306,Story,In Progress,Low,comment_added
JR01003,2026-08-10 23:11:00,DEV208,DATA-4812,Improvement,Code Review,High,comment_added
JR04899,2026-08-10 23:12:00,DEV290,DATA-1669,Story,Code Review,Low,status_changed
JR01552,2026-08-10 23:27:00,DEV490,DATA-5342,Bug,In Progress,High,issue_assigned
JR03762,2026-08-10 23:28:00,DEV012,DATA-5619,Improvement,Code Review,High,issue_created
JR02033,2026-08-10 23:38:00,DEV304,COGNI-7540,Story,In Progress,High,status_changed
JR03167,2026-08-10 23:46:00,DEV086,COGNI-9675,Bug,Done,Critical,issue_created
JR03501,2026-08-10 23:48:00,DEV192,DATA-3488,Bug,Done,Medium,status_changed
JR00403,2026-08-10 23:50:00,DEV082,DATA-2864,Improvement,To Do,Medium,status_changed
JR01921,2026-08-10 23:51:00,DEV109,DATA-5225,Task,Code Review,Medium,status_changed
JR00831,2026-08-11 00:04:00,DEV437,DEVOPS-3871,Story,Code Review,Critical,status_changed
JR00645,2026-08-11 00:07:00,DEV192,COGNI-277,Improvement,Testing,Low,issue_updated
JR03633,2026-08-11 00:09:00,DEV291,DATA-4084,Task,Code Review,Low,comment_added
JR04777,2026-08-11 00:11:00,DEV435,COGNI-1332,Story,Testing,Medium,issue_updated
JR01510,2026-08-11 00:12:00,DEV173,DATA-9888,Task,Testing,High,issue_assigned
JR01284,2026-08-11 00:19:00,DEV028,COGNI-6430,Improvement,Testing,Low,issue_created
JR04245,2026-08-11 00:24:00,DEV229,DATA-1700,Task,Testing,High,issue_assigned
JR03359,2026-08-11 00:33:00,DEV047,DEVOPS-678,Story,Testing,Low,status_changed
JR00008,2026-08-11 00:34:00,DEV151,COGNI-6891,Improvement,Testing,Medium,issue_updated
JR01421,2026-08-11 00:38:00,DEV028,COGNI-4985,Improvement,Testing,Critical,status_changed
JR03088,2026-08-11 00:47:00,DEV147,DEVOPS-6567,Story,Code Review,High,issue_created
JR02751,2026-08-11 00:49:00,DEV031,DEVOPS-4210,Task,In Progress,Critical,issue_updated
JR02271,2026-08-11 01:00:00,DEV261,COGNI-5121,Improvement,To Do,Low,issue_created
JR02918,2026-08-11 01:01:00,DEV425,DATA-9038,Bug,Testing,Critical,issue_created
JR03404,2026-08-11 01:10:00,DEV343,COGNI-4391,Improvement,To Do,Low,comment_added
JR03357,2026-08-11 01:13:00,DEV496,DATA-9372,Task,In Progress,High,issue_created
JR00861,2026-08-11 01:20:00,DEV462,COGNI-6881,Task,To Do,High,comment_added
JR01770,2026-08-11 01:27:00,DEV227,DEVOPS-2210,Improvement,Done,Medium,comment_added
JR04778,2026-08-11 01:28:00,DEV044,DATA-4202,Story,Done,Low,status_changed
JR01041,2026-08-11 01:32:00,DEV305,DATA-4771,Story,To Do,Low,status_changed
JR04561,2026-08-11 01:34:00,DEV380,DATA-9561,Improvement,Testing,Low,issue_assigned
JR04433,2026-08-11 01:47:00,DEV074,COGNI-7770,Improvement,Code Review,Critical,issue_updated
JR00366,2026-08-11 01:56:00,DEV336,DEVOPS-8634,Bug,Code Review,Low,status_changed
JR02514,2026-08-11 01:56:00,DEV038,COGNI-6848,Improvement,Testing,High,issue_updated
JR02141,2026-08-11 01:57:00,DEV450,COGNI-4237,Story,Code Review,Medium,issue_updated
JR04206,2026-08-11 01:58:00,DEV080,DEVOPS-6004,Bug,In Progress,Critical,status_changed
JR02878,2026-08-11 02:02:00,DEV222,DATA-193,Bug,Done,Medium,issue_assigned
JR04233,2026-08-11 02:02:00,DEV293,COGNI-606,Task,Testing,Critical,comment_added
JR04271,2026-08-11 02:07:00,DEV296,COGNI-5630,Story,Done,High,issue_assigned
JR01589,2026-08-11 02:17:00,DEV164,DEVOPS-5775,Improvement,Code Review,Medium,issue_created
JR01919,2026-08-11 02:18:00,DEV350,COGNI-8546,Improvement,Done,Medium,issue_created
JR00499,2026-08-11 02:21:00,DEV461,DEVOPS-1049,Story,To Do,Medium,comment_added
JR04705,2026-08-11 02:21:00,DEV185,DATA-6618,Story,Code Review,Medium,issue_updated
JR04656,2026-08-11 02:24:00,DEV272,COGNI-9870,Improvement,To Do,Medium,issue_updated
JR03282,2026-08-11 02:27:00,DEV294,DEVOPS-9384,Task,Code Review,Critical,issue_assigned
JR02284,2026-08-11 02:39:00,DEV303,DATA-9820,Task,Testing,High,status_changed
JR00348,2026-08-11 02:46:00,DEV329,COGNI-7529,Bug,In Progress,High,issue_updated
JR00421,2026-08-11 02:46:00,DEV498,DATA-8321,Story,To Do,High,issue_created
JR01345,2026-08-11 02:48:00,DEV383,DATA-6463,Bug,To Do,Critical,status_changed
JR00138,2026-08-11 02:52:00,DEV337,DATA-2637,Bug,Testing,Medium,issue_assigned
JR01953,2026-08-11 03:00:00,DEV350,COGNI-7944,Task,To Do,Low,issue_updated
JR02631,2026-08-11 03:02:00,DEV149,COGNI-7670,Story,Done,Critical,status_changed
JR03858,2026-08-11 03:09:00,DEV210,COGNI-6693,Bug,To Do,Medium,comment_added
JR02060,2026-08-11 03:14:00,DEV206,DATA-1960,Improvement,To Do,Low,issue_created
JR01165,2026-08-11 03:15:00,DEV347,DATA-5232,Improvement,Code Review,Critical,status_changed
JR04091,2026-08-11 03:22:00,DEV267,COGNI-4026,Story,To Do,High,issue_updated
JR02178,2026-08-11 03:27:00,DEV426,DATA-1674,Improvement,Done,High,issue_updated
JR04253,2026-08-11 03:29:00,DEV106,COGNI-5061,Bug,In Progress,Medium,issue_assigned
JR00813,2026-08-11 03:32:00,DEV241,DATA-4589,Task,Testing,Low,issue_assigned
JR00523,2026-08-11 03:35:00,DEV221,COGNI-2613,Story,Testing,Low,issue_updated
JR01701,2026-08-11 03:41:00,DEV158,DEVOPS-3641,Improvement,Code Review,Low,issue_assigned
JR00279,2026-08-11 03:43:00,DEV107,DATA-3816,Bug,Testing,Low,comment_added
JR03573,2026-08-11 03:48:00,DEV454,DEVOPS-6840,Task,To Do,Low,issue_assigned
JR04354,2026-08-11 03:48:00,DEV451,DEVOPS-2049,Improvement,Code Review,Critical,issue_created
JR04377,2026-08-11 03:51:00,DEV434,DATA-2829,Task,Testing,Critical,issue_updated
JR00383,2026-08-11 03:53:00,DEV021,DATA-5052,Improvement,To Do,Medium,comment_added
JR01881,2026-08-11 03:54:00,DEV301,DEVOPS-955,Story,To Do,Medium,issue_created
JR00200,2026-08-11 04:03:00,DEV104,DATA-5378,Improvement,Done,Low,issue_assigned
JR04980,2026-08-11 04:05:00,DEV345,DEVOPS-637,Task,To Do,Medium,comment_added
JR00995,2026-08-11 04:09:00,DEV109,DATA-6800,Bug,To Do,Low,issue_created
JR01009,2026-08-11 04:12:00,DEV113,DATA-5583,Improvement,Testing,Critical,status_changed
JR01058,2026-08-11 04:12:00,DEV170,DEVOPS-5666,Story,In Progress,High,issue_updated
JR01550,2026-08-11 04:12:00,DEV426,DATA-4911,Story,Code Review,Medium,status_changed
JR01243,2026-08-11 04:13:00,DEV448,COGNI-5700,Task,To Do,Medium,issue_created
JR04169,2026-08-11 04:14:00,DEV172,DEVOPS-4800,Story,Done,High,status_changed
JR01028,2026-08-11 04:15:00,DEV267,DATA-3005,Task,Testing,High,issue_created
JR02105,2026-08-11 04:16:00,DEV482,DATA-8059,Story,Done,Critical,issue_created
JR03812,2026-08-11 04:27:00,DEV084,COGNI-9917,Story,Done,High,comment_added
JR04546,2026-08-11 04:33:00,DEV134,COGNI-3822,Task,To Do,High,issue_created
JR00664,2026-08-11 04:36:00,DEV399,DATA-6974,Improvement,Testing,Medium,issue_updated
JR03502,2026-08-11 04:52:00,DEV446,COGNI-4330,Story,Testing,High,status_changed
JR00768,2026-08-11 04:54:00,DEV275,DEVOPS-7302,Improvement,In Progress,Low,issue_created
JR00444,2026-08-11 04:56:00,DEV020,DATA-5622,Task,To Do,Medium,issue_created
JR02850,2026-08-11 04:57:00,DEV445,COGNI-4719,Improvement,Done,Low,status_changed
JR04107,2026-08-11 05:00:00,DEV185,DATA-301,Task,To Do,High,comment_added
JR04588,2026-08-11 05:11:00,DEV458,DATA-9818,Task,Testing,High,status_changed
JR00303,2026-08-11 05:14:00,DEV169,DEVOPS-2818,Bug,Done,High,comment_added
JR03025,2026-08-11 05:14:00,DEV121,DEVOPS-5650,Improvement,To Do,Low,comment_added
JR00910,2026-08-11 05:18:00,DEV052,DEVOPS-7617,Story,To Do,Medium,issue_assigned
JR01538,2026-08-11 05:21:00,DEV266,COGNI-816,Bug,To Do,Medium,issue_updated
JR01248,2026-08-11 05:32:00,DEV187,COGNI-7085,Bug,Code Review,High,issue_assigned
JR03852,2026-08-11 05:33:00,DEV216,DATA-1496,Bug,Done,High,issue_created
JR01428,2026-08-11 05:35:00,DEV313,DATA-6123,Task,Done,Low,comment_added
JR01092,2026-08-11 05:50:00,DEV246,COGNI-7416,Bug,Testing,Low,status_changed
JR02175,2026-08-11 05:52:00,DEV497,COGNI-2125,Bug,To Do,Low,comment_added
JR01905,2026-08-11 05:55:00,DEV231,DATA-2279,Story,In Progress,Low,issue_assigned
JR02860,2026-08-11 06:08:00,DEV359,COGNI-1221,Improvement,In Progress,High,status_changed
JR03059,2026-08-11 06:12:00,DEV179,DEVOPS-6111,Story,To Do,High,issue_assigned
JR01849,2026-08-11 06:14:00,DEV420,DATA-8700,Task,Testing,High,issue_assigned
JR04541,2026-08-11 06:14:00,DEV147,DEVOPS-9505,Task,Code Review,Critical,comment_added
JR03800,2026-08-11 06:21:00,DEV217,DEVOPS-3972,Improvement,Code Review,High,comment_added
JR03666,2026-08-11 06:23:00,DEV362,DEVOPS-2646,Story,To Do,Critical,issue_updated
JR00998,2026-08-11 06:25:00,DEV318,DEVOPS-9746,Story,Done,Low,issue_updated
JR01300,2026-08-11 06:28:00,DEV283,DEVOPS-3863,Story,To Do,Medium,issue_created
JR01461,2026-08-11 06:32:00,DEV350,COGNI-7612,Story,To Do,Critical,status_changed
JR03520,2026-08-11 06:47:00,DEV038,COGNI-8903,Task,To Do,Low,issue_updated
JR00135,2026-08-11 06:50:00,DEV124,DATA-3524,Story,Code Review,Low,issue_created
JR04179,2026-08-11 06:53:00,DEV215,COGNI-7968,Improvement,To Do,High,status_changed
JR03875,2026-08-11 07:05:00,DEV242,DEVOPS-9273,Story,Done,Critical,issue_updated
JR01408,2026-08-11 07:09:00,DEV252,COGNI-5896,Story,In Progress,Medium,issue_assigned
JR03671,2026-08-11 07:09:00,DEV464,DATA-6806,Bug,Testing,Critical,issue_updated
JR04397,2026-08-11 07:30:00,DEV038,DATA-5379,Improvement,Done,Medium,status_changed
JR00776,2026-08-11 07:35:00,DEV235,DEVOPS-1867,Task,To Do,High,issue_created
JR01492,2026-08-11 07:36:00,DEV343,COGNI-3169,Story,To Do,Critical,issue_assigned
JR02376,2026-08-11 07:36:00,DEV363,COGNI-7032,Improvement,In Progress,High,status_changed
JR03703,2026-08-11 07:39:00,DEV174,COGNI-1158,Improvement,In Progress,Critical,issue_created
JR04519,2026-08-11 07:39:00,DEV080,DEVOPS-1623,Story,To Do,High,comment_added
JR01418,2026-08-11 07:40:00,DEV435,DEVOPS-127,Task,Done,Medium,issue_updated
JR01568,2026-08-11 07:45:00,DEV070,COGNI-9643,Improvement,To Do,Critical,status_changed
JR02307,2026-08-11 07:47:00,DEV054,DATA-3372,Bug,In Progress,Critical,comment_added
JR04567,2026-08-11 07:48:00,DEV459,DATA-690,Bug,Testing,Low,status_changed
JR02540,2026-08-11 07:57:00,DEV068,COGNI-806,Bug,Code Review,Critical,issue_updated
JR04608,2026-08-11 07:57:00,DEV090,DEVOPS-6791,Task,In Progress,Low,issue_updated
JR01302,2026-08-11 08:05:00,DEV088,DEVOPS-9558,Task,To Do,Medium,issue_assigned
JR04756,2026-08-11 08:07:00,DEV129,DATA-3322,Task,Code Review,Low,status_changed
JR01252,2026-08-11 08:08:00,DEV227,COGNI-9165,Bug,To Do,Critical,issue_updated
JR03315,2026-08-11 08:08:00,DEV314,COGNI-504,Task,Code Review,High,issue_assigned
JR02664,2026-08-11 08:12:00,DEV118,DEVOPS-8460,Task,In Progress,Low,issue_assigned
JR01305,2026-08-11 08:13:00,DEV356,COGNI-2831,Improvement,Done,Low,status_changed
JR00154,2026-08-11 08:18:00,DEV076,COGNI-3975,Task,Code Review,High,issue_updated
JR01703,2026-08-11 08:24:00,DEV163,DEVOPS-3028,Bug,In Progress,Critical,issue_updated
JR01280,2026-08-11 08:40:00,DEV032,DATA-5161,Task,In Progress,Low,issue_created
JR01803,2026-08-11 08:47:00,DEV346,DATA-386,Story,To Do,Critical,comment_added
JR03887,2026-08-11 08:51:00,DEV499,COGNI-6274,Bug,In Progress,Low,status_changed
JR02935,2026-08-11 08:54:00,DEV377,COGNI-4134,Improvement,Code Review,Critical,comment_added
JR00746,2026-08-11 09:01:00,DEV500,DEVOPS-4512,Improvement,Code Review,Medium,issue_updated
JR00486,2026-08-11 09:04:00,DEV170,COGNI-7101,Story,To Do,Critical,issue_updated
JR03916,2026-08-11 09:10:00,DEV251,DATA-5816,Improvement,Testing,Critical,comment_added
JR01695,2026-08-11 09:15:00,DEV108,DEVOPS-1913,Task,Done,High,status_changed
JR02367,2026-08-11 09:22:00,DEV248,COGNI-981,Task,Code Review,High,issue_assigned
JR00539,2026-08-11 09:27:00,DEV149,DATA-3480,Task,Done,Medium,issue_created
JR01362,2026-08-11 09:30:00,DEV329,DATA-707,Bug,Done,Medium,issue_assigned
JR00493,2026-08-11 09:41:00,DEV239,DEVOPS-7970,Bug,Testing,Low,comment_added
JR04453,2026-08-11 09:42:00,DEV366,DEVOPS-3635,Bug,To Do,Medium,status_changed
JR02914,2026-08-11 09:44:00,DEV015,COGNI-2207,Story,Code Review,High,issue_updated
JR01214,2026-08-11 09:48:00,DEV333,COGNI-2800,Bug,Done,Critical,status_changed
JR02803,2026-08-11 09:55:00,DEV092,DEVOPS-3272,Story,In Progress,High,issue_assigned
JR01793,2026-08-11 09:58:00,DEV037,DATA-1061,Story,Code Review,Low,status_changed
JR02755,2026-08-11 10:10:00,DEV373,COGNI-8966,Task,Code Review,Medium,issue_assigned
JR03133,2026-08-11 10:10:00,DEV255,COGNI-2811,Improvement,To Do,High,issue_created
JR01747,2026-08-11 10:11:00,DEV370,DATA-9413,Improvement,Code Review,Medium,comment_added
JR02628,2026-08-11 10:11:00,DEV098,COGNI-4757,Story,In Progress,High,issue_updated
JR02452,2026-08-11 10:15:00,DEV017,COGNI-6895,Bug,In Progress,Low,issue_updated
JR04097,2026-08-11 10:16:00,DEV139,DEVOPS-3292,Task,Testing,Low,comment_added
JR00132,2026-08-11 10:18:00,DEV119,DEVOPS-6524,Improvement,Done,High,issue_created
JR00544,2026-08-11 10:23:00,DEV417,COGNI-2707,Bug,Code Review,High,comment_added
JR02947,2026-08-11 10:23:00,DEV149,DEVOPS-3969,Story,Testing,Critical,status_changed
JR03756,2026-08-11 10:24:00,DEV014,COGNI-6572,Bug,Code Review,Critical,issue_assigned
JR00061,2026-08-11 10:28:00,DEV386,COGNI-4750,Improvement,Code Review,Medium,status_changed
JR04511,2026-08-11 10:29:00,DEV484,COGNI-2589,Improvement,Code Review,High,issue_created
JR04338,2026-08-11 10:30:00,DEV346,COGNI-9441,Bug,Done,Low,issue_assigned
JR00964,2026-08-11 10:32:00,DEV116,COGNI-8918,Improvement,In Progress,Critical,issue_assigned
JR00915,2026-08-11 10:41:00,DEV473,DATA-2966,Story,To Do,Low,issue_assigned
JR03323,2026-08-11 10:50:00,DEV122,COGNI-7553,Improvement,Testing,Low,comment_added
JR01071,2026-08-11 10:59:00,DEV358,COGNI-9742,Story,Testing,High,comment_added
JR01769,2026-08-11 11:10:00,DEV401,COGNI-3463,Improvement,Testing,High,issue_created
JR01455,2026-08-11 11:14:00,DEV223,COGNI-6831,Task,To Do,Low,comment_added
JR01913,2026-08-11 11:18:00,DEV437,DEVOPS-8693,Story,Code Review,Medium,issue_assigned
JR04074,2026-08-11 11:19:00,DEV347,DATA-4695,Improvement,Done,High,status_changed
JR03591,2026-08-11 11:33:00,DEV353,DEVOPS-2513,Improvement,Testing,High,status_changed
JR03430,2026-08-11 11:36:00,DEV216,COGNI-1105,Improvement,In Progress,High,comment_added
JR04192,2026-08-11 11:36:00,DEV465,DATA-4906,Improvement,Code Review,Medium,issue_updated
JR02229,2026-08-11 11:41:00,DEV060,COGNI-4800,Improvement,To Do,High,issue_updated
JR02242,2026-08-11 11:45:00,DEV080,DEVOPS-4262,Improvement,In Progress,Critical,issue_assigned
JR04044,2026-08-11 11:51:00,DEV440,DATA-4084,Task,Code Review,Low,issue_created
JR03402,2026-08-11 11:52:00,DEV265,DATA-7027,Task,Done,High,status_changed
JR00535,2026-08-11 12:05:00,DEV182,COGNI-3438,Task,In Progress,High,issue_assigned
JR01203,2026-08-11 12:08:00,DEV325,COGNI-408,Improvement,In Progress,Low,comment_added
JR04432,2026-08-11 12:14:00,DEV187,DEVOPS-1816,Bug,To Do,Medium,comment_added
JR03319,2026-08-11 12:20:00,DEV476,COGNI-5002,Improvement,Done,Low,issue_created
JR04906,2026-08-11 12:22:00,DEV096,COGNI-572,Improvement,Done,Critical,status_changed
JR01647,2026-08-11 12:24:00,DEV239,DATA-489,Bug,Code Review,High,comment_added
JR02296,2026-08-11 12:25:00,DEV421,COGNI-2598,Task,Testing,Low,comment_added
JR00314,2026-08-11 12:26:00,DEV248,DATA-4393,Improvement,To Do,Low,comment_added
JR01838,2026-08-11 12:28:00,DEV339,DATA-301,Improvement,Code Review,Medium,issue_created
JR02377,2026-08-11 12:29:00,DEV153,COGNI-1104,Story,Done,Critical,issue_updated
JR01311,2026-08-11 12:30:00,DEV406,DATA-3602,Bug,In Progress,Critical,issue_updated
JR02350,2026-08-11 12:35:00,DEV043,COGNI-3940,Task,Code Review,Medium,issue_assigned
JR01220,2026-08-11 12:42:00,DEV066,COGNI-442,Bug,In Progress,Low,comment_added
JR02029,2026-08-11 12:54:00,DEV007,DATA-6115,Bug,In Progress,High,issue_updated
JR01821,2026-08-11 12:56:00,DEV131,COGNI-9634,Improvement,Done,High,issue_created
JR04960,2026-08-11 12:56:00,DEV047,DEVOPS-7733,Improvement,In Progress,Low,issue_updated
JR00450,2026-08-11 12:57:00,DEV247,DATA-4413,Bug,Code Review,High,status_changed
JR02293,2026-08-11 12:57:00,DEV064,DEVOPS-7749,Story,In Progress,Medium,status_changed
JR00016,2026-08-11 13:00:00,DEV439,DATA-4644,Improvement,Testing,Critical,status_changed
JR01050,2026-08-11 13:01:00,DEV435,COGNI-1330,Story,Done,High,comment_added
JR00411,2026-08-11 13:02:00,DEV227,DEVOPS-7733,Story,Testing,Medium,issue_created
JR04005,2026-08-11 13:09:00,DEV023,COGNI-9366,Bug,To Do,Critical,issue_assigned
JR00766,2026-08-11 13:12:00,DEV431,DEVOPS-9645,Improvement,Code Review,High,status_changed
JR04289,2026-08-11 13:13:00,DEV255,DATA-1806,Story,Done,High,issue_assigned
JR01338,2026-08-11 13:15:00,DEV117,DEVOPS-3967,Bug,In Progress,High,issue_updated
JR03606,2026-08-11 13:21:00,DEV294,COGNI-284,Task,To Do,High,issue_assigned
JR02605,2026-08-11 13:25:00,DEV208,COGNI-6675,Improvement,In Progress,Critical,issue_created
JR00475,2026-08-11 13:29:00,DEV170,DEVOPS-5618,Task,In Progress,High,issue_created
JR00856,2026-08-11 13:29:00,DEV089,COGNI-2281,Story,Done,Critical,status_changed
JR00221,2026-08-11 13:51:00,DEV332,DATA-8789,Improvement,Code Review,Medium,status_changed
JR04799,2026-08-11 13:57:00,DEV374,DATA-3003,Story,Code Review,Medium,issue_updated
JR00081,2026-08-11 13:58:00,DEV126,DATA-4272,Story,In Progress,Low,comment_added
JR00339,2026-08-11 13:58:00,DEV250,DEVOPS-5411,Story,To Do,High,status_changed
JR00273,2026-08-11 14:06:00,DEV153,DEVOPS-7855,Improvement,To Do,Critical,comment_added
JR04871,2026-08-11 14:12:00,DEV475,DEVOPS-5324,Bug,Done,Medium,comment_added
JR03291,2026-08-11 14:14:00,DEV107,COGNI-5016,Improvement,Testing,Low,issue_created
JR01917,2026-08-11 14:24:00,DEV041,COGNI-2330,Task,Done,Medium,issue_assigned
JR01153,2026-08-11 14:27:00,DEV043,DATA-4302,Improvement,To Do,Critical,issue_created
JR02356,2026-08-11 14:27:00,DEV105,DEVOPS-7367,Task,To Do,Critical,issue_updated
JR02866,2026-08-11 14:31:00,DEV178,DATA-6221,Story,Done,Low,issue_created
JR01950,2026-08-11 14:34:00,DEV038,DATA-1029,Task,Testing,Critical,issue_assigned
JR04911,2026-08-11 14:42:00,DEV063,DEVOPS-3587,Improvement,Done,High,issue_updated
JR03996,2026-08-11 14:43:00,DEV425,COGNI-1876,Bug,Code Review,Medium,issue_created
JR03124,2026-08-11 14:49:00,DEV058,DEVOPS-5559,Task,Done,Medium,issue_assigned
JR04133,2026-08-11 14:51:00,DEV138,DEVOPS-2211,Task,Testing,Medium,issue_created
JR04932,2026-08-11 14:51:00,DEV426,COGNI-880,Bug,In Progress,High,issue_created
JR02607,2026-08-11 14:54:00,DEV382,DATA-2199,Bug,Testing,Medium,comment_added
JR03817,2026-08-11 14:55:00,DEV300,DATA-262,Bug,Done,Low,status_changed
JR03049,2026-08-11 14:58:00,DEV453,COGNI-5069,Story,Testing,High,issue_created
JR04634,2026-08-11 15:03:00,DEV055,COGNI-5680,Improvement,Testing,High,issue_created
JR00679,2026-08-11 15:04:00,DEV053,COGNI-3294,Story,To Do,Low,issue_updated
JR04460,2026-08-11 15:04:00,DEV203,DEVOPS-8666,Bug,In Progress,Critical,status_changed
JR04050,2026-08-11 15:11:00,DEV020,DATA-2556,Task,Code Review,High,issue_assigned
JR02259,2026-08-11 15:21:00,DEV474,DEVOPS-731,Bug,Testing,High,issue_updated
JR00116,2026-08-11 15:22:00,DEV075,DEVOPS-1332,Story,Testing,Critical,issue_updated
JR04790,2026-08-11 15:33:00,DEV445,COGNI-8538,Bug,Done,Medium,status_changed
JR00419,2026-08-11 15:34:00,DEV064,COGNI-5195,Story,Testing,Medium,issue_updated
JR00818,2026-08-11 15:40:00,DEV318,COGNI-7965,Bug,To Do,Critical,comment_added
JR02306,2026-08-11 15:40:00,DEV128,COGNI-5170,Task,To Do,Critical,issue_assigned
JR04279,2026-08-11 15:55:00,DEV159,COGNI-4438,Task,Done,Low,issue_updated
JR00219,2026-08-11 15:58:00,DEV292,DEVOPS-3564,Task,In Progress,Critical,issue_assigned
JR03662,2026-08-11 15:58:00,DEV409,DEVOPS-6035,Bug,In Progress,High,comment_added
JR03828,2026-08-11 16:03:00,DEV427,COGNI-2513,Story,To Do,High,status_changed
JR00543,2026-08-11 16:07:00,DEV193,DATA-5470,Bug,Code Review,High,status_changed
JR04479,2026-08-11 16:12:00,DEV176,COGNI-6298,Story,To Do,Low,issue_created
JR02684,2026-08-11 16:13:00,DEV267,DEVOPS-1949,Task,To Do,Critical,issue_updated
JR02608,2026-08-11 16:14:00,DEV342,DATA-5355,Task,Code Review,Low,issue_created
JR04276,2026-08-11 16:16:00,DEV370,DEVOPS-1555,Task,Testing,High,issue_created
JR01594,2026-08-11 16:34:00,DEV288,COGNI-4304,Bug,Testing,High,comment_added
JR01943,2026-08-11 16:38:00,DEV256,DATA-5473,Story,Code Review,Medium,status_changed
JR01945,2026-08-11 16:44:00,DEV310,DATA-3389,Story,Code Review,High,issue_updated
JR01406,2026-08-11 16:58:00,DEV110,COGNI-7789,Improvement,Done,Low,status_changed
JR03794,2026-08-11 16:59:00,DEV413,DEVOPS-3465,Improvement,To Do,Low,status_changed
JR03885,2026-08-11 17:00:00,DEV132,COGNI-9728,Task,In Progress,High,comment_added
JR01759,2026-08-11 17:01:00,DEV082,COGNI-4603,Task,To Do,Low,issue_updated
JR00321,2026-08-11 17:04:00,DEV401,DEVOPS-5193,Improvement,Code Review,Medium,status_changed
JR01121,2026-08-11 17:11:00,DEV434,DEVOPS-647,Improvement,Done,Medium,issue_created
JR04712,2026-08-11 17:28:00,DEV315,DATA-7580,Story,Testing,Medium,issue_created
JR00661,2026-08-11 17:32:00,DEV274,DEVOPS-2071,Improvement,Testing,High,status_changed
JR02799,2026-08-11 17:34:00,DEV358,DEVOPS-7662,Bug,To Do,Critical,issue_updated
JR00009,2026-08-11 17:44:00,DEV284,COGNI-9277,Improvement,To Do,Low,issue_updated
JR00833,2026-08-11 17:48:00,DEV371,DATA-7414,Bug,Code Review,High,status_changed
JR04762,2026-08-11 17:50:00,DEV187,DEVOPS-8205,Improvement,In Progress,High,issue_created
JR03984,2026-08-11 17:58:00,DEV045,DEVOPS-5509,Task,Testing,High,issue_created
JR03401,2026-08-11 18:00:00,DEV468,COGNI-1588,Bug,To Do,High,comment_added
JR02869,2026-08-11 18:03:00,DEV039,COGNI-5411,Bug,To Do,Medium,status_changed
JR01774,2026-08-11 18:06:00,DEV301,DEVOPS-4731,Story,Code Review,Critical,issue_assigned
JR01443,2026-08-11 18:10:00,DEV277,DATA-8721,Bug,Done,High,status_changed
JR03534,2026-08-11 18:14:00,DEV355,COGNI-6255,Story,Testing,Low,issue_created
JR04088,2026-08-11 18:16:00,DEV371,COGNI-1276,Improvement,Code Review,High,issue_updated
JR01614,2026-08-11 18:19:00,DEV061,DEVOPS-6666,Improvement,In Progress,Medium,status_changed
JR01949,2026-08-11 18:20:00,DEV040,DATA-4219,Improvement,Testing,High,comment_added
JR00809,2026-08-11 18:25:00,DEV220,DATA-3750,Task,Code Review,High,issue_created
JR01837,2026-08-11 18:35:00,DEV119,DEVOPS-8265,Bug,Done,Low,status_changed
JR03907,2026-08-11 18:36:00,DEV496,COGNI-8748,Task,Code Review,Low,issue_created
JR04738,2026-08-11 18:37:00,DEV325,DEVOPS-2465,Story,To Do,Medium,issue_updated
JR04949,2026-08-11 18:54:00,DEV375,DATA-4173,Task,To Do,Critical,issue_assigned
JR02487,2026-08-11 18:59:00,DEV072,DATA-2513,Story,Testing,Low,comment_added
JR01876,2026-08-11 19:03:00,DEV087,DATA-1052,Improvement,In Progress,Low,issue_created
JR04885,2026-08-11 19:05:00,DEV031,COGNI-8205,Improvement,In Progress,High,status_changed
JR00473,2026-08-11 19:10:00,DEV318,DATA-6910,Task,Code Review,Medium,issue_assigned
JR03042,2026-08-11 19:10:00,DEV355,DATA-9688,Task,Testing,Critical,issue_assigned
JR00720,2026-08-11 19:13:00,DEV126,COGNI-1696,Task,Done,Critical,issue_created
JR04207,2026-08-11 19:18:00,DEV062,DEVOPS-6759,Improvement,Testing,Critical,comment_added
JR04115,2026-08-11 19:34:00,DEV231,DEVOPS-8126,Improvement,In Progress,Critical,status_changed
JR03409,2026-08-11 19:38:00,DEV431,DATA-285,Task,To Do,Low,issue_created
JR00495,2026-08-11 19:53:00,DEV343,COGNI-9946,Bug,To Do,High,issue_updated
JR04019,2026-08-11 20:01:00,DEV252,COGNI-5907,Improvement,Done,Low,issue_created
JR04048,2026-08-11 20:06:00,DEV118,DEVOPS-6635,Story,Done,Medium,issue_updated
JR02731,2026-08-11 20:17:00,DEV023,COGNI-4627,Story,Code Review,Low,comment_added
JR03638,2026-08-11 20:17:00,DEV433,DATA-7776,Bug,Testing,Medium,comment_added
JR00702,2026-08-11 20:21:00,DEV319,DATA-666,Story,Testing,High,comment_added
JR01371,2026-08-11 20:24:00,DEV457,DEVOPS-7925,Bug,Code Review,Medium,comment_added
JR04267,2026-08-11 20:30:00,DEV470,DEVOPS-7567,Bug,Testing,Medium,issue_updated
JR02758,2026-08-11 20:32:00,DEV266,DEVOPS-6782,Task,Done,High,issue_updated
JR00297,2026-08-11 20:36:00,DEV352,DATA-9822,Story,Done,Medium,issue_created
JR02616,2026-08-11 20:47:00,DEV226,COGNI-3211,Improvement,In Progress,Low,issue_created
JR01353,2026-08-11 20:48:00,DEV116,COGNI-4591,Story,Code Review,Medium,comment_added
JR03263,2026-08-11 20:52:00,DEV241,COGNI-8698,Bug,Done,High,issue_created
JR04793,2026-08-11 20:55:00,DEV185,DEVOPS-4602,Task,Done,Medium,comment_added
JR00975,2026-08-11 20:59:00,DEV164,COGNI-3121,Improvement,Testing,Critical,comment_added
JR03882,2026-08-11 21:12:00,DEV377,DEVOPS-211,Improvement,Code Review,High,issue_updated
JR04843,2026-08-11 21:12:00,DEV065,COGNI-7591,Improvement,To Do,Critical,issue_assigned
JR03362,2026-08-11 21:13:00,DEV020,COGNI-941,Bug,In Progress,Critical,issue_assigned
JR04665,2026-08-11 21:13:00,DEV228,DEVOPS-7939,Story,In Progress,Low,comment_added
JR00739,2026-08-11 21:14:00,DEV003,DEVOPS-5242,Improvement,To Do,Low,comment_added
JR01035,2026-08-11 21:21:00,DEV238,DATA-3628,Improvement,To Do,Low,status_changed
JR01439,2026-08-11 21:21:00,DEV243,COGNI-2472,Bug,To Do,High,status_changed
JR02780,2026-08-11 21:28:00,DEV096,COGNI-8499,Bug,To Do,Medium,issue_created
JR00921,2026-08-11 21:35:00,DEV431,COGNI-8755,Story,Testing,Low,comment_added
JR04566,2026-08-11 21:39:00,DEV171,DATA-713,Improvement,In Progress,Medium,issue_created
JR03101,2026-08-11 21:42:00,DEV492,COGNI-1591,Task,Code Review,Low,issue_assigned
JR03661,2026-08-11 21:49:00,DEV021,COGNI-5336,Bug,To Do,Critical,status_changed
JR01625,2026-08-11 22:01:00,DEV319,COGNI-707,Bug,Code Review,Low,issue_created
JR03377,2026-08-11 22:03:00,DEV360,DATA-1531,Story,To Do,Low,status_changed
JR02678,2026-08-11 22:04:00,DEV130,DEVOPS-2499,Story,In Progress,Medium,status_changed
JR02254,2026-08-11 22:07:00,DEV290,DEVOPS-6833,Task,Done,High,status_changed
JR00885,2026-08-11 22:16:00,DEV124,DATA-7391,Bug,In Progress,Medium,issue_assigned
JR00278,2026-08-11 22:25:00,DEV046,COGNI-5766,Task,Testing,Medium,status_changed
JR00946,2026-08-11 22:25:00,DEV255,DEVOPS-6716,Task,To Do,Low,issue_assigned
JR02450,2026-08-11 22:26:00,DEV283,COGNI-156,Bug,Testing,High,issue_assigned
JR00866,2026-08-11 22:29:00,DEV436,DATA-3749,Improvement,Code Review,Critical,comment_added
JR03155,2026-08-11 22:29:00,DEV298,DEVOPS-3801,Improvement,Testing,High,issue_created
JR01750,2026-08-11 22:31:00,DEV398,DATA-1840,Task,Testing,Critical,comment_added
JR01981,2026-08-11 22:33:00,DEV406,DEVOPS-6274,Bug,Testing,Critical,issue_updated
JR04270,2026-08-11 22:39:00,DEV362,DATA-1671,Improvement,Code Review,Medium,status_changed
JR01874,2026-08-11 22:41:00,DEV203,COGNI-2704,Bug,Code Review,Low,status_changed
JR00355,2026-08-11 22:42:00,DEV025,DEVOPS-7349,Task,Testing,High,comment_added
JR03285,2026-08-11 22:49:00,DEV084,DEVOPS-898,Story,Code Review,Medium,issue_assigned
JR01235,2026-08-11 23:00:00,DEV176,DEVOPS-8922,Story,Done,Medium,issue_assigned
JR00620,2026-08-11 23:03:00,DEV478,DATA-2348,Task,Testing,High,issue_created
JR02423,2026-08-11 23:11:00,DEV302,DATA-7132,Improvement,Done,Medium,issue_created
JR04434,2026-08-11 23:11:00,DEV448,DEVOPS-5646,Task,Code Review,Critical,comment_added
JR02783,2026-08-11 23:14:00,DEV303,DEVOPS-2455,Bug,In Progress,Low,status_changed
JR01553,2026-08-11 23:21:00,DEV118,DEVOPS-8911,Story,In Progress,Medium,status_changed
JR00031,2026-08-11 23:22:00,DEV490,COGNI-1424,Improvement,Code Review,Medium,issue_updated
JR03908,2026-08-11 23:22:00,DEV167,DATA-8054,Improvement,Code Review,Low,comment_added
JR02683,2026-08-11 23:24:00,DEV482,COGNI-6427,Bug,Testing,Critical,status_changed
JR02320,2026-08-11 23:26:00,DEV435,DEVOPS-5734,Bug,Code Review,High,comment_added
JR02528,2026-08-11 23:29:00,DEV195,DEVOPS-5222,Task,Testing,High,issue_updated
JR03641,2026-08-11 23:31:00,DEV481,COGNI-8035,Story,Done,Critical,issue_created
JR01656,2026-08-11 23:37:00,DEV368,DATA-6940,Task,Testing,Low,comment_added
JR04983,2026-08-11 23:40:00,DEV273,DATA-7217,Story,Done,Medium,issue_assigned
JR04683,2026-08-11 23:45:00,DEV380,DEVOPS-7234,Task,To Do,Medium,issue_created
JR04590,2026-08-11 23:55:00,DEV422,DEVOPS-9009,Bug,To Do,High,issue_created
JR02753,2026-08-11 23:56:00,DEV255,COGNI-4999,Story,Done,High,issue_updated
JR02634,2026-08-11 23:59:00,DEV173,COGNI-8692,Bug,To Do,Low,status_changed
JR03646,2026-08-12 00:00:00,DEV242,DEVOPS-6476,Story,Done,Critical,status_changed
JR02338,2026-08-12 00:02:00,DEV380,DEVOPS-3947,Bug,To Do,Low,comment_added
JR03727,2026-08-12 00:05:00,DEV222,COGNI-5030,Story,To Do,High,issue_created
JR03510,2026-08-12 00:13:00,DEV422,DATA-7348,Bug,To Do,Critical,issue_created
JR01086,2026-08-12 00:24:00,DEV481,DATA-3723,Bug,In Progress,High,status_changed
JR04032,2026-08-12 00:33:00,DEV298,DATA-618,Story,In Progress,Medium,issue_created
JR01906,2026-08-12 00:34:00,DEV259,COGNI-5738,Bug,Done,High,issue_assigned
JR00706,2026-08-12 00:39:00,DEV292,COGNI-7711,Improvement,Done,Medium,comment_added
JR01149,2026-08-12 00:40:00,DEV058,COGNI-6438,Task,In Progress,Medium,comment_added
JR03896,2026-08-12 00:43:00,DEV232,DATA-2716,Task,Code Review,Low,issue_updated
JR02402,2026-08-12 00:49:00,DEV475,DEVOPS-8032,Story,To Do,Critical,status_changed
JR01036,2026-08-12 00:51:00,DEV398,COGNI-1284,Improvement,Code Review,High,comment_added
JR03763,2026-08-12 00:51:00,DEV046,DATA-1334,Improvement,Testing,Medium,issue_updated
JR02337,2026-08-12 00:54:00,DEV033,COGNI-4109,Bug,In Progress,Medium,issue_created
JR00576,2026-08-12 00:55:00,DEV386,DEVOPS-3565,Task,Code Review,Medium,issue_assigned
JR00652,2026-08-12 00:55:00,DEV389,COGNI-7545,Improvement,Testing,Critical,issue_updated
JR00490,2026-08-12 00:57:00,DEV179,DEVOPS-9000,Improvement,Done,High,issue_assigned
JR01026,2026-08-12 00:59:00,DEV324,DATA-5237,Bug,In Progress,Medium,issue_created
JR03929,2026-08-12 00:59:00,DEV339,DEVOPS-2238,Improvement,Code Review,High,issue_assigned
JR02932,2026-08-12 01:01:00,DEV115,COGNI-6604,Task,To Do,Critical,status_changed
JR00365,2026-08-12 01:10:00,DEV108,COGNI-2881,Improvement,In Progress,High,issue_assigned
JR03256,2026-08-12 01:19:00,DEV265,COGNI-8672,Task,To Do,Medium,issue_created
JR01407,2026-08-12 01:21:00,DEV291,DEVOPS-4558,Improvement,In Progress,Critical,status_changed
JR04466,2026-08-12 01:24:00,DEV093,COGNI-7986,Improvement,Testing,Critical,comment_added
JR02268,2026-08-12 01:27:00,DEV007,DATA-4842,Improvement,Testing,Critical,status_changed
JR03032,2026-08-12 01:28:00,DEV176,DEVOPS-3703,Bug,In Progress,Critical,comment_added
JR01441,2026-08-12 01:29:00,DEV441,COGNI-5924,Improvement,Testing,High,issue_updated
JR04462,2026-08-12 01:39:00,DEV298,DATA-3234,Improvement,To Do,Low,status_changed
JR03451,2026-08-12 01:47:00,DEV182,DEVOPS-327,Bug,In Progress,Low,status_changed
JR01519,2026-08-12 01:48:00,DEV453,COGNI-3202,Task,Code Review,Medium,issue_updated
JR00933,2026-08-12 01:51:00,DEV014,DATA-283,Story,Done,High,issue_assigned
JR00903,2026-08-12 01:53:00,DEV023,COGNI-5215,Bug,To Do,Medium,issue_created
JR02385,2026-08-12 01:58:00,DEV226,DATA-1465,Story,To Do,High,comment_added
JR02352,2026-08-12 02:12:00,DEV421,DEVOPS-9385,Bug,To Do,High,comment_added
JR01329,2026-08-12 02:15:00,DEV166,COGNI-487,Improvement,Testing,Low,status_changed
JR04461,2026-08-12 02:23:00,DEV359,DEVOPS-7464,Story,Done,Medium,issue_assigned
JR02644,2026-08-12 02:28:00,DEV008,DEVOPS-4032,Bug,Testing,Low,issue_updated
JR04210,2026-08-12 02:36:00,DEV192,COGNI-9689,Bug,To Do,Low,issue_updated
JR04071,2026-08-12 02:38:00,DEV348,COGNI-9943,Story,Done,Critical,issue_updated
JR00717,2026-08-12 02:48:00,DEV456,DATA-118,Bug,Testing,Critical,issue_created
JR03472,2026-08-12 02:58:00,DEV304,DATA-850,Story,Code Review,Critical,issue_updated
JR03640,2026-08-12 03:13:00,DEV280,DATA-9430,Task,Code Review,Low,comment_added
JR00357,2026-08-12 03:25:00,DEV030,DEVOPS-7928,Bug,In Progress,Critical,comment_added
JR01671,2026-08-12 03:25:00,DEV028,COGNI-1622,Improvement,Code Review,Medium,issue_assigned
JR02818,2026-08-12 03:30:00,DEV499,DEVOPS-1119,Story,To Do,Low,issue_updated
JR04264,2026-08-12 03:32:00,DEV211,DATA-5849,Improvement,In Progress,Medium,issue_assigned
JR02737,2026-08-12 03:46:00,DEV017,DATA-9596,Story,Done,Medium,status_changed
JR04814,2026-08-12 03:47:00,DEV138,DATA-1475,Bug,To Do,Medium,issue_updated
JR03190,2026-08-12 03:48:00,DEV195,DATA-9335,Task,In Progress,High,issue_updated
JR01212,2026-08-12 03:49:00,DEV372,DATA-4685,Task,Code Review,High,issue_assigned
JR01742,2026-08-12 04:08:00,DEV115,COGNI-2336,Story,Done,Low,issue_assigned
JR04526,2026-08-12 04:14:00,DEV424,DATA-9066,Improvement,In Progress,High,status_changed
JR01708,2026-08-12 04:21:00,DEV255,COGNI-1771,Improvement,Done,Medium,issue_updated
JR01339,2026-08-12 04:24:00,DEV023,DATA-1513,Improvement,Testing,High,status_changed
JR02495,2026-08-12 04:37:00,DEV395,DEVOPS-560,Bug,Code Review,Low,comment_added
JR04414,2026-08-12 04:37:00,DEV303,COGNI-2189,Improvement,To Do,Critical,issue_assigned
JR01999,2026-08-12 04:39:00,DEV030,DEVOPS-4618,Bug,To Do,Low,issue_assigned
JR03415,2026-08-12 04:43:00,DEV457,DATA-1587,Improvement,To Do,Low,comment_added
JR02119,2026-08-12 04:44:00,DEV457,DEVOPS-7388,Story,In Progress,High,comment_added
JR01788,2026-08-12 04:57:00,DEV023,DEVOPS-8956,Task,Code Review,Critical,comment_added
JR00141,2026-08-12 05:07:00,DEV249,DATA-4563,Bug,Code Review,Low,issue_created
JR00798,2026-08-12 05:11:00,DEV304,DEVOPS-3622,Task,In Progress,Medium,issue_updated
JR00635,2026-08-12 05:12:00,DEV106,DEVOPS-8648,Improvement,In Progress,High,issue_created
JR03963,2026-08-12 05:21:00,DEV478,COGNI-2814,Improvement,Done,Critical,status_changed
JR00648,2026-08-12 05:22:00,DEV298,DEVOPS-8831,Improvement,Code Review,High,status_changed
JR00854,2026-08-12 05:26:00,DEV458,COGNI-4681,Bug,Testing,Critical,status_changed
JR02675,2026-08-12 05:38:00,DEV176,COGNI-588,Improvement,Testing,High,status_changed
JR04660,2026-08-12 05:39:00,DEV069,DATA-5099,Bug,In Progress,High,issue_created
JR01980,2026-08-12 05:42:00,DEV354,DEVOPS-2704,Bug,Testing,High,issue_updated
JR00952,2026-08-12 05:52:00,DEV458,DEVOPS-9240,Story,Testing,Critical,issue_updated
JR02147,2026-08-12 05:54:00,DEV411,DATA-4083,Task,To Do,Critical,comment_added
JR00245,2026-08-12 05:58:00,DEV143,DATA-1679,Bug,Code Review,Medium,issue_assigned
JR01618,2026-08-12 05:59:00,DEV402,COGNI-2843,Bug,In Progress,Low,issue_assigned
JR02067,2026-08-12 06:03:00,DEV368,DATA-2315,Improvement,Done,Low,issue_created
JR02285,2026-08-12 06:08:00,DEV105,DATA-9194,Bug,Testing,Medium,comment_added
JR00991,2026-08-12 06:09:00,DEV314,DATA-3831,Task,To Do,Low,issue_created
JR02894,2026-08-12 06:18:00,DEV363,DATA-8447,Bug,Code Review,Low,comment_added
JR02399,2026-08-12 06:23:00,DEV159,DEVOPS-2955,Improvement,Code Review,Low,issue_updated
JR02408,2026-08-12 06:26:00,DEV233,DATA-5874,Task,In Progress,High,issue_created
JR04191,2026-08-12 06:34:00,DEV408,COGNI-5539,Improvement,Done,Medium,status_changed
JR01208,2026-08-12 06:49:00,DEV482,DEVOPS-4131,Improvement,To Do,High,status_changed
JR02151,2026-08-12 06:57:00,DEV463,COGNI-3353,Task,Code Review,Critical,issue_created
JR00863,2026-08-12 07:02:00,DEV377,COGNI-3411,Story,To Do,Critical,issue_created
JR00912,2026-08-12 07:14:00,DEV021,DATA-1120,Bug,Testing,Low,issue_assigned
JR03072,2026-08-12 07:23:00,DEV053,DATA-969,Improvement,Done,Medium,status_changed
JR00162,2026-08-12 07:24:00,DEV172,COGNI-2807,Story,To Do,High,issue_updated
JR04694,2026-08-12 07:28:00,DEV108,DATA-4289,Improvement,In Progress,Low,issue_created
JR02373,2026-08-12 07:30:00,DEV195,DEVOPS-6955,Task,In Progress,Low,issue_assigned
JR04304,2026-08-12 07:36:00,DEV396,DATA-4329,Improvement,Code Review,Medium,status_changed
JR00239,2026-08-12 07:41:00,DEV341,DEVOPS-2149,Bug,In Progress,Critical,issue_created
JR01563,2026-08-12 07:49:00,DEV393,DEVOPS-7517,Task,In Progress,High,issue_updated
JR04053,2026-08-12 07:52:00,DEV399,DATA-7826,Improvement,Testing,High,issue_updated
JR02082,2026-08-12 07:53:00,DEV039,COGNI-6428,Story,Testing,Medium,comment_added
JR04447,2026-08-12 07:53:00,DEV493,DEVOPS-6974,Improvement,Done,Medium,issue_assigned
JR00211,2026-08-12 07:57:00,DEV414,DEVOPS-9681,Improvement,Testing,Critical,issue_updated
JR01054,2026-08-12 08:06:00,DEV376,DEVOPS-1759,Story,Testing,Critical,issue_assigned
JR03562,2026-08-12 08:12:00,DEV382,DEVOPS-8173,Bug,Done,Medium,status_changed
JR04801,2026-08-12 08:13:00,DEV250,DEVOPS-1711,Bug,To Do,Medium,issue_assigned
JR00343,2026-08-12 08:16:00,DEV021,DEVOPS-4223,Story,Testing,High,comment_added
JR00996,2026-08-12 08:19:00,DEV439,COGNI-7556,Task,Code Review,High,issue_assigned
JR02287,2026-08-12 08:21:00,DEV423,COGNI-5691,Story,Testing,Critical,issue_created
JR02903,2026-08-12 08:21:00,DEV240,COGNI-4972,Task,To Do,Low,issue_created
JR02949,2026-08-12 08:21:00,DEV290,DATA-4271,Story,To Do,High,issue_updated
JR02720,2026-08-12 08:24:00,DEV390,COGNI-5092,Bug,To Do,Medium,issue_assigned
JR04664,2026-08-12 08:24:00,DEV320,DATA-6382,Bug,Testing,Critical,comment_added
JR04194,2026-08-12 08:26:00,DEV222,DATA-7662,Story,In Progress,Low,issue_assigned
JR04227,2026-08-12 08:27:00,DEV091,COGNI-7662,Improvement,Testing,Medium,issue_assigned
JR02138,2026-08-12 08:28:00,DEV493,DEVOPS-6733,Improvement,Testing,Low,issue_updated
JR00145,2026-08-12 08:31:00,DEV157,COGNI-7898,Improvement,Testing,Low,issue_created
JR02311,2026-08-12 08:34:00,DEV001,DATA-5202,Task,Code Review,High,issue_updated
JR03728,2026-08-12 08:41:00,DEV349,COGNI-3659,Story,Done,High,status_changed
JR03932,2026-08-12 08:52:00,DEV196,DEVOPS-285,Bug,Testing,Medium,issue_created
JR03232,2026-08-12 08:55:00,DEV210,DEVOPS-5170,Story,To Do,High,status_changed
JR00193,2026-08-12 09:02:00,DEV085,COGNI-8801,Task,In Progress,High,comment_added
JR01773,2026-08-12 09:03:00,DEV233,COGNI-7820,Improvement,To Do,High,comment_added
JR03847,2026-08-12 09:03:00,DEV293,DATA-4674,Improvement,In Progress,High,issue_updated
JR01397,2026-08-12 09:07:00,DEV414,DATA-3099,Task,Done,Medium,comment_added
JR00208,2026-08-12 09:12:00,DEV415,COGNI-9034,Improvement,Done,Medium,issue_updated
JR04873,2026-08-12 09:20:00,DEV075,DATA-4286,Improvement,In Progress,Low,issue_assigned
JR02331,2026-08-12 09:22:00,DEV032,DATA-3670,Task,To Do,Medium,status_changed
JR02550,2026-08-12 09:22:00,DEV031,DEVOPS-4542,Improvement,Testing,Low,comment_added
JR04998,2026-08-12 09:22:00,DEV260,DEVOPS-9607,Improvement,Done,Medium,comment_added
JR04303,2026-08-12 09:28:00,DEV260,DATA-9785,Bug,In Progress,High,comment_added
JR01131,2026-08-12 09:31:00,DEV012,DATA-2895,Bug,To Do,High,issue_updated
JR02225,2026-08-12 09:32:00,DEV404,COGNI-2810,Story,Code Review,Critical,issue_assigned
JR00503,2026-08-12 09:48:00,DEV224,DATA-2239,Improvement,To Do,High,issue_created
JR00142,2026-08-12 09:52:00,DEV393,DEVOPS-9750,Task,To Do,Medium,status_changed
JR01222,2026-08-12 09:58:00,DEV027,DEVOPS-5136,Improvement,To Do,High,comment_added
JR00124,2026-08-12 10:04:00,DEV305,COGNI-2957,Task,Done,High,issue_updated
JR04917,2026-08-12 10:06:00,DEV484,DATA-1090,Story,Testing,Low,issue_created
JR04046,2026-08-12 10:07:00,DEV453,DEVOPS-9322,Task,To Do,Medium,issue_assigned
JR01537,2026-08-12 10:08:00,DEV376,COGNI-5789,Task,Code Review,Critical,issue_created
JR03968,2026-08-12 10:08:00,DEV048,DATA-380,Improvement,In Progress,Critical,issue_updated
JR00177,2026-08-12 10:20:00,DEV159,COGNI-7039,Story,In Progress,Medium,status_changed
JR01628,2026-08-12 10:31:00,DEV241,DEVOPS-5158,Story,Done,High,comment_added
JR03370,2026-08-12 10:36:00,DEV439,COGNI-2402,Bug,In Progress,Low,issue_assigned
JR00134,2026-08-12 10:38:00,DEV269,DATA-7324,Improvement,Testing,Medium,issue_assigned
JR03426,2026-08-12 10:42:00,DEV151,DEVOPS-4761,Story,Testing,Critical,status_changed
JR02836,2026-08-12 10:45:00,DEV496,COGNI-4749,Story,Testing,Medium,comment_added
JR02969,2026-08-12 10:48:00,DEV210,DATA-9672,Improvement,In Progress,Low,issue_created
JR01806,2026-08-12 10:53:00,DEV373,DATA-4939,Improvement,Done,Critical,issue_created
JR04352,2026-08-12 10:58:00,DEV390,DATA-8921,Improvement,Testing,Critical,issue_assigned
JR04222,2026-08-12 10:59:00,DEV321,DEVOPS-1223,Improvement,Testing,High,issue_created
JR00690,2026-08-12 11:15:00,DEV147,COGNI-4816,Improvement,Done,Low,issue_created
JR00406,2026-08-12 11:18:00,DEV286,DEVOPS-9661,Bug,To Do,High,comment_added
JR00709,2026-08-12 11:22:00,DEV265,DEVOPS-8210,Improvement,Testing,Critical,issue_updated
JR03782,2026-08-12 11:32:00,DEV468,DEVOPS-2560,Improvement,Testing,Critical,comment_added
JR03308,2026-08-12 11:33:00,DEV143,DEVOPS-900,Bug,Code Review,Critical,issue_created
JR03999,2026-08-12 11:33:00,DEV164,COGNI-9383,Story,To Do,Critical,issue_assigned
JR01422,2026-08-12 11:44:00,DEV065,COGNI-1114,Story,Code Review,High,issue_updated
JR03414,2026-08-12 11:47:00,DEV003,COGNI-7239,Improvement,In Progress,High,issue_created
JR02439,2026-08-12 11:51:00,DEV251,DEVOPS-8143,Bug,Code Review,High,issue_updated
JR04014,2026-08-12 11:52:00,DEV054,COGNI-8319,Improvement,Done,Critical,status_changed
JR00675,2026-08-12 11:55:00,DEV076,DEVOPS-7742,Story,Done,Low,issue_updated
JR03390,2026-08-12 11:58:00,DEV412,DEVOPS-769,Improvement,Code Review,Low,comment_added
JR03582,2026-08-12 11:59:00,DEV286,DATA-9054,Story,In Progress,Medium,issue_updated
JR00481,2026-08-12 12:02:00,DEV254,DEVOPS-7435,Improvement,To Do,Low,issue_updated
JR04009,2026-08-12 12:02:00,DEV205,COGNI-2017,Improvement,Done,Critical,comment_added
JR02831,2026-08-12 12:03:00,DEV463,DATA-6849,Bug,Testing,High,issue_created
JR00893,2026-08-12 12:08:00,DEV396,DATA-4196,Improvement,In Progress,Critical,issue_updated
JR03417,2026-08-12 12:13:00,DEV019,DATA-7849,Story,Code Review,Low,status_changed
JR01417,2026-08-12 12:22:00,DEV081,COGNI-5132,Task,Code Review,Critical,comment_added
JR04909,2026-08-12 12:25:00,DEV255,DATA-5624,Task,To Do,Low,status_changed
JR02133,2026-08-12 12:27:00,DEV032,DATA-2491,Improvement,Code Review,High,issue_updated
JR03943,2026-08-12 12:28:00,DEV049,COGNI-2036,Bug,In Progress,High,status_changed
JR03170,2026-08-12 12:31:00,DEV025,DATA-2320,Improvement,Done,Critical,status_changed
JR03626,2026-08-12 12:31:00,DEV198,DEVOPS-4884,Improvement,Code Review,Low,issue_created
JR04003,2026-08-12 12:32:00,DEV106,COGNI-7085,Bug,To Do,Medium,issue_updated
JR03716,2026-08-12 12:38:00,DEV334,COGNI-9968,Task,Done,Low,comment_added
JR04274,2026-08-12 12:39:00,DEV146,DEVOPS-9219,Task,Done,Medium,status_changed
JR01136,2026-08-12 12:41:00,DEV336,COGNI-9034,Task,Code Review,Low,issue_assigned
JR02782,2026-08-12 12:42:00,DEV060,COGNI-1033,Bug,Code Review,Medium,status_changed
JR02390,2026-08-12 12:43:00,DEV289,COGNI-3947,Task,Code Review,High,issue_assigned
JR04275,2026-08-12 12:45:00,DEV230,COGNI-5250,Story,Testing,High,status_changed
JR02671,2026-08-12 12:54:00,DEV442,DATA-556,Improvement,In Progress,High,issue_created
JR00434,2026-08-12 13:02:00,DEV001,DATA-3449,Improvement,Done,Medium,status_changed
JR04485,2026-08-12 13:16:00,DEV248,DEVOPS-4578,Task,In Progress,Critical,issue_created
JR04725,2026-08-12 13:16:00,DEV388,COGNI-6068,Task,In Progress,Critical,issue_assigned
JR02812,2026-08-12 13:20:00,DEV018,DATA-9844,Story,Testing,Low,status_changed
JR03754,2026-08-12 13:21:00,DEV439,DATA-2621,Story,Testing,High,issue_assigned
JR00107,2026-08-12 13:23:00,DEV412,DATA-5448,Bug,Done,Low,issue_updated
JR01175,2026-08-12 13:32:00,DEV352,COGNI-6218,Task,Testing,Critical,status_changed
JR04927,2026-08-12 13:32:00,DEV323,DEVOPS-1052,Story,Code Review,Medium,status_changed
JR00732,2026-08-12 13:38:00,DEV018,DEVOPS-6204,Improvement,To Do,Low,issue_assigned
JR02100,2026-08-12 13:38:00,DEV467,COGNI-7171,Improvement,Done,Low,comment_added
JR01698,2026-08-12 13:43:00,DEV445,DEVOPS-8745,Improvement,Done,High,issue_updated
JR01478,2026-08-12 13:55:00,DEV138,DEVOPS-7343,Task,Testing,Critical,status_changed
JR00453,2026-08-12 14:02:00,DEV341,DATA-850,Improvement,Code Review,High,issue_created
JR03572,2026-08-12 14:03:00,DEV470,DEVOPS-4298,Story,Code Review,High,issue_updated
JR00197,2026-08-12 14:04:00,DEV106,DATA-5343,Story,Code Review,Low,issue_assigned
JR03029,2026-08-12 14:21:00,DEV194,DATA-3594,Improvement,Testing,Critical,issue_assigned
JR00376,2026-08-12 14:24:00,DEV234,DEVOPS-8449,Story,Testing,Critical,issue_created
JR00103,2026-08-12 14:25:00,DEV062,COGNI-3484,Bug,Done,Low,comment_added
JR00264,2026-08-12 14:28:00,DEV284,COGNI-4117,Story,Done,High,issue_created
JR04892,2026-08-12 14:31:00,DEV332,COGNI-6706,Task,To Do,Critical,issue_assigned
JR03842,2026-08-12 14:43:00,DEV207,DATA-9707,Task,Code Review,High,issue_created
JR03386,2026-08-12 14:45:00,DEV046,DEVOPS-5814,Bug,Code Review,Medium,comment_added
JR04138,2026-08-12 14:45:00,DEV274,DATA-4108,Bug,Testing,Medium,issue_created
JR04641,2026-08-12 14:45:00,DEV130,COGNI-9272,Bug,Code Review,Low,status_changed
JR02315,2026-08-12 14:49:00,DEV005,COGNI-7040,Task,Testing,Medium,issue_assigned
JR03811,2026-08-12 14:51:00,DEV330,DATA-2685,Bug,To Do,High,issue_updated
JR02472,2026-08-12 14:54:00,DEV013,DATA-1235,Bug,In Progress,High,issue_created
JR00526,2026-08-12 14:55:00,DEV416,DATA-7405,Bug,In Progress,Medium,issue_updated
JR01869,2026-08-12 14:57:00,DEV394,DEVOPS-3290,Improvement,Code Review,Critical,status_changed
JR02679,2026-08-12 15:07:00,DEV360,DATA-1695,Story,Done,Low,issue_created
JR00040,2026-08-12 15:09:00,DEV049,DATA-2073,Story,To Do,High,issue_assigned
JR00840,2026-08-12 15:17:00,DEV307,DATA-228,Improvement,Code Review,High,comment_added
JR01804,2026-08-12 15:23:00,DEV262,COGNI-5503,Story,Code Review,Medium,issue_created
JR00890,2026-08-12 15:33:00,DEV398,DEVOPS-5383,Task,Testing,High,issue_assigned
JR03132,2026-08-12 15:40:00,DEV376,COGNI-811,Story,Testing,Low,issue_created
JR04618,2026-08-12 15:45:00,DEV465,DEVOPS-7081,Task,To Do,High,issue_assigned
JR04935,2026-08-12 15:46:00,DEV137,COGNI-8440,Story,In Progress,High,comment_added
JR02578,2026-08-12 15:50:00,DEV230,DEVOPS-6227,Task,To Do,Critical,issue_assigned
JR03997,2026-08-12 15:56:00,DEV150,DEVOPS-2652,Task,In Progress,Critical,issue_created
JR00715,2026-08-12 15:58:00,DEV354,COGNI-4280,Bug,Testing,High,issue_updated
JR00927,2026-08-12 15:58:00,DEV426,DEVOPS-944,Story,Done,Critical,comment_added
JR00402,2026-08-12 16:14:00,DEV091,DATA-2438,Task,Testing,Medium,status_changed
JR01971,2026-08-12 16:15:00,DEV235,COGNI-6628,Story,To Do,High,issue_updated
JR02056,2026-08-12 16:15:00,DEV079,COGNI-3571,Improvement,Done,Low,issue_assigned
JR03507,2026-08-12 16:15:00,DEV082,DEVOPS-7898,Bug,Done,High,issue_created
JR02253,2026-08-12 16:17:00,DEV054,DATA-9177,Task,To Do,Low,status_changed
JR02641,2026-08-12 16:17:00,DEV150,DEVOPS-3185,Story,In Progress,Medium,issue_updated
JR04891,2026-08-12 16:17:00,DEV217,DATA-9873,Improvement,Testing,Critical,issue_created
JR01567,2026-08-12 16:28:00,DEV119,DATA-3182,Bug,Code Review,Critical,issue_created
JR02928,2026-08-12 16:30:00,DEV091,DEVOPS-2484,Bug,In Progress,Medium,status_changed
JR00051,2026-08-12 16:34:00,DEV343,DEVOPS-389,Bug,Testing,Low,issue_assigned
JR01403,2026-08-12 16:47:00,DEV044,DATA-8082,Bug,Testing,Medium,comment_added
JR01633,2026-08-12 16:55:00,DEV341,COGNI-6392,Improvement,In Progress,High,issue_created
JR01361,2026-08-12 16:59:00,DEV187,DATA-2166,Bug,Testing,Medium,issue_assigned
JR01405,2026-08-12 17:02:00,DEV040,DATA-694,Improvement,To Do,Critical,issue_updated
JR04119,2026-08-12 17:04:00,DEV364,COGNI-6997,Task,In Progress,Critical,issue_assigned
JR04737,2026-08-12 17:11:00,DEV293,COGNI-8177,Improvement,In Progress,Critical,issue_assigned
JR01265,2026-08-12 17:16:00,DEV118,COGNI-1579,Bug,Testing,High,issue_assigned
JR01194,2026-08-12 17:17:00,DEV380,DATA-8503,Improvement,Testing,High,issue_updated
JR01166,2026-08-12 17:29:00,DEV238,DEVOPS-9995,Improvement,To Do,Critical,comment_added
JR01002,2026-08-12 17:31:00,DEV233,DEVOPS-9042,Story,To Do,Medium,status_changed
JR01162,2026-08-12 17:31:00,DEV471,DEVOPS-602,Task,Done,Low,issue_created
JR03917,2026-08-12 17:34:00,DEV124,COGNI-4937,Bug,Code Review,Low,issue_assigned
JR01590,2026-08-12 17:39:00,DEV411,COGNI-5650,Bug,Testing,Critical,issue_updated
JR02879,2026-08-12 17:39:00,DEV381,COGNI-3568,Task,Done,Low,comment_added
JR03814,2026-08-12 17:45:00,DEV395,DEVOPS-5654,Task,Done,Critical,issue_assigned
JR03616,2026-08-12 17:48:00,DEV289,DEVOPS-4586,Bug,Code Review,High,status_changed
JR02297,2026-08-12 17:49:00,DEV436,DATA-9864,Task,In Progress,Medium,comment_added
JR03598,2026-08-12 17:57:00,DEV183,DEVOPS-2597,Bug,In Progress,High,comment_added
JR04101,2026-08-12 17:59:00,DEV105,DATA-3016,Story,Code Review,Critical,issue_assigned
JR00784,2026-08-12 18:07:00,DEV220,DEVOPS-7025,Improvement,To Do,High,issue_assigned
JR00148,2026-08-12 18:09:00,DEV446,COGNI-3687,Bug,In Progress,Medium,comment_added
JR04317,2026-08-12 18:16:00,DEV500,COGNI-8749,Story,In Progress,High,issue_created
JR03976,2026-08-12 18:25:00,DEV353,DEVOPS-7783,Improvement,Testing,High,issue_assigned
JR04538,2026-08-12 18:25:00,DEV365,DATA-279,Improvement,In Progress,High,comment_added
JR00236,2026-08-12 18:26:00,DEV062,COGNI-1140,Story,Testing,High,issue_updated
JR04448,2026-08-12 18:32:00,DEV231,COGNI-5630,Story,Done,Low,status_changed
JR00908,2026-08-12 18:33:00,DEV210,DEVOPS-8845,Bug,To Do,Low,issue_updated
JR02424,2026-08-12 18:36:00,DEV022,COGNI-980,Improvement,In Progress,Critical,status_changed
JR02982,2026-08-12 18:38:00,DEV265,DATA-3903,Task,Testing,Medium,status_changed
JR04640,2026-08-12 18:38:00,DEV381,COGNI-2757,Task,Code Review,High,issue_assigned
JR03199,2026-08-12 18:39:00,DEV314,DEVOPS-9964,Bug,To Do,Medium,comment_added
JR02911,2026-08-12 18:42:00,DEV107,DEVOPS-396,Story,Code Review,Low,comment_added
JR04150,2026-08-12 18:54:00,DEV058,DEVOPS-1925,Task,Code Review,Low,status_changed
JR00689,2026-08-12 18:56:00,DEV137,DEVOPS-3860,Story,Code Review,High,issue_created
JR01018,2026-08-12 19:04:00,DEV416,COGNI-1413,Task,Testing,Critical,issue_updated
JR04750,2026-08-12 19:05:00,DEV278,COGNI-5051,Improvement,Code Review,Critical,issue_created
JR01688,2026-08-12 19:06:00,DEV368,DATA-7511,Story,To Do,Critical,issue_updated
JR04452,2026-08-12 19:06:00,DEV043,COGNI-7965,Task,Code Review,Medium,issue_assigned
JR03006,2026-08-12 19:09:00,DEV319,COGNI-1261,Bug,Done,Critical,status_changed
JR03258,2026-08-12 19:11:00,DEV101,DATA-1718,Improvement,To Do,Low,issue_assigned
JR01188,2026-08-12 19:14:00,DEV004,DATA-1454,Task,Done,Low,issue_updated
JR03179,2026-08-12 19:14:00,DEV234,COGNI-566,Bug,Done,Medium,issue_updated
JR04216,2026-08-12 19:18:00,DEV221,DATA-1824,Improvement,Code Review,High,comment_added
JR02263,2026-08-12 19:21:00,DEV348,DATA-3147,Improvement,Code Review,Medium,issue_assigned
JR01555,2026-08-12 19:30:00,DEV271,COGNI-2099,Improvement,To Do,High,issue_updated
JR02378,2026-08-12 19:36:00,DEV124,DATA-5854,Task,Code Review,High,issue_created
JR00923,2026-08-12 19:37:00,DEV329,DEVOPS-3247,Improvement,To Do,Critical,status_changed
JR03913,2026-08-12 19:40:00,DEV132,COGNI-8952,Improvement,To Do,High,issue_assigned
JR01390,2026-08-12 19:47:00,DEV206,COGNI-8977,Bug,Testing,Critical,comment_added
JR02624,2026-08-12 19:47:00,DEV284,DEVOPS-6521,Bug,Testing,Low,issue_assigned
JR03368,2026-08-12 19:49:00,DEV437,DEVOPS-7874,Task,Testing,Medium,issue_updated
JR02904,2026-08-12 20:01:00,DEV150,COGNI-903,Task,Code Review,Medium,issue_assigned
JR02005,2026-08-12 20:02:00,DEV437,DEVOPS-8837,Improvement,Testing,High,issue_assigned
JR02021,2026-08-12 20:04:00,DEV122,DEVOPS-2479,Bug,Done,Low,issue_created
JR00963,2026-08-12 20:05:00,DEV151,COGNI-1002,Bug,In Progress,High,issue_assigned
JR01801,2026-08-12 20:13:00,DEV053,DEVOPS-4931,Story,Code Review,Low,issue_created
JR03070,2026-08-12 20:17:00,DEV455,DATA-7541,Story,Testing,Critical,status_changed
JR03166,2026-08-12 20:19:00,DEV146,DATA-4251,Improvement,In Progress,Low,issue_assigned
JR03487,2026-08-12 20:25:00,DEV083,DATA-9423,Task,Done,Medium,issue_assigned
JR00087,2026-08-12 20:32:00,DEV484,DATA-9415,Task,Testing,Low,issue_created
JR04958,2026-08-12 20:36:00,DEV447,COGNI-2349,Bug,Code Review,Critical,comment_added
JR01825,2026-08-12 20:37:00,DEV152,COGNI-2107,Improvement,Code Review,Medium,status_changed
JR02525,2026-08-12 20:39:00,DEV256,DEVOPS-7503,Bug,In Progress,High,comment_added
JR00716,2026-08-12 20:43:00,DEV409,DEVOPS-2596,Bug,Done,Critical,issue_assigned
JR02164,2026-08-12 20:48:00,DEV097,DATA-5820,Improvement,In Progress,Critical,issue_updated
JR00171,2026-08-12 21:01:00,DEV310,COGNI-3531,Story,Done,High,issue_updated
JR01651,2026-08-12 21:01:00,DEV176,DATA-4135,Task,In Progress,Low,issue_assigned
JR00546,2026-08-12 21:02:00,DEV320,DEVOPS-9957,Story,To Do,Low,issue_created
JR03901,2026-08-12 21:22:00,DEV006,DATA-8399,Improvement,To Do,Medium,issue_assigned
JR02747,2026-08-12 21:24:00,DEV025,DEVOPS-7197,Task,To Do,Low,issue_created
JR02897,2026-08-12 21:24:00,DEV460,DEVOPS-8864,Task,Done,Low,issue_updated
JR02078,2026-08-12 21:27:00,DEV500,COGNI-8530,Story,In Progress,High,issue_updated
JR00477,2026-08-12 21:43:00,DEV416,DEVOPS-3048,Story,Code Review,Critical,comment_added
JR00688,2026-08-12 21:43:00,DEV011,DATA-5157,Improvement,In Progress,Low,issue_created
JR03790,2026-08-12 21:46:00,DEV359,DEVOPS-9885,Improvement,Done,Low,status_changed
JR04628,2026-08-12 21:51:00,DEV089,COGNI-3584,Story,Code Review,Medium,comment_added
JR01031,2026-08-12 21:52:00,DEV136,DATA-9210,Improvement,Testing,Low,issue_created
JR04333,2026-08-12 21:57:00,DEV223,COGNI-1775,Task,Testing,Medium,issue_updated
JR00098,2026-08-12 22:00:00,DEV309,DEVOPS-8585,Task,Done,Low,comment_added
JR01097,2026-08-12 22:03:00,DEV363,DATA-5740,Bug,To Do,Critical,issue_created
JR03403,2026-08-12 22:09:00,DEV134,DATA-5823,Story,To Do,Critical,status_changed
JR00199,2026-08-12 22:24:00,DEV226,DEVOPS-6205,Improvement,In Progress,Critical,issue_created
JR01226,2026-08-12 22:24:00,DEV487,COGNI-3119,Improvement,Code Review,Critical,status_changed
JR03469,2026-08-12 22:32:00,DEV072,DATA-1573,Story,Testing,Critical,comment_added
JR04495,2026-08-12 22:32:00,DEV477,COGNI-7712,Bug,Code Review,Medium,issue_created
JR02189,2026-08-12 22:46:00,DEV244,DEVOPS-689,Improvement,Done,High,issue_created
JR03476,2026-08-12 22:50:00,DEV016,DATA-993,Bug,To Do,Low,issue_updated
JR02560,2026-08-12 22:53:00,DEV367,DATA-8434,Story,In Progress,High,comment_added
JR03702,2026-08-12 22:55:00,DEV164,COGNI-4108,Bug,Done,Low,issue_assigned
JR04367,2026-08-12 23:02:00,DEV017,DATA-7060,Improvement,In Progress,Low,issue_created
JR00282,2026-08-12 23:03:00,DEV023,DEVOPS-7453,Story,Testing,High,issue_updated
JR01454,2026-08-12 23:03:00,DEV213,DEVOPS-8014,Bug,Code Review,Medium,status_changed
JR02102,2026-08-12 23:04:00,DEV069,COGNI-8389,Story,Done,Critical,issue_updated
JR02554,2026-08-12 23:16:00,DEV207,DATA-5541,Bug,To Do,Critical,comment_added
JR01342,2026-08-12 23:28:00,DEV176,COGNI-390,Task,Code Review,High,issue_created
JR01985,2026-08-12 23:33:00,DEV153,DEVOPS-4132,Improvement,Code Review,High,issue_assigned
JR03706,2026-08-12 23:33:00,DEV387,DATA-4631,Story,Code Review,Low,issue_created
JR03665,2026-08-12 23:35:00,DEV183,COGNI-5696,Task,Done,Critical,issue_updated
JR03171,2026-08-12 23:37:00,DEV279,COGNI-5800,Story,In Progress,High,issue_created
JR02090,2026-08-12 23:45:00,DEV005,DATA-8118,Bug,Done,Low,issue_created
JR02546,2026-08-12 23:55:00,DEV267,DEVOPS-1053,Improvement,Done,Critical,issue_updated
JR02014,2026-08-12 23:58:00,DEV122,DEVOPS-2106,Improvement,Testing,Critical,issue_assigned
JR00191,2026-08-12 23:59:00,DEV142,DEVOPS-5634,Bug,To Do,Critical,issue_assigned
JR00168,2026-08-13 00:05:00,DEV484,DATA-1338,Bug,In Progress,Medium,comment_added
JR01533,2026-08-13 00:08:00,DEV279,COGNI-1525,Improvement,Code Review,High,issue_updated
JR03238,2026-08-13 00:11:00,DEV456,COGNI-5518,Story,Done,Medium,status_changed
JR03846,2026-08-13 00:13:00,DEV104,DATA-741,Story,Testing,Critical,issue_created
JR02478,2026-08-13 00:26:00,DEV370,DATA-459,Story,Done,Medium,status_changed
JR00513,2026-08-13 00:38:00,DEV329,DATA-2286,Bug,Testing,Critical,issue_assigned
JR04190,2026-08-13 00:41:00,DEV327,DATA-2087,Bug,Code Review,Medium,issue_created
JR02738,2026-08-13 00:46:00,DEV067,COGNI-972,Story,Testing,Low,issue_updated
JR04844,2026-08-13 00:48:00,DEV453,DATA-8315,Improvement,Done,Medium,issue_assigned
JR00691,2026-08-13 00:52:00,DEV022,DATA-7752,Task,Code Review,Medium,comment_added
JR04828,2026-08-13 00:55:00,DEV391,COGNI-6494,Story,Done,High,issue_created
JR01384,2026-08-13 00:56:00,DEV049,DATA-4295,Task,Code Review,Medium,issue_updated
JR03135,2026-08-13 01:06:00,DEV107,DEVOPS-1045,Story,Code Review,Low,issue_updated
JR03264,2026-08-13 01:13:00,DEV419,COGNI-7686,Task,Code Review,Medium,issue_updated
JR00759,2026-08-13 01:23:00,DEV459,DEVOPS-2326,Story,Done,Medium,issue_assigned
JR02868,2026-08-13 01:28:00,DEV442,COGNI-8672,Improvement,Code Review,High,status_changed
JR00291,2026-08-13 01:33:00,DEV046,DATA-9658,Improvement,Testing,Critical,status_changed
JR01815,2026-08-13 01:35:00,DEV105,COGNI-156,Improvement,Testing,Medium,issue_updated
JR00260,2026-08-13 01:40:00,DEV014,COGNI-159,Improvement,Testing,Critical,issue_updated
JR01991,2026-08-13 01:49:00,DEV132,COGNI-2492,Story,Testing,Low,issue_assigned
JR04323,2026-08-13 01:49:00,DEV426,COGNI-6937,Task,In Progress,Critical,comment_added
JR01669,2026-08-13 01:50:00,DEV096,DATA-4253,Bug,Testing,Medium,issue_updated
JR00663,2026-08-13 02:01:00,DEV487,COGNI-2412,Story,Code Review,Medium,comment_added
JR02484,2026-08-13 02:01:00,DEV486,DEVOPS-1702,Bug,In Progress,Medium,issue_updated
JR00892,2026-08-13 02:05:00,DEV310,DEVOPS-6393,Story,Done,Critical,comment_added
JR00217,2026-08-13 02:07:00,DEV001,COGNI-1913,Improvement,Code Review,Medium,status_changed
JR03966,2026-08-13 02:07:00,DEV012,DEVOPS-4575,Improvement,Code Review,High,issue_created
JR02735,2026-08-13 02:14:00,DEV105,DEVOPS-6383,Task,Code Review,Low,status_changed
JR02224,2026-08-13 02:15:00,DEV209,DATA-1615,Bug,Testing,Medium,issue_assigned
JR00774,2026-08-13 02:26:00,DEV439,COGNI-4861,Task,In Progress,Medium,issue_created
JR01141,2026-08-13 02:30:00,DEV042,DATA-9176,Bug,Testing,Critical,issue_assigned
JR03063,2026-08-13 02:30:00,DEV355,DATA-9698,Improvement,Testing,High,issue_updated
JR02016,2026-08-13 02:31:00,DEV430,DEVOPS-6931,Task,Done,Critical,status_changed
JR00329,2026-08-13 02:32:00,DEV406,DATA-692,Story,Done,Low,status_changed
JR04736,2026-08-13 02:36:00,DEV090,DEVOPS-2522,Bug,Done,High,status_changed
JR03057,2026-08-13 02:39:00,DEV338,DATA-933,Bug,Testing,Low,issue_created
JR02990,2026-08-13 02:45:00,DEV152,DEVOPS-145,Story,Code Review,High,status_changed
JR02539,2026-08-13 02:47:00,DEV104,COGNI-6659,Improvement,In Progress,Medium,comment_added
JR01807,2026-08-13 02:48:00,DEV379,DEVOPS-6351,Improvement,To Do,Low,comment_added
JR04164,2026-08-13 02:51:00,DEV349,DEVOPS-1642,Bug,In Progress,Low,issue_updated
JR04037,2026-08-13 02:53:00,DEV014,DEVOPS-4232,Bug,Code Review,Medium,status_changed
JR01702,2026-08-13 02:54:00,DEV424,DATA-2472,Task,Code Review,High,issue_assigned
JR02688,2026-08-13 02:56:00,DEV199,COGNI-3549,Bug,To Do,Low,issue_created
JR02071,2026-08-13 03:01:00,DEV467,COGNI-5804,Improvement,To Do,Critical,issue_assigned
JR00862,2026-08-13 03:08:00,DEV441,DEVOPS-7097,Bug,Testing,High,issue_updated
JR03318,2026-08-13 03:08:00,DEV176,DEVOPS-7717,Story,In Progress,Critical,issue_created
JR02125,2026-08-13 03:11:00,DEV162,DATA-4420,Task,Done,Low,issue_updated
JR03676,2026-08-13 03:11:00,DEV465,COGNI-8990,Story,Testing,Medium,comment_added
JR03312,2026-08-13 03:14:00,DEV044,COGNI-3643,Story,In Progress,Critical,comment_added
JR00159,2026-08-13 03:19:00,DEV210,COGNI-7713,Story,In Progress,Medium,comment_added
JR02122,2026-08-13 03:20:00,DEV226,DATA-5108,Task,In Progress,Low,issue_created
JR03928,2026-08-13 03:24:00,DEV376,DATA-134,Story,Code Review,Critical,issue_assigned
JR01799,2026-08-13 03:28:00,DEV102,COGNI-9099,Bug,Done,Medium,issue_assigned
JR01814,2026-08-13 03:29:00,DEV433,DEVOPS-9284,Task,To Do,High,issue_assigned
JR00734,2026-08-13 03:32:00,DEV208,DEVOPS-1355,Task,In Progress,Medium,comment_added
JR04636,2026-08-13 03:33:00,DEV418,DEVOPS-1850,Improvement,Done,High,issue_created
JR02217,2026-08-13 03:37:00,DEV074,DEVOPS-4447,Task,Done,Medium,issue_updated
JR03980,2026-08-13 03:54:00,DEV004,DEVOPS-4040,Task,Testing,Critical,issue_updated
JR01211,2026-08-13 03:56:00,DEV261,DEVOPS-224,Task,Code Review,Critical,issue_updated
JR01023,2026-08-13 04:11:00,DEV195,DEVOPS-1688,Task,Code Review,High,comment_added
JR01972,2026-08-13 04:15:00,DEV008,DATA-6045,Task,To Do,Low,issue_created
JR01956,2026-08-13 04:22:00,DEV425,COGNI-6720,Task,In Progress,Critical,comment_added
JR01084,2026-08-13 04:28:00,DEV366,DATA-1401,Story,To Do,Medium,issue_updated
JR01724,2026-08-13 04:37:00,DEV459,COGNI-8012,Story,Done,Critical,issue_created
JR01391,2026-08-13 04:40:00,DEV356,COGNI-6549,Task,To Do,Critical,issue_assigned
JR03407,2026-08-13 04:50:00,DEV354,DATA-5850,Story,Done,High,status_changed
JR01636,2026-08-13 04:52:00,DEV284,COGNI-6502,Bug,Testing,Medium,issue_created
JR03710,2026-08-13 04:52:00,DEV388,DEVOPS-5999,Story,Testing,High,issue_assigned
JR01379,2026-08-13 04:53:00,DEV017,DEVOPS-3491,Task,Done,Critical,comment_added
JR03028,2026-08-13 04:54:00,DEV298,DATA-6161,Task,In Progress,Critical,issue_assigned
JR00622,2026-08-13 04:59:00,DEV420,DEVOPS-1721,Task,To Do,Medium,issue_updated
JR04012,2026-08-13 05:00:00,DEV432,DEVOPS-4030,Story,Testing,High,issue_updated
JR01327,2026-08-13 05:05:00,DEV121,COGNI-5195,Bug,In Progress,Medium,issue_assigned
JR04219,2026-08-13 05:08:00,DEV024,COGNI-5784,Story,Done,High,issue_updated
JR00507,2026-08-13 05:17:00,DEV332,DEVOPS-8332,Story,To Do,High,comment_added
JR01011,2026-08-13 05:22:00,DEV470,DEVOPS-3811,Bug,To Do,Low,issue_created
JR01839,2026-08-13 05:22:00,DEV450,DEVOPS-6716,Task,Testing,Low,comment_added
JR01898,2026-08-13 05:29:00,DEV414,DEVOPS-7246,Task,Code Review,High,issue_created
JR00060,2026-08-13 05:35:00,DEV015,DEVOPS-3210,Story,Done,Critical,issue_assigned
JR00373,2026-08-13 05:36:00,DEV109,COGNI-1493,Improvement,Testing,Critical,issue_created
JR01762,2026-08-13 05:38:00,DEV263,DEVOPS-8743,Story,Code Review,High,issue_created
JR00229,2026-08-13 05:46:00,DEV186,DEVOPS-9284,Bug,Code Review,Critical,issue_assigned
JR00425,2026-08-13 05:49:00,DEV034,COGNI-2350,Task,In Progress,Medium,status_changed
JR01324,2026-08-13 05:53:00,DEV268,DATA-528,Bug,Code Review,Critical,issue_updated
JR01866,2026-08-13 05:57:00,DEV109,DEVOPS-788,Task,Testing,Critical,comment_added
JR02694,2026-08-13 05:57:00,DEV160,DATA-3438,Improvement,In Progress,Low,issue_created
JR02205,2026-08-13 05:59:00,DEV098,COGNI-2601,Bug,In Progress,High,issue_assigned
JR01632,2026-08-13 06:02:00,DEV067,DEVOPS-440,Bug,In Progress,Medium,issue_updated
JR03609,2026-08-13 06:02:00,DEV155,COGNI-3211,Bug,Testing,Low,issue_assigned
JR03949,2026-08-13 06:12:00,DEV398,DEVOPS-5517,Bug,In Progress,High,status_changed
JR00070,2026-08-13 06:17:00,DEV395,DEVOPS-5054,Bug,Done,High,status_changed
JR00441,2026-08-13 06:19:00,DEV274,DATA-8714,Bug,Done,High,issue_created
JR00326,2026-08-13 06:21:00,DEV463,DEVOPS-640,Story,To Do,Critical,issue_created
JR03989,2026-08-13 06:22:00,DEV112,DATA-2083,Story,Code Review,Medium,issue_assigned
JR02499,2026-08-13 06:26:00,DEV262,COGNI-4271,Task,Code Review,Critical,issue_assigned
JR01483,2026-08-13 06:46:00,DEV157,COGNI-9257,Improvement,Code Review,Critical,comment_added
JR03523,2026-08-13 06:51:00,DEV459,COGNI-9269,Story,In Progress,Medium,issue_assigned
JR02044,2026-08-13 06:58:00,DEV401,COGNI-2594,Bug,To Do,Low,comment_added
JR00121,2026-08-13 07:02:00,DEV435,DATA-9846,Bug,In Progress,Low,comment_added
JR00058,2026-08-13 07:05:00,DEV413,DEVOPS-8177,Improvement,In Progress,High,comment_added
JR00388,2026-08-13 07:09:00,DEV432,DATA-8991,Improvement,To Do,Low,issue_created
JR02999,2026-08-13 07:14:00,DEV084,DEVOPS-3076,Story,Done,High,issue_updated
JR02502,2026-08-13 07:17:00,DEV167,COGNI-7185,Bug,To Do,High,status_changed
JR01627,2026-08-13 07:21:00,DEV373,COGNI-436,Story,To Do,Critical,comment_added
JR01730,2026-08-13 07:21:00,DEV091,DATA-1196,Bug,Code Review,Low,issue_updated
JR02022,2026-08-13 07:25:00,DEV395,DEVOPS-4909,Improvement,To Do,High,status_changed
JR02732,2026-08-13 07:42:00,DEV289,DATA-3497,Story,Done,High,issue_created
JR00864,2026-08-13 07:45:00,DEV205,COGNI-8842,Story,Done,Low,comment_added
JR03552,2026-08-13 07:45:00,DEV275,DATA-7004,Bug,Code Review,High,issue_created
JR00517,2026-08-13 07:46:00,DEV488,DEVOPS-5668,Task,Code Review,Critical,issue_updated
JR02345,2026-08-13 07:51:00,DEV472,DEVOPS-3511,Task,Done,Low,issue_assigned
JR03076,2026-08-13 07:54:00,DEV178,DEVOPS-1688,Improvement,Done,Low,issue_assigned
JR02468,2026-08-13 07:58:00,DEV457,DEVOPS-3469,Story,To Do,Critical,issue_created
JR03360,2026-08-13 07:58:00,DEV184,COGNI-3250,Story,Testing,Low,issue_created
JR04505,2026-08-13 07:59:00,DEV359,COGNI-6358,Bug,Done,Critical,issue_created
JR00017,2026-08-13 08:00:00,DEV453,COGNI-1283,Story,Done,Critical,status_changed
JR01083,2026-08-13 08:05:00,DEV270,DEVOPS-5166,Task,Code Review,Low,issue_updated
JR04501,2026-08-13 08:09:00,DEV403,DATA-2634,Bug,Testing,High,status_changed
JR03659,2026-08-13 08:19:00,DEV483,COGNI-6148,Story,To Do,Critical,issue_updated
JR01012,2026-08-13 08:20:00,DEV243,DEVOPS-5981,Task,Code Review,Medium,issue_assigned
JR00630,2026-08-13 08:23:00,DEV386,DEVOPS-3547,Story,In Progress,Critical,issue_created
JR03941,2026-08-13 08:26:00,DEV131,DEVOPS-8368,Task,Done,Critical,status_changed
JR00086,2026-08-13 08:28:00,DEV229,DATA-118,Bug,In Progress,High,comment_added
JR03194,2026-08-13 08:28:00,DEV191,COGNI-6355,Bug,To Do,Medium,issue_updated
JR03553,2026-08-13 08:32:00,DEV219,DEVOPS-3285,Story,Code Review,Low,comment_added
JR02775,2026-08-13 08:33:00,DEV168,DEVOPS-2289,Improvement,In Progress,High,issue_created
JR01605,2026-08-13 08:35:00,DEV312,COGNI-1375,Story,To Do,Medium,issue_assigned
JR03002,2026-08-13 08:36:00,DEV306,DATA-8268,Task,Done,Low,issue_assigned
JR00806,2026-08-13 08:37:00,DEV498,COGNI-6563,Story,To Do,Low,status_changed
JR01398,2026-08-13 08:57:00,DEV241,DATA-2224,Story,To Do,High,issue_assigned
JR03505,2026-08-13 08:57:00,DEV302,DEVOPS-3617,Story,Done,Low,issue_created
JR03508,2026-08-13 09:05:00,DEV231,DEVOPS-4015,Story,Testing,High,comment_added
JR00615,2026-08-13 09:14:00,DEV041,DEVOPS-6788,Bug,Code Review,Low,issue_created
JR03195,2026-08-13 09:15:00,DEV089,DATA-618,Bug,In Progress,Low,status_changed
JR04971,2026-08-13 09:15:00,DEV048,DEVOPS-348,Improvement,Code Review,Medium,comment_added
JR02419,2026-08-13 09:16:00,DEV400,DATA-7620,Bug,Code Review,Critical,issue_updated
JR02893,2026-08-13 09:17:00,DEV367,DEVOPS-8039,Bug,Testing,Critical,status_changed
JR00681,2026-08-13 09:20:00,DEV317,DATA-4301,Bug,To Do,High,issue_updated
JR03630,2026-08-13 09:21:00,DEV062,COGNI-254,Task,Code Review,Medium,issue_assigned
JR01048,2026-08-13 09:23:00,DEV001,DATA-8314,Task,Done,Low,issue_updated
JR00985,2026-08-13 09:25:00,DEV405,DATA-4469,Story,Done,Low,status_changed
JR01767,2026-08-13 09:26:00,DEV156,COGNI-4438,Story,In Progress,High,issue_updated
JR03212,2026-08-13 09:26:00,DEV307,DATA-4170,Bug,Testing,Low,issue_created
JR01006,2026-08-13 09:30:00,DEV162,DEVOPS-3334,Improvement,To Do,High,issue_updated
JR04058,2026-08-13 09:34:00,DEV077,DATA-3043,Story,Code Review,High,issue_created
JR04830,2026-08-13 09:55:00,DEV181,DATA-3434,Task,Code Review,Medium,issue_created
JR02895,2026-08-13 10:07:00,DEV107,DEVOPS-4495,Story,Testing,Low,issue_assigned
JR01157,2026-08-13 10:29:00,DEV475,COGNI-2283,Bug,To Do,Medium,issue_updated
JR04854,2026-08-13 10:29:00,DEV476,COGNI-1570,Bug,Done,Critical,issue_assigned
JR00838,2026-08-13 10:31:00,DEV019,DEVOPS-8433,Improvement,Code Review,High,issue_assigned
JR03110,2026-08-13 10:40:00,DEV184,COGNI-4622,Task,To Do,Low,issue_updated
JR03774,2026-08-13 10:44:00,DEV147,DEVOPS-5343,Task,Testing,Low,issue_updated
JR02076,2026-08-13 10:45:00,DEV308,DATA-2934,Improvement,To Do,Low,issue_updated
JR04026,2026-08-13 10:56:00,DEV077,DEVOPS-3773,Improvement,Done,Low,status_changed
JR04408,2026-08-13 10:59:00,DEV499,DATA-5193,Task,Done,Critical,comment_added
JR00079,2026-08-13 11:00:00,DEV439,DATA-8071,Bug,Code Review,Critical,issue_updated
JR04364,2026-08-13 11:01:00,DEV476,DATA-3303,Story,Testing,Medium,issue_assigned
JR00824,2026-08-13 11:02:00,DEV475,DATA-6965,Bug,Testing,Critical,issue_updated
JR04468,2026-08-13 11:02:00,DEV065,DEVOPS-7039,Improvement,Code Review,Medium,issue_updated
JR02699,2026-08-13 11:05:00,DEV080,DEVOPS-9242,Improvement,In Progress,High,status_changed
JR04225,2026-08-13 11:07:00,DEV108,DEVOPS-7565,Improvement,Testing,Critical,issue_updated
JR01526,2026-08-13 11:08:00,DEV143,DATA-9036,Bug,In Progress,High,comment_added
JR01831,2026-08-13 11:09:00,DEV135,DEVOPS-5786,Improvement,In Progress,Medium,issue_created
JR03539,2026-08-13 11:09:00,DEV444,DATA-1411,Task,Done,Low,issue_assigned
JR00349,2026-08-13 11:10:00,DEV481,COGNI-2084,Task,Testing,High,issue_created
JR02571,2026-08-13 11:12:00,DEV261,DEVOPS-6822,Task,To Do,Medium,issue_assigned
JR03371,2026-08-13 11:12:00,DEV344,DEVOPS-9446,Story,In Progress,Medium,issue_updated
JR00237,2026-08-13 11:20:00,DEV369,COGNI-2191,Task,Code Review,Medium,comment_added
JR02227,2026-08-13 11:20:00,DEV389,DATA-1925,Bug,To Do,High,issue_updated
JR01350,2026-08-13 11:36:00,DEV439,DATA-1940,Task,Done,Medium,issue_created
JR00250,2026-08-13 11:37:00,DEV500,DEVOPS-9751,Improvement,In Progress,Low,issue_updated
JR00423,2026-08-13 11:39:00,DEV284,DEVOPS-9438,Bug,Code Review,Medium,comment_added
JR02706,2026-08-13 11:40:00,DEV481,COGNI-6575,Task,Testing,Low,comment_added
JR00077,2026-08-13 11:45:00,DEV397,DEVOPS-8755,Improvement,In Progress,Medium,comment_added
JR01295,2026-08-13 11:46:00,DEV410,DATA-1899,Bug,To Do,Medium,issue_created
JR03416,2026-08-13 11:46:00,DEV115,COGNI-9764,Improvement,Done,High,comment_added
JR00730,2026-08-13 11:48:00,DEV367,DEVOPS-3061,Story,To Do,Critical,status_changed
JR03260,2026-08-13 11:48:00,DEV463,COGNI-7990,Task,To Do,Medium,issue_assigned
JR01915,2026-08-13 11:49:00,DEV269,DATA-8273,Improvement,Testing,High,issue_assigned
JR01714,2026-08-13 12:07:00,DEV001,DATA-7859,Story,In Progress,High,issue_assigned
JR01154,2026-08-13 12:08:00,DEV420,COGNI-1075,Task,To Do,High,status_changed
JR02649,2026-08-13 12:16:00,DEV478,COGNI-8545,Bug,In Progress,Medium,issue_assigned
JR04308,2026-08-13 12:16:00,DEV238,COGNI-3943,Story,To Do,Medium,issue_created
JR03637,2026-08-13 12:18:00,DEV280,DEVOPS-2963,Task,Done,Critical,issue_assigned
JR04865,2026-08-13 12:21:00,DEV401,DEVOPS-4662,Story,To Do,High,issue_created
JR02037,2026-08-13 12:30:00,DEV289,COGNI-227,Bug,Code Review,Low,issue_updated
JR03367,2026-08-13 12:36:00,DEV218,DEVOPS-442,Bug,Done,Medium,status_changed
JR00943,2026-08-13 12:39:00,DEV467,DATA-722,Bug,Done,High,issue_created
JR00605,2026-08-13 12:42:00,DEV261,COGNI-4891,Bug,Code Review,Low,comment_added
JR02446,2026-08-13 12:42:00,DEV196,COGNI-4159,Bug,Done,High,issue_created
JR02650,2026-08-13 12:43:00,DEV123,DATA-7644,Improvement,To Do,Critical,issue_updated
JR03440,2026-08-13 12:49:00,DEV466,DATA-415,Task,Done,Critical,issue_updated
JR00974,2026-08-13 12:52:00,DEV337,DEVOPS-9602,Bug,In Progress,Medium,issue_created
JR04946,2026-08-13 12:58:00,DEV369,DATA-8095,Task,In Progress,Medium,issue_created
JR03278,2026-08-13 13:00:00,DEV069,DATA-7060,Task,Testing,Critical,comment_added
JR00150,2026-08-13 13:01:00,DEV444,DEVOPS-3998,Story,Testing,High,issue_updated
JR00173,2026-08-13 13:02:00,DEV053,COGNI-8366,Improvement,Done,Critical,issue_created
JR00030,2026-08-13 13:11:00,DEV145,COGNI-1682,Bug,Done,Critical,issue_updated
JR04030,2026-08-13 13:11:00,DEV178,DEVOPS-9011,Task,Code Review,Critical,comment_added
JR02759,2026-08-13 13:15:00,DEV389,DATA-8237,Story,Code Review,High,issue_assigned
JR01861,2026-08-13 13:18:00,DEV231,DEVOPS-9792,Bug,Testing,High,issue_created
JR03560,2026-08-13 13:26:00,DEV316,DEVOPS-5763,Bug,Done,Medium,status_changed
JR04861,2026-08-13 13:29:00,DEV094,DATA-2168,Improvement,To Do,Low,issue_updated
JR04863,2026-08-13 13:29:00,DEV433,DEVOPS-9419,Improvement,Done,High,status_changed
JR04587,2026-08-13 13:35:00,DEV232,COGNI-8760,Task,Testing,Medium,status_changed
JR04598,2026-08-13 13:40:00,DEV483,DATA-3536,Task,In Progress,Medium,issue_updated
JR01607,2026-08-13 14:00:00,DEV397,COGNI-4969,Bug,In Progress,High,issue_updated
JR02370,2026-08-13 14:02:00,DEV222,DATA-4529,Improvement,Testing,Medium,issue_assigned
JR04766,2026-08-13 14:12:00,DEV019,DATA-1609,Bug,Code Review,Medium,comment_added
JR04961,2026-08-13 14:20:00,DEV304,COGNI-4617,Bug,Done,Low,issue_created
JR00800,2026-08-13 14:21:00,DEV147,DATA-245,Bug,Testing,Critical,status_changed
JR03453,2026-08-13 14:25:00,DEV382,DEVOPS-8771,Improvement,Testing,Critical,status_changed
JR00959,2026-08-13 14:37:00,DEV083,COGNI-1851,Task,Done,Low,issue_updated
JR01463,2026-08-13 14:37:00,DEV294,DEVOPS-3016,Story,Done,High,issue_created
JR03872,2026-08-13 14:45:00,DEV133,COGNI-5996,Story,Done,Low,comment_added
JR04029,2026-08-13 14:50:00,DEV364,COGNI-2572,Improvement,Testing,Low,status_changed
JR01471,2026-08-13 14:54:00,DEV477,DEVOPS-576,Bug,Code Review,High,issue_assigned
JR02403,2026-08-13 15:01:00,DEV222,DEVOPS-2395,Task,Testing,Critical,comment_added
JR04326,2026-08-13 15:02:00,DEV338,COGNI-2191,Improvement,In Progress,Medium,issue_assigned
JR02887,2026-08-13 15:10:00,DEV028,DATA-7643,Story,Testing,Medium,issue_created
JR02009,2026-08-13 15:12:00,DEV378,COGNI-4444,Story,Done,Low,issue_created
JR03680,2026-08-13 15:12:00,DEV428,DEVOPS-8293,Story,Done,Low,issue_assigned
JR04266,2026-08-13 15:23:00,DEV231,DATA-519,Task,To Do,Critical,status_changed
JR02847,2026-08-13 15:24:00,DEV189,DEVOPS-1021,Story,In Progress,High,comment_added
JR04283,2026-08-13 15:24:00,DEV133,COGNI-8094,Improvement,To Do,Critical,issue_created
JR04516,2026-08-13 15:35:00,DEV213,COGNI-3075,Bug,In Progress,Critical,status_changed
JR04988,2026-08-13 15:37:00,DEV250,DEVOPS-5517,Bug,Done,Low,issue_created
JR02430,2026-08-13 15:45:00,DEV277,COGNI-2603,Improvement,In Progress,High,issue_assigned
JR02295,2026-08-13 15:50:00,DEV034,DATA-2697,Story,Done,Low,comment_added
JR02533,2026-08-13 15:53:00,DEV376,COGNI-4412,Task,Done,Low,issue_created
JR00655,2026-08-13 16:02:00,DEV428,DEVOPS-4812,Improvement,Done,Critical,issue_assigned
JR04334,2026-08-13 16:08:00,DEV120,DATA-2347,Story,In Progress,Low,issue_assigned
JR03972,2026-08-13 16:12:00,DEV499,DEVOPS-3231,Bug,Testing,High,issue_updated
JR00937,2026-08-13 16:13:00,DEV258,COGNI-462,Bug,In Progress,Low,status_changed
JR02040,2026-08-13 16:17:00,DEV117,COGNI-8245,Bug,To Do,High,issue_assigned
JR04902,2026-08-13 16:20:00,DEV407,DEVOPS-5010,Task,Testing,Low,issue_assigned
JR00063,2026-08-13 16:24:00,DEV067,DATA-4768,Bug,To Do,Critical,comment_added
JR03994,2026-08-13 16:27:00,DEV451,DATA-8782,Bug,Code Review,High,status_changed
JR00454,2026-08-13 16:28:00,DEV029,COGNI-1772,Story,Testing,Medium,status_changed
JR00241,2026-08-13 16:31:00,DEV374,DEVOPS-404,Bug,In Progress,Low,issue_updated
JR02020,2026-08-13 16:34:00,DEV003,DATA-879,Task,Testing,Low,issue_updated
JR01287,2026-08-13 16:39:00,DEV167,DEVOPS-7473,Bug,Code Review,Low,issue_created
JR04889,2026-08-13 16:44:00,DEV216,DATA-273,Bug,Code Review,Low,issue_assigned
JR02477,2026-08-13 16:46:00,DEV137,DEVOPS-3790,Story,To Do,Low,issue_assigned
JR03240,2026-08-13 16:47:00,DEV022,DEVOPS-7059,Story,In Progress,Medium,comment_added
JR00835,2026-08-13 16:51:00,DEV436,COGNI-209,Task,Testing,High,status_changed
JR04467,2026-08-13 16:55:00,DEV054,DEVOPS-6773,Story,Code Review,Medium,issue_assigned
JR01225,2026-08-13 16:56:00,DEV449,DEVOPS-3981,Task,In Progress,Medium,status_changed
JR03266,2026-08-13 16:58:00,DEV341,DATA-1013,Improvement,In Progress,Critical,comment_added
JR02086,2026-08-13 17:07:00,DEV141,DEVOPS-2947,Story,Done,Medium,comment_added
JR02703,2026-08-13 17:07:00,DEV230,DEVOPS-2508,Improvement,Done,High,issue_assigned
JR02089,2026-08-13 17:08:00,DEV443,DATA-5669,Improvement,Done,Critical,issue_updated
JR04226,2026-08-13 17:17:00,DEV304,DEVOPS-3429,Story,To Do,Critical,status_changed
JR04916,2026-08-13 17:18:00,DEV268,COGNI-4337,Task,Testing,High,comment_added
JR00660,2026-08-13 17:22:00,DEV196,COGNI-2802,Bug,Testing,Medium,issue_assigned
JR02761,2026-08-13 17:33:00,DEV229,DEVOPS-3136,Bug,To Do,Critical,comment_added
JR00750,2026-08-13 17:35:00,DEV139,DEVOPS-2933,Bug,Testing,Medium,status_changed
JR03075,2026-08-13 17:39:00,DEV416,DATA-2780,Story,Code Review,Medium,issue_created
JR00010,2026-08-13 17:41:00,DEV338,DEVOPS-8628,Story,Code Review,High,status_changed
JR04573,2026-08-13 17:44:00,DEV075,DATA-8282,Task,Testing,Low,issue_created
JR03679,2026-08-13 17:47:00,DEV453,DEVOPS-200,Improvement,Testing,Critical,issue_assigned
JR03236,2026-08-13 17:54:00,DEV103,DEVOPS-2725,Story,To Do,Critical,issue_created
JR04036,2026-08-13 17:54:00,DEV147,DEVOPS-6604,Story,In Progress,Low,status_changed
JR01328,2026-08-13 17:58:00,DEV266,DEVOPS-3982,Task,In Progress,Critical,issue_updated
JR01360,2026-08-13 18:00:00,DEV075,DATA-1009,Story,Code Review,Critical,issue_created
JR01289,2026-08-13 18:04:00,DEV227,DEVOPS-3449,Story,Code Review,Critical,status_changed
JR00057,2026-08-13 18:07:00,DEV273,DEVOPS-7900,Task,Testing,Medium,issue_assigned
JR02012,2026-08-13 18:13:00,DEV145,DATA-9193,Bug,Code Review,Critical,status_changed
JR01242,2026-08-13 18:19:00,DEV391,DEVOPS-8702,Bug,In Progress,Medium,issue_created
JR03309,2026-08-13 18:30:00,DEV043,DEVOPS-1624,Improvement,Code Review,Critical,issue_assigned
JR02592,2026-08-13 18:42:00,DEV048,DEVOPS-4397,Bug,To Do,Medium,issue_assigned
JR00379,2026-08-13 18:43:00,DEV007,DATA-3587,Story,Code Review,Low,status_changed
JR00987,2026-08-13 18:43:00,DEV124,COGNI-2674,Improvement,In Progress,High,status_changed
JR00036,2026-08-13 18:44:00,DEV155,COGNI-4772,Improvement,Done,Medium,issue_assigned
JR02081,2026-08-13 18:49:00,DEV257,DEVOPS-2755,Bug,Done,Medium,issue_updated
JR00601,2026-08-13 18:54:00,DEV174,DATA-2904,Improvement,Code Review,High,status_changed
JR03013,2026-08-13 18:54:00,DEV248,DATA-5984,Bug,In Progress,High,issue_assigned
JR03376,2026-08-13 18:54:00,DEV180,COGNI-9464,Story,Code Review,Medium,status_changed
JR01540,2026-08-13 18:56:00,DEV250,DATA-3188,Story,Done,High,comment_added
JR04081,2026-08-13 18:59:00,DEV112,DEVOPS-9529,Bug,Code Review,High,issue_updated
JR03538,2026-08-13 19:00:00,DEV343,COGNI-7537,Task,Testing,High,issue_assigned
JR03789,2026-08-13 19:01:00,DEV286,DEVOPS-1145,Bug,Testing,Critical,issue_created
JR00153,2026-08-13 19:03:00,DEV098,DATA-9965,Bug,Done,Low,issue_assigned
JR04813,2026-08-13 19:06:00,DEV019,COGNI-2733,Bug,In Progress,High,issue_assigned
JR01181,2026-08-13 19:09:00,DEV276,COGNI-1212,Task,Done,Critical,issue_assigned
JR00322,2026-08-13 19:22:00,DEV397,DATA-8283,Bug,Done,High,comment_added
JR00929,2026-08-13 19:24:00,DEV264,COGNI-1964,Task,Code Review,High,comment_added
JR03686,2026-08-13 19:24:00,DEV042,COGNI-812,Improvement,Testing,Critical,issue_assigned
JR01749,2026-08-13 19:33:00,DEV179,COGNI-4828,Task,To Do,Critical,comment_added
JR00227,2026-08-13 19:38:00,DEV313,DEVOPS-6147,Bug,Code Review,Medium,issue_assigned
JR00710,2026-08-13 19:38:00,DEV471,COGNI-7890,Improvement,Code Review,High,comment_added
JR02007,2026-08-13 19:39:00,DEV264,DEVOPS-606,Story,Done,Medium,issue_assigned
JR04373,2026-08-13 19:39:00,DEV422,COGNI-2437,Story,To Do,High,issue_updated
JR03860,2026-08-13 19:42:00,DEV006,DATA-6406,Task,Code Review,Critical,issue_updated
JR02824,2026-08-13 19:45:00,DEV393,DATA-8227,Bug,In Progress,Low,issue_updated
JR01766,2026-08-13 19:53:00,DEV449,DATA-5686,Bug,Done,Medium,status_changed
JR00176,2026-08-13 19:58:00,DEV467,DEVOPS-8099,Story,In Progress,Critical,issue_assigned
JR04984,2026-08-13 20:00:00,DEV077,DEVOPS-9148,Improvement,To Do,Low,issue_updated
JR01094,2026-08-13 20:03:00,DEV023,DEVOPS-6852,Improvement,Code Review,High,status_changed
JR01819,2026-08-13 20:04:00,DEV444,DATA-5450,Bug,In Progress,Medium,status_changed
JR04230,2026-08-13 20:05:00,DEV353,DATA-1425,Story,To Do,Low,comment_added
JR02154,2026-08-13 20:06:00,DEV195,DEVOPS-1706,Task,Done,Critical,issue_updated
JR04708,2026-08-13 20:06:00,DEV228,DEVOPS-5734,Bug,Testing,Medium,status_changed
JR00693,2026-08-13 20:08:00,DEV477,COGNI-1055,Bug,Code Review,Low,status_changed
JR00442,2026-08-13 20:11:00,DEV225,COGNI-3302,Improvement,Code Review,Low,issue_assigned
JR02234,2026-08-13 20:11:00,DEV352,DEVOPS-9375,Bug,Testing,Critical,issue_assigned
JR02998,2026-08-13 20:12:00,DEV328,COGNI-6392,Bug,Done,High,comment_added
JR02654,2026-08-13 20:13:00,DEV349,DATA-3440,Task,In Progress,High,comment_added
JR00066,2026-08-13 20:20:00,DEV036,DEVOPS-9553,Bug,Done,Critical,issue_created
JR04350,2026-08-13 20:20:00,DEV250,COGNI-8729,Story,To Do,Medium,issue_updated
JR00858,2026-08-13 20:26:00,DEV283,DATA-7096,Improvement,In Progress,Low,issue_created
JR04217,2026-08-13 20:33:00,DEV480,DEVOPS-9550,Improvement,Testing,High,issue_assigned
JR04296,2026-08-13 20:37:00,DEV444,DEVOPS-434,Story,In Progress,Medium,comment_added
JR02752,2026-08-13 20:46:00,DEV253,DEVOPS-6456,Bug,To Do,Critical,issue_assigned
JR00410,2026-08-13 20:54:00,DEV290,COGNI-9846,Improvement,Testing,Critical,comment_added
JR04330,2026-08-13 20:54:00,DEV204,DATA-5669,Improvement,Code Review,Low,issue_updated
JR03286,2026-08-13 20:56:00,DEV008,COGNI-4589,Bug,In Progress,Medium,status_changed
JR03770,2026-08-13 21:04:00,DEV392,DEVOPS-2503,Story,Testing,Medium,issue_assigned
JR04886,2026-08-13 21:09:00,DEV086,DEVOPS-3663,Task,To Do,High,status_changed
JR04059,2026-08-13 21:11:00,DEV130,DATA-4247,Improvement,Done,Critical,issue_assigned
JR01382,2026-08-13 21:12:00,DEV318,DEVOPS-7581,Improvement,Done,High,comment_added
JR04689,2026-08-13 21:17:00,DEV295,DEVOPS-8283,Bug,Done,Low,comment_added
JR01957,2026-08-13 21:18:00,DEV263,DEVOPS-1223,Bug,In Progress,Low,status_changed
JR01385,2026-08-13 21:19:00,DEV363,DATA-2402,Task,Done,Critical,comment_added
JR00344,2026-08-13 21:46:00,DEV292,DATA-844,Task,Testing,Critical,issue_created
JR01725,2026-08-13 21:47:00,DEV482,DEVOPS-5477,Bug,Done,Medium,issue_updated
JR04285,2026-08-13 21:49:00,DEV304,DATA-4988,Bug,Testing,High,status_changed
JR02936,2026-08-13 21:50:00,DEV198,COGNI-584,Story,To Do,Critical,status_changed
JR04083,2026-08-13 21:54:00,DEV195,COGNI-713,Improvement,Done,Low,issue_assigned
JR03475,2026-08-13 21:58:00,DEV168,DATA-2920,Story,In Progress,Low,issue_created
JR02062,2026-08-13 22:01:00,DEV388,DATA-7683,Bug,To Do,Low,comment_added
JR04497,2026-08-13 22:03:00,DEV057,DEVOPS-1411,Story,In Progress,Critical,issue_created
JR01732,2026-08-13 22:11:00,DEV103,COGNI-1192,Story,In Progress,Low,comment_added
JR02156,2026-08-13 22:11:00,DEV430,DATA-371,Bug,In Progress,Medium,issue_updated
JR01434,2026-08-13 22:22:00,DEV024,DATA-9756,Story,Done,Medium,issue_assigned
JR04703,2026-08-13 22:24:00,DEV095,DATA-4781,Task,Done,Low,issue_updated
JR01409,2026-08-13 22:26:00,DEV189,DATA-7910,Improvement,To Do,Critical,issue_created
JR03268,2026-08-13 22:30:00,DEV305,COGNI-9197,Improvement,To Do,High,status_changed
JR03187,2026-08-13 22:31:00,DEV413,DEVOPS-4336,Improvement,In Progress,High,issue_updated
JR00338,2026-08-13 22:34:00,DEV429,COGNI-1382,Bug,Code Review,Critical,status_changed
JR03241,2026-08-13 22:35:00,DEV389,DEVOPS-7222,Task,Testing,High,issue_created
JR02318,2026-08-13 22:36:00,DEV352,DEVOPS-5368,Bug,Testing,High,comment_added
JR02779,2026-08-13 22:39:00,DEV033,COGNI-2990,Story,Testing,Low,issue_created
JR01367,2026-08-13 22:41:00,DEV389,COGNI-3919,Bug,In Progress,Critical,issue_updated
JR04123,2026-08-13 22:44:00,DEV212,COGNI-3813,Bug,To Do,Low,issue_assigned
JR00990,2026-08-13 22:46:00,DEV460,COGNI-9786,Bug,Testing,Critical,issue_updated
JR02517,2026-08-13 22:50:00,DEV220,DATA-1061,Bug,Done,Low,issue_created
JR02197,2026-08-13 22:52:00,DEV127,COGNI-1186,Story,In Progress,Low,comment_added
JR01241,2026-08-13 22:53:00,DEV235,DATA-1332,Bug,Code Review,Medium,issue_assigned
JR03296,2026-08-13 22:54:00,DEV307,COGNI-7671,Task,Code Review,Low,issue_updated
JR03350,2026-08-13 22:54:00,DEV214,DEVOPS-6096,Bug,Code Review,Low,issue_updated
JR00320,2026-08-13 22:56:00,DEV234,DEVOPS-5950,Story,To Do,Critical,issue_assigned
JR02392,2026-08-13 22:56:00,DEV063,DATA-9520,Story,In Progress,Critical,comment_added
JR02756,2026-08-13 22:56:00,DEV300,DEVOPS-8493,Improvement,Done,Critical,comment_added
JR04366,2026-08-13 23:06:00,DEV266,DEVOPS-2194,Task,To Do,High,issue_updated
JR02596,2026-08-13 23:08:00,DEV165,DEVOPS-9209,Story,Done,Medium,status_changed
JR01818,2026-08-13 23:09:00,DEV449,DEVOPS-4834,Task,Done,High,comment_added
JR02966,2026-08-13 23:12:00,DEV329,DATA-8503,Story,In Progress,Low,issue_assigned
JR03791,2026-08-13 23:15:00,DEV117,DEVOPS-3858,Story,To Do,Medium,issue_assigned
JR01521,2026-08-13 23:17:00,DEV344,DEVOPS-4216,Story,To Do,High,issue_assigned
JR00023,2026-08-13 23:26:00,DEV076,DATA-5471,Bug,To Do,Critical,issue_assigned
JR02569,2026-08-13 23:29:00,DEV060,COGNI-6592,Bug,Code Review,Medium,issue_created
JR04674,2026-08-13 23:34:00,DEV112,DEVOPS-1206,Bug,Code Review,Medium,status_changed
JR00026,2026-08-13 23:35:00,DEV322,COGNI-9359,Story,Testing,High,comment_added
JR03743,2026-08-13 23:39:00,DEV357,DATA-3954,Story,To Do,Critical,issue_created
JR02902,2026-08-13 23:41:00,DEV191,DATA-1085,Bug,In Progress,Medium,issue_created
JR02701,2026-08-13 23:48:00,DEV151,COGNI-5273,Improvement,In Progress,Medium,issue_assigned
JR03628,2026-08-13 23:56:00,DEV092,DATA-4432,Improvement,Testing,Critical,issue_updated
JR01027,2026-08-14 00:02:00,DEV092,DEVOPS-8051,Improvement,Done,High,status_changed
JR03798,2026-08-14 00:18:00,DEV043,DATA-5481,Task,Testing,Critical,status_changed
JR00919,2026-08-14 00:19:00,DEV233,DEVOPS-5469,Story,Testing,High,issue_assigned
JR03228,2026-08-14 00:21:00,DEV262,DEVOPS-8280,Story,Code Review,High,comment_added
JR04424,2026-08-14 00:26:00,DEV370,DEVOPS-4612,Improvement,Code Review,High,comment_added
JR01148,2026-08-14 00:33:00,DEV361,DATA-8719,Task,In Progress,Medium,issue_updated
JR03091,2026-08-14 00:34:00,DEV343,DEVOPS-3034,Bug,Done,Medium,issue_updated
JR03437,2026-08-14 00:34:00,DEV296,COGNI-4795,Bug,Code Review,Medium,issue_assigned
JR01529,2026-08-14 00:38:00,DEV382,COGNI-2526,Bug,Code Review,Low,issue_created
JR03873,2026-08-14 00:39:00,DEV038,DATA-4530,Story,Code Review,High,status_changed
JR01946,2026-08-14 00:42:00,DEV332,COGNI-3791,Bug,Code Review,High,comment_added
JR03821,2026-08-14 00:47:00,DEV025,COGNI-751,Story,To Do,Critical,comment_added
JR00401,2026-08-14 00:52:00,DEV282,DEVOPS-5829,Bug,Done,High,issue_updated
JR04400,2026-08-14 00:56:00,DEV419,DATA-9821,Story,Done,High,comment_added
JR01544,2026-08-14 00:58:00,DEV075,DATA-1937,Task,In Progress,High,issue_assigned
JR01668,2026-08-14 00:59:00,DEV186,DATA-1536,Improvement,To Do,Medium,issue_assigned
JR04616,2026-08-14 01:00:00,DEV397,COGNI-8717,Bug,Code Review,Low,issue_updated
JR03767,2026-08-14 01:08:00,DEV300,COGNI-6499,Story,Code Review,High,issue_updated
JR00234,2026-08-14 01:11:00,DEV484,DATA-6778,Story,Done,High,comment_added
JR04359,2026-08-14 01:18:00,DEV066,DATA-7401,Improvement,Testing,Medium,issue_assigned
JR04989,2026-08-14 01:19:00,DEV497,COGNI-4222,Story,To Do,Low,comment_added
JR04136,2026-08-14 01:21:00,DEV103,COGNI-3793,Story,In Progress,High,issue_updated
JR01705,2026-08-14 01:24:00,DEV323,DATA-4565,Task,In Progress,Critical,issue_assigned
JR01962,2026-08-14 01:25:00,DEV339,DATA-9089,Bug,Code Review,Low,issue_assigned
JR02639,2026-08-14 01:31:00,DEV209,DATA-812,Task,Done,High,issue_updated
JR01174,2026-08-14 01:36:00,DEV240,DEVOPS-4116,Story,Code Review,Low,status_changed
JR01572,2026-08-14 01:37:00,DEV171,COGNI-5287,Story,In Progress,Low,issue_created
JR00360,2026-08-14 01:39:00,DEV213,COGNI-6642,Task,Testing,Critical,issue_created
JR01438,2026-08-14 01:42:00,DEV396,DEVOPS-710,Story,Code Review,Critical,comment_added
JR03074,2026-08-14 01:55:00,DEV184,DEVOPS-9293,Bug,To Do,High,issue_created
JR04730,2026-08-14 02:00:00,DEV447,DATA-8101,Bug,Code Review,High,issue_created
JR00668,2026-08-14 02:02:00,DEV192,DEVOPS-3654,Bug,Done,Medium,status_changed
JR01662,2026-08-14 02:04:00,DEV116,DEVOPS-5827,Improvement,Done,High,issue_assigned
JR02180,2026-08-14 02:05:00,DEV401,DEVOPS-977,Task,Done,High,issue_updated
JR01663,2026-08-14 02:06:00,DEV185,DEVOPS-7184,Bug,Done,High,comment_added
JR03601,2026-08-14 02:12:00,DEV117,DEVOPS-511,Story,Code Review,Critical,status_changed
JR03958,2026-08-14 02:13:00,DEV082,DEVOPS-3643,Story,To Do,Low,status_changed
JR04033,2026-08-14 02:13:00,DEV146,COGNI-8144,Story,Done,Critical,comment_added
JR03369,2026-08-14 02:16:00,DEV214,DATA-8785,Bug,To Do,Critical,status_changed
JR04560,2026-08-14 02:17:00,DEV256,DATA-3149,Task,Done,High,issue_created
JR02087,2026-08-14 02:20:00,DEV421,COGNI-241,Story,Testing,Low,status_changed
JR03198,2026-08-14 02:27:00,DEV109,COGNI-5439,Improvement,In Progress,Medium,issue_created
JR03608,2026-08-14 02:27:00,DEV167,DEVOPS-5354,Bug,To Do,High,comment_added
JR01791,2026-08-14 02:31:00,DEV009,DATA-3383,Bug,Done,Critical,status_changed
JR02613,2026-08-14 02:31:00,DEV080,DATA-3432,Improvement,Done,Critical,issue_created
JR03230,2026-08-14 02:31:00,DEV022,COGNI-5762,Bug,Code Review,High,issue_created
JR00506,2026-08-14 02:32:00,DEV495,DATA-7485,Bug,In Progress,Critical,comment_added
JR00597,2026-08-14 02:34:00,DEV413,DATA-5159,Task,Done,High,issue_created
JR03733,2026-08-14 02:37:00,DEV061,DEVOPS-9498,Improvement,To Do,High,comment_added
JR03234,2026-08-14 02:53:00,DEV212,COGNI-9629,Task,Done,High,issue_created
JR02198,2026-08-14 02:55:00,DEV422,COGNI-6263,Task,Code Review,High,issue_updated
JR02764,2026-08-14 03:02:00,DEV484,COGNI-5134,Bug,Testing,High,status_changed
JR01171,2026-08-14 03:03:00,DEV161,COGNI-3216,Story,To Do,Critical,status_changed
JR03536,2026-08-14 03:05:00,DEV250,DATA-2397,Task,Done,Low,comment_added
JR01066,2026-08-14 03:09:00,DEV061,DEVOPS-9775,Story,Code Review,Low,issue_updated
JR02193,2026-08-14 03:15:00,DEV124,DATA-7495,Story,Done,Medium,status_changed
JR02469,2026-08-14 03:19:00,DEV442,DEVOPS-2290,Bug,Done,Medium,issue_created
JR03712,2026-08-14 03:31:00,DEV089,COGNI-5545,Task,To Do,Medium,issue_updated
JR01034,2026-08-14 03:35:00,DEV176,COGNI-3966,Improvement,Testing,Low,issue_updated
JR04877,2026-08-14 03:40:00,DEV004,DEVOPS-7434,Story,To Do,Low,issue_updated
JR01745,2026-08-14 03:57:00,DEV444,DEVOPS-7268,Bug,Done,Medium,comment_added
JR00449,2026-08-14 04:04:00,DEV237,DEVOPS-4060,Task,Done,Critical,issue_created
JR04051,2026-08-14 04:05:00,DEV126,DEVOPS-3640,Bug,In Progress,High,status_changed
JR01020,2026-08-14 04:09:00,DEV102,COGNI-5680,Story,Testing,Medium,issue_assigned
JR01013,2026-08-14 04:23:00,DEV240,COGNI-2096,Story,Code Review,Critical,status_changed
JR03250,2026-08-14 04:24:00,DEV251,COGNI-6287,Bug,Testing,Critical,issue_updated
JR03948,2026-08-14 04:25:00,DEV033,COGNI-8023,Bug,In Progress,High,issue_created
JR00725,2026-08-14 04:27:00,DEV223,DEVOPS-7101,Task,Done,Low,status_changed
JR00823,2026-08-14 04:28:00,DEV232,DEVOPS-5533,Task,In Progress,Low,issue_created
JR03202,2026-08-14 04:28:00,DEV412,COGNI-3391,Story,Testing,Medium,issue_assigned
JR04390,2026-08-14 04:28:00,DEV471,DEVOPS-2147,Task,Testing,Medium,issue_assigned
JR00437,2026-08-14 04:35:00,DEV332,DEVOPS-690,Improvement,In Progress,Low,issue_assigned
JR02023,2026-08-14 04:36:00,DEV313,DEVOPS-3215,Story,Testing,High,issue_updated
JR02819,2026-08-14 04:42:00,DEV422,DATA-2297,Improvement,Code Review,Critical,issue_assigned
JR02642,2026-08-14 04:44:00,DEV041,DATA-7286,Bug,In Progress,Medium,status_changed
JR02690,2026-08-14 04:50:00,DEV239,DEVOPS-2178,Story,Done,Low,comment_added
JR00300,2026-08-14 04:55:00,DEV169,COGNI-787,Bug,In Progress,Low,issue_assigned
JR01792,2026-08-14 04:55:00,DEV451,DEVOPS-8903,Bug,Code Review,Critical,status_changed
JR02437,2026-08-14 04:55:00,DEV191,DEVOPS-5207,Improvement,Testing,Critical,issue_updated
JR04490,2026-08-14 04:58:00,DEV146,DEVOPS-3713,Story,Code Review,Low,issue_updated
JR00769,2026-08-14 05:01:00,DEV031,COGNI-3963,Story,Testing,Low,issue_assigned
JR03600,2026-08-14 05:02:00,DEV464,DEVOPS-2215,Task,In Progress,High,issue_created
JR04929,2026-08-14 05:12:00,DEV103,DATA-442,Bug,Done,High,issue_created
JR04154,2026-08-14 05:23:00,DEV402,DEVOPS-4843,Bug,To Do,Low,issue_assigned
JR01897,2026-08-14 05:25:00,DEV092,DEVOPS-9490,Improvement,In Progress,Medium,comment_added
JR04752,2026-08-14 05:25:00,DEV126,DEVOPS-5430,Improvement,Testing,Critical,issue_assigned
JR01694,2026-08-14 05:27:00,DEV274,DEVOPS-655,Bug,In Progress,Medium,status_changed
JR03471,2026-08-14 05:33:00,DEV343,COGNI-345,Story,Done,Critical,status_changed
JR03954,2026-08-14 05:33:00,DEV416,COGNI-3370,Bug,In Progress,Medium,issue_updated
JR02944,2026-08-14 05:34:00,DEV450,DATA-3105,Story,In Progress,High,comment_added
JR02882,2026-08-14 05:37:00,DEV390,DATA-4276,Bug,In Progress,Critical,comment_added
JR02417,2026-08-14 05:44:00,DEV200,COGNI-2370,Task,Code Review,High,issue_created
JR00497,2026-08-14 05:55:00,DEV431,COGNI-1765,Bug,Done,High,issue_created
JR01108,2026-08-14 06:03:00,DEV361,DATA-4150,Story,In Progress,Medium,issue_created
JR02395,2026-08-14 06:03:00,DEV052,DATA-9143,Improvement,Done,Low,status_changed
JR01796,2026-08-14 06:04:00,DEV356,DATA-2055,Story,Testing,Critical,issue_assigned
JR00309,2026-08-14 06:08:00,DEV275,COGNI-6796,Improvement,To Do,High,issue_updated
JR02179,2026-08-14 06:11:00,DEV438,DATA-8887,Improvement,Done,Low,comment_added
JR01923,2026-08-14 06:16:00,DEV444,COGNI-1637,Task,To Do,Critical,issue_assigned
JR03347,2026-08-14 06:16:00,DEV265,DEVOPS-3299,Bug,Done,Critical,issue_updated
JR03660,2026-08-14 06:18:00,DEV067,COGNI-5852,Task,Testing,High,issue_updated
JR00056,2026-08-14 06:33:00,DEV212,DATA-3871,Improvement,Code Review,Low,comment_added
JR01025,2026-08-14 06:33:00,DEV086,DATA-7961,Bug,Done,Low,issue_updated
JR02050,2026-08-14 06:33:00,DEV346,DEVOPS-5285,Task,Code Review,Critical,status_changed
JR01481,2026-08-14 06:34:00,DEV255,COGNI-547,Bug,Testing,Critical,issue_assigned
JR04054,2026-08-14 06:35:00,DEV417,COGNI-7411,Story,To Do,Medium,comment_added
JR01896,2026-08-14 06:36:00,DEV309,DATA-5151,Task,To Do,Medium,issue_updated
JR04631,2026-08-14 06:38:00,DEV273,COGNI-7990,Story,To Do,Medium,status_changed
JR00729,2026-08-14 06:40:00,DEV233,DATA-5190,Task,Testing,Medium,issue_updated
JR00791,2026-08-14 06:47:00,DEV160,COGNI-1158,Task,Done,Medium,status_changed
JR04659,2026-08-14 06:49:00,DEV500,COGNI-5705,Bug,Code Review,Medium,issue_updated
JR00370,2026-08-14 06:54:00,DEV279,COGNI-5622,Improvement,To Do,Medium,issue_assigned
JR01257,2026-08-14 06:55:00,DEV006,DATA-8720,Bug,To Do,Low,status_changed
JR01052,2026-08-14 07:03:00,DEV044,DEVOPS-2989,Bug,Done,Medium,comment_added
JR04234,2026-08-14 07:15:00,DEV220,DATA-4079,Story,Done,Low,issue_updated
JR02077,2026-08-14 07:17:00,DEV119,DATA-3754,Bug,Testing,High,status_changed
JR04999,2026-08-14 07:26:00,DEV407,DATA-8010,Task,Code Review,Critical,status_changed
JR01635,2026-08-14 07:30:00,DEV492,COGNI-2973,Task,Done,High,issue_updated
JR03479,2026-08-14 07:34:00,DEV176,DATA-8308,Task,Testing,Critical,status_changed
JR03306,2026-08-14 07:35:00,DEV304,COGNI-7857,Improvement,To Do,Critical,issue_assigned
JR01365,2026-08-14 07:37:00,DEV209,DATA-5619,Story,Code Review,Low,issue_updated
JR02696,2026-08-14 07:37:00,DEV452,DEVOPS-3052,Improvement,To Do,Critical,issue_created
JR03429,2026-08-14 07:38:00,DEV215,DATA-746,Task,Done,Medium,issue_assigned
JR03778,2026-08-14 07:40:00,DEV132,COGNI-6309,Task,In Progress,Medium,comment_added
JR03816,2026-08-14 07:40:00,DEV247,DATA-821,Task,To Do,Low,status_changed
JR03252,2026-08-14 07:46:00,DEV461,COGNI-3902,Improvement,In Progress,High,comment_added
JR01247,2026-08-14 07:54:00,DEV445,DEVOPS-4389,Story,Code Review,High,issue_assigned
JR01042,2026-08-14 07:55:00,DEV291,DATA-2079,Improvement,Done,High,issue_created
JR01460,2026-08-14 07:56:00,DEV026,COGNI-7156,Bug,Done,High,comment_added
JR01880,2026-08-14 07:56:00,DEV061,DATA-8215,Story,Code Review,Critical,comment_added
JR01236,2026-08-14 08:08:00,DEV412,DATA-7591,Improvement,Testing,High,issue_updated
JR01040,2026-08-14 08:10:00,DEV277,DATA-5683,Improvement,Testing,Medium,issue_created
JR03605,2026-08-14 08:15:00,DEV414,DEVOPS-6499,Improvement,To Do,Critical,issue_updated
JR04624,2026-08-14 08:24:00,DEV156,DEVOPS-342,Improvement,Code Review,Critical,issue_created
JR04728,2026-08-14 08:24:00,DEV110,COGNI-6479,Bug,Done,Critical,issue_created
JR03648,2026-08-14 08:27:00,DEV410,DEVOPS-8215,Task,Done,Low,issue_created
JR02017,2026-08-14 08:28:00,DEV359,COGNI-7481,Bug,Done,Medium,issue_assigned
JR02049,2026-08-14 08:43:00,DEV396,DEVOPS-449,Improvement,To Do,Critical,status_changed
JR00361,2026-08-14 08:48:00,DEV341,COGNI-2486,Improvement,Testing,Medium,issue_assigned
JR02481,2026-08-14 08:56:00,DEV348,DEVOPS-7304,Bug,In Progress,High,status_changed
JR03454,2026-08-14 08:58:00,DEV299,DEVOPS-2627,Story,In Progress,Low,issue_updated
JR04299,2026-08-14 08:58:00,DEV457,COGNI-3910,Bug,Done,Critical,comment_added
JR01859,2026-08-14 09:00:00,DEV026,DATA-6426,Task,Testing,High,issue_assigned
JR00575,2026-08-14 09:04:00,DEV087,DATA-4600,Story,To Do,Low,issue_created
JR03465,2026-08-14 09:11:00,DEV445,DEVOPS-5597,Improvement,To Do,High,issue_updated
JR01559,2026-08-14 09:13:00,DEV364,DEVOPS-6681,Story,In Progress,Medium,issue_created
JR02153,2026-08-14 09:13:00,DEV078,DEVOPS-9597,Bug,Done,Critical,comment_added
JR03327,2026-08-14 09:13:00,DEV433,DATA-6958,Improvement,Done,Low,issue_assigned
JR02172,2026-08-14 09:14:00,DEV030,DEVOPS-7689,Improvement,Testing,Medium,comment_added
JR03563,2026-08-14 09:21:00,DEV321,DATA-3998,Improvement,In Progress,High,issue_assigned
JR01958,2026-08-14 09:27:00,DEV322,DATA-2365,Story,Code Review,Low,status_changed
JR00857,2026-08-14 09:29:00,DEV002,COGNI-9639,Bug,Testing,Critical,issue_created
JR02482,2026-08-14 09:30:00,DEV322,DEVOPS-777,Task,In Progress,Critical,comment_added
JR01500,2026-08-14 09:31:00,DEV302,DATA-9148,Story,Done,Critical,issue_updated
JR03691,2026-08-14 09:36:00,DEV078,DATA-7686,Improvement,To Do,High,issue_assigned
JR00775,2026-08-14 09:38:00,DEV485,DEVOPS-9354,Story,Testing,Medium,status_changed
JR01893,2026-08-14 09:41:00,DEV226,COGNI-7087,Bug,To Do,High,issue_created
JR00188,2026-08-14 09:47:00,DEV442,DATA-5418,Story,To Do,Low,comment_added
JR02127,2026-08-14 10:00:00,DEV448,COGNI-273,Story,Code Review,Low,issue_updated
JR02136,2026-08-14 10:00:00,DEV105,DATA-5498,Improvement,To Do,Low,issue_created
JR03396,2026-08-14 10:11:00,DEV114,DATA-7656,Story,Done,Critical,comment_added
JR03355,2026-08-14 10:12:00,DEV306,DEVOPS-4784,Story,Testing,Low,issue_updated
JR02304,2026-08-14 10:21:00,DEV034,COGNI-7961,Bug,In Progress,High,comment_added
JR00462,2026-08-14 10:22:00,DEV281,DATA-8106,Improvement,Done,Low,comment_added
JR02106,2026-08-14 10:26:00,DEV107,DATA-7203,Task,To Do,Critical,comment_added
JR03682,2026-08-14 10:28:00,DEV413,DEVOPS-1350,Task,To Do,Medium,issue_assigned
JR00815,2026-08-14 10:40:00,DEV006,COGNI-2096,Story,To Do,Medium,issue_updated
JR03069,2026-08-14 10:45:00,DEV301,COGNI-768,Story,In Progress,Low,issue_created
JR04199,2026-08-14 10:56:00,DEV101,DEVOPS-6159,Task,Testing,Medium,issue_assigned
JR04518,2026-08-14 11:05:00,DEV029,DEVOPS-4670,Bug,In Progress,Low,issue_created
JR03026,2026-08-14 11:09:00,DEV092,DATA-7379,Bug,In Progress,Critical,comment_added
JR01167,2026-08-14 11:10:00,DEV152,DEVOPS-1633,Task,To Do,Medium,issue_updated
JR02036,2026-08-14 11:17:00,DEV047,COGNI-8488,Improvement,To Do,Medium,issue_assigned
JR00744,2026-08-14 11:19:00,DEV059,DATA-6912,Improvement,Testing,High,comment_added
JR02588,2026-08-14 11:19:00,DEV446,COGNI-7068,Story,Testing,Low,comment_added
JR01425,2026-08-14 11:24:00,DEV137,COGNI-760,Story,Code Review,Low,issue_created
JR04936,2026-08-14 11:29:00,DEV159,COGNI-4489,Task,In Progress,Medium,issue_created
JR00012,2026-08-14 11:31:00,DEV366,DATA-4660,Improvement,Testing,Medium,issue_assigned
JR04966,2026-08-14 11:31:00,DEV269,DATA-7268,Story,Code Review,High,issue_updated
JR01907,2026-08-14 11:34:00,DEV059,COGNI-9028,Improvement,Testing,Low,status_changed
JR04151,2026-08-14 11:36:00,DEV323,COGNI-1047,Task,In Progress,High,comment_added
JR04130,2026-08-14 11:37:00,DEV017,DATA-1486,Bug,In Progress,Low,issue_assigned
JR04682,2026-08-14 11:49:00,DEV097,COGNI-8795,Improvement,Code Review,High,issue_updated
JR00707,2026-08-14 11:51:00,DEV207,DATA-4725,Story,Testing,Critical,comment_added
JR01115,2026-08-14 12:03:00,DEV059,DATA-4397,Story,Done,Medium,issue_updated
JR03593,2026-08-14 12:04:00,DEV453,DEVOPS-461,Task,Testing,Medium,issue_created
JR00712,2026-08-14 12:05:00,DEV331,COGNI-2257,Story,Done,Medium,issue_updated
JR03341,2026-08-14 12:09:00,DEV148,DEVOPS-7302,Task,Done,Medium,issue_assigned
JR02155,2026-08-14 12:11:00,DEV324,DEVOPS-8005,Task,Done,Critical,issue_assigned
JR02226,2026-08-14 12:11:00,DEV353,DATA-3359,Bug,Code Review,Medium,issue_assigned
JR04016,2026-08-14 12:13:00,DEV439,DATA-8223,Story,Testing,High,comment_added
JR02946,2026-08-14 12:15:00,DEV428,DEVOPS-1606,Task,In Progress,Medium,issue_assigned
JR04770,2026-08-14 12:15:00,DEV158,DATA-228,Improvement,In Progress,High,issue_created
JR03922,2026-08-14 12:24:00,DEV206,DEVOPS-6526,Bug,Testing,Medium,issue_updated
JR02797,2026-08-14 12:27:00,DEV255,DATA-8007,Task,Done,High,issue_assigned
JR03339,2026-08-14 12:28:00,DEV003,DATA-3055,Task,Done,Low,issue_created
JR02241,2026-08-14 12:32:00,DEV293,DEVOPS-9360,Task,Done,Low,status_changed
JR01709,2026-08-14 12:33:00,DEV203,DEVOPS-8949,Task,To Do,Critical,status_changed
JR04651,2026-08-14 12:42:00,DEV102,DATA-8749,Story,Code Review,Low,issue_updated
JR03636,2026-08-14 12:44:00,DEV068,COGNI-9154,Bug,In Progress,Medium,status_changed
JR01518,2026-08-14 12:45:00,DEV255,COGNI-5199,Bug,Done,Critical,issue_created
JR01543,2026-08-14 12:50:00,DEV419,COGNI-1984,Story,Done,Critical,issue_updated
JR00137,2026-08-14 12:54:00,DEV395,DATA-7275,Improvement,Done,High,comment_added
JR01494,2026-08-14 12:56:00,DEV337,COGNI-3657,Story,To Do,Medium,issue_created
JR04161,2026-08-14 13:03:00,DEV405,DEVOPS-4943,Story,Code Review,Critical,comment_added
JR04278,2026-08-14 13:04:00,DEV131,COGNI-2788,Improvement,To Do,Critical,issue_updated
JR03611,2026-08-14 13:06:00,DEV483,DEVOPS-4656,Improvement,In Progress,Critical,comment_added
JR04693,2026-08-14 13:11:00,DEV356,DEVOPS-2013,Story,Done,Low,issue_created
JR02290,2026-08-14 13:13:00,DEV375,DATA-7765,Task,To Do,Low,comment_added
JR04085,2026-08-14 13:13:00,DEV152,COGNI-4650,Story,In Progress,Critical,comment_added
JR02152,2026-08-14 13:14:00,DEV128,DATA-6294,Improvement,Testing,Critical,issue_updated
JR00846,2026-08-14 13:19:00,DEV151,COGNI-7140,Improvement,In Progress,Medium,issue_updated
JR01290,2026-08-14 13:30:00,DEV026,COGNI-9653,Improvement,In Progress,Critical,status_changed
JR04639,2026-08-14 13:32:00,DEV423,COGNI-9397,Story,In Progress,Medium,issue_created
JR01436,2026-08-14 13:34:00,DEV043,DEVOPS-3948,Improvement,Done,High,comment_added
JR02721,2026-08-14 13:37:00,DEV124,DATA-895,Story,Done,High,issue_created
JR04821,2026-08-14 13:42:00,DEV192,DEVOPS-9555,Bug,Code Review,Medium,comment_added
JR04458,2026-08-14 13:43:00,DEV178,DATA-6648,Bug,Done,High,comment_added
JR04650,2026-08-14 13:44:00,DEV009,COGNI-4420,Story,Done,High,issue_assigned
JR04839,2026-08-14 13:54:00,DEV005,COGNI-4313,Improvement,In Progress,Low,issue_updated
JR01435,2026-08-14 13:56:00,DEV069,DATA-5646,Improvement,In Progress,High,issue_created
JR01082,2026-08-14 13:57:00,DEV295,COGNI-2918,Improvement,Done,Critical,issue_created
JR00037,2026-08-14 14:03:00,DEV319,DATA-7014,Task,In Progress,Medium,issue_created
JR02600,2026-08-14 14:03:00,DEV125,DEVOPS-2160,Improvement,Testing,High,issue_assigned
JR02820,2026-08-14 14:03:00,DEV157,DATA-6049,Task,Done,Critical,issue_created
JR03005,2026-08-14 14:11:00,DEV111,DATA-7839,Improvement,Testing,Medium,status_changed
JR03486,2026-08-14 14:21:00,DEV343,DEVOPS-483,Story,Testing,High,issue_assigned
JR04769,2026-08-14 14:22:00,DEV500,DATA-1035,Task,Testing,Medium,status_changed
JR00447,2026-08-14 14:27:00,DEV152,COGNI-7804,Bug,Done,Low,status_changed
JR02612,2026-08-14 14:31:00,DEV005,COGNI-5597,Task,Done,Low,issue_created
JR04527,2026-08-14 14:48:00,DEV047,COGNI-6865,Task,To Do,Low,issue_created
JR00656,2026-08-14 14:49:00,DEV313,DATA-1495,Improvement,In Progress,Low,issue_assigned
JR01206,2026-08-14 14:49:00,DEV135,DATA-3866,Improvement,Code Review,High,issue_assigned
JR01366,2026-08-14 14:50:00,DEV057,DATA-6025,Improvement,To Do,High,issue_updated
JR04295,2026-08-14 14:50:00,DEV367,COGNI-9971,Task,Code Review,High,issue_assigned
JR03946,2026-08-14 14:56:00,DEV399,DEVOPS-5486,Task,Testing,High,comment_added
JR02003,2026-08-14 15:00:00,DEV096,DEVOPS-6041,Task,In Progress,Critical,issue_created
JR02362,2026-08-14 15:03:00,DEV162,DATA-2344,Bug,Code Review,Medium,issue_created
JR02438,2026-08-14 15:10:00,DEV437,COGNI-8132,Task,Done,High,issue_updated
JR00692,2026-08-14 15:22:00,DEV045,DATA-6183,Story,Testing,Critical,issue_created
JR04027,2026-08-14 15:22:00,DEV242,DATA-1593,Improvement,In Progress,Medium,comment_added
JR00639,2026-08-14 15:23:00,DEV236,DATA-6701,Bug,Done,Low,issue_updated
JR01505,2026-08-14 15:24:00,DEV221,DATA-8972,Bug,In Progress,High,issue_created
JR04186,2026-08-14 15:32:00,DEV173,DEVOPS-8373,Improvement,Code Review,Critical,issue_assigned
JR04351,2026-08-14 15:35:00,DEV486,COGNI-1877,Task,Testing,Low,issue_updated
JR04564,2026-08-14 15:35:00,DEV346,COGNI-1117,Story,Done,Low,issue_updated
JR02371,2026-08-14 15:36:00,DEV068,COGNI-6766,Improvement,In Progress,High,issue_assigned
JR04144,2026-08-14 15:36:00,DEV402,COGNI-1350,Bug,In Progress,Low,issue_created
JR03139,2026-08-14 15:39:00,DEV109,DATA-717,Bug,To Do,Low,issue_updated
JR04134,2026-08-14 15:46:00,DEV361,DATA-8233,Bug,To Do,High,status_changed
JR03776,2026-08-14 15:48:00,DEV096,DATA-4040,Story,To Do,Medium,status_changed
JR00680,2026-08-14 15:49:00,DEV088,DATA-5839,Improvement,Testing,High,issue_created
JR00708,2026-08-14 15:54:00,DEV460,DEVOPS-4488,Story,Code Review,Critical,comment_added
JR03571,2026-08-14 15:57:00,DEV399,COGNI-247,Story,In Progress,Medium,status_changed
JR02110,2026-08-14 15:58:00,DEV466,COGNI-4423,Task,Testing,Critical,status_changed
JR01922,2026-08-14 16:02:00,DEV359,DEVOPS-9668,Task,Done,Critical,issue_updated
JR00353,2026-08-14 16:04:00,DEV404,COGNI-3094,Bug,Code Review,Low,status_changed
JR03150,2026-08-14 16:16:00,DEV394,DATA-4929,Story,Testing,High,issue_assigned
JR03099,2026-08-14 16:19:00,DEV194,DATA-6764,Improvement,In Progress,Low,status_changed
JR01955,2026-08-14 16:20:00,DEV165,DEVOPS-7884,Improvement,In Progress,Critical,comment_added
JR04450,2026-08-14 16:23:00,DEV045,COGNI-2750,Bug,Done,Medium,issue_created
JR01068,2026-08-14 16:30:00,DEV313,COGNI-3409,Improvement,Done,Medium,issue_updated
JR04784,2026-08-14 16:30:00,DEV290,COGNI-1995,Improvement,Testing,High,issue_created
JR03010,2026-08-14 16:32:00,DEV459,COGNI-4690,Story,Code Review,High,status_changed
JR00325,2026-08-14 16:33:00,DEV325,DATA-3623,Story,In Progress,Critical,issue_updated
JR03142,2026-08-14 16:42:00,DEV193,DATA-666,Task,Testing,Critical,issue_assigned
JR02084,2026-08-14 16:45:00,DEV020,COGNI-9381,Task,To Do,Critical,comment_added
JR03016,2026-08-14 16:48:00,DEV325,DEVOPS-3521,Bug,Code Review,Critical,issue_updated
JR02967,2026-08-14 16:49:00,DEV016,DEVOPS-9796,Story,Testing,Low,issue_updated
JR00705,2026-08-14 16:51:00,DEV183,DEVOPS-8897,Task,Testing,Low,issue_assigned
JR01909,2026-08-14 16:55:00,DEV095,DATA-3083,Bug,Code Review,Low,issue_created
JR02715,2026-08-14 16:55:00,DEV348,DEVOPS-1122,Task,To Do,Medium,issue_created
JR04939,2026-08-14 16:56:00,DEV019,COGNI-2825,Bug,To Do,High,issue_created
JR03857,2026-08-14 16:57:00,DEV474,DEVOPS-1873,Improvement,In Progress,Critical,issue_updated
JR04626,2026-08-14 17:02:00,DEV208,DATA-4277,Story,Code Review,Medium,issue_updated
JR01118,2026-08-14 17:03:00,DEV134,COGNI-5948,Bug,Code Review,High,issue_updated
JR01268,2026-08-14 17:04:00,DEV133,DEVOPS-7269,Improvement,Code Review,Critical,status_changed
JR03804,2026-08-14 17:09:00,DEV128,DATA-4033,Improvement,Done,Medium,issue_updated
JR01547,2026-08-14 17:10:00,DEV373,COGNI-4776,Story,Code Review,Medium,issue_created
JR03797,2026-08-14 17:18:00,DEV290,COGNI-8854,Story,Code Review,Critical,comment_added
JR00390,2026-08-14 17:20:00,DEV296,COGNI-5456,Story,In Progress,Medium,issue_created
JR00916,2026-08-14 17:20:00,DEV211,DEVOPS-2577,Task,To Do,Critical,issue_assigned
JR02505,2026-08-14 17:24:00,DEV170,DATA-5337,Improvement,To Do,Critical,issue_assigned
JR03205,2026-08-14 17:28:00,DEV410,COGNI-2516,Story,To Do,Critical,comment_added
JR02347,2026-08-14 17:29:00,DEV187,COGNI-788,Improvement,Testing,Critical,comment_added
JR00398,2026-08-14 17:34:00,DEV457,DATA-4287,Story,In Progress,Low,issue_created
JR00772,2026-08-14 17:36:00,DEV062,DEVOPS-9229,Task,In Progress,Critical,issue_updated
JR02537,2026-08-14 17:42:00,DEV158,DEVOPS-511,Task,To Do,Critical,issue_created
JR04731,2026-08-14 17:44:00,DEV219,COGNI-4414,Story,In Progress,High,status_changed
JR01802,2026-08-14 17:47:00,DEV300,DEVOPS-5998,Bug,Done,High,issue_created
JR01017,2026-08-14 17:57:00,DEV476,DEVOPS-2307,Story,Testing,Low,issue_updated
JR00084,2026-08-14 18:01:00,DEV032,DEVOPS-9473,Bug,In Progress,Low,issue_assigned
JR01967,2026-08-14 18:01:00,DEV024,DEVOPS-1514,Bug,To Do,Medium,issue_created
JR00069,2026-08-14 18:02:00,DEV426,DEVOPS-306,Improvement,Done,Medium,issue_updated
JR00482,2026-08-14 18:06:00,DEV086,COGNI-1742,Story,Testing,High,status_changed
JR00540,2026-08-14 18:11:00,DEV398,DEVOPS-6143,Improvement,To Do,Medium,issue_updated
JR01974,2026-08-14 18:15:00,DEV470,COGNI-6959,Improvement,In Progress,Critical,issue_assigned
JR02186,2026-08-14 18:31:00,DEV227,COGNI-407,Improvement,Done,Low,status_changed
JR03210,2026-08-14 18:33:00,DEV387,COGNI-4160,Story,Done,Critical,issue_updated
JR02146,2026-08-14 18:35:00,DEV145,DATA-8594,Task,Code Review,High,status_changed
JR04181,2026-08-14 18:36:00,DEV454,DATA-5777,Story,Done,Medium,issue_created
JR03261,2026-08-14 18:42:00,DEV322,DATA-8987,Story,Code Review,High,issue_created
JR00636,2026-08-14 18:49:00,DEV482,COGNI-8711,Improvement,In Progress,Critical,issue_updated
JR04418,2026-08-14 18:54:00,DEV086,COGNI-7174,Improvement,To Do,Medium,comment_added
JR02436,2026-08-14 19:03:00,DEV002,DATA-4917,Story,In Progress,Low,issue_assigned
JR01677,2026-08-14 19:08:00,DEV127,COGNI-6607,Story,To Do,Medium,issue_assigned
JR02538,2026-08-14 19:11:00,DEV409,DATA-1570,Task,Done,Medium,issue_assigned
JR03667,2026-08-14 19:15:00,DEV407,COGNI-6033,Bug,In Progress,Critical,issue_created
JR03181,2026-08-14 19:22:00,DEV169,COGNI-2786,Story,Testing,Medium,status_changed
JR03623,2026-08-14 19:22:00,DEV493,COGNI-2284,Task,To Do,Low,status_changed
JR00019,2026-08-14 19:28:00,DEV018,DEVOPS-7752,Task,In Progress,Medium,status_changed
JR02464,2026-08-14 19:28:00,DEV096,COGNI-340,Story,Code Review,Critical,issue_created
JR00516,2026-08-14 19:35:00,DEV062,COGNI-672,Story,Testing,Medium,status_changed
JR03979,2026-08-14 19:43:00,DEV329,DEVOPS-9375,Task,To Do,Low,issue_created
JR01644,2026-08-14 19:48:00,DEV242,COGNI-2778,Task,To Do,Medium,issue_created
JR02000,2026-08-14 19:49:00,DEV307,DEVOPS-8628,Bug,Testing,Low,issue_created
JR01899,2026-08-14 19:51:00,DEV029,DEVOPS-2148,Story,To Do,Critical,status_changed
JR00677,2026-08-14 19:57:00,DEV323,COGNI-6636,Story,Code Review,Low,issue_updated
JR02025,2026-08-14 19:58:00,DEV374,DATA-4964,Story,To Do,Low,issue_updated
JR01076,2026-08-14 19:59:00,DEV071,DATA-7625,Improvement,Testing,High,status_changed
JR00726,2026-08-14 20:00:00,DEV397,COGNI-3177,Story,Done,Low,issue_assigned
JR00412,2026-08-14 20:02:00,DEV456,COGNI-6684,Story,To Do,High,issue_updated
JR04963,2026-08-14 20:04:00,DEV144,COGNI-711,Task,Testing,Medium,comment_added
JR03446,2026-08-14 20:11:00,DEV205,DATA-9933,Improvement,Testing,High,status_changed
JR03788,2026-08-14 20:12:00,DEV261,COGNI-3623,Improvement,Testing,Critical,issue_assigned
JR04329,2026-08-14 20:15:00,DEV479,DATA-2044,Improvement,Testing,Medium,issue_updated
JR01213,2026-08-14 20:48:00,DEV223,DEVOPS-6392,Improvement,Code Review,Low,status_changed
JR02952,2026-08-14 20:49:00,DEV054,DEVOPS-9917,Task,To Do,Critical,issue_updated
JR02736,2026-08-14 21:00:00,DEV075,DEVOPS-1217,Story,Code Review,Critical,comment_added
JR00149,2026-08-14 21:01:00,DEV069,COGNI-5810,Story,Code Review,High,status_changed
JR04679,2026-08-14 21:06:00,DEV112,DEVOPS-1056,Task,Testing,Low,issue_updated
JR02559,2026-08-14 21:07:00,DEV005,COGNI-5903,Task,In Progress,Critical,issue_updated
JR02256,2026-08-14 21:08:00,DEV116,DEVOPS-1316,Task,To Do,High,issue_assigned
JR01000,2026-08-14 21:09:00,DEV461,COGNI-5422,Story,In Progress,Critical,issue_created
JR00607,2026-08-14 21:10:00,DEV033,COGNI-6852,Task,In Progress,Low,issue_assigned
JR03301,2026-08-14 21:10:00,DEV435,COGNI-1760,Task,Code Review,High,status_changed
JR03936,2026-08-14 21:18:00,DEV091,DEVOPS-1553,Task,To Do,Critical,issue_updated
JR03231,2026-08-14 21:19:00,DEV053,DATA-7825,Bug,Code Review,Critical,issue_updated
JR02249,2026-08-14 21:20:00,DEV195,DATA-410,Improvement,Done,High,issue_assigned
JR01449,2026-08-14 21:31:00,DEV481,COGNI-8260,Task,Testing,High,status_changed
JR01951,2026-08-14 21:34:00,DEV155,COGNI-3637,Improvement,Testing,Low,issue_created
JR03442,2026-08-14 21:35:00,DEV079,COGNI-6744,Story,Done,Medium,issue_updated
JR03353,2026-08-14 21:36:00,DEV368,DEVOPS-8674,Story,In Progress,Critical,issue_updated
JR01856,2026-08-14 21:40:00,DEV393,DATA-1993,Improvement,In Progress,High,issue_assigned
JR01924,2026-08-14 21:43:00,DEV318,DEVOPS-1423,Bug,Code Review,Medium,issue_created
JR04445,2026-08-14 21:44:00,DEV270,DATA-9670,Task,To Do,Critical,comment_added
JR04654,2026-08-14 21:47:00,DEV110,DEVOPS-1747,Story,Testing,Low,issue_created
JR03055,2026-08-14 21:50:00,DEV169,COGNI-604,Task,In Progress,High,status_changed
JR01297,2026-08-14 21:55:00,DEV153,DATA-2184,Bug,To Do,Critical,issue_updated
JR00917,2026-08-14 21:58:00,DEV390,DEVOPS-447,Task,Testing,Critical,issue_assigned
JR03380,2026-08-14 21:59:00,DEV391,DEVOPS-6307,Story,In Progress,Low,comment_added
JR04700,2026-08-14 22:00:00,DEV039,DEVOPS-4753,Bug,In Progress,High,status_changed
JR00829,2026-08-14 22:01:00,DEV206,DEVOPS-6224,Improvement,Code Review,High,issue_created
JR02379,2026-08-14 22:07:00,DEV147,DEVOPS-8721,Improvement,To Do,Medium,status_changed
JR03119,2026-08-14 22:19:00,DEV439,DATA-7665,Task,In Progress,Critical,issue_created
JR03374,2026-08-14 22:27:00,DEV318,DATA-368,Story,Done,Critical,issue_created
JR01659,2026-08-14 22:28:00,DEV287,DATA-4788,Improvement,Testing,Medium,issue_updated
JR03473,2026-08-14 22:28:00,DEV394,COGNI-7144,Improvement,To Do,Critical,issue_updated
JR04829,2026-08-14 22:30:00,DEV317,DATA-1739,Improvement,Testing,Low,issue_assigned
JR00647,2026-08-14 22:31:00,DEV034,COGNI-4048,Task,Done,Critical,issue_assigned
JR01394,2026-08-14 22:34:00,DEV484,DEVOPS-6793,Bug,Code Review,High,issue_assigned
JR02805,2026-08-14 22:34:00,DEV001,COGNI-3149,Task,To Do,Medium,issue_assigned
JR01727,2026-08-14 22:40:00,DEV218,DATA-4649,Task,In Progress,High,comment_added
JR01313,2026-08-14 22:43:00,DEV206,COGNI-8053,Story,Done,High,status_changed
JR01015,2026-08-14 22:46:00,DEV359,DEVOPS-3297,Bug,Testing,Medium,status_changed
JR01658,2026-08-14 22:47:00,DEV213,DEVOPS-2472,Bug,Testing,High,issue_created
JR04244,2026-08-14 23:00:00,DEV403,DATA-302,Story,To Do,High,issue_created
JR01577,2026-08-14 23:01:00,DEV218,DEVOPS-3286,Bug,Done,Critical,status_changed
JR01308,2026-08-14 23:02:00,DEV241,DEVOPS-7142,Improvement,Testing,Low,issue_updated
JR04383,2026-08-14 23:05:00,DEV002,DEVOPS-8426,Story,Code Review,Critical,status_changed
JR01368,2026-08-14 23:08:00,DEV251,DEVOPS-4678,Improvement,Code Review,Low,issue_assigned
JR02462,2026-08-14 23:09:00,DEV275,COGNI-2712,Task,Done,High,issue_assigned
JR02870,2026-08-14 23:23:00,DEV237,COGNI-2028,Improvement,To Do,Medium,issue_updated
JR01200,2026-08-14 23:24:00,DEV291,DEVOPS-1612,Task,Testing,Low,issue_created
JR01161,2026-08-14 23:26:00,DEV474,DATA-1560,Improvement,To Do,High,status_changed
JR01822,2026-08-14 23:28:00,DEV250,COGNI-6969,Task,Testing,High,comment_added
JR02668,2026-08-14 23:29:00,DEV135,DATA-1399,Story,Done,Critical,issue_updated
JR03113,2026-08-14 23:29:00,DEV438,DATA-3493,Story,In Progress,High,comment_added
JR00969,2026-08-14 23:34:00,DEV442,DATA-5923,Bug,Code Review,Low,issue_created
JR02724,2026-08-14 23:38:00,DEV399,COGNI-7230,Bug,To Do,Low,issue_updated
JR02335,2026-08-14 23:41:00,DEV190,COGNI-6747,Bug,Done,Low,status_changed
JR04875,2026-08-14 23:50:00,DEV246,DEVOPS-6555,Story,In Progress,Critical,status_changed
JR01427,2026-08-15 00:05:00,DEV364,DATA-2186,Bug,To Do,High,comment_added
JR01895,2026-08-15 00:19:00,DEV393,DATA-5792,Bug,To Do,Low,issue_updated
JR02889,2026-08-15 00:21:00,DEV015,DEVOPS-8867,Bug,In Progress,Medium,issue_created
JR03690,2026-08-15 00:31:00,DEV109,COGNI-2060,Improvement,In Progress,Low,status_changed
JR03047,2026-08-15 00:32:00,DEV496,COGNI-8238,Story,Testing,Low,issue_assigned
JR00755,2026-08-15 00:43:00,DEV246,DATA-2146,Story,Done,Medium,issue_updated
JR04153,2026-08-15 00:47:00,DEV337,COGNI-3048,Story,Testing,Critical,issue_assigned
JR01292,2026-08-15 00:49:00,DEV078,COGNI-3808,Story,To Do,Low,status_changed
JR02199,2026-08-15 00:50:00,DEV397,COGNI-9459,Improvement,Done,Critical,issue_created
JR04379,2026-08-15 00:58:00,DEV007,COGNI-4278,Improvement,Code Review,Medium,comment_added
JR02150,2026-08-15 01:00:00,DEV077,COGNI-8928,Story,Done,High,issue_updated
JR02830,2026-08-15 01:04:00,DEV230,DATA-8378,Improvement,In Progress,Low,status_changed
JR03226,2026-08-15 01:09:00,DEV399,COGNI-4933,Story,Testing,Critical,issue_created
JR04313,2026-08-15 01:12:00,DEV090,DATA-3498,Bug,Code Review,Medium,issue_updated
JR01387,2026-08-15 01:16:00,DEV337,COGNI-980,Bug,Code Review,Low,issue_updated
JR03220,2026-08-15 01:22:00,DEV379,COGNI-5263,Task,Testing,Critical,status_changed
JR02689,2026-08-15 01:25:00,DEV310,DATA-6915,Bug,To Do,High,issue_created
JR02191,2026-08-15 01:26:00,DEV146,DATA-8907,Story,Done,High,issue_updated
JR04853,2026-08-15 01:44:00,DEV206,DATA-1853,Improvement,Code Review,Medium,issue_updated
JR00792,2026-08-15 01:49:00,DEV451,DATA-9166,Bug,To Do,Low,comment_added
JR01646,2026-08-15 01:49:00,DEV296,DEVOPS-4927,Task,To Do,High,issue_updated
JR01976,2026-08-15 01:51:00,DEV237,DATA-4685,Task,Testing,Medium,issue_created
JR00130,2026-08-15 01:54:00,DEV029,DATA-3499,Task,Code Review,Medium,status_changed
JR04907,2026-08-15 01:54:00,DEV167,DATA-9824,Story,Done,High,status_changed
JR04455,2026-08-15 01:56:00,DEV411,DEVOPS-4481,Task,In Progress,High,issue_created
JR00119,2026-08-15 01:59:00,DEV423,COGNI-2931,Story,To Do,Low,status_changed
JR00324,2026-08-15 02:05:00,DEV178,DATA-1178,Improvement,Code Review,Medium,issue_updated
JR04506,2026-08-15 02:12:00,DEV394,DEVOPS-7070,Improvement,To Do,Medium,issue_assigned
JR02520,2026-08-15 02:13:00,DEV227,DATA-5615,Bug,Testing,High,issue_assigned
JR00175,2026-08-15 02:17:00,DEV378,DATA-1715,Story,Testing,Medium,issue_updated
JR00304,2026-08-15 02:23:00,DEV078,DATA-211,Task,Done,Low,issue_updated
JR02663,2026-08-15 02:23:00,DEV087,DATA-8213,Task,To Do,High,issue_created
JR04148,2026-08-15 02:23:00,DEV179,DEVOPS-9553,Improvement,Done,High,status_changed
JR00164,2026-08-15 02:25:00,DEV276,DEVOPS-5504,Story,Done,Low,issue_created
JR02648,2026-08-15 02:25:00,DEV087,DEVOPS-8727,Story,Code Review,Critical,issue_assigned
JR00295,2026-08-15 02:26:00,DEV229,DATA-4983,Improvement,Code Review,Low,issue_created
JR03799,2026-08-15 02:26:00,DEV168,DEVOPS-8340,Story,Done,Low,comment_added
JR01424,2026-08-15 02:32:00,DEV371,DATA-1303,Improvement,Code Review,Critical,status_changed
JR00252,2026-08-15 02:36:00,DEV171,COGNI-7623,Improvement,In Progress,High,issue_assigned
JR03477,2026-08-15 02:38:00,DEV437,DEVOPS-9573,Story,Done,Medium,issue_assigned
JR03267,2026-08-15 02:47:00,DEV064,COGNI-5986,Improvement,Testing,High,status_changed
JR04819,2026-08-15 02:51:00,DEV037,DATA-5564,Bug,Done,Medium,issue_updated
JR02926,2026-08-15 02:52:00,DEV103,DATA-6382,Task,In Progress,High,issue_updated
JR03259,2026-08-15 02:55:00,DEV228,DEVOPS-4684,Task,To Do,High,comment_added
JR02964,2026-08-15 02:58:00,DEV315,DEVOPS-7893,Story,In Progress,Low,issue_updated
JR03219,2026-08-15 03:05:00,DEV352,COGNI-6642,Improvement,In Progress,High,issue_assigned
JR03184,2026-08-15 03:20:00,DEV370,DATA-648,Improvement,Testing,Low,issue_created
JR02901,2026-08-15 03:28:00,DEV431,DATA-4594,Story,To Do,High,issue_created
JR02108,2026-08-15 03:33:00,DEV397,DATA-4196,Task,To Do,Medium,issue_updated
JR02610,2026-08-15 03:36:00,DEV219,DATA-6689,Improvement,Testing,High,comment_added
JR02620,2026-08-15 03:41:00,DEV252,DATA-9873,Story,To Do,Low,status_changed
JR00686,2026-08-15 03:47:00,DEV323,DATA-7857,Story,Code Review,High,comment_added
JR03723,2026-08-15 03:51:00,DEV140,DEVOPS-7651,Task,To Do,Low,issue_assigned
JR03039,2026-08-15 03:52:00,DEV498,DEVOPS-2055,Improvement,Done,Medium,status_changed
JR01939,2026-08-15 03:58:00,DEV231,DATA-5764,Task,Done,Critical,issue_updated
JR02312,2026-08-15 04:02:00,DEV168,DEVOPS-3614,Story,Code Review,High,issue_created
JR02844,2026-08-15 04:03:00,DEV353,DATA-1390,Improvement,Done,High,issue_updated
JR04774,2026-08-15 04:03:00,DEV030,COGNI-6818,Story,Testing,Critical,comment_added
JR00642,2026-08-15 04:12:00,DEV349,DEVOPS-7268,Story,To Do,Critical,comment_added
JR04900,2026-08-15 04:19:00,DEV271,DEVOPS-9979,Task,Code Review,Medium,issue_updated
JR00440,2026-08-15 04:21:00,DEV015,DEVOPS-1259,Story,To Do,Low,comment_added
JR02134,2026-08-15 04:26:00,DEV497,DATA-2994,Improvement,To Do,Critical,issue_created
JR02458,2026-08-15 04:26:00,DEV090,DATA-8102,Bug,Done,Medium,issue_created
JR02598,2026-08-15 04:34:00,DEV216,DEVOPS-5119,Bug,Testing,Low,issue_assigned
JR00120,2026-08-15 04:35:00,DEV172,COGNI-7548,Task,In Progress,High,issue_created
JR01177,2026-08-15 04:38:00,DEV067,DEVOPS-218,Story,Done,Low,issue_updated
JR03643,2026-08-15 04:39:00,DEV452,DEVOPS-8691,Bug,In Progress,Medium,comment_added
JR00561,2026-08-15 04:40:00,DEV079,COGNI-4660,Bug,Done,Low,comment_added
JR00397,2026-08-15 04:42:00,DEV425,DEVOPS-6679,Task,To Do,Medium,issue_assigned
JR04140,2026-08-15 04:42:00,DEV473,COGNI-7584,Story,Code Review,High,status_changed
JR03222,2026-08-15 04:59:00,DEV451,COGNI-6759,Task,Done,Critical,issue_assigned
JR03801,2026-08-15 05:05:00,DEV076,DEVOPS-1714,Bug,Code Review,High,issue_updated
JR01886,2026-08-15 05:23:00,DEV442,DATA-3188,Story,To Do,Medium,issue_assigned
JR02123,2026-08-15 05:27:00,DEV376,DATA-6552,Task,Testing,High,status_changed
JR03719,2026-08-15 05:30:00,DEV090,DATA-2828,Story,In Progress,High,issue_updated
JR00445,2026-08-15 05:34:00,DEV500,COGNI-1703,Task,In Progress,Low,comment_added
JR01128,2026-08-15 05:38:00,DEV308,COGNI-5844,Story,Done,High,comment_added
JR04135,2026-08-15 05:38:00,DEV116,DATA-1837,Story,Code Review,Low,issue_created
JR00514,2026-08-15 05:41:00,DEV119,DEVOPS-5967,Bug,Code Review,Medium,issue_assigned
JR01864,2026-08-15 05:41:00,DEV482,COGNI-9224,Task,Done,Medium,comment_added
JR03492,2026-08-15 05:47:00,DEV347,DEVOPS-2429,Improvement,Done,Critical,issue_updated
JR01582,2026-08-15 05:48:00,DEV396,COGNI-9783,Bug,In Progress,Medium,status_changed
JR03965,2026-08-15 05:56:00,DEV369,DATA-2875,Story,To Do,Low,status_changed
JR04347,2026-08-15 06:03:00,DEV415,DEVOPS-8012,Improvement,To Do,Critical,comment_added
JR01975,2026-08-15 06:13:00,DEV399,COGNI-6216,Improvement,In Progress,Medium,comment_added
JR01326,2026-08-15 06:14:00,DEV459,DEVOPS-9068,Story,Code Review,Low,issue_updated
JR00673,2026-08-15 06:16:00,DEV055,DATA-7445,Story,Code Review,High,status_changed
JR00416,2026-08-15 06:21:00,DEV190,DATA-6705,Improvement,Done,High,issue_assigned
JR04314,2026-08-15 06:21:00,DEV432,COGNI-4393,Improvement,Done,High,issue_assigned
JR01583,2026-08-15 06:25:00,DEV380,COGNI-7945,Task,Testing,Low,status_changed
JR03927,2026-08-15 06:31:00,DEV150,DEVOPS-6923,Bug,Code Review,Medium,issue_created
JR01931,2026-08-15 06:32:00,DEV308,DATA-7252,Task,Code Review,High,issue_updated
JR03030,2026-08-15 06:37:00,DEV347,COGNI-7734,Story,Done,Low,issue_assigned
JR00847,2026-08-15 06:48:00,DEV377,DATA-7094,Task,Done,High,comment_added
JR00618,2026-08-15 06:52:00,DEV283,COGNI-1778,Improvement,Testing,Low,issue_created
JR00671,2026-08-15 06:52:00,DEV357,DEVOPS-6964,Task,Done,Medium,status_changed
JR01450,2026-08-15 06:56:00,DEV130,DEVOPS-2906,Story,In Progress,Critical,issue_created
JR02702,2026-08-15 07:01:00,DEV454,COGNI-2054,Bug,Code Review,High,issue_assigned
JR00899,2026-08-15 07:03:00,DEV120,COGNI-8897,Bug,To Do,Low,issue_assigned
JR02206,2026-08-15 07:16:00,DEV352,DATA-5909,Task,Done,Medium,issue_created
JR02921,2026-08-15 07:19:00,DEV368,DEVOPS-3239,Bug,In Progress,Low,issue_assigned
JR01264,2026-08-15 07:21:00,DEV476,DATA-4790,Task,To Do,Low,issue_created
JR02068,2026-08-15 07:22:00,DEV159,DEVOPS-2534,Bug,Done,Critical,issue_created
JR02190,2026-08-15 07:27:00,DEV413,COGNI-1690,Improvement,In Progress,Critical,status_changed
JR04514,2026-08-15 07:39:00,DEV054,COGNI-1459,Story,In Progress,Critical,comment_added
JR03456,2026-08-15 07:43:00,DEV213,DATA-8720,Improvement,To Do,Medium,comment_added
JR01680,2026-08-15 07:46:00,DEV371,DATA-8339,Task,Done,High,issue_created
JR04063,2026-08-15 07:46:00,DEV023,DEVOPS-598,Task,To Do,Critical,status_changed
JR01416,2026-08-15 07:48:00,DEV459,COGNI-205,Story,Code Review,Critical,issue_assigned
JR01723,2026-08-15 07:53:00,DEV305,DEVOPS-8402,Improvement,Testing,High,status_changed
JR03045,2026-08-15 07:56:00,DEV125,COGNI-716,Bug,To Do,High,issue_created
JR04972,2026-08-15 07:56:00,DEV161,COGNI-728,Task,Code Review,Low,issue_assigned
JR03934,2026-08-15 08:05:00,DEV484,DEVOPS-4096,Improvement,Testing,Low,comment_added
JR04714,2026-08-15 08:07:00,DEV056,COGNI-7459,Improvement,Done,Medium,status_changed
JR00814,2026-08-15 08:09:00,DEV128,DEVOPS-631,Bug,Testing,Critical,issue_created
JR01783,2026-08-15 08:11:00,DEV334,COGNI-8691,Bug,Testing,Low,issue_updated
JR01224,2026-08-15 08:26:00,DEV122,COGNI-5025,Improvement,To Do,High,status_changed
JR03855,2026-08-15 08:28:00,DEV107,DATA-7738,Story,Code Review,Critical,comment_added
JR03925,2026-08-15 08:31:00,DEV426,COGNI-4214,Bug,Code Review,Low,comment_added
JR01823,2026-08-15 08:48:00,DEV374,COGNI-3623,Story,Done,High,comment_added
JR02859,2026-08-15 08:48:00,DEV414,DATA-8156,Story,Testing,Medium,issue_assigned
JR01291,2026-08-15 08:50:00,DEV244,DEVOPS-7220,Improvement,To Do,Critical,issue_updated
JR01359,2026-08-15 08:56:00,DEV104,COGNI-4512,Task,Testing,High,comment_added
JR02222,2026-08-15 08:59:00,DEV313,COGNI-771,Improvement,To Do,Low,comment_added
