event_id,timestamp,developer_id,channel,notification_type
SL00501,2026-08-01 09:03:00,DEV408,data-team,message
SL02523,2026-08-01 09:09:00,DEV406,dev-team,deployment_alert
SL04159,2026-08-01 09:10:00,DEV224,frontend,ci_cd_alert
SL00306,2026-08-01 09:17:00,DEV248,backend,mention
SL02248,2026-08-01 09:18:00,DEV498,dev-team,message
SL04978,2026-08-01 09:24:00,DEV331,frontend,code_review_request
SL02834,2026-08-01 09:28:00,DEV366,project-cognistream,ci_cd_alert
SL03975,2026-08-01 09:31:00,DEV439,frontend,ci_cd_alert
SL04413,2026-08-01 09:36:00,DEV475,data-team,ci_cd_alert
SL00575,2026-08-01 09:43:00,DEV096,backend,message
SL02579,2026-08-01 09:43:00,DEV318,data-team,mention
SL01881,2026-08-01 09:50:00,DEV014,data-team,code_review_request
SL04705,2026-08-01 09:50:00,DEV289,project-cognistream,ci_cd_alert
SL04589,2026-08-01 09:59:00,DEV476,project-cognistream,mention
SL04455,2026-08-01 10:01:00,DEV084,dev-team,code_review_request
SL02035,2026-08-01 10:06:00,DEV260,engineering,ci_cd_alert
SL01651,2026-08-01 10:08:00,DEV313,data-team,code_review_request
SL01174,2026-08-01 10:11:00,DEV023,data-team,code_review_request
SL02675,2026-08-01 10:12:00,DEV369,backend,mention
SL00960,2026-08-01 10:13:00,DEV257,dev-team,deployment_alert
SL00680,2026-08-01 10:14:00,DEV366,backend,message
SL03098,2026-08-01 10:16:00,DEV466,data-team,deployment_alert
SL02517,2026-08-01 10:55:00,DEV163,backend,ci_cd_alert
SL00662,2026-08-01 11:04:00,DEV044,backend,ci_cd_alert
SL04609,2026-08-01 11:05:00,DEV223,dev-team,ci_cd_alert
SL02285,2026-08-01 11:14:00,DEV126,frontend,ci_cd_alert
SL02116,2026-08-01 11:26:00,DEV205,dev-team,deployment_alert
SL03089,2026-08-01 11:33:00,DEV209,engineering,mention
SL01572,2026-08-01 11:47:00,DEV141,data-team,message
SL03076,2026-08-01 11:56:00,DEV116,dev-team,code_review_request
SL04954,2026-08-01 12:02:00,DEV183,backend,mention
SL00342,2026-08-01 12:08:00,DEV476,backend,code_review_request
SL01559,2026-08-01 12:08:00,DEV259,data-team,code_review_request
SL04254,2026-08-01 12:08:00,DEV422,dev-team,message
SL02069,2026-08-01 12:24:00,DEV109,backend,code_review_request
SL02644,2026-08-01 12:26:00,DEV083,engineering,mention
SL02489,2026-08-01 12:37:00,DEV189,dev-team,code_review_request
SL02022,2026-08-01 12:42:00,DEV182,frontend,ci_cd_alert
SL04071,2026-08-01 12:44:00,DEV191,backend,code_review_request
SL01043,2026-08-01 12:47:00,DEV043,data-team,ci_cd_alert
SL03908,2026-08-01 12:53:00,DEV344,dev-team,message
SL03213,2026-08-01 12:55:00,DEV378,data-team,ci_cd_alert
SL03557,2026-08-01 12:55:00,DEV053,backend,mention
SL04157,2026-08-01 13:05:00,DEV108,frontend,code_review_request
SL00146,2026-08-01 13:10:00,DEV139,data-team,mention
SL01311,2026-08-01 13:18:00,DEV432,frontend,deployment_alert
SL01056,2026-08-01 13:22:00,DEV431,engineering,deployment_alert
SL00722,2026-08-01 13:23:00,DEV029,engineering,code_review_request
SL02648,2026-08-01 13:23:00,DEV078,project-cognistream,ci_cd_alert
SL02593,2026-08-01 13:24:00,DEV313,frontend,code_review_request
SL04519,2026-08-01 13:33:00,DEV238,frontend,ci_cd_alert
SL01914,2026-08-01 13:34:00,DEV193,project-cognistream,mention
SL04061,2026-08-01 13:41:00,DEV376,project-cognistream,ci_cd_alert
SL00087,2026-08-01 13:53:00,DEV346,data-team,code_review_request
SL02933,2026-08-01 13:53:00,DEV492,dev-team,deployment_alert
SL00148,2026-08-01 13:56:00,DEV290,frontend,mention
SL03425,2026-08-01 13:57:00,DEV375,data-team,mention
SL02004,2026-08-01 14:01:00,DEV097,frontend,ci_cd_alert
SL01972,2026-08-01 14:09:00,DEV301,dev-team,ci_cd_alert
SL01481,2026-08-01 14:11:00,DEV316,project-cognistream,message
SL02956,2026-08-01 14:20:00,DEV220,project-cognistream,code_review_request
SL03879,2026-08-01 14:21:00,DEV292,project-cognistream,message
SL00559,2026-08-01 14:27:00,DEV477,frontend,message
SL03004,2026-08-01 14:27:00,DEV221,backend,code_review_request
SL03487,2026-08-01 14:28:00,DEV200,frontend,message
SL04714,2026-08-01 14:36:00,DEV256,frontend,ci_cd_alert
SL00837,2026-08-01 14:40:00,DEV430,data-team,ci_cd_alert
SL00254,2026-08-01 14:41:00,DEV348,dev-team,code_review_request
SL00533,2026-08-01 14:49:00,DEV432,backend,message
SL02794,2026-08-01 14:49:00,DEV069,dev-team,message
SL01577,2026-08-01 14:50:00,DEV324,backend,message
SL02708,2026-08-01 14:51:00,DEV139,data-team,deployment_alert
SL00117,2026-08-01 14:56:00,DEV468,frontend,deployment_alert
SL00115,2026-08-01 15:01:00,DEV124,project-cognistream,ci_cd_alert
SL03695,2026-08-01 15:07:00,DEV171,backend,mention
SL02891,2026-08-01 15:13:00,DEV100,project-cognistream,code_review_request
SL03025,2026-08-01 15:14:00,DEV264,engineering,code_review_request
SL04014,2026-08-01 15:20:00,DEV227,data-team,message
SL02977,2026-08-01 15:21:00,DEV380,engineering,ci_cd_alert
SL04440,2026-08-01 15:23:00,DEV279,dev-team,mention
SL04538,2026-08-01 15:28:00,DEV317,frontend,deployment_alert
SL03451,2026-08-01 15:37:00,DEV168,dev-team,mention
SL03426,2026-08-01 15:39:00,DEV232,backend,deployment_alert
SL02189,2026-08-01 15:40:00,DEV161,engineering,message
SL00272,2026-08-01 15:45:00,DEV444,frontend,deployment_alert
SL00784,2026-08-01 15:46:00,DEV044,backend,mention
SL01877,2026-08-01 15:46:00,DEV301,engineering,code_review_request
SL00877,2026-08-01 15:50:00,DEV358,dev-team,deployment_alert
SL00790,2026-08-01 15:55:00,DEV118,data-team,deployment_alert
SL04189,2026-08-01 15:56:00,DEV187,dev-team,deployment_alert
SL01149,2026-08-01 15:58:00,DEV243,frontend,ci_cd_alert
SL02940,2026-08-01 16:00:00,DEV301,frontend,deployment_alert
SL03261,2026-08-01 16:08:00,DEV019,data-team,code_review_request
SL01421,2026-08-01 16:13:00,DEV007,engineering,code_review_request
SL03576,2026-08-01 16:13:00,DEV418,dev-team,ci_cd_alert
SL00815,2026-08-01 16:15:00,DEV121,backend,ci_cd_alert
SL03348,2026-08-01 16:19:00,DEV142,project-cognistream,message
SL02180,2026-08-01 16:22:00,DEV186,data-team,message
SL03384,2026-08-01 16:22:00,DEV182,frontend,ci_cd_alert
SL01412,2026-08-01 16:42:00,DEV289,dev-team,ci_cd_alert
SL01468,2026-08-01 16:46:00,DEV284,data-team,mention
SL04346,2026-08-01 16:47:00,DEV158,frontend,message
SL03128,2026-08-01 16:56:00,DEV098,data-team,ci_cd_alert
SL00142,2026-08-01 16:59:00,DEV087,project-cognistream,mention
SL00049,2026-08-01 17:02:00,DEV096,backend,message
SL01033,2026-08-01 17:05:00,DEV295,data-team,message
SL00731,2026-08-01 17:13:00,DEV160,data-team,message
SL00417,2026-08-01 17:26:00,DEV270,dev-team,code_review_request
SL03295,2026-08-01 17:26:00,DEV287,frontend,deployment_alert
SL02084,2026-08-01 17:41:00,DEV195,data-team,code_review_request
SL01906,2026-08-01 17:42:00,DEV269,data-team,mention
SL04301,2026-08-01 17:42:00,DEV478,project-cognistream,mention
SL03533,2026-08-01 17:45:00,DEV457,engineering,code_review_request
SL03808,2026-08-01 17:45:00,DEV325,backend,deployment_alert
SL04910,2026-08-01 17:48:00,DEV073,dev-team,message
SL00786,2026-08-01 17:54:00,DEV292,engineering,mention
SL04484,2026-08-01 17:57:00,DEV070,project-cognistream,ci_cd_alert
SL04110,2026-08-01 18:00:00,DEV249,dev-team,ci_cd_alert
SL00194,2026-08-01 18:05:00,DEV284,project-cognistream,code_review_request
SL04829,2026-08-01 18:05:00,DEV070,backend,ci_cd_alert
SL00109,2026-08-01 18:10:00,DEV268,dev-team,code_review_request
SL04680,2026-08-01 18:10:00,DEV325,data-team,ci_cd_alert
SL04894,2026-08-01 18:11:00,DEV394,frontend,deployment_alert
SL04995,2026-08-01 18:21:00,DEV412,frontend,mention
SL01624,2026-08-01 18:23:00,DEV429,backend,deployment_alert
SL04654,2026-08-01 18:23:00,DEV453,dev-team,mention
SL02132,2026-08-01 18:26:00,DEV429,dev-team,message
SL01235,2026-08-01 18:31:00,DEV039,project-cognistream,mention
SL02643,2026-08-01 18:37:00,DEV447,project-cognistream,ci_cd_alert
SL02300,2026-08-01 18:38:00,DEV249,frontend,ci_cd_alert
SL01382,2026-08-01 18:43:00,DEV182,engineering,ci_cd_alert
SL04468,2026-08-01 18:52:00,DEV417,data-team,mention
SL00473,2026-08-01 18:54:00,DEV016,project-cognistream,deployment_alert
SL00495,2026-08-01 18:54:00,DEV322,frontend,mention
SL00795,2026-08-01 19:00:00,DEV244,engineering,mention
SL00423,2026-08-01 19:01:00,DEV343,dev-team,code_review_request
SL02747,2026-08-01 19:02:00,DEV004,frontend,message
SL04980,2026-08-01 19:07:00,DEV367,data-team,ci_cd_alert
SL03502,2026-08-01 19:09:00,DEV116,engineering,message
SL03351,2026-08-01 19:11:00,DEV251,dev-team,deployment_alert
SL02960,2026-08-01 19:16:00,DEV181,engineering,deployment_alert
SL02355,2026-08-01 19:25:00,DEV297,project-cognistream,mention
SL00004,2026-08-01 19:27:00,DEV264,backend,deployment_alert
SL00165,2026-08-01 19:35:00,DEV077,dev-team,mention
SL00401,2026-08-01 19:36:00,DEV196,dev-team,deployment_alert
SL00997,2026-08-01 19:36:00,DEV161,backend,message
SL03654,2026-08-01 19:39:00,DEV287,data-team,code_review_request
SL04876,2026-08-01 19:42:00,DEV158,engineering,mention
SL02124,2026-08-01 19:47:00,DEV456,engineering,mention
SL04457,2026-08-01 19:48:00,DEV465,project-cognistream,message
SL03266,2026-08-01 19:49:00,DEV023,frontend,mention
SL00125,2026-08-01 19:52:00,DEV219,project-cognistream,ci_cd_alert
SL04162,2026-08-01 19:53:00,DEV284,project-cognistream,deployment_alert
SL00258,2026-08-01 19:58:00,DEV299,data-team,code_review_request
SL02653,2026-08-01 20:02:00,DEV239,project-cognistream,message
SL04823,2026-08-01 20:10:00,DEV011,engineering,message
SL04338,2026-08-01 20:12:00,DEV062,data-team,code_review_request
SL02710,2026-08-01 20:16:00,DEV260,data-team,deployment_alert
SL01454,2026-08-01 20:20:00,DEV031,frontend,code_review_request
SL04093,2026-08-01 20:23:00,DEV238,data-team,ci_cd_alert
SL03941,2026-08-01 20:28:00,DEV354,dev-team,message
SL01237,2026-08-01 20:29:00,DEV260,data-team,deployment_alert
SL02621,2026-08-01 20:34:00,DEV429,engineering,code_review_request
SL04702,2026-08-01 20:37:00,DEV496,engineering,code_review_request
SL03320,2026-08-01 20:42:00,DEV221,data-team,deployment_alert
SL01673,2026-08-01 20:44:00,DEV223,engineering,code_review_request
SL00324,2026-08-01 20:53:00,DEV190,backend,code_review_request
SL00831,2026-08-01 20:53:00,DEV127,backend,message
SL04411,2026-08-01 20:54:00,DEV030,engineering,message
SL01947,2026-08-01 20:59:00,DEV451,data-team,code_review_request
SL02074,2026-08-01 21:00:00,DEV323,backend,mention
SL04349,2026-08-01 21:01:00,DEV166,project-cognistream,message
SL04365,2026-08-01 21:01:00,DEV138,frontend,message
SL02527,2026-08-01 21:03:00,DEV405,dev-team,mention
SL03595,2026-08-01 21:10:00,DEV346,dev-team,message
SL04414,2026-08-01 21:11:00,DEV437,dev-team,message
SL01255,2026-08-01 21:14:00,DEV010,frontend,deployment_alert
SL00095,2026-08-01 21:16:00,DEV322,project-cognistream,mention
SL01322,2026-08-01 21:18:00,DEV019,project-cognistream,deployment_alert
SL02381,2026-08-01 21:21:00,DEV429,project-cognistream,message
SL00307,2026-08-01 21:27:00,DEV143,frontend,message
SL01016,2026-08-01 21:29:00,DEV348,engineering,deployment_alert
SL03931,2026-08-01 21:29:00,DEV475,project-cognistream,ci_cd_alert
SL00267,2026-08-01 21:30:00,DEV025,engineering,message
SL03200,2026-08-01 21:32:00,DEV191,dev-team,deployment_alert
SL01731,2026-08-01 21:38:00,DEV219,data-team,code_review_request
SL04656,2026-08-01 21:43:00,DEV331,engineering,ci_cd_alert
SL02319,2026-08-01 21:49:00,DEV255,backend,ci_cd_alert
SL04618,2026-08-01 21:53:00,DEV432,project-cognistream,message
SL02219,2026-08-01 21:56:00,DEV054,dev-team,ci_cd_alert
SL01627,2026-08-01 21:57:00,DEV398,project-cognistream,code_review_request
SL00042,2026-08-01 21:58:00,DEV280,frontend,deployment_alert
SL04956,2026-08-01 21:58:00,DEV400,data-team,mention
SL00836,2026-08-01 21:59:00,DEV389,engineering,deployment_alert
SL02724,2026-08-01 22:00:00,DEV371,engineering,deployment_alert
SL01027,2026-08-01 22:09:00,DEV031,backend,deployment_alert
SL02775,2026-08-01 22:10:00,DEV435,backend,ci_cd_alert
SL04692,2026-08-01 22:26:00,DEV423,engineering,message
SL00769,2026-08-01 22:42:00,DEV067,frontend,deployment_alert
SL03885,2026-08-01 22:45:00,DEV400,engineering,code_review_request
SL04824,2026-08-01 22:46:00,DEV213,backend,message
SL03972,2026-08-01 22:51:00,DEV451,frontend,message
SL01285,2026-08-01 22:55:00,DEV330,project-cognistream,code_review_request
SL03431,2026-08-01 22:55:00,DEV264,frontend,message
SL01702,2026-08-01 23:07:00,DEV155,project-cognistream,ci_cd_alert
SL04863,2026-08-01 23:09:00,DEV291,frontend,mention
SL01265,2026-08-01 23:17:00,DEV485,frontend,ci_cd_alert
SL01520,2026-08-01 23:18:00,DEV328,backend,deployment_alert
SL02283,2026-08-01 23:28:00,DEV383,data-team,ci_cd_alert
SL02892,2026-08-01 23:35:00,DEV325,dev-team,ci_cd_alert
SL00828,2026-08-01 23:40:00,DEV158,project-cognistream,message
SL02505,2026-08-01 23:44:00,DEV460,engineering,mention
SL04848,2026-08-01 23:44:00,DEV131,frontend,code_review_request
SL01650,2026-08-01 23:54:00,DEV139,frontend,code_review_request
SL02641,2026-08-02 00:02:00,DEV478,dev-team,ci_cd_alert
SL03126,2026-08-02 00:05:00,DEV057,data-team,deployment_alert
SL02873,2026-08-02 00:07:00,DEV365,project-cognistream,mention
SL03702,2026-08-02 00:09:00,DEV381,backend,deployment_alert
SL01092,2026-08-02 00:10:00,DEV072,project-cognistream,deployment_alert
SL00183,2026-08-02 00:17:00,DEV232,engineering,mention
SL01359,2026-08-02 00:20:00,DEV394,engineering,message
SL03062,2026-08-02 00:21:00,DEV143,project-cognistream,code_review_request
SL01930,2026-08-02 00:36:00,DEV151,project-cognistream,deployment_alert
SL03065,2026-08-02 00:38:00,DEV012,project-cognistream,message
SL00124,2026-08-02 00:40:00,DEV314,engineering,message
SL03307,2026-08-02 00:40:00,DEV103,frontend,code_review_request
SL00152,2026-08-02 00:43:00,DEV349,engineering,ci_cd_alert
SL01974,2026-08-02 00:43:00,DEV378,frontend,deployment_alert
SL04009,2026-08-02 00:46:00,DEV469,project-cognistream,ci_cd_alert
SL04754,2026-08-02 00:50:00,DEV377,dev-team,message
SL04428,2026-08-02 00:55:00,DEV076,engineering,mention
SL03875,2026-08-02 00:56:00,DEV403,frontend,message
SL02393,2026-08-02 00:57:00,DEV377,project-cognistream,mention
SL02698,2026-08-02 01:02:00,DEV059,backend,ci_cd_alert
SL02983,2026-08-02 01:03:00,DEV003,backend,mention
SL02303,2026-08-02 01:05:00,DEV101,frontend,ci_cd_alert
SL04990,2026-08-02 01:11:00,DEV192,project-cognistream,message
SL04677,2026-08-02 01:18:00,DEV237,data-team,message
SL01533,2026-08-02 01:21:00,DEV033,project-cognistream,deployment_alert
SL01348,2026-08-02 01:28:00,DEV423,project-cognistream,message
SL04070,2026-08-02 01:28:00,DEV198,project-cognistream,ci_cd_alert
SL04425,2026-08-02 01:30:00,DEV219,engineering,code_review_request
SL00222,2026-08-02 01:34:00,DEV063,dev-team,ci_cd_alert
SL00175,2026-08-02 01:35:00,DEV149,project-cognistream,mention
SL01238,2026-08-02 01:37:00,DEV152,backend,mention
SL03528,2026-08-02 01:41:00,DEV371,engineering,code_review_request
SL04639,2026-08-02 01:48:00,DEV017,frontend,deployment_alert
SL02399,2026-08-02 01:57:00,DEV224,engineering,code_review_request
SL01750,2026-08-02 01:59:00,DEV326,data-team,mention
SL02318,2026-08-02 02:03:00,DEV250,engineering,message
SL04393,2026-08-02 02:07:00,DEV299,engineering,mention
SL02776,2026-08-02 02:09:00,DEV084,frontend,code_review_request
SL02851,2026-08-02 02:15:00,DEV208,engineering,message
SL02097,2026-08-02 02:18:00,DEV228,dev-team,ci_cd_alert
SL02424,2026-08-02 02:25:00,DEV191,project-cognistream,ci_cd_alert
SL00857,2026-08-02 02:29:00,DEV457,frontend,ci_cd_alert
SL02391,2026-08-02 02:34:00,DEV246,data-team,deployment_alert
SL01303,2026-08-02 02:45:00,DEV485,dev-team,ci_cd_alert
SL00110,2026-08-02 02:46:00,DEV463,frontend,mention
SL04994,2026-08-02 02:47:00,DEV056,project-cognistream,code_review_request
SL02477,2026-08-02 02:50:00,DEV141,data-team,ci_cd_alert
SL03669,2026-08-02 03:00:00,DEV175,dev-team,deployment_alert
SL01247,2026-08-02 03:02:00,DEV227,project-cognistream,code_review_request
SL01991,2026-08-02 03:04:00,DEV083,frontend,mention
SL03869,2026-08-02 03:08:00,DEV082,project-cognistream,code_review_request
SL02552,2026-08-02 03:09:00,DEV044,dev-team,mention
SL03670,2026-08-02 03:12:00,DEV284,frontend,ci_cd_alert
SL00032,2026-08-02 03:14:00,DEV048,data-team,mention
SL01701,2026-08-02 03:18:00,DEV142,data-team,deployment_alert
SL01995,2026-08-02 03:20:00,DEV376,project-cognistream,mention
SL03883,2026-08-02 03:23:00,DEV322,frontend,deployment_alert
SL00972,2026-08-02 03:27:00,DEV330,dev-team,message
SL02810,2026-08-02 03:30:00,DEV410,frontend,ci_cd_alert
SL04041,2026-08-02 03:34:00,DEV183,dev-team,deployment_alert
SL04580,2026-08-02 03:34:00,DEV393,frontend,mention
SL03151,2026-08-02 03:52:00,DEV266,dev-team,deployment_alert
SL01389,2026-08-02 04:04:00,DEV163,project-cognistream,message
SL02858,2026-08-02 04:04:00,DEV243,backend,deployment_alert
SL04291,2026-08-02 04:11:00,DEV169,data-team,message
SL03311,2026-08-02 04:12:00,DEV335,backend,mention
SL02928,2026-08-02 04:18:00,DEV051,backend,message
SL04210,2026-08-02 04:18:00,DEV029,backend,mention
SL02580,2026-08-02 04:21:00,DEV194,dev-team,code_review_request
SL04225,2026-08-02 04:32:00,DEV123,data-team,message
SL04340,2026-08-02 04:41:00,DEV033,backend,message
SL01993,2026-08-02 04:42:00,DEV240,engineering,message
SL00716,2026-08-02 04:49:00,DEV318,frontend,code_review_request
SL01924,2026-08-02 04:49:00,DEV072,data-team,code_review_request
SL00567,2026-08-02 04:52:00,DEV365,data-team,deployment_alert
SL04143,2026-08-02 04:53:00,DEV386,frontend,code_review_request
SL02843,2026-08-02 04:57:00,DEV010,project-cognistream,code_review_request
SL04573,2026-08-02 04:57:00,DEV284,dev-team,code_review_request
SL00871,2026-08-02 05:03:00,DEV136,engineering,ci_cd_alert
SL03143,2026-08-02 05:03:00,DEV041,data-team,mention
SL04543,2026-08-02 05:08:00,DEV180,project-cognistream,ci_cd_alert
SL04507,2026-08-02 05:10:00,DEV303,backend,message
SL04244,2026-08-02 05:12:00,DEV005,engineering,mention
SL00873,2026-08-02 05:13:00,DEV026,project-cognistream,code_review_request
SL02773,2026-08-02 05:13:00,DEV219,engineering,code_review_request
SL02927,2026-08-02 05:14:00,DEV399,engineering,ci_cd_alert
SL02899,2026-08-02 05:15:00,DEV245,backend,mention
SL00309,2026-08-02 05:19:00,DEV226,project-cognistream,deployment_alert
SL03002,2026-08-02 05:29:00,DEV313,backend,deployment_alert
SL04218,2026-08-02 05:35:00,DEV454,project-cognistream,deployment_alert
SL00027,2026-08-02 05:44:00,DEV076,engineering,message
SL00119,2026-08-02 05:46:00,DEV349,engineering,mention
SL03786,2026-08-02 06:00:00,DEV014,backend,ci_cd_alert
SL02105,2026-08-02 06:02:00,DEV458,dev-team,ci_cd_alert
SL00001,2026-08-02 06:03:00,DEV147,data-team,mention
SL00177,2026-08-02 06:05:00,DEV380,frontend,ci_cd_alert
SL02277,2026-08-02 06:07:00,DEV232,engineering,ci_cd_alert
SL03728,2026-08-02 06:07:00,DEV492,frontend,ci_cd_alert
SL00281,2026-08-02 06:10:00,DEV281,backend,mention
SL02104,2026-08-02 06:12:00,DEV493,project-cognistream,deployment_alert
SL03922,2026-08-02 06:13:00,DEV107,project-cognistream,message
SL00599,2026-08-02 06:18:00,DEV165,backend,deployment_alert
SL03198,2026-08-02 06:20:00,DEV152,frontend,mention
SL00299,2026-08-02 06:24:00,DEV168,project-cognistream,ci_cd_alert
SL00360,2026-08-02 06:30:00,DEV011,backend,code_review_request
SL04796,2026-08-02 06:34:00,DEV265,engineering,message
SL04318,2026-08-02 06:38:00,DEV002,data-team,ci_cd_alert
SL03663,2026-08-02 06:40:00,DEV393,data-team,message
SL01330,2026-08-02 06:42:00,DEV179,frontend,mention
SL00654,2026-08-02 06:48:00,DEV085,project-cognistream,mention
SL02188,2026-08-02 06:58:00,DEV065,backend,deployment_alert
SL01207,2026-08-02 07:04:00,DEV159,dev-team,message
SL01455,2026-08-02 07:08:00,DEV217,dev-team,mention
SL04286,2026-08-02 07:08:00,DEV090,project-cognistream,code_review_request
SL02918,2026-08-02 07:11:00,DEV304,project-cognistream,deployment_alert
SL03858,2026-08-02 07:16:00,DEV328,engineering,code_review_request
SL04522,2026-08-02 07:16:00,DEV074,dev-team,ci_cd_alert
SL02152,2026-08-02 07:18:00,DEV306,project-cognistream,mention
SL03769,2026-08-02 07:18:00,DEV316,dev-team,mention
SL00551,2026-08-02 07:21:00,DEV312,dev-team,code_review_request
SL03471,2026-08-02 07:26:00,DEV020,backend,mention
SL02547,2026-08-02 07:32:00,DEV435,data-team,deployment_alert
SL03438,2026-08-02 07:32:00,DEV453,data-team,message
SL01010,2026-08-02 07:33:00,DEV007,backend,deployment_alert
SL02742,2026-08-02 07:41:00,DEV308,data-team,mention
SL03398,2026-08-02 07:45:00,DEV427,backend,deployment_alert
SL01922,2026-08-02 07:52:00,DEV065,project-cognistream,ci_cd_alert
SL03178,2026-08-02 08:00:00,DEV304,project-cognistream,mention
SL02839,2026-08-02 08:06:00,DEV092,dev-team,deployment_alert
SL03568,2026-08-02 08:06:00,DEV152,data-team,ci_cd_alert
SL02869,2026-08-02 08:08:00,DEV388,dev-team,mention
SL04208,2026-08-02 08:15:00,DEV205,project-cognistream,deployment_alert
SL00677,2026-08-02 08:26:00,DEV244,dev-team,code_review_request
SL04524,2026-08-02 08:28:00,DEV115,engineering,message
SL02772,2026-08-02 08:32:00,DEV374,frontend,code_review_request
SL01610,2026-08-02 08:33:00,DEV034,engineering,code_review_request
SL03531,2026-08-02 08:36:00,DEV066,engineering,mention
SL04160,2026-08-02 08:44:00,DEV260,project-cognistream,ci_cd_alert
SL04685,2026-08-02 08:44:00,DEV456,frontend,ci_cd_alert
SL02949,2026-08-02 08:51:00,DEV241,dev-team,code_review_request
SL03411,2026-08-02 08:55:00,DEV215,engineering,deployment_alert
SL04946,2026-08-02 09:09:00,DEV239,project-cognistream,message
SL03099,2026-08-02 09:13:00,DEV433,data-team,mention
SL00505,2026-08-02 09:19:00,DEV338,data-team,mention
SL04892,2026-08-02 09:24:00,DEV064,project-cognistream,mention
SL02736,2026-08-02 09:30:00,DEV041,backend,message
SL02257,2026-08-02 09:33:00,DEV163,dev-team,ci_cd_alert
SL02339,2026-08-02 09:34:00,DEV273,dev-team,code_review_request
SL02513,2026-08-02 09:35:00,DEV426,frontend,ci_cd_alert
SL04321,2026-08-02 09:44:00,DEV227,data-team,code_review_request
SL01018,2026-08-02 09:47:00,DEV397,data-team,message
SL00492,2026-08-02 09:52:00,DEV409,frontend,deployment_alert
SL00499,2026-08-02 09:57:00,DEV082,backend,mention
SL01023,2026-08-02 09:58:00,DEV380,data-team,message
SL03585,2026-08-02 09:58:00,DEV019,frontend,code_review_request
SL02491,2026-08-02 10:02:00,DEV229,backend,deployment_alert
SL04029,2026-08-02 10:02:00,DEV129,frontend,ci_cd_alert
SL01376,2026-08-02 10:04:00,DEV237,frontend,deployment_alert
SL00411,2026-08-02 10:09:00,DEV087,frontend,message
SL01003,2026-08-02 10:13:00,DEV154,data-team,deployment_alert
SL00389,2026-08-02 10:20:00,DEV100,project-cognistream,ci_cd_alert
SL02814,2026-08-02 10:21:00,DEV391,backend,code_review_request
SL00966,2026-08-02 10:27:00,DEV039,dev-team,ci_cd_alert
SL00243,2026-08-02 10:31:00,DEV006,project-cognistream,code_review_request
SL01773,2026-08-02 10:36:00,DEV165,dev-team,ci_cd_alert
SL03476,2026-08-02 10:37:00,DEV389,engineering,mention
SL00343,2026-08-02 10:41:00,DEV428,frontend,message
SL02865,2026-08-02 10:43:00,DEV046,backend,deployment_alert
SL01280,2026-08-02 10:44:00,DEV096,engineering,code_review_request
SL04339,2026-08-02 10:47:00,DEV471,frontend,mention
SL01540,2026-08-02 10:51:00,DEV045,backend,mention
SL04325,2026-08-02 10:56:00,DEV498,project-cognistream,message
SL04578,2026-08-02 10:58:00,DEV075,engineering,code_review_request
SL04582,2026-08-02 10:59:00,DEV476,dev-team,code_review_request
SL00237,2026-08-02 11:04:00,DEV304,engineering,code_review_request
SL01379,2026-08-02 11:07:00,DEV225,backend,ci_cd_alert
SL04531,2026-08-02 11:08:00,DEV228,backend,ci_cd_alert
SL02006,2026-08-02 11:10:00,DEV144,project-cognistream,deployment_alert
SL03635,2026-08-02 11:10:00,DEV062,engineering,message
SL03700,2026-08-02 11:10:00,DEV435,engineering,mention
SL01787,2026-08-02 11:15:00,DEV444,data-team,ci_cd_alert
SL02364,2026-08-02 11:15:00,DEV459,data-team,ci_cd_alert
SL04934,2026-08-02 11:15:00,DEV353,backend,message
SL00590,2026-08-02 11:16:00,DEV315,engineering,message
SL04017,2026-08-02 11:29:00,DEV089,backend,deployment_alert
SL04337,2026-08-02 11:34:00,DEV396,data-team,ci_cd_alert
SL04267,2026-08-02 11:35:00,DEV468,data-team,ci_cd_alert
SL02197,2026-08-02 11:41:00,DEV265,backend,mention
SL04916,2026-08-02 11:42:00,DEV352,engineering,deployment_alert
SL00011,2026-08-02 11:43:00,DEV297,engineering,mention
SL04746,2026-08-02 11:43:00,DEV409,engineering,mention
SL04295,2026-08-02 11:48:00,DEV113,project-cognistream,ci_cd_alert
SL02647,2026-08-02 11:51:00,DEV306,dev-team,ci_cd_alert
SL01501,2026-08-02 12:08:00,DEV038,frontend,message
SL04709,2026-08-02 12:15:00,DEV116,dev-team,message
SL04748,2026-08-02 12:17:00,DEV229,project-cognistream,deployment_alert
SL00018,2026-08-02 12:21:00,DEV449,frontend,ci_cd_alert
SL04698,2026-08-02 12:28:00,DEV277,backend,code_review_request
SL00766,2026-08-02 12:30:00,DEV282,data-team,mention
SL01961,2026-08-02 12:35:00,DEV097,project-cognistream,code_review_request
SL03262,2026-08-02 12:37:00,DEV396,frontend,message
SL03980,2026-08-02 12:41:00,DEV066,dev-team,ci_cd_alert
SL04501,2026-08-02 12:41:00,DEV089,data-team,mention
SL00351,2026-08-02 12:49:00,DEV017,data-team,message
SL02569,2026-08-02 12:55:00,DEV498,dev-team,ci_cd_alert
SL02530,2026-08-02 12:56:00,DEV037,frontend,code_review_request
SL03573,2026-08-02 12:56:00,DEV265,backend,ci_cd_alert
SL02211,2026-08-02 12:57:00,DEV270,backend,code_review_request
SL04675,2026-08-02 12:59:00,DEV004,project-cognistream,mention
SL01159,2026-08-02 13:00:00,DEV393,project-cognistream,message
SL02087,2026-08-02 13:03:00,DEV412,data-team,message
SL03773,2026-08-02 13:04:00,DEV003,project-cognistream,message
SL04622,2026-08-02 13:06:00,DEV203,project-cognistream,mention
SL01102,2026-08-02 13:12:00,DEV142,data-team,mention
SL04992,2026-08-02 13:12:00,DEV423,frontend,ci_cd_alert
SL03628,2026-08-02 13:15:00,DEV298,project-cognistream,code_review_request
SL02312,2026-08-02 13:32:00,DEV350,project-cognistream,code_review_request
SL00409,2026-08-02 13:33:00,DEV026,frontend,code_review_request
SL01344,2026-08-02 13:37:00,DEV350,data-team,code_review_request
SL04060,2026-08-02 13:38:00,DEV032,frontend,mention
SL02880,2026-08-02 13:42:00,DEV051,backend,code_review_request
SL00274,2026-08-02 13:43:00,DEV175,data-team,ci_cd_alert
SL02225,2026-08-02 13:46:00,DEV201,engineering,mention
SL00832,2026-08-02 13:50:00,DEV153,engineering,ci_cd_alert
SL00924,2026-08-02 13:52:00,DEV345,data-team,message
SL01180,2026-08-02 13:52:00,DEV157,engineering,code_review_request
SL02368,2026-08-02 13:53:00,DEV343,project-cognistream,deployment_alert
SL00626,2026-08-02 13:55:00,DEV428,frontend,ci_cd_alert
SL01375,2026-08-02 13:55:00,DEV146,dev-team,message
SL03609,2026-08-02 13:58:00,DEV019,project-cognistream,deployment_alert
SL04246,2026-08-02 14:04:00,DEV064,frontend,message
SL02024,2026-08-02 14:09:00,DEV414,backend,ci_cd_alert
SL00839,2026-08-02 14:14:00,DEV331,data-team,deployment_alert
SL00282,2026-08-02 14:15:00,DEV148,data-team,mention
SL03463,2026-08-02 14:16:00,DEV217,frontend,deployment_alert
SL04226,2026-08-02 14:20:00,DEV469,project-cognistream,code_review_request
SL02860,2026-08-02 14:25:00,DEV204,engineering,code_review_request
SL03010,2026-08-02 14:26:00,DEV488,frontend,mention
SL03650,2026-08-02 14:28:00,DEV401,backend,ci_cd_alert
SL03954,2026-08-02 14:33:00,DEV279,dev-team,mention
SL03481,2026-08-02 14:34:00,DEV157,data-team,message
SL02480,2026-08-02 14:35:00,DEV287,engineering,ci_cd_alert
SL03704,2026-08-02 14:36:00,DEV239,frontend,ci_cd_alert
SL01410,2026-08-02 14:41:00,DEV478,data-team,mention
SL03103,2026-08-02 14:42:00,DEV229,data-team,deployment_alert
SL04815,2026-08-02 14:43:00,DEV432,data-team,mention
SL01573,2026-08-02 14:44:00,DEV433,dev-team,deployment_alert
SL01755,2026-08-02 14:44:00,DEV268,project-cognistream,code_review_request
SL02589,2026-08-02 14:51:00,DEV360,dev-team,code_review_request
SL02573,2026-08-02 14:53:00,DEV378,engineering,message
SL04262,2026-08-02 14:56:00,DEV170,engineering,deployment_alert
SL04498,2026-08-02 15:02:00,DEV230,project-cognistream,deployment_alert
SL04168,2026-08-02 15:04:00,DEV466,engineering,mention
SL03085,2026-08-02 15:05:00,DEV461,engineering,deployment_alert
SL01697,2026-08-02 15:08:00,DEV037,data-team,ci_cd_alert
SL02716,2026-08-02 15:22:00,DEV077,dev-team,ci_cd_alert
SL04508,2026-08-02 15:27:00,DEV440,project-cognistream,ci_cd_alert
SL04064,2026-08-02 15:31:00,DEV202,data-team,mention
SL03615,2026-08-02 15:32:00,DEV346,data-team,ci_cd_alert
SL02026,2026-08-02 15:37:00,DEV222,engineering,code_review_request
SL04585,2026-08-02 15:37:00,DEV269,dev-team,ci_cd_alert
SL00770,2026-08-02 15:41:00,DEV367,project-cognistream,mention
SL02650,2026-08-02 15:52:00,DEV426,backend,mention
SL02630,2026-08-02 16:02:00,DEV420,engineering,code_review_request
SL03272,2026-08-02 16:02:00,DEV383,engineering,deployment_alert
SL01082,2026-08-02 16:04:00,DEV213,backend,code_review_request
SL01955,2026-08-02 16:15:00,DEV308,data-team,message
SL03279,2026-08-02 16:17:00,DEV218,dev-team,mention
SL01291,2026-08-02 16:18:00,DEV053,frontend,ci_cd_alert
SL00634,2026-08-02 16:21:00,DEV229,project-cognistream,mention
SL00715,2026-08-02 16:21:00,DEV363,data-team,mention
SL03759,2026-08-02 16:27:00,DEV175,frontend,mention
SL03416,2026-08-02 16:31:00,DEV030,engineering,deployment_alert
SL00180,2026-08-02 16:42:00,DEV475,data-team,deployment_alert
SL04161,2026-08-02 16:43:00,DEV354,engineering,code_review_request
SL00178,2026-08-02 16:46:00,DEV017,backend,code_review_request
SL04039,2026-08-02 16:54:00,DEV086,backend,mention
SL02089,2026-08-02 17:00:00,DEV196,dev-team,deployment_alert
SL02252,2026-08-02 17:02:00,DEV341,dev-team,deployment_alert
SL04177,2026-08-02 17:08:00,DEV246,dev-team,code_review_request
SL02139,2026-08-02 17:14:00,DEV199,data-team,mention
SL02350,2026-08-02 17:16:00,DEV019,project-cognistream,message
SL01361,2026-08-02 17:26:00,DEV320,engineering,deployment_alert
SL00781,2026-08-02 17:35:00,DEV342,project-cognistream,code_review_request
SL00912,2026-08-02 17:46:00,DEV376,engineering,code_review_request
SL00468,2026-08-02 17:58:00,DEV036,dev-team,message
SL02120,2026-08-02 18:00:00,DEV460,engineering,message
SL03715,2026-08-02 18:01:00,DEV302,dev-team,message
SL00149,2026-08-02 18:06:00,DEV158,data-team,mention
SL00240,2026-08-02 18:06:00,DEV023,project-cognistream,code_review_request
SL00587,2026-08-02 18:06:00,DEV458,data-team,ci_cd_alert
SL01883,2026-08-02 18:07:00,DEV447,frontend,code_review_request
SL03861,2026-08-02 18:07:00,DEV038,backend,mention
SL00310,2026-08-02 18:11:00,DEV147,data-team,message
SL04230,2026-08-02 18:13:00,DEV187,dev-team,code_review_request
SL00573,2026-08-02 18:18:00,DEV475,dev-team,ci_cd_alert
SL03234,2026-08-02 18:22:00,DEV483,dev-team,ci_cd_alert
SL02146,2026-08-02 18:25:00,DEV347,dev-team,code_review_request
SL00907,2026-08-02 18:30:00,DEV456,project-cognistream,mention
SL01772,2026-08-02 18:30:00,DEV163,frontend,code_review_request
SL03562,2026-08-02 18:31:00,DEV313,dev-team,mention
SL00012,2026-08-02 18:32:00,DEV430,dev-team,ci_cd_alert
SL04355,2026-08-02 18:32:00,DEV249,backend,ci_cd_alert
SL00708,2026-08-02 18:36:00,DEV340,frontend,ci_cd_alert
SL01532,2026-08-02 18:36:00,DEV012,dev-team,code_review_request
SL02388,2026-08-02 18:36:00,DEV474,backend,code_review_request
SL03247,2026-08-02 18:45:00,DEV195,project-cognistream,mention
SL04432,2026-08-02 18:47:00,DEV274,frontend,mention
SL04169,2026-08-02 18:52:00,DEV201,backend,mention
SL01482,2026-08-02 18:55:00,DEV082,dev-team,mention
SL04911,2026-08-02 19:05:00,DEV139,frontend,message
SL01326,2026-08-02 19:06:00,DEV448,engineering,ci_cd_alert
SL01342,2026-08-02 19:16:00,DEV165,project-cognistream,code_review_request
SL04453,2026-08-02 19:16:00,DEV440,engineering,message
SL04559,2026-08-02 19:16:00,DEV430,backend,mention
SL02863,2026-08-02 19:17:00,DEV060,frontend,deployment_alert
SL03284,2026-08-02 19:23:00,DEV445,data-team,code_review_request
SL04275,2026-08-02 19:26:00,DEV193,frontend,ci_cd_alert
SL00580,2026-08-02 19:27:00,DEV165,dev-team,message
SL03945,2026-08-02 19:29:00,DEV393,project-cognistream,ci_cd_alert
SL04808,2026-08-02 19:33:00,DEV184,engineering,mention
SL01355,2026-08-02 19:35:00,DEV337,frontend,deployment_alert
SL02240,2026-08-02 19:37:00,DEV320,data-team,code_review_request
SL04384,2026-08-02 19:38:00,DEV301,project-cognistream,mention
SL04350,2026-08-02 19:44:00,DEV497,engineering,ci_cd_alert
SL04632,2026-08-02 19:44:00,DEV231,dev-team,ci_cd_alert
SL01981,2026-08-02 19:47:00,DEV173,data-team,mention
SL03718,2026-08-02 19:48:00,DEV204,data-team,message
SL04958,2026-08-02 19:49:00,DEV402,frontend,message
SL01778,2026-08-02 19:50:00,DEV236,dev-team,message
SL04482,2026-08-02 20:02:00,DEV157,engineering,message
SL00068,2026-08-02 20:03:00,DEV176,backend,code_review_request
SL04000,2026-08-02 20:04:00,DEV422,dev-team,deployment_alert
SL04841,2026-08-02 20:05:00,DEV174,data-team,message
SL01800,2026-08-02 20:10:00,DEV241,data-team,deployment_alert
SL00861,2026-08-02 20:14:00,DEV080,frontend,code_review_request
SL02290,2026-08-02 20:16:00,DEV420,backend,code_review_request
SL01154,2026-08-02 20:19:00,DEV428,frontend,mention
SL02455,2026-08-02 20:21:00,DEV337,data-team,mention
SL02385,2026-08-02 20:24:00,DEV375,backend,message
SL03764,2026-08-02 20:30:00,DEV041,backend,mention
SL04296,2026-08-02 20:37:00,DEV003,backend,message
SL03599,2026-08-02 20:43:00,DEV098,backend,deployment_alert
SL04715,2026-08-02 20:43:00,DEV063,data-team,code_review_request
SL01735,2026-08-02 20:47:00,DEV236,frontend,message
SL01058,2026-08-02 20:57:00,DEV278,data-team,message
SL02270,2026-08-02 21:01:00,DEV107,project-cognistream,code_review_request
SL04751,2026-08-02 21:06:00,DEV336,data-team,ci_cd_alert
SL00435,2026-08-02 21:09:00,DEV312,engineering,mention
SL01144,2026-08-02 21:13:00,DEV376,project-cognistream,message
SL01562,2026-08-02 21:14:00,DEV131,data-team,mention
SL03558,2026-08-02 21:15:00,DEV312,project-cognistream,deployment_alert
SL01480,2026-08-02 21:16:00,DEV350,data-team,deployment_alert
SL02177,2026-08-02 21:18:00,DEV262,frontend,mention
SL03837,2026-08-02 21:22:00,DEV084,data-team,message
SL01700,2026-08-02 21:26:00,DEV260,engineering,code_review_request
SL03662,2026-08-02 21:26:00,DEV028,engineering,message
SL03288,2026-08-02 21:29:00,DEV181,dev-team,deployment_alert
SL03082,2026-08-02 21:33:00,DEV125,frontend,ci_cd_alert
SL02322,2026-08-02 21:37:00,DEV461,dev-team,message
SL03162,2026-08-02 21:37:00,DEV494,frontend,message
SL04747,2026-08-02 21:42:00,DEV020,dev-team,message
SL04392,2026-08-02 21:49:00,DEV035,engineering,message
SL01383,2026-08-02 21:50:00,DEV170,frontend,deployment_alert
SL02327,2026-08-02 21:52:00,DEV319,data-team,deployment_alert
SL01754,2026-08-02 21:56:00,DEV070,backend,message
SL03690,2026-08-02 22:04:00,DEV306,project-cognistream,ci_cd_alert
SL02224,2026-08-02 22:05:00,DEV146,dev-team,message
SL01316,2026-08-02 22:17:00,DEV130,project-cognistream,code_review_request
SL00489,2026-08-02 22:19:00,DEV331,frontend,mention
SL03844,2026-08-02 22:20:00,DEV097,dev-team,mention
SL03346,2026-08-02 22:26:00,DEV082,project-cognistream,code_review_request
SL01647,2026-08-02 22:29:00,DEV336,backend,code_review_request
SL03034,2026-08-02 22:31:00,DEV100,data-team,deployment_alert
SL04134,2026-08-02 22:34:00,DEV379,data-team,code_review_request
SL04282,2026-08-02 22:34:00,DEV261,backend,code_review_request
SL04693,2026-08-02 22:37:00,DEV305,dev-team,code_review_request
SL00157,2026-08-02 22:41:00,DEV191,frontend,code_review_request
SL02805,2026-08-02 22:46:00,DEV179,dev-team,code_review_request
SL00823,2026-08-02 22:47:00,DEV210,frontend,mention
SL03073,2026-08-02 22:51:00,DEV232,dev-team,mention
SL02875,2026-08-02 23:11:00,DEV158,backend,mention
SL03493,2026-08-02 23:11:00,DEV325,frontend,deployment_alert
SL01911,2026-08-02 23:14:00,DEV061,backend,mention
SL02230,2026-08-02 23:15:00,DEV046,engineering,deployment_alert
SL03008,2026-08-02 23:16:00,DEV084,backend,mention
SL00020,2026-08-02 23:25:00,DEV497,frontend,message
SL00341,2026-08-02 23:33:00,DEV046,dev-team,deployment_alert
SL04898,2026-08-02 23:36:00,DEV236,engineering,deployment_alert
SL01977,2026-08-02 23:39:00,DEV448,dev-team,message
SL01622,2026-08-02 23:45:00,DEV337,project-cognistream,code_review_request
SL04922,2026-08-02 23:58:00,DEV008,backend,message
SL01139,2026-08-03 00:05:00,DEV335,engineering,ci_cd_alert
SL02529,2026-08-03 00:11:00,DEV060,backend,ci_cd_alert
SL02961,2026-08-03 00:14:00,DEV484,frontend,code_review_request
SL00118,2026-08-03 00:21:00,DEV336,engineering,code_review_request
SL00797,2026-08-03 00:23:00,DEV229,engineering,ci_cd_alert
SL02184,2026-08-03 00:23:00,DEV058,engineering,mention
SL00218,2026-08-03 00:26:00,DEV423,engineering,message
SL04676,2026-08-03 00:33:00,DEV255,data-team,code_review_request
SL00719,2026-08-03 00:45:00,DEV209,backend,mention
SL01298,2026-08-03 00:46:00,DEV497,data-team,mention
SL04228,2026-08-03 00:46:00,DEV378,project-cognistream,mention
SL00264,2026-08-03 00:48:00,DEV364,engineering,mention
SL04046,2026-08-03 00:50:00,DEV191,frontend,deployment_alert
SL02337,2026-08-03 00:54:00,DEV018,dev-team,code_review_request
SL04998,2026-08-03 00:56:00,DEV154,dev-team,deployment_alert
SL04326,2026-08-03 00:57:00,DEV065,engineering,deployment_alert
SL04868,2026-08-03 01:02:00,DEV464,dev-team,ci_cd_alert
SL03056,2026-08-03 01:05:00,DEV112,dev-team,code_review_request
SL00054,2026-08-03 01:10:00,DEV247,data-team,ci_cd_alert
SL04658,2026-08-03 01:10:00,DEV153,engineering,code_review_request
SL03119,2026-08-03 01:15:00,DEV186,backend,code_review_request
SL00485,2026-08-03 01:26:00,DEV488,backend,ci_cd_alert
SL02921,2026-08-03 01:26:00,DEV239,backend,message
SL00880,2026-08-03 01:28:00,DEV084,frontend,deployment_alert
SL01784,2026-08-03 01:38:00,DEV425,engineering,deployment_alert
SL03756,2026-08-03 02:00:00,DEV266,engineering,message
SL03582,2026-08-03 02:20:00,DEV026,frontend,message
SL01334,2026-08-03 02:21:00,DEV040,backend,deployment_alert
SL02172,2026-08-03 02:21:00,DEV110,project-cognistream,mention
SL04860,2026-08-03 02:24:00,DEV135,project-cognistream,code_review_request
SL03337,2026-08-03 02:25:00,DEV037,frontend,mention
SL03390,2026-08-03 02:28:00,DEV290,data-team,ci_cd_alert
SL03543,2026-08-03 02:29:00,DEV443,project-cognistream,ci_cd_alert
SL04926,2026-08-03 02:32:00,DEV136,data-team,message
SL03016,2026-08-03 02:35:00,DEV004,backend,ci_cd_alert
SL00706,2026-08-03 02:36:00,DEV293,project-cognistream,ci_cd_alert
SL02610,2026-08-03 02:45:00,DEV040,project-cognistream,message
SL04150,2026-08-03 02:45:00,DEV286,frontend,message
SL00588,2026-08-03 02:55:00,DEV378,project-cognistream,code_review_request
SL00996,2026-08-03 02:55:00,DEV153,engineering,mention
SL00236,2026-08-03 03:07:00,DEV418,engineering,code_review_request
SL02521,2026-08-03 03:12:00,DEV474,backend,mention
SL03507,2026-08-03 03:18:00,DEV275,backend,ci_cd_alert
SL03106,2026-08-03 03:20:00,DEV157,engineering,mention
SL03206,2026-08-03 03:25:00,DEV385,frontend,mention
SL04552,2026-08-03 03:31:00,DEV044,dev-team,code_review_request
SL03544,2026-08-03 03:45:00,DEV226,engineering,ci_cd_alert
SL02594,2026-08-03 03:47:00,DEV431,backend,ci_cd_alert
SL00625,2026-08-03 03:58:00,DEV396,dev-team,deployment_alert
SL04268,2026-08-03 04:01:00,DEV231,dev-team,code_review_request
SL00494,2026-08-03 04:05:00,DEV296,data-team,code_review_request
SL03871,2026-08-03 04:07:00,DEV262,data-team,ci_cd_alert
SL01256,2026-08-03 04:08:00,DEV026,dev-team,ci_cd_alert
SL02356,2026-08-03 04:11:00,DEV435,frontend,deployment_alert
SL02233,2026-08-03 04:14:00,DEV118,project-cognistream,message
SL02232,2026-08-03 04:25:00,DEV328,data-team,message
SL03683,2026-08-03 04:28:00,DEV138,data-team,code_review_request
SL00914,2026-08-03 04:32:00,DEV188,project-cognistream,code_review_request
SL03036,2026-08-03 04:34:00,DEV445,backend,message
SL02159,2026-08-03 04:39:00,DEV099,backend,mention
SL02902,2026-08-03 04:40:00,DEV157,data-team,deployment_alert
SL03805,2026-08-03 04:47:00,DEV390,data-team,deployment_alert
SL04187,2026-08-03 04:54:00,DEV440,project-cognistream,mention
SL00338,2026-08-03 05:00:00,DEV249,data-team,deployment_alert
SL03698,2026-08-03 05:02:00,DEV423,backend,code_review_request
SL02443,2026-08-03 05:10:00,DEV051,dev-team,deployment_alert
SL00129,2026-08-03 05:19:00,DEV181,engineering,mention
SL02755,2026-08-03 05:22:00,DEV113,frontend,deployment_alert
SL03792,2026-08-03 05:22:00,DEV089,project-cognistream,deployment_alert
SL02703,2026-08-03 05:37:00,DEV240,backend,mention
SL01898,2026-08-03 05:41:00,DEV455,backend,ci_cd_alert
SL04211,2026-08-03 05:43:00,DEV127,data-team,code_review_request
SL04924,2026-08-03 05:45:00,DEV268,engineering,message
SL01448,2026-08-03 05:47:00,DEV446,backend,deployment_alert
SL02185,2026-08-03 05:49:00,DEV263,engineering,deployment_alert
SL03519,2026-08-03 05:50:00,DEV419,backend,code_review_request
SL02254,2026-08-03 05:51:00,DEV435,engineering,deployment_alert
SL01191,2026-08-03 05:52:00,DEV450,dev-team,ci_cd_alert
SL02920,2026-08-03 05:53:00,DEV303,engineering,mention
SL01038,2026-08-03 05:58:00,DEV244,project-cognistream,message
SL04672,2026-08-03 05:58:00,DEV266,project-cognistream,ci_cd_alert
SL02894,2026-08-03 06:00:00,DEV305,frontend,mention
SL03051,2026-08-03 06:00:00,DEV403,backend,mention
SL02135,2026-08-03 06:07:00,DEV311,dev-team,ci_cd_alert
SL04987,2026-08-03 06:07:00,DEV086,project-cognistream,mention
SL00969,2026-08-03 06:08:00,DEV412,data-team,mention
SL01049,2026-08-03 06:13:00,DEV035,data-team,mention
SL02694,2026-08-03 06:32:00,DEV334,frontend,code_review_request
SL01938,2026-08-03 06:39:00,DEV462,data-team,ci_cd_alert
SL04103,2026-08-03 06:52:00,DEV089,engineering,deployment_alert
SL04636,2026-08-03 06:59:00,DEV277,frontend,message
SL00459,2026-08-03 07:02:00,DEV283,backend,mention
SL02012,2026-08-03 07:05:00,DEV423,data-team,message
SL03667,2026-08-03 07:05:00,DEV160,backend,ci_cd_alert
SL03895,2026-08-03 07:14:00,DEV336,data-team,ci_cd_alert
SL03071,2026-08-03 07:26:00,DEV493,data-team,deployment_alert
SL01635,2026-08-03 07:36:00,DEV220,data-team,deployment_alert
SL02618,2026-08-03 07:40:00,DEV480,dev-team,mention
SL01691,2026-08-03 07:42:00,DEV237,frontend,message
SL02397,2026-08-03 07:42:00,DEV244,dev-team,code_review_request
SL03183,2026-08-03 07:42:00,DEV212,dev-team,mention
SL04382,2026-08-03 07:45:00,DEV453,engineering,deployment_alert
SL03893,2026-08-03 07:47:00,DEV347,engineering,ci_cd_alert
SL03853,2026-08-03 07:48:00,DEV130,engineering,deployment_alert
SL04874,2026-08-03 07:50:00,DEV416,dev-team,message
SL04130,2026-08-03 07:51:00,DEV327,dev-team,mention
SL04347,2026-08-03 07:52:00,DEV366,project-cognistream,ci_cd_alert
SL02611,2026-08-03 07:53:00,DEV410,frontend,deployment_alert
SL01397,2026-08-03 07:59:00,DEV026,engineering,ci_cd_alert
SL02190,2026-08-03 07:59:00,DEV115,project-cognistream,code_review_request
SL04490,2026-08-03 08:06:00,DEV089,frontend,message
SL02732,2026-08-03 08:14:00,DEV398,project-cognistream,ci_cd_alert
SL04074,2026-08-03 08:15:00,DEV449,project-cognistream,ci_cd_alert
SL04415,2026-08-03 08:17:00,DEV358,project-cognistream,mention
SL03300,2026-08-03 08:21:00,DEV318,dev-team,deployment_alert
SL00840,2026-08-03 08:24:00,DEV290,dev-team,code_review_request
SL03019,2026-08-03 08:26:00,DEV372,project-cognistream,code_review_request
SL04720,2026-08-03 08:37:00,DEV411,frontend,ci_cd_alert
SL02783,2026-08-03 08:42:00,DEV041,backend,code_review_request
SL02231,2026-08-03 08:44:00,DEV206,frontend,ci_cd_alert
SL01711,2026-08-03 08:53:00,DEV218,data-team,message
SL00767,2026-08-03 08:54:00,DEV373,project-cognistream,ci_cd_alert
SL01766,2026-08-03 09:02:00,DEV147,data-team,deployment_alert
SL04186,2026-08-03 09:05:00,DEV235,frontend,mention
SL01519,2026-08-03 09:09:00,DEV331,project-cognistream,code_review_request
SL03432,2026-08-03 09:09:00,DEV388,frontend,deployment_alert
SL02676,2026-08-03 09:12:00,DEV144,dev-team,message
SL01396,2026-08-03 09:24:00,DEV091,project-cognistream,mention
SL01485,2026-08-03 09:31:00,DEV035,dev-team,mention
SL03952,2026-08-03 09:31:00,DEV248,dev-team,mention
SL01441,2026-08-03 09:38:00,DEV061,backend,deployment_alert
SL02475,2026-08-03 09:38:00,DEV274,engineering,code_review_request
SL03984,2026-08-03 09:45:00,DEV447,data-team,message
SL04745,2026-08-03 09:50:00,DEV258,frontend,message
SL01523,2026-08-03 09:51:00,DEV162,data-team,mention
SL01887,2026-08-03 09:57:00,DEV067,data-team,message
SL03187,2026-08-03 09:59:00,DEV195,data-team,message
SL00466,2026-08-03 10:00:00,DEV442,data-team,code_review_request
SL04178,2026-08-03 10:09:00,DEV490,dev-team,ci_cd_alert
SL01215,2026-08-03 10:10:00,DEV263,dev-team,message
SL02627,2026-08-03 10:11:00,DEV223,project-cognistream,code_review_request
SL00635,2026-08-03 10:16:00,DEV257,dev-team,ci_cd_alert
SL04523,2026-08-03 10:20:00,DEV083,backend,ci_cd_alert
SL04610,2026-08-03 10:24:00,DEV066,backend,ci_cd_alert
SL04963,2026-08-03 10:24:00,DEV355,engineering,code_review_request
SL01585,2026-08-03 10:26:00,DEV172,backend,deployment_alert
SL04363,2026-08-03 10:27:00,DEV122,project-cognistream,ci_cd_alert
SL04435,2026-08-03 10:27:00,DEV030,project-cognistream,message
SL02273,2026-08-03 10:28:00,DEV336,backend,deployment_alert
SL00053,2026-08-03 10:33:00,DEV138,backend,ci_cd_alert
SL00787,2026-08-03 10:41:00,DEV094,dev-team,message
SL04027,2026-08-03 10:41:00,DEV166,backend,code_review_request
SL00469,2026-08-03 10:54:00,DEV463,engineering,ci_cd_alert
SL04590,2026-08-03 11:02:00,DEV240,data-team,message
SL00413,2026-08-03 11:04:00,DEV115,backend,code_review_request
SL02884,2026-08-03 11:05:00,DEV258,dev-team,ci_cd_alert
SL02410,2026-08-03 11:07:00,DEV404,dev-team,deployment_alert
SL04645,2026-08-03 11:09:00,DEV306,frontend,mention
SL02847,2026-08-03 11:12:00,DEV316,data-team,message
SL00540,2026-08-03 11:13:00,DEV479,project-cognistream,ci_cd_alert
SL04699,2026-08-03 11:13:00,DEV396,data-team,code_review_request
SL04767,2026-08-03 11:13:00,DEV246,backend,ci_cd_alert
SL03712,2026-08-03 11:14:00,DEV105,engineering,message
SL04939,2026-08-03 11:16:00,DEV352,data-team,code_review_request
SL00155,2026-08-03 11:26:00,DEV196,project-cognistream,deployment_alert
SL02474,2026-08-03 11:26:00,DEV120,backend,mention
SL01354,2026-08-03 11:30:00,DEV144,engineering,message
SL02958,2026-08-03 11:36:00,DEV444,dev-team,code_review_request
SL00718,2026-08-03 11:37:00,DEV248,backend,deployment_alert
SL00918,2026-08-03 11:37:00,DEV230,backend,deployment_alert
SL01122,2026-08-03 11:39:00,DEV142,data-team,code_review_request
SL01971,2026-08-03 11:46:00,DEV145,data-team,mention
SL02674,2026-08-03 12:03:00,DEV442,data-team,deployment_alert
SL03327,2026-08-03 12:03:00,DEV451,project-cognistream,deployment_alert
SL00215,2026-08-03 12:05:00,DEV091,project-cognistream,ci_cd_alert
SL03403,2026-08-03 12:05:00,DEV345,dev-team,deployment_alert
SL03424,2026-08-03 12:08:00,DEV357,frontend,mention
SL01987,2026-08-03 12:16:00,DEV137,data-team,deployment_alert
SL04646,2026-08-03 12:18:00,DEV421,dev-team,code_review_request
SL00190,2026-08-03 12:21:00,DEV197,project-cognistream,mention
SL00015,2026-08-03 12:23:00,DEV433,frontend,code_review_request
SL04270,2026-08-03 12:26:00,DEV214,project-cognistream,message
SL04784,2026-08-03 12:30:00,DEV244,dev-team,message
SL03510,2026-08-03 12:34:00,DEV255,engineering,deployment_alert
SL03766,2026-08-03 12:42:00,DEV374,frontend,mention
SL00287,2026-08-03 12:52:00,DEV429,project-cognistream,ci_cd_alert
SL00649,2026-08-03 12:55:00,DEV262,project-cognistream,deployment_alert
SL03634,2026-08-03 12:58:00,DEV439,dev-team,mention
SL04342,2026-08-03 13:01:00,DEV060,engineering,ci_cd_alert
SL00400,2026-08-03 13:05:00,DEV344,project-cognistream,code_review_request
SL01419,2026-08-03 13:05:00,DEV170,data-team,deployment_alert
SL04799,2026-08-03 13:06:00,DEV121,project-cognistream,deployment_alert
SL04906,2026-08-03 13:06:00,DEV073,data-team,message
SL04025,2026-08-03 13:08:00,DEV240,data-team,code_review_request
SL00083,2026-08-03 13:15:00,DEV079,frontend,deployment_alert
SL01466,2026-08-03 13:15:00,DEV037,data-team,deployment_alert
SL04865,2026-08-03 13:27:00,DEV170,dev-team,code_review_request
SL01076,2026-08-03 13:33:00,DEV035,data-team,ci_cd_alert
SL00961,2026-08-03 13:36:00,DEV179,frontend,ci_cd_alert
SL00291,2026-08-03 13:54:00,DEV056,dev-team,code_review_request
SL01796,2026-08-03 14:10:00,DEV098,dev-team,deployment_alert
SL04832,2026-08-03 14:10:00,DEV430,dev-team,ci_cd_alert
SL02186,2026-08-03 14:11:00,DEV003,engineering,mention
SL00333,2026-08-03 14:17:00,DEV277,backend,message
SL03886,2026-08-03 14:20:00,DEV425,frontend,message
SL02444,2026-08-03 14:23:00,DEV154,backend,mention
SL02082,2026-08-03 14:26:00,DEV125,backend,ci_cd_alert
SL01287,2026-08-03 14:29:00,DEV178,dev-team,deployment_alert
SL00878,2026-08-03 14:32:00,DEV295,backend,deployment_alert
SL04904,2026-08-03 14:36:00,DEV112,engineering,deployment_alert
SL00412,2026-08-03 14:40:00,DEV118,dev-team,mention
SL00578,2026-08-03 14:40:00,DEV074,frontend,code_review_request
SL04794,2026-08-03 14:43:00,DEV456,engineering,message
SL00320,2026-08-03 14:49:00,DEV491,backend,message
SL03197,2026-08-03 14:54:00,DEV059,frontend,code_review_request
SL02533,2026-08-03 15:09:00,DEV403,engineering,code_review_request
SL00663,2026-08-03 15:16:00,DEV085,project-cognistream,code_review_request
SL00260,2026-08-03 15:17:00,DEV001,dev-team,ci_cd_alert
SL02554,2026-08-03 15:19:00,DEV142,project-cognistream,deployment_alert
SL00563,2026-08-03 15:28:00,DEV159,data-team,ci_cd_alert
SL04899,2026-08-03 15:32:00,DEV169,data-team,message
SL04044,2026-08-03 15:39:00,DEV060,dev-team,message
SL01714,2026-08-03 15:40:00,DEV310,dev-team,deployment_alert
SL02558,2026-08-03 15:43:00,DEV382,backend,code_review_request
SL04900,2026-08-03 15:46:00,DEV115,data-team,mention
SL04920,2026-08-03 15:49:00,DEV464,backend,code_review_request
SL04294,2026-08-03 15:54:00,DEV046,backend,deployment_alert
SL01625,2026-08-03 16:02:00,DEV379,data-team,message
SL01901,2026-08-03 16:03:00,DEV453,engineering,ci_cd_alert
SL00071,2026-08-03 16:04:00,DEV402,backend,code_review_request
SL00695,2026-08-03 16:05:00,DEV463,data-team,message
SL03495,2026-08-03 16:18:00,DEV363,engineering,message
SL03170,2026-08-03 16:21:00,DEV434,engineering,mention
SL02871,2026-08-03 16:22:00,DEV054,engineering,code_review_request
SL04613,2026-08-03 16:23:00,DEV040,project-cognistream,message
SL03933,2026-08-03 16:26:00,DEV442,data-team,mention
SL00515,2026-08-03 16:28:00,DEV206,frontend,code_review_request
SL01918,2026-08-03 16:30:00,DEV309,backend,code_review_request
SL02383,2026-08-03 16:33:00,DEV140,project-cognistream,code_review_request
SL03172,2026-08-03 16:38:00,DEV266,data-team,message
SL01320,2026-08-03 16:42:00,DEV299,frontend,message
SL00137,2026-08-03 16:43:00,DEV497,project-cognistream,ci_cd_alert
SL03692,2026-08-03 16:44:00,DEV478,backend,ci_cd_alert
SL00116,2026-08-03 16:53:00,DEV201,engineering,mention
SL03918,2026-08-03 17:02:00,DEV065,engineering,message
SL00120,2026-08-03 17:10:00,DEV286,frontend,code_review_request
SL00014,2026-08-03 17:16:00,DEV439,frontend,message
SL04316,2026-08-03 17:17:00,DEV490,dev-team,code_review_request
SL04121,2026-08-03 17:24:00,DEV316,data-team,code_review_request
SL04380,2026-08-03 17:25:00,DEV117,data-team,deployment_alert
SL02898,2026-08-03 17:26:00,DEV210,frontend,message
SL00352,2026-08-03 17:27:00,DEV465,backend,ci_cd_alert
SL04052,2026-08-03 17:42:00,DEV269,engineering,message
SL03626,2026-08-03 17:46:00,DEV400,backend,mention
SL03021,2026-08-03 17:50:00,DEV401,frontend,mention
SL03676,2026-08-03 18:05:00,DEV242,project-cognistream,ci_cd_alert
SL00957,2026-08-03 18:23:00,DEV275,data-team,message
SL01070,2026-08-03 18:23:00,DEV205,project-cognistream,deployment_alert
SL03454,2026-08-03 18:23:00,DEV017,data-team,deployment_alert
SL01078,2026-08-03 18:28:00,DEV104,project-cognistream,ci_cd_alert
SL01626,2026-08-03 18:41:00,DEV451,backend,code_review_request
SL03217,2026-08-03 18:49:00,DEV158,data-team,ci_cd_alert
SL04430,2026-08-03 18:49:00,DEV105,backend,deployment_alert
SL01306,2026-08-03 18:52:00,DEV197,frontend,message
SL03323,2026-08-03 19:00:00,DEV246,data-team,code_review_request
SL01728,2026-08-03 19:06:00,DEV468,backend,ci_cd_alert
SL03148,2026-08-03 19:09:00,DEV469,data-team,ci_cd_alert
SL02906,2026-08-03 19:10:00,DEV040,project-cognistream,code_review_request
SL02615,2026-08-03 19:16:00,DEV101,engineering,code_review_request
SL01982,2026-08-03 19:30:00,DEV260,dev-team,code_review_request
SL01002,2026-08-03 19:31:00,DEV354,project-cognistream,mention
SL02804,2026-08-03 19:36:00,DEV198,data-team,mention
SL03629,2026-08-03 19:40:00,DEV372,project-cognistream,deployment_alert
SL03847,2026-08-03 19:41:00,DEV245,project-cognistream,message
SL02587,2026-08-03 19:43:00,DEV051,engineering,message
SL00089,2026-08-03 19:47:00,DEV342,data-team,mention
SL00872,2026-08-03 19:47:00,DEV217,frontend,ci_cd_alert
SL02870,2026-08-03 19:52:00,DEV377,engineering,message
SL03863,2026-08-03 19:54:00,DEV453,frontend,ci_cd_alert
SL02276,2026-08-03 20:01:00,DEV455,dev-team,code_review_request
SL00064,2026-08-03 20:04:00,DEV410,data-team,message
SL01249,2026-08-03 20:08:00,DEV310,data-team,code_review_request
SL03040,2026-08-03 20:08:00,DEV434,frontend,mention
SL04668,2026-08-03 20:19:00,DEV131,dev-team,deployment_alert
SL01213,2026-08-03 20:27:00,DEV137,frontend,ci_cd_alert
SL04390,2026-08-03 20:28:00,DEV162,project-cognistream,deployment_alert
SL04837,2026-08-03 20:38:00,DEV039,engineering,mention
SL02451,2026-08-03 20:45:00,DEV369,backend,deployment_alert
SL04706,2026-08-03 20:50:00,DEV112,project-cognistream,code_review_request
SL00132,2026-08-03 20:52:00,DEV254,project-cognistream,deployment_alert
SL04381,2026-08-03 20:53:00,DEV098,data-team,ci_cd_alert
SL01456,2026-08-03 20:54:00,DEV115,engineering,message
SL01107,2026-08-03 20:59:00,DEV119,dev-team,deployment_alert
SL02704,2026-08-03 21:00:00,DEV409,frontend,deployment_alert
SL03876,2026-08-03 21:02:00,DEV080,engineering,ci_cd_alert
SL01086,2026-08-03 21:03:00,DEV245,engineering,mention
SL01599,2026-08-03 21:04:00,DEV154,backend,ci_cd_alert
SL00776,2026-08-03 21:09:00,DEV197,backend,ci_cd_alert
SL00648,2026-08-03 21:10:00,DEV131,dev-team,code_review_request
SL02118,2026-08-03 21:28:00,DEV180,data-team,mention
SL04615,2026-08-03 21:31:00,DEV331,frontend,mention
SL00629,2026-08-03 21:35:00,DEV095,project-cognistream,deployment_alert
SL02859,2026-08-03 21:43:00,DEV194,data-team,code_review_request
SL01059,2026-08-03 21:45:00,DEV047,frontend,ci_cd_alert
SL00321,2026-08-03 21:57:00,DEV054,project-cognistream,code_review_request
SL02456,2026-08-03 21:57:00,DEV496,frontend,message
SL04612,2026-08-03 21:59:00,DEV448,frontend,code_review_request
SL00111,2026-08-03 22:20:00,DEV039,backend,message
SL04845,2026-08-03 22:23:00,DEV412,engineering,mention
SL00460,2026-08-03 22:29:00,DEV445,engineering,message
SL00862,2026-08-03 22:32:00,DEV263,backend,message
SL02037,2026-08-03 22:41:00,DEV065,data-team,ci_cd_alert
SL03357,2026-08-03 22:43:00,DEV353,engineering,code_review_request
SL04907,2026-08-03 22:49:00,DEV213,data-team,deployment_alert
SL02735,2026-08-03 22:57:00,DEV317,backend,code_review_request
SL01791,2026-08-03 23:00:00,DEV313,data-team,mention
SL01593,2026-08-03 23:05:00,DEV026,dev-team,message
SL03468,2026-08-03 23:08:00,DEV017,dev-team,code_review_request
SL03706,2026-08-03 23:12:00,DEV285,engineering,mention
SL04109,2026-08-03 23:13:00,DEV434,frontend,ci_cd_alert
SL04977,2026-08-03 23:19:00,DEV346,frontend,mention
SL01537,2026-08-03 23:27:00,DEV012,frontend,mention
SL01302,2026-08-03 23:36:00,DEV284,project-cognistream,mention
SL01808,2026-08-03 23:36:00,DEV439,data-team,deployment_alert
SL04666,2026-08-03 23:40:00,DEV124,project-cognistream,code_review_request
SL04368,2026-08-03 23:43:00,DEV010,frontend,code_review_request
SL02384,2026-08-03 23:48:00,DEV098,frontend,message
SL01619,2026-08-03 23:55:00,DEV452,engineering,ci_cd_alert
SL00244,2026-08-04 00:00:00,DEV006,project-cognistream,mention
SL04974,2026-08-04 00:00:00,DEV486,engineering,code_review_request
SL04629,2026-08-04 00:01:00,DEV477,data-team,ci_cd_alert
SL01867,2026-08-04 00:03:00,DEV057,backend,mention
SL03787,2026-08-04 00:03:00,DEV301,engineering,code_review_request
SL02504,2026-08-04 00:04:00,DEV419,engineering,deployment_alert
SL03282,2026-08-04 00:04:00,DEV310,backend,deployment_alert
SL02688,2026-08-04 00:07:00,DEV446,engineering,message
SL01709,2026-08-04 00:11:00,DEV348,frontend,code_review_request
SL00396,2026-08-04 00:15:00,DEV258,data-team,deployment_alert
SL01777,2026-08-04 00:16:00,DEV309,data-team,code_review_request
SL04962,2026-08-04 00:16:00,DEV278,dev-team,code_review_request
SL01031,2026-08-04 00:17:00,DEV269,data-team,ci_cd_alert
SL02753,2026-08-04 00:19:00,DEV223,dev-team,message
SL04383,2026-08-04 00:19:00,DEV176,backend,code_review_request
SL02017,2026-08-04 00:21:00,DEV121,engineering,message
SL01748,2026-08-04 00:22:00,DEV350,engineering,ci_cd_alert
SL01321,2026-08-04 00:27:00,DEV179,dev-team,deployment_alert
SL01120,2026-08-04 00:30:00,DEV009,backend,code_review_request
SL03890,2026-08-04 00:41:00,DEV486,project-cognistream,deployment_alert
SL03442,2026-08-04 00:44:00,DEV124,engineering,code_review_request
SL00304,2026-08-04 00:45:00,DEV311,engineering,message
SL04300,2026-08-04 00:48:00,DEV233,engineering,message
SL01936,2026-08-04 00:54:00,DEV176,frontend,mention
SL02556,2026-08-04 00:54:00,DEV384,backend,deployment_alert
SL04546,2026-08-04 00:54:00,DEV202,dev-team,mention
SL00450,2026-08-04 00:58:00,DEV299,dev-team,code_review_request
SL04744,2026-08-04 01:00:00,DEV140,dev-team,mention
SL00197,2026-08-04 01:06:00,DEV233,data-team,message
SL04080,2026-08-04 01:06:00,DEV423,dev-team,code_review_request
SL04886,2026-08-04 01:10:00,DEV464,dev-team,deployment_alert
SL03075,2026-08-04 01:21:00,DEV119,frontend,code_review_request
SL03535,2026-08-04 01:24:00,DEV210,project-cognistream,deployment_alert
SL01415,2026-08-04 01:25:00,DEV461,dev-team,deployment_alert
SL03827,2026-08-04 01:31:00,DEV203,engineering,message
SL04068,2026-08-04 01:31:00,DEV119,backend,message
SL04334,2026-08-04 01:35:00,DEV191,dev-team,code_review_request
SL01464,2026-08-04 01:37:00,DEV279,engineering,ci_cd_alert
SL01776,2026-08-04 01:37:00,DEV070,data-team,code_review_request
SL02111,2026-08-04 01:48:00,DEV116,frontend,message
SL00904,2026-08-04 01:51:00,DEV365,project-cognistream,message
SL02326,2026-08-04 02:04:00,DEV368,frontend,mention
SL02462,2026-08-04 02:08:00,DEV010,data-team,message
SL03054,2026-08-04 02:12:00,DEV150,backend,deployment_alert
SL04897,2026-08-04 02:20:00,DEV107,engineering,ci_cd_alert
SL02476,2026-08-04 02:21:00,DEV474,backend,ci_cd_alert
SL04434,2026-08-04 02:21:00,DEV213,project-cognistream,message
SL02085,2026-08-04 02:23:00,DEV243,dev-team,ci_cd_alert
SL00150,2026-08-04 02:34:00,DEV232,data-team,ci_cd_alert
SL00415,2026-08-04 02:47:00,DEV284,frontend,mention
SL01130,2026-08-04 02:48:00,DEV220,engineering,code_review_request
SL03477,2026-08-04 02:48:00,DEV283,frontend,message
SL04145,2026-08-04 02:49:00,DEV168,project-cognistream,ci_cd_alert
SL00956,2026-08-04 02:52:00,DEV378,engineering,ci_cd_alert
SL02165,2026-08-04 02:57:00,DEV085,frontend,mention
SL04128,2026-08-04 02:57:00,DEV303,engineering,deployment_alert
SL00608,2026-08-04 03:00:00,DEV018,backend,code_review_request
SL03455,2026-08-04 03:13:00,DEV131,engineering,deployment_alert
SL02034,2026-08-04 03:15:00,DEV142,backend,message
SL03503,2026-08-04 03:20:00,DEV461,frontend,code_review_request
SL03196,2026-08-04 03:21:00,DEV261,project-cognistream,mention
SL04207,2026-08-04 03:26:00,DEV240,frontend,message
SL02721,2026-08-04 03:28:00,DEV457,project-cognistream,deployment_alert
SL03623,2026-08-04 03:34:00,DEV458,frontend,deployment_alert
SL01244,2026-08-04 03:36:00,DEV346,project-cognistream,mention
SL03484,2026-08-04 03:39:00,DEV168,engineering,ci_cd_alert
SL03402,2026-08-04 03:46:00,DEV235,frontend,message
SL03993,2026-08-04 03:56:00,DEV168,frontend,message
SL02027,2026-08-04 04:05:00,DEV075,frontend,mention
SL03600,2026-08-04 04:20:00,DEV449,engineering,code_review_request
SL00335,2026-08-04 04:28:00,DEV349,dev-team,mention
SL04638,2026-08-04 04:37:00,DEV432,dev-team,message
SL03523,2026-08-04 04:51:00,DEV470,frontend,code_review_request
SL02038,2026-08-04 04:52:00,DEV481,data-team,mention
SL00028,2026-08-04 04:53:00,DEV065,data-team,message
SL00179,2026-08-04 04:57:00,DEV122,data-team,mention
SL00047,2026-08-04 05:00:00,DEV290,frontend,code_review_request
SL00007,2026-08-04 05:01:00,DEV193,dev-team,message
SL01676,2026-08-04 05:06:00,DEV405,backend,ci_cd_alert
SL03547,2026-08-04 05:33:00,DEV061,engineering,deployment_alert
SL03237,2026-08-04 05:35:00,DEV281,frontend,code_review_request
SL00703,2026-08-04 05:36:00,DEV098,data-team,ci_cd_alert
SL03372,2026-08-04 05:37:00,DEV365,dev-team,ci_cd_alert
SL03417,2026-08-04 05:37:00,DEV109,backend,mention
SL04953,2026-08-04 05:39:00,DEV082,backend,mention
SL01087,2026-08-04 05:50:00,DEV454,backend,message
SL02147,2026-08-04 05:57:00,DEV394,engineering,mention
SL01398,2026-08-04 06:06:00,DEV405,engineering,mention
SL04704,2026-08-04 06:10:00,DEV437,data-team,message
SL02575,2026-08-04 06:13:00,DEV181,backend,message
SL02371,2026-08-04 06:16:00,DEV020,dev-team,mention
SL01435,2026-08-04 06:20:00,DEV330,project-cognistream,message
SL04831,2026-08-04 06:20:00,DEV443,engineering,code_review_request
SL00024,2026-08-04 06:26:00,DEV331,engineering,mention
SL00408,2026-08-04 06:26:00,DEV059,engineering,deployment_alert
SL02446,2026-08-04 06:34:00,DEV125,data-team,ci_cd_alert
SL04307,2026-08-04 06:34:00,DEV413,engineering,code_review_request
SL00658,2026-08-04 06:35:00,DEV479,data-team,mention
SL01543,2026-08-04 06:37:00,DEV030,project-cognistream,message
SL03843,2026-08-04 06:37:00,DEV063,data-team,code_review_request
SL00160,2026-08-04 06:41:00,DEV249,backend,ci_cd_alert
SL04320,2026-08-04 06:46:00,DEV281,project-cognistream,deployment_alert
SL04266,2026-08-04 06:49:00,DEV354,dev-team,code_review_request
SL03514,2026-08-04 06:54:00,DEV467,backend,message
SL03501,2026-08-04 07:00:00,DEV186,backend,deployment_alert
SL04991,2026-08-04 07:00:00,DEV233,dev-team,deployment_alert
SL04216,2026-08-04 07:01:00,DEV338,engineering,ci_cd_alert
SL03555,2026-08-04 07:11:00,DEV151,engineering,code_review_request
SL03946,2026-08-04 07:12:00,DEV267,dev-team,message
SL01948,2026-08-04 07:13:00,DEV287,data-team,mention
SL03632,2026-08-04 07:24:00,DEV344,frontend,code_review_request
SL00875,2026-08-04 07:26:00,DEV317,backend,ci_cd_alert
SL01434,2026-08-04 07:27:00,DEV090,data-team,message
SL02997,2026-08-04 07:38:00,DEV067,frontend,deployment_alert
SL04050,2026-08-04 07:42:00,DEV488,backend,mention
SL01084,2026-08-04 07:43:00,DEV387,frontend,deployment_alert
SL04871,2026-08-04 07:49:00,DEV113,frontend,ci_cd_alert
SL02617,2026-08-04 07:53:00,DEV118,project-cognistream,code_review_request
SL00301,2026-08-04 07:55:00,DEV012,frontend,code_review_request
SL02145,2026-08-04 07:55:00,DEV262,data-team,code_review_request
SL01641,2026-08-04 07:56:00,DEV494,engineering,deployment_alert
SL00045,2026-08-04 07:57:00,DEV230,backend,mention
SL01552,2026-08-04 07:57:00,DEV342,engineering,mention
SL03473,2026-08-04 07:58:00,DEV275,dev-team,ci_cd_alert
SL02833,2026-08-04 08:00:00,DEV053,dev-team,code_review_request
SL03742,2026-08-04 08:01:00,DEV030,project-cognistream,ci_cd_alert
SL03104,2026-08-04 08:02:00,DEV390,project-cognistream,mention
SL03834,2026-08-04 08:07:00,DEV357,frontend,deployment_alert
SL00764,2026-08-04 08:12:00,DEV446,engineering,ci_cd_alert
SL02670,2026-08-04 08:21:00,DEV183,data-team,deployment_alert
SL02994,2026-08-04 08:22:00,DEV220,backend,deployment_alert
SL02943,2026-08-04 08:24:00,DEV382,project-cognistream,deployment_alert
SL02545,2026-08-04 08:25:00,DEV343,dev-team,code_review_request
SL01461,2026-08-04 08:31:00,DEV233,project-cognistream,ci_cd_alert
SL02033,2026-08-04 08:31:00,DEV010,engineering,message
SL02567,2026-08-04 08:31:00,DEV269,backend,deployment_alert
SL02867,2026-08-04 08:34:00,DEV219,backend,code_review_request
SL02584,2026-08-04 08:35:00,DEV477,data-team,deployment_alert
SL01850,2026-08-04 08:38:00,DEV419,backend,code_review_request
SL02088,2026-08-04 08:39:00,DEV169,dev-team,mention
SL04771,2026-08-04 08:42:00,DEV168,dev-team,message
SL02981,2026-08-04 08:43:00,DEV359,frontend,mention
SL03613,2026-08-04 08:43:00,DEV212,dev-team,code_review_request
SL01020,2026-08-04 08:50:00,DEV023,engineering,mention
SL03565,2026-08-04 08:51:00,DEV228,project-cognistream,code_review_request
SL02542,2026-08-04 09:04:00,DEV201,project-cognistream,code_review_request
SL03046,2026-08-04 09:04:00,DEV423,engineering,mention
SL03392,2026-08-04 09:13:00,DEV281,backend,deployment_alert
SL03376,2026-08-04 09:14:00,DEV146,backend,deployment_alert
SL00819,2026-08-04 09:15:00,DEV061,frontend,code_review_request
SL01909,2026-08-04 09:15:00,DEV069,project-cognistream,ci_cd_alert
SL04648,2026-08-04 09:25:00,DEV248,backend,deployment_alert
SL01141,2026-08-04 09:26:00,DEV246,engineering,code_review_request
SL02014,2026-08-04 09:36:00,DEV308,backend,ci_cd_alert
SL02502,2026-08-04 09:36:00,DEV045,dev-team,mention
SL00251,2026-08-04 09:37:00,DEV115,project-cognistream,ci_cd_alert
SL02680,2026-08-04 09:38:00,DEV484,dev-team,mention
SL01338,2026-08-04 09:45:00,DEV229,backend,code_review_request
SL02278,2026-08-04 09:47:00,DEV468,data-team,message
SL03353,2026-08-04 09:51:00,DEV062,engineering,code_review_request
SL01336,2026-08-04 09:53:00,DEV295,engineering,deployment_alert
SL04964,2026-08-04 09:54:00,DEV265,engineering,mention
SL04825,2026-08-04 09:58:00,DEV244,dev-team,mention
SL04637,2026-08-04 09:59:00,DEV256,engineering,mention
SL00051,2026-08-04 10:06:00,DEV277,frontend,mention
SL01186,2026-08-04 10:10:00,DEV106,project-cognistream,code_review_request
SL01075,2026-08-04 10:15:00,DEV091,project-cognistream,deployment_alert
SL03475,2026-08-04 10:22:00,DEV115,dev-team,message
SL03979,2026-08-04 10:24:00,DEV469,engineering,message
SL01258,2026-08-04 10:31:00,DEV193,dev-team,mention
SL00325,2026-08-04 10:32:00,DEV178,dev-team,mention
SL03240,2026-08-04 10:32:00,DEV235,dev-team,mention
SL03423,2026-08-04 10:40:00,DEV430,data-team,message
SL00930,2026-08-04 10:42:00,DEV458,backend,code_review_request
SL00806,2026-08-04 10:43:00,DEV103,project-cognistream,mention
SL02093,2026-08-04 10:47:00,DEV032,data-team,mention
SL01387,2026-08-04 10:53:00,DEV364,project-cognistream,deployment_alert
SL03100,2026-08-04 10:58:00,DEV084,dev-team,code_review_request
SL04184,2026-08-04 11:12:00,DEV394,backend,code_review_request
SL00661,2026-08-04 11:13:00,DEV441,data-team,message
SL00520,2026-08-04 11:15:00,DEV086,dev-team,deployment_alert
SL00672,2026-08-04 11:15:00,DEV085,data-team,mention
SL01266,2026-08-04 11:37:00,DEV287,engineering,message
SL02265,2026-08-04 11:43:00,DEV062,backend,ci_cd_alert
SL01630,2026-08-04 12:06:00,DEV401,engineering,message
SL01597,2026-08-04 12:07:00,DEV043,dev-team,message
SL00572,2026-08-04 12:15:00,DEV154,dev-team,ci_cd_alert
SL04418,2026-08-04 12:18:00,DEV122,data-team,ci_cd_alert
SL04449,2026-08-04 12:18:00,DEV106,frontend,deployment_alert
SL01229,2026-08-04 12:23:00,DEV299,engineering,ci_cd_alert
SL01994,2026-08-04 12:24:00,DEV386,project-cognistream,deployment_alert
SL04336,2026-08-04 12:30:00,DEV315,engineering,mention
SL02754,2026-08-04 12:35:00,DEV402,dev-team,message
SL02734,2026-08-04 12:38:00,DEV461,project-cognistream,code_review_request
SL01629,2026-08-04 12:42:00,DEV166,dev-team,ci_cd_alert
SL01723,2026-08-04 12:43:00,DEV060,backend,deployment_alert
SL00406,2026-08-04 12:47:00,DEV219,project-cognistream,deployment_alert
SL02968,2026-08-04 12:47:00,DEV003,data-team,code_review_request
SL03748,2026-08-04 12:51:00,DEV124,project-cognistream,code_review_request
SL01219,2026-08-04 12:58:00,DEV093,backend,message
SL02182,2026-08-04 12:58:00,DEV383,dev-team,deployment_alert
SL01628,2026-08-04 13:03:00,DEV489,backend,ci_cd_alert
SL00934,2026-08-04 13:06:00,DEV139,data-team,deployment_alert
SL02695,2026-08-04 13:12:00,DEV217,frontend,code_review_request
SL03579,2026-08-04 13:12:00,DEV103,project-cognistream,deployment_alert
SL00398,2026-08-04 13:13:00,DEV418,data-team,message
SL02030,2026-08-04 13:13:00,DEV197,dev-team,deployment_alert
SL02046,2026-08-04 13:23:00,DEV073,project-cognistream,ci_cd_alert
SL04280,2026-08-04 13:23:00,DEV344,backend,ci_cd_alert
SL03884,2026-08-04 13:24:00,DEV153,frontend,code_review_request
SL00379,2026-08-04 13:26:00,DEV254,frontend,ci_cd_alert
SL01656,2026-08-04 13:27:00,DEV085,frontend,deployment_alert
SL04170,2026-08-04 13:28:00,DEV124,backend,deployment_alert
SL01151,2026-08-04 13:29:00,DEV084,dev-team,deployment_alert
SL03394,2026-08-04 13:31:00,DEV342,frontend,mention
SL01347,2026-08-04 13:32:00,DEV253,backend,code_review_request
SL02079,2026-08-04 13:33:00,DEV370,project-cognistream,code_review_request
SL00935,2026-08-04 13:45:00,DEV326,data-team,code_review_request
SL02664,2026-08-04 13:47:00,DEV445,project-cognistream,deployment_alert
SL02409,2026-08-04 13:49:00,DEV209,engineering,mention
SL00848,2026-08-04 13:54:00,DEV403,frontend,code_review_request
SL00788,2026-08-04 13:56:00,DEV391,project-cognistream,message
SL04942,2026-08-04 13:56:00,DEV481,data-team,mention
SL02297,2026-08-04 14:03:00,DEV402,frontend,ci_cd_alert
SL04540,2026-08-04 14:13:00,DEV022,data-team,code_review_request
SL04891,2026-08-04 14:15:00,DEV143,frontend,code_review_request
SL03672,2026-08-04 14:18:00,DEV197,dev-team,deployment_alert
SL03241,2026-08-04 14:36:00,DEV048,backend,message
SL00404,2026-08-04 14:39:00,DEV025,frontend,code_review_request
SL00055,2026-08-04 14:40:00,DEV164,dev-team,message
SL02043,2026-08-04 14:46:00,DEV134,dev-team,mention
SL00268,2026-08-04 14:47:00,DEV361,project-cognistream,deployment_alert
SL01318,2026-08-04 14:49:00,DEV197,project-cognistream,ci_cd_alert
SL01503,2026-08-04 14:51:00,DEV423,frontend,message
SL04778,2026-08-04 14:58:00,DEV371,project-cognistream,ci_cd_alert
SL02548,2026-08-04 15:03:00,DEV003,data-team,code_review_request
SL00496,2026-08-04 15:12:00,DEV372,project-cognistream,code_review_request
SL04104,2026-08-04 15:25:00,DEV214,engineering,mention
SL02468,2026-08-04 15:29:00,DEV125,data-team,code_review_request
SL02889,2026-08-04 15:32:00,DEV318,data-team,ci_cd_alert
SL04973,2026-08-04 15:32:00,DEV480,data-team,mention
SL04844,2026-08-04 15:34:00,DEV350,backend,message
SL01061,2026-08-04 15:35:00,DEV118,project-cognistream,code_review_request
SL00738,2026-08-04 15:40:00,DEV394,dev-team,deployment_alert
SL01473,2026-08-04 15:42:00,DEV103,dev-team,ci_cd_alert
SL04138,2026-08-04 15:43:00,DEV147,engineering,ci_cd_alert
SL04838,2026-08-04 15:43:00,DEV310,frontend,mention
SL02824,2026-08-04 15:55:00,DEV351,data-team,code_review_request
SL02458,2026-08-04 15:56:00,DEV331,dev-team,code_review_request
SL04464,2026-08-04 15:58:00,DEV098,dev-team,message
SL04271,2026-08-04 16:04:00,DEV369,data-team,code_review_request
SL02168,2026-08-04 16:13:00,DEV238,backend,deployment_alert
SL01546,2026-08-04 16:15:00,DEV254,backend,mention
SL03788,2026-08-04 16:15:00,DEV238,engineering,deployment_alert
SL04412,2026-08-04 16:15:00,DEV042,frontend,deployment_alert
SL01025,2026-08-04 16:21:00,DEV354,frontend,mention
SL03045,2026-08-04 16:21:00,DEV092,dev-team,message
SL02637,2026-08-04 16:24:00,DEV388,backend,mention
SL04562,2026-08-04 16:29:00,DEV318,project-cognistream,deployment_alert
SL04561,2026-08-04 16:30:00,DEV455,project-cognistream,mention
SL01966,2026-08-04 16:33:00,DEV150,backend,message
SL03069,2026-08-04 16:38:00,DEV143,engineering,mention
SL00345,2026-08-04 16:42:00,DEV392,project-cognistream,mention
SL00982,2026-08-04 16:42:00,DEV106,dev-team,code_review_request
SL04101,2026-08-04 16:55:00,DEV277,engineering,code_review_request
SL00403,2026-08-04 16:57:00,DEV457,frontend,mention
SL03130,2026-08-04 17:03:00,DEV461,data-team,code_review_request
SL04222,2026-08-04 17:06:00,DEV069,dev-team,ci_cd_alert
SL04853,2026-08-04 17:09:00,DEV092,project-cognistream,deployment_alert
SL04631,2026-08-04 17:16:00,DEV223,data-team,mention
SL01763,2026-08-04 17:29:00,DEV222,data-team,mention
SL02099,2026-08-04 17:29:00,DEV045,data-team,message
SL04256,2026-08-04 17:29:00,DEV239,engineering,mention
SL04533,2026-08-04 17:36:00,DEV126,data-team,message
SL01004,2026-08-04 17:46:00,DEV204,dev-team,ci_cd_alert
SL02730,2026-08-04 17:47:00,DEV067,engineering,deployment_alert
SL00601,2026-08-04 17:56:00,DEV438,dev-team,mention
SL01900,2026-08-04 17:57:00,DEV181,project-cognistream,code_review_request
SL01605,2026-08-04 18:01:00,DEV237,backend,ci_cd_alert
SL01134,2026-08-04 18:10:00,DEV402,engineering,code_review_request
SL04483,2026-08-04 18:12:00,DEV160,frontend,ci_cd_alert
SL03542,2026-08-04 18:13:00,DEV057,project-cognistream,mention
SL02127,2026-08-04 18:15:00,DEV036,frontend,code_review_request
SL04816,2026-08-04 18:22:00,DEV440,data-team,message
SL01512,2026-08-04 18:24:00,DEV233,data-team,mention
SL00233,2026-08-04 18:26:00,DEV382,data-team,deployment_alert
SL04679,2026-08-04 18:26:00,DEV096,data-team,code_review_request
SL01259,2026-08-04 18:27:00,DEV086,engineering,ci_cd_alert
SL02176,2026-08-04 18:28:00,DEV050,frontend,deployment_alert
SL01575,2026-08-04 18:30:00,DEV377,data-team,deployment_alert
SL02787,2026-08-04 18:39:00,DEV088,frontend,mention
SL02588,2026-08-04 18:42:00,DEV332,project-cognistream,ci_cd_alert
SL02763,2026-08-04 18:42:00,DEV355,project-cognistream,mention
SL01494,2026-08-04 18:52:00,DEV180,dev-team,message
SL01493,2026-08-04 18:57:00,DEV026,backend,code_review_request
SL02829,2026-08-04 18:59:00,DEV037,data-team,code_review_request
SL04111,2026-08-04 19:03:00,DEV270,dev-team,deployment_alert
SL00162,2026-08-04 19:05:00,DEV321,backend,deployment_alert
SL00507,2026-08-04 19:07:00,DEV443,dev-team,deployment_alert
SL01943,2026-08-04 19:07:00,DEV157,dev-team,code_review_request
SL03701,2026-08-04 19:10:00,DEV143,dev-team,mention
SL03727,2026-08-04 19:10:00,DEV059,project-cognistream,deployment_alert
SL00212,2026-08-04 19:11:00,DEV468,frontend,code_review_request
SL03960,2026-08-04 19:16:00,DEV217,data-team,code_review_request
SL04247,2026-08-04 19:20:00,DEV369,engineering,ci_cd_alert
SL00763,2026-08-04 19:21:00,DEV058,frontend,mention
SL00983,2026-08-04 19:22:00,DEV146,dev-team,message
SL04378,2026-08-04 19:22:00,DEV367,dev-team,message
SL01121,2026-08-04 19:25:00,DEV060,backend,deployment_alert
SL02432,2026-08-04 19:30:00,DEV196,data-team,code_review_request
SL03115,2026-08-04 19:31:00,DEV054,engineering,mention
SL02246,2026-08-04 19:32:00,DEV210,backend,mention
SL01742,2026-08-04 19:39:00,DEV154,dev-team,mention
SL01489,2026-08-04 19:40:00,DEV406,backend,message
SL01775,2026-08-04 19:48:00,DEV106,dev-team,code_review_request
SL03763,2026-08-04 19:52:00,DEV455,backend,mention
SL02669,2026-08-04 19:57:00,DEV059,project-cognistream,mention
SL03212,2026-08-04 20:01:00,DEV288,data-team,code_review_request
SL01014,2026-08-04 20:11:00,DEV243,data-team,ci_cd_alert
SL03651,2026-08-04 20:17:00,DEV077,data-team,deployment_alert
SL01123,2026-08-04 20:27:00,DEV198,backend,mention
SL02160,2026-08-04 20:27:00,DEV071,backend,deployment_alert
SL02538,2026-08-04 20:28:00,DEV038,frontend,deployment_alert
SL02707,2026-08-04 20:29:00,DEV125,backend,deployment_alert
SL02537,2026-08-04 20:31:00,DEV187,project-cognistream,deployment_alert
SL02295,2026-08-04 20:36:00,DEV122,frontend,message
SL03280,2026-08-04 20:44:00,DEV238,engineering,message
SL01340,2026-08-04 20:47:00,DEV276,backend,ci_cd_alert
SL00481,2026-08-04 20:58:00,DEV177,frontend,message
SL00679,2026-08-04 20:58:00,DEV259,dev-team,deployment_alert
SL00759,2026-08-04 21:04:00,DEV183,engineering,deployment_alert
SL00063,2026-08-04 21:08:00,DEV311,data-team,message
SL03009,2026-08-04 21:31:00,DEV146,backend,code_review_request
SL00717,2026-08-04 21:37:00,DEV357,dev-team,message
SL00144,2026-08-04 21:43:00,DEV266,frontend,deployment_alert
SL02508,2026-08-04 21:44:00,DEV220,dev-team,mention
SL03536,2026-08-04 21:48:00,DEV230,data-team,message
SL01500,2026-08-04 21:53:00,DEV047,engineering,ci_cd_alert
SL04348,2026-08-04 21:56:00,DEV182,engineering,ci_cd_alert
SL04718,2026-08-04 21:56:00,DEV174,dev-team,message
SL04896,2026-08-04 22:02:00,DEV278,project-cognistream,deployment_alert
SL01386,2026-08-04 22:12:00,DEV364,backend,code_review_request
SL00798,2026-08-04 22:19:00,DEV418,frontend,message
SL02511,2026-08-04 22:19:00,DEV391,engineering,code_review_request
SL02980,2026-08-04 22:28:00,DEV101,engineering,code_review_request
SL04331,2026-08-04 22:30:00,DEV229,dev-team,deployment_alert
SL04006,2026-08-04 22:31:00,DEV371,dev-team,deployment_alert
SL04919,2026-08-04 22:36:00,DEV038,engineering,ci_cd_alert
SL01730,2026-08-04 22:38:00,DEV455,project-cognistream,deployment_alert
SL04171,2026-08-04 22:40:00,DEV285,frontend,mention
SL01011,2026-08-04 22:43:00,DEV151,frontend,code_review_request
SL00543,2026-08-04 22:49:00,DEV041,backend,message
SL01934,2026-08-04 22:57:00,DEV068,frontend,message
SL04931,2026-08-04 23:04:00,DEV352,engineering,message
SL03087,2026-08-04 23:06:00,DEV411,engineering,deployment_alert
SL03572,2026-08-04 23:07:00,DEV023,frontend,deployment_alert
SL02785,2026-08-04 23:10:00,DEV159,engineering,mention
SL02957,2026-08-04 23:12:00,DEV305,frontend,deployment_alert
SL02535,2026-08-04 23:16:00,DEV129,project-cognistream,mention
SL01821,2026-08-04 23:18:00,DEV145,engineering,message
SL02671,2026-08-04 23:24:00,DEV421,project-cognistream,code_review_request
SL03832,2026-08-04 23:27:00,DEV203,engineering,code_review_request
SL02629,2026-08-04 23:31:00,DEV096,dev-team,message
SL04142,2026-08-04 23:34:00,DEV127,backend,deployment_alert
SL01096,2026-08-04 23:50:00,DEV211,engineering,code_review_request
SL00638,2026-08-04 23:53:00,DEV042,dev-team,mention
SL00901,2026-08-04 23:55:00,DEV244,data-team,deployment_alert
SL03959,2026-08-04 23:58:00,DEV352,engineering,deployment_alert
SL01329,2026-08-04 23:59:00,DEV377,project-cognistream,deployment_alert
SL00994,2026-08-05 00:02:00,DEV014,project-cognistream,deployment_alert
SL02483,2026-08-05 00:03:00,DEV435,frontend,code_review_request
SL00207,2026-08-05 00:10:00,DEV349,engineering,deployment_alert
SL03545,2026-08-05 00:22:00,DEV484,data-team,message
SL01282,2026-08-05 00:26:00,DEV359,frontend,message
SL01803,2026-08-05 00:26:00,DEV190,dev-team,mention
SL00555,2026-08-05 00:27:00,DEV374,data-team,code_review_request
SL01607,2026-08-05 00:29:00,DEV463,engineering,code_review_request
SL01034,2026-08-05 00:34:00,DEV038,project-cognistream,deployment_alert
SL03567,2026-08-05 00:37:00,DEV005,frontend,mention
SL03694,2026-08-05 00:41:00,DEV364,data-team,mention
SL04327,2026-08-05 00:41:00,DEV212,frontend,code_review_request
SL00008,2026-08-05 00:43:00,DEV263,backend,mention
SL01666,2026-08-05 00:43:00,DEV189,project-cognistream,message
SL03132,2026-08-05 00:45:00,DEV077,data-team,mention
SL04513,2026-08-05 00:48:00,DEV013,dev-team,deployment_alert
SL00169,2026-08-05 00:49:00,DEV124,dev-team,code_review_request
SL03223,2026-08-05 00:55:00,DEV339,frontend,mention
SL02298,2026-08-05 01:00:00,DEV170,engineering,code_review_request
SL02100,2026-08-05 01:01:00,DEV475,engineering,ci_cd_alert
SL04972,2026-08-05 01:08:00,DEV043,frontend,message
SL02982,2026-08-05 01:19:00,DEV495,engineering,message
SL01184,2026-08-05 01:20:00,DEV344,backend,deployment_alert
SL03935,2026-08-05 01:20:00,DEV251,backend,mention
SL04053,2026-08-05 01:23:00,DEV500,project-cognistream,code_review_request
SL02154,2026-08-05 01:25:00,DEV451,project-cognistream,ci_cd_alert
SL04627,2026-08-05 01:31:00,DEV253,backend,ci_cd_alert
SL03921,2026-08-05 01:32:00,DEV189,dev-team,deployment_alert
SL02976,2026-08-05 01:36:00,DEV239,frontend,deployment_alert
SL03625,2026-08-05 01:38:00,DEV486,frontend,ci_cd_alert
SL00581,2026-08-05 01:40:00,DEV290,dev-team,code_review_request
SL03906,2026-08-05 01:41:00,DEV418,project-cognistream,mention
SL01362,2026-08-05 01:42:00,DEV150,data-team,deployment_alert
SL04466,2026-08-05 01:45:00,DEV324,frontend,code_review_request
SL04623,2026-08-05 01:52:00,DEV499,frontend,ci_cd_alert
SL01492,2026-08-05 02:14:00,DEV301,data-team,ci_cd_alert
SL01996,2026-08-05 02:15:00,DEV078,backend,code_review_request
SL01659,2026-08-05 02:16:00,DEV268,engineering,message
SL03614,2026-08-05 02:16:00,DEV192,data-team,code_review_request
SL04488,2026-08-05 02:17:00,DEV451,project-cognistream,code_review_request
SL03107,2026-08-05 02:25:00,DEV391,engineering,message
SL00278,2026-08-05 02:28:00,DEV063,frontend,message
SL03556,2026-08-05 02:32:00,DEV358,frontend,message
SL00193,2026-08-05 02:41:00,DEV014,backend,mention
SL01950,2026-08-05 02:41:00,DEV165,data-team,ci_cd_alert
SL01833,2026-08-05 02:47:00,DEV208,frontend,code_review_request
SL03699,2026-08-05 02:51:00,DEV198,frontend,deployment_alert
SL00476,2026-08-05 02:52:00,DEV157,frontend,code_review_request
SL01236,2026-08-05 02:53:00,DEV420,frontend,deployment_alert
SL03754,2026-08-05 03:10:00,DEV073,backend,deployment_alert
SL00621,2026-08-05 03:12:00,DEV127,project-cognistream,code_review_request
SL04553,2026-08-05 03:15:00,DEV116,frontend,code_review_request
SL02728,2026-08-05 03:39:00,DEV410,frontend,ci_cd_alert
SL02500,2026-08-05 03:40:00,DEV212,engineering,message
SL00410,2026-08-05 03:41:00,DEV085,data-team,mention
SL03909,2026-08-05 03:43:00,DEV460,project-cognistream,mention
SL00751,2026-08-05 03:45:00,DEV263,engineering,ci_cd_alert
SL04163,2026-08-05 03:50:00,DEV004,engineering,ci_cd_alert
SL00807,2026-08-05 03:52:00,DEV233,frontend,deployment_alert
SL02405,2026-08-05 03:53:00,DEV260,frontend,mention
SL03263,2026-08-05 03:56:00,DEV433,data-team,deployment_alert
SL04581,2026-08-05 03:56:00,DEV297,data-team,deployment_alert
SL02955,2026-08-05 04:01:00,DEV296,frontend,message
SL04480,2026-08-05 04:01:00,DEV499,backend,code_review_request
SL00477,2026-08-05 04:03:00,DEV110,backend,deployment_alert
SL02995,2026-08-05 04:03:00,DEV497,frontend,ci_cd_alert
SL00017,2026-08-05 04:06:00,DEV065,engineering,ci_cd_alert
SL00941,2026-08-05 04:13:00,DEV164,project-cognistream,code_review_request
SL03485,2026-08-05 04:24:00,DEV154,backend,deployment_alert
SL03583,2026-08-05 04:25:00,DEV167,project-cognistream,mention
SL01201,2026-08-05 04:32:00,DEV481,dev-team,mention
SL01819,2026-08-05 04:38:00,DEV455,frontend,mention
SL02073,2026-08-05 04:44:00,DEV443,dev-team,deployment_alert
SL00613,2026-08-05 04:52:00,DEV460,backend,message
SL02886,2026-08-05 05:01:00,DEV131,backend,code_review_request
SL00985,2026-08-05 05:02:00,DEV230,dev-team,ci_cd_alert
SL04576,2026-08-05 05:03:00,DEV260,data-team,code_review_request
SL03835,2026-08-05 05:06:00,DEV317,data-team,code_review_request
SL01686,2026-08-05 05:11:00,DEV300,backend,code_review_request
SL02536,2026-08-05 05:13:00,DEV498,backend,ci_cd_alert
SL02932,2026-08-05 05:17:00,DEV102,project-cognistream,message
SL03437,2026-08-05 05:17:00,DEV300,engineering,deployment_alert
SL00724,2026-08-05 05:18:00,DEV201,backend,code_review_request
SL03317,2026-08-05 05:20:00,DEV480,backend,code_review_request
SL01442,2026-08-05 05:25:00,DEV325,backend,ci_cd_alert
SL00358,2026-08-05 05:27:00,DEV164,project-cognistream,code_review_request
SL03521,2026-08-05 05:31:00,DEV269,backend,ci_cd_alert
SL04288,2026-08-05 05:33:00,DEV373,dev-team,mention
SL04188,2026-08-05 05:47:00,DEV394,backend,mention
SL01665,2026-08-05 05:51:00,DEV179,dev-team,deployment_alert
SL01163,2026-08-05 05:54:00,DEV135,dev-team,ci_cd_alert
SL01426,2026-08-05 05:58:00,DEV189,dev-team,message
SL03907,2026-08-05 06:16:00,DEV423,frontend,deployment_alert
SL04056,2026-08-05 06:16:00,DEV335,project-cognistream,mention
SL00538,2026-08-05 06:17:00,DEV120,backend,deployment_alert
SL01006,2026-08-05 06:17:00,DEV277,data-team,ci_cd_alert
SL04565,2026-08-05 06:18:00,DEV207,frontend,message
SL04883,2026-08-05 06:19:00,DEV347,data-team,mention
SL01319,2026-08-05 06:20:00,DEV089,engineering,ci_cd_alert
SL00529,2026-08-05 06:22:00,DEV031,data-team,ci_cd_alert
SL03022,2026-08-05 06:22:00,DEV326,frontend,ci_cd_alert
SL03927,2026-08-05 06:23:00,DEV029,project-cognistream,ci_cd_alert
SL01809,2026-08-05 06:28:00,DEV043,project-cognistream,mention
SL04568,2026-08-05 06:28:00,DEV327,project-cognistream,message
SL01855,2026-08-05 06:34:00,DEV105,frontend,ci_cd_alert
SL03962,2026-08-05 06:54:00,DEV429,project-cognistream,ci_cd_alert
SL01678,2026-08-05 06:55:00,DEV235,engineering,code_review_request
SL02820,2026-08-05 06:55:00,DEV397,dev-team,deployment_alert
SL03144,2026-08-05 06:58:00,DEV428,backend,mention
SL04132,2026-08-05 06:59:00,DEV185,dev-team,mention
SL01859,2026-08-05 07:05:00,DEV266,frontend,mention
SL01713,2026-08-05 07:15:00,DEV432,data-team,mention
SL04717,2026-08-05 07:24:00,DEV014,data-team,ci_cd_alert
SL01547,2026-08-05 07:25:00,DEV120,backend,message
SL04441,2026-08-05 07:25:00,DEV192,dev-team,mention
SL04640,2026-08-05 07:29:00,DEV355,project-cognistream,deployment_alert
SL02525,2026-08-05 07:33:00,DEV437,frontend,mention
SL04936,2026-08-05 07:44:00,DEV158,data-team,ci_cd_alert
SL02452,2026-08-05 07:52:00,DEV306,frontend,message
SL03459,2026-08-05 07:57:00,DEV484,dev-team,mention
SL03611,2026-08-05 07:59:00,DEV063,project-cognistream,ci_cd_alert
SL00667,2026-08-05 08:07:00,DEV422,frontend,mention
SL01491,2026-08-05 08:10:00,DEV304,project-cognistream,mention
SL03428,2026-08-05 08:12:00,DEV288,project-cognistream,message
SL04012,2026-08-05 08:13:00,DEV100,backend,deployment_alert
SL04560,2026-08-05 08:14:00,DEV037,backend,message
SL01200,2026-08-05 08:17:00,DEV227,frontend,deployment_alert
SL04437,2026-08-05 08:17:00,DEV363,frontend,mention
SL04049,2026-08-05 08:32:00,DEV465,backend,deployment_alert
SL04805,2026-08-05 08:34:00,DEV051,data-team,code_review_request
SL04059,2026-08-05 08:36:00,DEV238,engineering,mention
SL01895,2026-08-05 08:37:00,DEV030,frontend,mention
SL04066,2026-08-05 08:39:00,DEV394,engineering,ci_cd_alert
SL02802,2026-08-05 08:53:00,DEV374,frontend,code_review_request
SL00981,2026-08-05 08:54:00,DEV113,data-team,code_review_request
SL00990,2026-08-05 08:57:00,DEV233,frontend,message
SL01849,2026-08-05 08:57:00,DEV441,backend,deployment_alert
SL02585,2026-08-05 08:57:00,DEV290,project-cognistream,deployment_alert
SL03401,2026-08-05 08:57:00,DEV128,frontend,message
SL01039,2026-08-05 09:00:00,DEV121,data-team,ci_cd_alert
SL04086,2026-08-05 09:03:00,DEV375,dev-team,code_review_request
SL01352,2026-08-05 09:09:00,DEV158,frontend,message
SL04858,2026-08-05 09:14:00,DEV110,backend,message
SL04400,2026-08-05 09:16:00,DEV491,engineering,deployment_alert
SL01198,2026-08-05 09:23:00,DEV440,frontend,mention
SL00196,2026-08-05 09:25:00,DEV240,frontend,message
SL03655,2026-08-05 09:34:00,DEV003,dev-team,deployment_alert
SL04305,2026-08-05 09:37:00,DEV045,data-team,mention
SL04944,2026-08-05 09:39:00,DEV158,dev-team,code_review_request
SL00933,2026-08-05 09:41:00,DEV405,data-team,mention
SL02041,2026-08-05 09:41:00,DEV185,backend,mention
SL02075,2026-08-05 09:42:00,DEV327,data-team,mention
SL04379,2026-08-05 09:48:00,DEV047,engineering,code_review_request
SL04290,2026-08-05 09:53:00,DEV126,data-team,code_review_request
SL04955,2026-08-05 10:00:00,DEV451,engineering,code_review_request
SL04657,2026-08-05 10:04:00,DEV494,backend,message
SL00037,2026-08-05 10:07:00,DEV402,dev-team,message
SL01216,2026-08-05 10:09:00,DEV496,data-team,ci_cd_alert
SL02767,2026-08-05 10:23:00,DEV332,engineering,deployment_alert
SL02020,2026-08-05 10:25:00,DEV117,project-cognistream,message
SL02595,2026-08-05 10:45:00,DEV184,dev-team,message
SL02077,2026-08-05 10:54:00,DEV212,data-team,mention
SL02263,2026-08-05 11:01:00,DEV410,engineering,deployment_alert
SL02032,2026-08-05 11:09:00,DEV236,frontend,code_review_request
SL04624,2026-08-05 11:11:00,DEV383,dev-team,message
SL02598,2026-08-05 11:14:00,DEV241,dev-team,message
SL02170,2026-08-05 11:17:00,DEV077,project-cognistream,deployment_alert
SL02660,2026-08-05 11:19:00,DEV426,dev-team,deployment_alert
SL00777,2026-08-05 11:27:00,DEV101,data-team,message
SL04276,2026-08-05 11:29:00,DEV009,data-team,code_review_request
SL00498,2026-08-05 11:32:00,DEV170,project-cognistream,mention
SL04750,2026-08-05 11:43:00,DEV285,engineering,mention
SL00891,2026-08-05 11:53:00,DEV320,engineering,code_review_request
SL04314,2026-08-05 11:59:00,DEV185,project-cognistream,code_review_request
SL01296,2026-08-05 12:07:00,DEV171,backend,message
SL01381,2026-08-05 12:18:00,DEV161,backend,code_review_request
SL02387,2026-08-05 12:23:00,DEV349,engineering,mention
SL02596,2026-08-05 12:26:00,DEV330,project-cognistream,code_review_request
SL04322,2026-08-05 12:27:00,DEV070,engineering,mention
SL00369,2026-08-05 12:29:00,DEV394,dev-team,ci_cd_alert
SL04341,2026-08-05 12:32:00,DEV483,backend,code_review_request
SL00762,2026-08-05 12:35:00,DEV240,backend,message
SL03233,2026-08-05 12:35:00,DEV297,project-cognistream,mention
SL04819,2026-08-05 12:39:00,DEV108,data-team,code_review_request
SL04502,2026-08-05 12:44:00,DEV337,backend,deployment_alert
SL00517,2026-08-05 12:46:00,DEV324,project-cognistream,deployment_alert
SL01026,2026-08-05 12:48:00,DEV478,frontend,ci_cd_alert
SL01293,2026-08-05 12:50:00,DEV044,dev-team,mention
SL00746,2026-08-05 12:51:00,DEV431,project-cognistream,mention
SL02218,2026-08-05 12:52:00,DEV018,backend,code_review_request
SL04983,2026-08-05 12:55:00,DEV260,frontend,deployment_alert
SL02031,2026-08-05 12:58:00,DEV040,engineering,message
SL03061,2026-08-05 12:58:00,DEV330,frontend,mention
SL03824,2026-08-05 12:59:00,DEV036,backend,ci_cd_alert
SL02236,2026-08-05 13:00:00,DEV459,data-team,mention
SL01962,2026-08-05 13:02:00,DEV129,engineering,deployment_alert
SL02445,2026-08-05 13:03:00,DEV381,backend,ci_cd_alert
SL01142,2026-08-05 13:06:00,DEV144,project-cognistream,mention
SL03643,2026-08-05 13:06:00,DEV409,backend,code_review_request
SL01208,2026-08-05 13:07:00,DEV242,data-team,mention
SL02816,2026-08-05 13:07:00,DEV433,frontend,message
SL00883,2026-08-05 13:11:00,DEV144,engineering,deployment_alert
SL01880,2026-08-05 13:13:00,DEV139,frontend,mention
SL04165,2026-08-05 13:15:00,DEV267,project-cognistream,mention
SL01695,2026-08-05 13:17:00,DEV184,backend,code_review_request
SL00391,2026-08-05 13:25:00,DEV154,frontend,code_review_request
SL01218,2026-08-05 13:33:00,DEV396,data-team,message
SL00843,2026-08-05 13:36:00,DEV359,project-cognistream,deployment_alert
SL03117,2026-08-05 13:39:00,DEV051,project-cognistream,message
SL02169,2026-08-05 13:42:00,DEV455,frontend,mention
SL03617,2026-08-05 13:45:00,DEV436,engineering,deployment_alert
SL04460,2026-08-05 13:49:00,DEV026,engineering,mention
SL03235,2026-08-05 13:53:00,DEV375,frontend,code_review_request
SL03001,2026-08-05 14:00:00,DEV424,engineering,ci_cd_alert
SL01428,2026-08-05 14:13:00,DEV405,project-cognistream,code_review_request
SL04319,2026-08-05 14:23:00,DEV471,data-team,mention
SL03375,2026-08-05 14:30:00,DEV381,project-cognistream,ci_cd_alert
SL01705,2026-08-05 14:39:00,DEV209,data-team,ci_cd_alert
SL00271,2026-08-05 14:41:00,DEV321,data-team,message
SL03916,2026-08-05 14:42:00,DEV267,engineering,deployment_alert
SL00104,2026-08-05 14:44:00,DEV406,dev-team,ci_cd_alert
SL03136,2026-08-05 14:45:00,DEV049,data-team,deployment_alert
SL00322,2026-08-05 14:48:00,DEV135,engineering,code_review_request
SL00447,2026-08-05 14:52:00,DEV076,backend,deployment_alert
SL00133,2026-08-05 15:01:00,DEV459,engineering,code_review_request
SL02524,2026-08-05 15:14:00,DEV429,data-team,mention
SL02962,2026-08-05 15:14:00,DEV152,engineering,message
SL03340,2026-08-05 15:15:00,DEV337,dev-team,code_review_request
SL04901,2026-08-05 15:21:00,DEV297,dev-team,code_review_request
SL04057,2026-08-05 15:25:00,DEV268,backend,ci_cd_alert
SL02448,2026-08-05 15:31:00,DEV395,engineering,ci_cd_alert
SL01584,2026-08-05 15:32:00,DEV488,project-cognistream,mention
SL03315,2026-08-05 15:36:00,DEV205,frontend,deployment_alert
SL04497,2026-08-05 15:38:00,DEV078,project-cognistream,deployment_alert
SL02007,2026-08-05 15:40:00,DEV181,project-cognistream,deployment_alert
SL04584,2026-08-05 15:55:00,DEV030,project-cognistream,mention
SL04075,2026-08-05 16:02:00,DEV493,dev-team,message
SL03441,2026-08-05 16:05:00,DEV014,project-cognistream,message
SL02607,2026-08-05 16:17:00,DEV444,engineering,code_review_request
SL04385,2026-08-05 16:17:00,DEV465,project-cognistream,mention
SL03067,2026-08-05 16:21:00,DEV214,frontend,message
SL04158,2026-08-05 16:24:00,DEV492,dev-team,deployment_alert
SL03580,2026-08-05 16:27:00,DEV403,engineering,deployment_alert
SL00605,2026-08-05 16:33:00,DEV469,engineering,message
SL01600,2026-08-05 16:35:00,DEV497,project-cognistream,ci_cd_alert
SL00752,2026-08-05 16:37:00,DEV355,data-team,mention
SL02687,2026-08-05 16:39:00,DEV412,backend,mention
SL04820,2026-08-05 16:45:00,DEV345,dev-team,code_review_request
SL01586,2026-08-05 16:46:00,DEV222,frontend,ci_cd_alert
SL04596,2026-08-05 16:46:00,DEV444,frontend,mention
SL03937,2026-08-05 16:47:00,DEV004,frontend,code_review_request
SL00395,2026-08-05 16:48:00,DEV381,frontend,deployment_alert
SL01885,2026-08-05 16:52:00,DEV406,data-team,code_review_request
SL01081,2026-08-05 17:05:00,DEV342,backend,message
SL03689,2026-08-05 17:05:00,DEV243,frontend,code_review_request
SL03841,2026-08-05 17:13:00,DEV492,frontend,mention
SL03188,2026-08-05 17:16:00,DEV449,dev-team,deployment_alert
SL03976,2026-08-05 17:18:00,DEV126,frontend,message
SL00508,2026-08-05 17:22:00,DEV219,dev-team,code_review_request
SL02071,2026-08-05 17:23:00,DEV401,dev-team,code_review_request
SL04592,2026-08-05 17:25:00,DEV058,backend,message
SL04192,2026-08-05 17:26:00,DEV477,data-team,message
SL04959,2026-08-05 17:30:00,DEV207,frontend,mention
SL00688,2026-08-05 17:31:00,DEV430,frontend,message
SL04795,2026-08-05 17:32:00,DEV164,frontend,code_review_request
SL02971,2026-08-05 17:36:00,DEV452,data-team,mention
SL00869,2026-08-05 17:40:00,DEV368,dev-team,deployment_alert
SL04500,2026-08-05 17:40:00,DEV141,data-team,mention
SL04117,2026-08-05 17:43:00,DEV191,frontend,ci_cd_alert
SL01566,2026-08-05 17:45:00,DEV085,backend,code_review_request
SL02166,2026-08-05 17:45:00,DEV198,project-cognistream,mention
SL02619,2026-08-05 17:46:00,DEV355,engineering,deployment_alert
SL00528,2026-08-05 17:47:00,DEV138,dev-team,ci_cd_alert
SL01518,2026-08-05 17:49:00,DEV022,project-cognistream,code_review_request
SL01768,2026-08-05 17:51:00,DEV090,backend,code_review_request
SL00467,2026-08-05 17:57:00,DEV476,project-cognistream,ci_cd_alert
SL02282,2026-08-05 17:57:00,DEV328,project-cognistream,ci_cd_alert
SL03108,2026-08-05 18:09:00,DEV418,dev-team,code_review_request
SL00591,2026-08-05 18:31:00,DEV431,frontend,message
SL00646,2026-08-05 18:32:00,DEV160,project-cognistream,code_review_request
SL02266,2026-08-05 18:32:00,DEV078,data-team,message
SL01741,2026-08-05 18:37:00,DEV376,dev-team,message
SL02541,2026-08-05 18:37:00,DEV089,frontend,ci_cd_alert
SL01332,2026-08-05 18:47:00,DEV260,project-cognistream,code_review_request
SL03736,2026-08-05 18:56:00,DEV445,backend,ci_cd_alert
SL04083,2026-08-05 18:57:00,DEV434,engineering,mention
SL01420,2026-08-05 19:01:00,DEV338,project-cognistream,message
SL04235,2026-08-05 19:02:00,DEV090,project-cognistream,code_review_request
SL02407,2026-08-05 19:14:00,DEV428,dev-team,code_review_request
SL03328,2026-08-05 19:25:00,DEV346,dev-team,mention
SL02544,2026-08-05 19:31:00,DEV172,engineering,code_review_request
SL02342,2026-08-05 19:32:00,DEV131,engineering,mention
SL02141,2026-08-05 19:43:00,DEV436,dev-team,mention
SL02883,2026-08-05 19:50:00,DEV143,backend,code_review_request
SL04806,2026-08-05 19:51:00,DEV141,engineering,message
SL02095,2026-08-05 19:57:00,DEV062,data-team,deployment_alert
SL01365,2026-08-05 19:58:00,DEV230,data-team,code_review_request
SL01414,2026-08-05 20:00:00,DEV379,data-team,ci_cd_alert
SL03109,2026-08-05 20:10:00,DEV443,dev-team,deployment_alert
SL01969,2026-08-05 20:12:00,DEV333,dev-team,message
SL03799,2026-08-05 20:12:00,DEV360,dev-team,mention
SL04081,2026-08-05 20:17:00,DEV429,data-team,ci_cd_alert
SL01587,2026-08-05 20:34:00,DEV309,frontend,code_review_request
SL03088,2026-08-05 20:35:00,DEV166,data-team,deployment_alert
SL02435,2026-08-05 20:39:00,DEV329,frontend,ci_cd_alert
SL03482,2026-08-05 20:40:00,DEV077,backend,code_review_request
SL03329,2026-08-05 20:43:00,DEV016,data-team,message
SL04975,2026-08-05 20:43:00,DEV044,frontend,ci_cd_alert
SL01452,2026-08-05 20:45:00,DEV158,data-team,message
SL02951,2026-08-05 20:51:00,DEV050,project-cognistream,deployment_alert
SL03352,2026-08-05 21:06:00,DEV274,frontend,code_review_request
SL02998,2026-08-05 21:10:00,DEV044,project-cognistream,mention
SL01327,2026-08-05 21:11:00,DEV490,project-cognistream,message
SL02761,2026-08-05 21:23:00,DEV194,dev-team,mention
SL03081,2026-08-05 21:25:00,DEV329,frontend,message
SL02766,2026-08-05 21:28:00,DEV344,dev-team,code_review_request
SL01175,2026-08-05 21:29:00,DEV485,backend,mention
SL03619,2026-08-05 21:30:00,DEV458,backend,mention
SL02841,2026-08-05 21:35:00,DEV066,project-cognistream,code_review_request
SL00353,2026-08-05 21:38:00,DEV488,engineering,message
SL04419,2026-08-05 21:38:00,DEV481,engineering,deployment_alert
SL04344,2026-08-05 21:40:00,DEV136,project-cognistream,mention
SL00349,2026-08-05 21:41:00,DEV479,data-team,mention
SL01869,2026-08-05 21:43:00,DEV292,data-team,code_review_request
SL04373,2026-08-05 21:51:00,DEV251,dev-team,mention
SL04509,2026-08-05 21:57:00,DEV068,frontend,deployment_alert
SL01510,2026-08-05 21:59:00,DEV428,data-team,mention
SL02778,2026-08-05 22:02:00,DEV242,project-cognistream,code_review_request
SL04005,2026-08-05 22:05:00,DEV055,engineering,deployment_alert
SL04608,2026-08-05 22:07:00,DEV438,engineering,deployment_alert
SL01443,2026-08-05 22:18:00,DEV201,backend,code_review_request
SL04387,2026-08-05 22:18:00,DEV018,backend,ci_cd_alert
SL00804,2026-08-05 22:20:00,DEV340,frontend,code_review_request
SL04409,2026-08-05 22:29:00,DEV489,engineering,mention
SL03232,2026-08-05 22:31:00,DEV463,backend,deployment_alert
SL00405,2026-08-05 22:33:00,DEV295,engineering,code_review_request
SL00653,2026-08-05 22:33:00,DEV323,engineering,deployment_alert
SL03379,2026-08-05 22:38:00,DEV352,backend,mention
SL04444,2026-08-05 22:38:00,DEV018,engineering,message
SL03410,2026-08-05 22:42:00,DEV054,dev-team,message
SL00048,2026-08-05 22:46:00,DEV193,backend,message
SL01508,2026-08-05 22:49:00,DEV198,backend,mention
SL02633,2026-08-05 22:49:00,DEV094,dev-team,mention
SL03163,2026-08-05 22:51:00,DEV001,project-cognistream,deployment_alert
SL03745,2026-08-05 22:58:00,DEV142,dev-team,deployment_alert
SL02454,2026-08-05 23:04:00,DEV102,project-cognistream,mention
SL00569,2026-08-05 23:09:00,DEV473,dev-team,code_review_request
SL00446,2026-08-05 23:12:00,DEV279,project-cognistream,deployment_alert
SL01617,2026-08-05 23:16:00,DEV021,data-team,deployment_alert
SL00816,2026-08-05 23:26:00,DEV395,dev-team,message
SL04136,2026-08-05 23:26:00,DEV380,data-team,deployment_alert
SL03957,2026-08-05 23:28:00,DEV407,project-cognistream,deployment_alert
SL04731,2026-08-05 23:37:00,DEV494,frontend,message
SL03253,2026-08-05 23:43:00,DEV031,project-cognistream,message
SL01851,2026-08-05 23:46:00,DEV368,data-team,ci_cd_alert
SL03118,2026-08-05 23:46:00,DEV470,data-team,ci_cd_alert
SL00462,2026-08-05 23:54:00,DEV416,backend,code_review_request
SL01899,2026-08-05 23:57:00,DEV052,data-team,ci_cd_alert
SL02117,2026-08-05 23:57:00,DEV145,backend,mention
SL02743,2026-08-05 23:59:00,DEV339,frontend,message
SL01903,2026-08-06 00:14:00,DEV378,project-cognistream,deployment_alert
SL02793,2026-08-06 00:15:00,DEV184,backend,mention
SL02316,2026-08-06 00:30:00,DEV265,dev-team,code_review_request
SL00902,2026-08-06 00:31:00,DEV352,backend,message
SL01720,2026-08-06 00:31:00,DEV343,frontend,code_review_request
SL01328,2026-08-06 00:32:00,DEV114,backend,code_review_request
SL04410,2026-08-06 00:45:00,DEV479,engineering,deployment_alert
SL03114,2026-08-06 00:46:00,DEV015,backend,deployment_alert
SL00531,2026-08-06 00:48:00,DEV185,data-team,mention
SL03005,2026-08-06 00:52:00,DEV188,frontend,code_review_request
SL01583,2026-08-06 00:54:00,DEV101,frontend,deployment_alert
SL01052,2026-08-06 00:58:00,DEV178,project-cognistream,mention
SL03569,2026-08-06 01:01:00,DEV383,frontend,ci_cd_alert
SL02431,2026-08-06 01:10:00,DEV186,data-team,deployment_alert
SL03592,2026-08-06 01:22:00,DEV093,data-team,message
SL02901,2026-08-06 01:35:00,DEV373,project-cognistream,message
SL00974,2026-08-06 01:39:00,DEV101,backend,deployment_alert
SL00436,2026-08-06 01:42:00,DEV015,backend,mention
SL00472,2026-08-06 01:46:00,DEV485,frontend,message
SL04182,2026-08-06 01:47:00,DEV398,backend,code_review_request
SL04471,2026-08-06 01:47:00,DEV365,engineering,message
SL03355,2026-08-06 01:50:00,DEV303,frontend,mention
SL03664,2026-08-06 01:53:00,DEV375,data-team,ci_cd_alert
SL00376,2026-08-06 02:03:00,DEV497,engineering,message
SL02425,2026-08-06 02:05:00,DEV411,frontend,code_review_request
SL03515,2026-08-06 02:05:00,DEV231,dev-team,code_review_request
SL04700,2026-08-06 02:08:00,DEV273,backend,code_review_request
SL03165,2026-08-06 02:10:00,DEV264,engineering,message
SL00056,2026-08-06 02:19:00,DEV244,data-team,mention
SL02969,2026-08-06 02:26:00,DEV197,engineering,mention
SL04154,2026-08-06 02:28:00,DEV306,engineering,deployment_alert
SL01952,2026-08-06 02:31:00,DEV498,engineering,message
SL01062,2026-08-06 02:39:00,DEV433,frontend,ci_cd_alert
SL00545,2026-08-06 02:40:00,DEV413,project-cognistream,mention
SL01865,2026-08-06 02:48:00,DEV238,dev-team,ci_cd_alert
SL03915,2026-08-06 02:50:00,DEV091,project-cognistream,ci_cd_alert
SL02931,2026-08-06 02:57:00,DEV103,dev-team,mention
SL03052,2026-08-06 02:59:00,DEV500,data-team,deployment_alert
SL03313,2026-08-06 03:00:00,DEV310,data-team,mention
SL04583,2026-08-06 03:01:00,DEV178,data-team,code_review_request
SL00689,2026-08-06 03:15:00,DEV040,project-cognistream,code_review_request
SL00617,2026-08-06 03:16:00,DEV220,data-team,message
SL03606,2026-08-06 03:37:00,DEV050,dev-team,ci_cd_alert
SL00713,2026-08-06 03:39:00,DEV269,dev-team,mention
SL02140,2026-08-06 03:40:00,DEV154,dev-team,message
SL01707,2026-08-06 03:41:00,DEV027,backend,ci_cd_alert
SL02143,2026-08-06 03:50:00,DEV373,frontend,code_review_request
SL04293,2026-08-06 03:55:00,DEV013,project-cognistream,deployment_alert
SL01847,2026-08-06 04:00:00,DEV176,project-cognistream,deployment_alert
SL02975,2026-08-06 04:00:00,DEV090,project-cognistream,code_review_request
SL03639,2026-08-06 04:00:00,DEV056,data-team,deployment_alert
SL04098,2026-08-06 04:04:00,DEV458,frontend,message
SL00561,2026-08-06 04:06:00,DEV035,data-team,code_review_request
SL04054,2026-08-06 04:07:00,DEV159,frontend,message
SL03566,2026-08-06 04:08:00,DEV404,dev-team,ci_cd_alert
SL04917,2026-08-06 04:09:00,DEV174,dev-team,code_review_request
SL00235,2026-08-06 04:11:00,DEV090,engineering,mention
SL02040,2026-08-06 04:17:00,DEV096,backend,ci_cd_alert
SL03532,2026-08-06 04:21:00,DEV157,data-team,deployment_alert
SL03371,2026-08-06 04:25:00,DEV342,data-team,mention
SL04308,2026-08-06 04:26:00,DEV493,engineering,ci_cd_alert
SL04547,2026-08-06 04:34:00,DEV201,backend,deployment_alert
SL02565,2026-08-06 04:39:00,DEV095,engineering,message
SL03281,2026-08-06 04:39:00,DEV433,backend,ci_cd_alert
SL01305,2026-08-06 04:40:00,DEV209,dev-team,ci_cd_alert
SL04619,2026-08-06 04:41:00,DEV129,project-cognistream,deployment_alert
SL04073,2026-08-06 04:43:00,DEV262,project-cognistream,code_review_request
SL04741,2026-08-06 04:46:00,DEV364,dev-team,message
SL04593,2026-08-06 04:51:00,DEV018,engineering,message
SL03526,2026-08-06 04:52:00,DEV144,data-team,code_review_request
SL04783,2026-08-06 04:53:00,DEV051,data-team,mention
SL03584,2026-08-06 04:56:00,DEV160,data-team,mention
SL01085,2026-08-06 05:05:00,DEV266,data-team,code_review_request
SL01116,2026-08-06 05:07:00,DEV165,backend,ci_cd_alert
SL02227,2026-08-06 05:19:00,DEV316,engineering,code_review_request
SL00227,2026-08-06 05:21:00,DEV142,backend,code_review_request
SL03866,2026-08-06 05:22:00,DEV359,data-team,mention
SL04521,2026-08-06 05:25:00,DEV300,project-cognistream,message
SL02192,2026-08-06 05:26:00,DEV431,data-team,message
SL01417,2026-08-06 05:32:00,DEV437,backend,code_review_request
SL03489,2026-08-06 05:32:00,DEV213,project-cognistream,deployment_alert
SL03097,2026-08-06 05:36:00,DEV403,frontend,message
SL00077,2026-08-06 05:37:00,DEV072,dev-team,deployment_alert
SL02210,2026-08-06 05:38:00,DEV394,dev-team,ci_cd_alert
SL02720,2026-08-06 05:40:00,DEV256,data-team,ci_cd_alert
SL03860,2026-08-06 05:40:00,DEV134,frontend,message
SL00971,2026-08-06 05:43:00,DEV065,dev-team,code_review_request
SL02018,2026-08-06 05:45:00,DEV270,backend,ci_cd_alert
SL03480,2026-08-06 05:45:00,DEV288,project-cognistream,ci_cd_alert
SL00284,2026-08-06 05:48:00,DEV044,backend,mention
SL04447,2026-08-06 05:55:00,DEV021,backend,code_review_request
SL03137,2026-08-06 06:06:00,DEV285,project-cognistream,code_review_request
SL04227,2026-08-06 06:07:00,DEV102,engineering,mention
SL00852,2026-08-06 06:21:00,DEV485,project-cognistream,ci_cd_alert
SL03160,2026-08-06 06:21:00,DEV307,project-cognistream,ci_cd_alert
SL01432,2026-08-06 06:26:00,DEV226,dev-team,ci_cd_alert
SL04424,2026-08-06 06:27:00,DEV344,backend,message
SL00888,2026-08-06 06:30:00,DEV005,backend,deployment_alert
SL00874,2026-08-06 06:34:00,DEV297,engineering,code_review_request
SL03636,2026-08-06 06:37:00,DEV135,project-cognistream,mention
SL01669,2026-08-06 06:49:00,DEV224,frontend,ci_cd_alert
SL02989,2026-08-06 06:49:00,DEV404,project-cognistream,deployment_alert
SL02988,2026-08-06 06:51:00,DEV220,engineering,ci_cd_alert
SL03508,2026-08-06 06:51:00,DEV179,frontend,message
SL01884,2026-08-06 06:55:00,DEV053,data-team,code_review_request
SL03287,2026-08-06 07:04:00,DEV127,frontend,mention
SL04233,2026-08-06 07:10:00,DEV269,dev-team,message
SL02011,2026-08-06 07:15:00,DEV312,backend,mention
SL02626,2026-08-06 07:18:00,DEV373,engineering,message
SL02970,2026-08-06 07:20:00,DEV343,project-cognistream,message
SL02309,2026-08-06 07:27:00,DEV289,data-team,message
SL00809,2026-08-06 07:31:00,DEV342,project-cognistream,message
SL02461,2026-08-06 07:34:00,DEV454,backend,deployment_alert
SL01822,2026-08-06 07:47:00,DEV352,data-team,deployment_alert
SL03804,2026-08-06 07:49:00,DEV291,data-team,mention
SL04198,2026-08-06 07:56:00,DEV321,data-team,code_review_request
SL02378,2026-08-06 07:59:00,DEV007,dev-team,deployment_alert
SL03637,2026-08-06 07:59:00,DEV087,project-cognistream,message
SL01634,2026-08-06 08:03:00,DEV075,project-cognistream,code_review_request
SL02003,2026-08-06 08:04:00,DEV099,dev-team,message
SL03131,2026-08-06 08:07:00,DEV298,data-team,message
SL02815,2026-08-06 08:15:00,DEV414,project-cognistream,mention
SL01185,2026-08-06 08:19:00,DEV207,engineering,code_review_request
SL04203,2026-08-06 08:20:00,DEV126,dev-team,deployment_alert
SL00519,2026-08-06 08:23:00,DEV242,dev-team,mention
SL03066,2026-08-06 08:33:00,DEV164,dev-team,code_review_request
SL00098,2026-08-06 08:37:00,DEV458,engineering,mention
SL03048,2026-08-06 08:37:00,DEV430,engineering,ci_cd_alert
SL02979,2026-08-06 08:40:00,DEV113,project-cognistream,message
SL02685,2026-08-06 08:41:00,DEV365,dev-team,code_review_request
SL04763,2026-08-06 08:45:00,DEV386,project-cognistream,message
SL01810,2026-08-06 08:46:00,DEV494,project-cognistream,code_review_request
SL01632,2026-08-06 08:48:00,DEV279,engineering,code_review_request
SL01366,2026-08-06 08:54:00,DEV307,backend,ci_cd_alert
SL01114,2026-08-06 09:00:00,DEV046,frontend,mention
SL04571,2026-08-06 09:03:00,DEV154,dev-team,mention
SL02506,2026-08-06 09:05:00,DEV496,project-cognistream,ci_cd_alert
SL00691,2026-08-06 09:13:00,DEV038,frontend,code_review_request
SL00262,2026-08-06 09:15:00,DEV110,engineering,deployment_alert
SL03218,2026-08-06 09:21:00,DEV177,project-cognistream,message
SL03344,2026-08-06 09:25:00,DEV085,project-cognistream,message
SL02895,2026-08-06 09:26:00,DEV391,dev-team,deployment_alert
SL04575,2026-08-06 09:28:00,DEV409,engineering,mention
SL02400,2026-08-06 09:29:00,DEV084,project-cognistream,mention
SL04927,2026-08-06 09:29:00,DEV430,dev-team,code_review_request
SL04206,2026-08-06 09:31:00,DEV395,project-cognistream,ci_cd_alert
SL03203,2026-08-06 09:36:00,DEV035,backend,deployment_alert
SL04669,2026-08-06 09:41:00,DEV125,frontend,message
SL04670,2026-08-06 09:42:00,DEV441,backend,message
SL04036,2026-08-06 09:44:00,DEV045,backend,mention
SL03244,2026-08-06 09:47:00,DEV069,engineering,mention
SL04155,2026-08-06 09:59:00,DEV297,backend,mention
SL04603,2026-08-06 10:03:00,DEV026,data-team,code_review_request
SL00135,2026-08-06 10:09:00,DEV344,frontend,ci_cd_alert
SL04888,2026-08-06 10:13:00,DEV161,engineering,mention
SL03415,2026-08-06 10:23:00,DEV294,data-team,deployment_alert
SL03673,2026-08-06 10:23:00,DEV459,data-team,deployment_alert
SL00953,2026-08-06 10:25:00,DEV161,backend,mention
SL00465,2026-08-06 10:29:00,DEV272,engineering,message
SL02134,2026-08-06 10:43:00,DEV331,frontend,mention
SL04116,2026-08-06 10:44:00,DEV472,frontend,ci_cd_alert
SL03966,2026-08-06 10:48:00,DEV020,dev-team,message
SL04554,2026-08-06 10:49:00,DEV141,dev-team,code_review_request
SL02692,2026-08-06 10:56:00,DEV409,data-team,code_review_request
SL03452,2026-08-06 11:22:00,DEV100,data-team,mention
SL02195,2026-08-06 11:25:00,DEV149,data-team,message
SL04730,2026-08-06 11:28:00,DEV173,frontend,ci_cd_alert
SL02000,2026-08-06 11:39:00,DEV018,engineering,code_review_request
SL02788,2026-08-06 11:43:00,DEV007,backend,message
SL01681,2026-08-06 11:44:00,DEV269,data-team,deployment_alert
SL02897,2026-08-06 11:52:00,DEV164,frontend,mention
SL03899,2026-08-06 11:54:00,DEV309,data-team,code_review_request
SL00707,2026-08-06 11:59:00,DEV076,data-team,mention
SL02348,2026-08-06 12:00:00,DEV046,backend,mention
SL01598,2026-08-06 12:02:00,DEV473,backend,ci_cd_alert
SL01539,2026-08-06 12:06:00,DEV206,engineering,ci_cd_alert
SL02642,2026-08-06 12:10:00,DEV465,engineering,code_review_request
SL03420,2026-08-06 12:13:00,DEV140,frontend,deployment_alert
SL03068,2026-08-06 12:15:00,DEV361,engineering,mention
SL03873,2026-08-06 12:18:00,DEV320,project-cognistream,ci_cd_alert
SL03868,2026-08-06 12:19:00,DEV428,engineering,ci_cd_alert
SL00220,2026-08-06 12:28:00,DEV136,frontend,message
SL01751,2026-08-06 12:31:00,DEV227,backend,mention
SL02631,2026-08-06 12:31:00,DEV092,dev-team,deployment_alert
SL03105,2026-08-06 12:31:00,DEV438,frontend,code_review_request
SL03721,2026-08-06 12:38:00,DEV337,backend,message
SL00424,2026-08-06 12:39:00,DEV198,data-team,code_review_request
SL02112,2026-08-06 12:43:00,DEV320,dev-team,code_review_request
SL04776,2026-08-06 12:43:00,DEV054,data-team,mention
SL00899,2026-08-06 12:51:00,DEV062,data-team,message
SL03365,2026-08-06 12:51:00,DEV108,backend,code_review_request
SL01384,2026-08-06 12:56:00,DEV242,backend,deployment_alert
SL01507,2026-08-06 12:56:00,DEV241,engineering,deployment_alert
SL00773,2026-08-06 12:59:00,DEV320,dev-team,code_review_request
SL03649,2026-08-06 12:59:00,DEV092,engineering,ci_cd_alert
SL03797,2026-08-06 13:04:00,DEV454,engineering,ci_cd_alert
SL01054,2026-08-06 13:12:00,DEV202,project-cognistream,code_review_request
SL01892,2026-08-06 13:14:00,DEV209,backend,deployment_alert
SL03003,2026-08-06 13:16:00,DEV123,data-team,message
SL04179,2026-08-06 13:16:00,DEV407,data-team,deployment_alert
SL01767,2026-08-06 13:17:00,DEV291,data-team,mention
SL01845,2026-08-06 13:17:00,DEV098,dev-team,code_review_request
SL01099,2026-08-06 13:20:00,DEV012,frontend,code_review_request
SL01633,2026-08-06 13:22:00,DEV386,frontend,ci_cd_alert
SL02208,2026-08-06 13:23:00,DEV161,engineering,ci_cd_alert
SL03192,2026-08-06 13:27:00,DEV076,data-team,message
SL00340,2026-08-06 13:36:00,DEV147,engineering,message
SL01638,2026-08-06 13:48:00,DEV289,project-cognistream,mention
SL04885,2026-08-06 13:48:00,DEV019,dev-team,message
SL03987,2026-08-06 14:05:00,DEV219,project-cognistream,ci_cd_alert
SL01196,2026-08-06 14:08:00,DEV475,dev-team,message
SL03193,2026-08-06 14:08:00,DEV380,project-cognistream,ci_cd_alert
SL00805,2026-08-06 14:12:00,DEV359,project-cognistream,mention
SL00887,2026-08-06 14:16:00,DEV274,frontend,ci_cd_alert
SL02599,2026-08-06 14:22:00,DEV253,engineering,mention
SL03113,2026-08-06 14:32:00,DEV470,data-team,deployment_alert
SL00793,2026-08-06 14:35:00,DEV173,data-team,ci_cd_alert
SL02986,2026-08-06 14:39:00,DEV463,data-team,mention
SL00463,2026-08-06 14:40:00,DEV248,engineering,message
SL01825,2026-08-06 14:41:00,DEV237,data-team,message
SL00239,2026-08-06 14:48:00,DEV160,engineering,code_review_request
SL01350,2026-08-06 14:49:00,DEV097,dev-team,ci_cd_alert
SL02546,2026-08-06 15:05:00,DEV189,engineering,mention
SL00549,2026-08-06 15:09:00,DEV347,data-team,ci_cd_alert
SL03138,2026-08-06 15:15:00,DEV105,engineering,mention
SL03222,2026-08-06 15:19:00,DEV243,backend,ci_cd_alert
SL04604,2026-08-06 15:20:00,DEV288,project-cognistream,deployment_alert
SL00065,2026-08-06 15:21:00,DEV097,dev-team,deployment_alert
SL02212,2026-08-06 15:25:00,DEV179,engineering,ci_cd_alert
SL04078,2026-08-06 15:37:00,DEV371,backend,ci_cd_alert
SL00808,2026-08-06 15:50:00,DEV027,frontend,code_review_request
SL01999,2026-08-06 15:53:00,DEV008,data-team,ci_cd_alert
SL03173,2026-08-06 15:53:00,DEV067,engineering,code_review_request
SL01560,2026-08-06 16:12:00,DEV395,engineering,deployment_alert
SL00038,2026-08-06 16:28:00,DEV491,project-cognistream,mention
SL03027,2026-08-06 16:35:00,DEV190,frontend,ci_cd_alert
SL02259,2026-08-06 16:41:00,DEV055,backend,ci_cd_alert
SL01726,2026-08-06 16:42:00,DEV177,engineering,ci_cd_alert
SL01295,2026-08-06 16:46:00,DEV068,backend,deployment_alert
SL02441,2026-08-06 16:46:00,DEV311,frontend,deployment_alert
SL04166,2026-08-06 16:46:00,DEV387,data-team,code_review_request
SL00744,2026-08-06 16:48:00,DEV341,engineering,code_review_request
SL00502,2026-08-06 16:50:00,DEV334,engineering,mention
SL02686,2026-08-06 16:50:00,DEV276,project-cognistream,message
SL00548,2026-08-06 16:51:00,DEV455,project-cognistream,message
SL00640,2026-08-06 16:55:00,DEV283,engineering,mention
SL00986,2026-08-06 16:56:00,DEV410,data-team,mention
SL03713,2026-08-06 16:56:00,DEV299,frontend,deployment_alert
SL04989,2026-08-06 17:00:00,DEV184,frontend,ci_cd_alert
SL03785,2026-08-06 17:05:00,DEV103,engineering,code_review_request
SL01816,2026-08-06 17:07:00,DEV497,engineering,message
SL00858,2026-08-06 17:18:00,DEV093,data-team,message
SL04085,2026-08-06 17:19:00,DEV312,frontend,code_review_request
SL03679,2026-08-06 17:29:00,DEV235,dev-team,code_review_request
SL01514,2026-08-06 17:30:00,DEV237,dev-team,ci_cd_alert
SL01636,2026-08-06 17:40:00,DEV349,engineering,ci_cd_alert
SL02321,2026-08-06 17:41:00,DEV307,data-team,message
SL01649,2026-08-06 17:43:00,DEV366,engineering,code_review_request
SL03000,2026-08-06 17:46:00,DEV439,dev-team,ci_cd_alert
SL04786,2026-08-06 17:48:00,DEV257,frontend,code_review_request
SL02442,2026-08-06 17:50:00,DEV354,backend,message
SL02640,2026-08-06 17:50:00,DEV305,data-team,mention
SL02911,2026-08-06 17:51:00,DEV046,dev-team,deployment_alert
SL03308,2026-08-06 17:56:00,DEV114,engineering,deployment_alert
SL04710,2026-08-06 17:58:00,DEV214,engineering,ci_cd_alert
SL02157,2026-08-06 18:05:00,DEV160,frontend,code_review_request
SL04802,2026-08-06 18:16:00,DEV142,project-cognistream,ci_cd_alert
SL01708,2026-08-06 18:22:00,DEV214,dev-team,message
SL04438,2026-08-06 18:22:00,DEV151,frontend,deployment_alert
SL00999,2026-08-06 18:31:00,DEV157,dev-team,code_review_request
SL02144,2026-08-06 18:31:00,DEV146,frontend,mention
SL03049,2026-08-06 18:33:00,DEV458,project-cognistream,mention
SL02978,2026-08-06 18:34:00,DEV095,dev-team,ci_cd_alert
SL03362,2026-08-06 18:40:00,DEV051,engineering,code_review_request
SL03492,2026-08-06 18:41:00,DEV237,backend,deployment_alert
SL04600,2026-08-06 18:47:00,DEV316,dev-team,message
SL04032,2026-08-06 18:50:00,DEV376,dev-team,mention
SL02255,2026-08-06 18:56:00,DEV123,project-cognistream,deployment_alert
SL00354,2026-08-06 19:00:00,DEV465,backend,mention
SL02078,2026-08-06 19:08:00,DEV120,data-team,deployment_alert
SL01372,2026-08-06 19:13:00,DEV128,frontend,ci_cd_alert
SL01655,2026-08-06 19:15:00,DEV330,backend,message
SL03534,2026-08-06 19:22:00,DEV458,frontend,deployment_alert
SL03973,2026-08-06 19:23:00,DEV371,dev-team,mention
SL03028,2026-08-06 19:24:00,DEV451,project-cognistream,deployment_alert
SL01548,2026-08-06 19:39:00,DEV448,data-team,mention
SL01923,2026-08-06 19:39:00,DEV500,frontend,code_review_request
SL02534,2026-08-06 19:39:00,DEV475,frontend,mention
SL02959,2026-08-06 19:40:00,DEV357,data-team,deployment_alert
SL03070,2026-08-06 19:42:00,DEV296,dev-team,ci_cd_alert
SL02609,2026-08-06 19:44:00,DEV258,project-cognistream,mention
SL00916,2026-08-06 19:51:00,DEV182,backend,message
SL01725,2026-08-06 19:53:00,DEV085,backend,code_review_request
SL02389,2026-08-06 19:53:00,DEV276,project-cognistream,ci_cd_alert
SL04545,2026-08-06 19:53:00,DEV344,engineering,deployment_alert
SL01564,2026-08-06 19:55:00,DEV067,backend,ci_cd_alert
SL04664,2026-08-06 19:57:00,DEV318,dev-team,mention
SL00280,2026-08-06 20:00:00,DEV410,engineering,message
SL04529,2026-08-06 20:00:00,DEV350,backend,ci_cd_alert
SL03236,2026-08-06 20:06:00,DEV462,backend,message
SL02984,2026-08-06 20:07:00,DEV497,project-cognistream,code_review_request
SL00694,2026-08-06 20:12:00,DEV288,backend,deployment_alert
SL03961,2026-08-06 20:12:00,DEV375,project-cognistream,mention
SL02174,2026-08-06 20:19:00,DEV358,dev-team,message
SL03551,2026-08-06 20:20:00,DEV333,data-team,ci_cd_alert
SL01269,2026-08-06 20:22:00,DEV252,frontend,message
SL02914,2026-08-06 20:22:00,DEV476,engineering,ci_cd_alert
SL01065,2026-08-06 20:25:00,DEV317,data-team,deployment_alert
SL04537,2026-08-06 20:25:00,DEV386,project-cognistream,deployment_alert
SL01542,2026-08-06 20:38:00,DEV441,dev-team,mention
SL01071,2026-08-06 20:44:00,DEV083,frontend,message
SL00554,2026-08-06 20:45:00,DEV048,project-cognistream,message
SL02023,2026-08-06 20:49:00,DEV356,engineering,mention
SL02987,2026-08-06 20:51:00,DEV399,data-team,mention
SL00052,2026-08-06 21:27:00,DEV103,dev-team,message
SL03408,2026-08-06 21:30:00,DEV381,backend,mention
SL04979,2026-08-06 21:31:00,DEV323,dev-team,ci_cd_alert
SL02762,2026-08-06 21:36:00,DEV236,data-team,mention
SL01739,2026-08-06 21:46:00,DEV063,backend,deployment_alert
SL03830,2026-08-06 21:50:00,DEV070,dev-team,mention
SL03765,2026-08-06 21:53:00,DEV242,engineering,mention
SL04197,2026-08-06 21:57:00,DEV317,dev-team,mention
SL00214,2026-08-06 21:58:00,DEV286,project-cognistream,message
SL01813,2026-08-06 22:03:00,DEV114,project-cognistream,message
SL01292,2026-08-06 22:08:00,DEV110,engineering,ci_cd_alert
SL01680,2026-08-06 22:09:00,DEV305,project-cognistream,code_review_request
SL02148,2026-08-06 22:09:00,DEV088,project-cognistream,message
SL00669,2026-08-06 22:12:00,DEV334,data-team,ci_cd_alert
SL01793,2026-08-06 22:25:00,DEV010,engineering,code_review_request
SL00493,2026-08-06 22:28:00,DEV113,backend,deployment_alert
SL04511,2026-08-06 22:29:00,DEV174,backend,ci_cd_alert
SL00973,2026-08-06 22:30:00,DEV468,engineering,message
SL01271,2026-08-06 22:33:00,DEV235,frontend,message
SL04487,2026-08-06 22:33:00,DEV358,project-cognistream,ci_cd_alert
SL02639,2026-08-06 22:39:00,DEV495,project-cognistream,ci_cd_alert
SL00374,2026-08-06 22:42:00,DEV452,engineering,mention
SL04866,2026-08-06 22:45:00,DEV138,dev-team,code_review_request
SL03015,2026-08-06 22:49:00,DEV487,backend,mention
SL01353,2026-08-06 22:51:00,DEV339,backend,ci_cd_alert
SL01576,2026-08-06 22:53:00,DEV498,data-team,deployment_alert
SL02320,2026-08-06 22:53:00,DEV247,data-team,mention
SL03387,2026-08-06 22:57:00,DEV363,frontend,ci_cd_alert
SL04386,2026-08-06 23:07:00,DEV159,frontend,deployment_alert
SL02193,2026-08-06 23:28:00,DEV381,data-team,mention
SL01916,2026-08-06 23:29:00,DEV478,dev-team,code_review_request
SL04359,2026-08-06 23:30:00,DEV069,data-team,message
SL02832,2026-08-06 23:40:00,DEV228,engineering,code_review_request
SL02985,2026-08-06 23:41:00,DEV162,dev-team,ci_cd_alert
SL01239,2026-08-06 23:44:00,DEV121,dev-team,ci_cd_alert
SL03710,2026-08-06 23:45:00,DEV436,project-cognistream,deployment_alert
SL02568,2026-08-07 00:02:00,DEV236,project-cognistream,mention
SL03361,2026-08-07 00:06:00,DEV419,frontend,ci_cd_alert
SL04691,2026-08-07 00:13:00,DEV144,backend,message
SL01826,2026-08-07 00:27:00,DEV407,backend,mention
SL03539,2026-08-07 00:27:00,DEV199,dev-team,mention
SL01272,2026-08-07 00:32:00,DEV038,engineering,message
SL02351,2026-08-07 00:37:00,DEV093,frontend,message
SL00504,2026-08-07 00:39:00,DEV380,dev-team,ci_cd_alert
SL02401,2026-08-07 00:46:00,DEV210,frontend,message
SL02314,2026-08-07 00:48:00,DEV035,frontend,message
SL00226,2026-08-07 00:50:00,DEV414,project-cognistream,deployment_alert
SL02912,2026-08-07 00:56:00,DEV102,frontend,mention
SL04079,2026-08-07 00:57:00,DEV160,data-team,code_review_request
SL01471,2026-08-07 00:59:00,DEV087,engineering,mention
SL02591,2026-08-07 00:59:00,DEV488,project-cognistream,message
SL00046,2026-08-07 01:05:00,DEV004,engineering,mention
SL01378,2026-08-07 01:05:00,DEV018,data-team,ci_cd_alert
SL04019,2026-08-07 01:12:00,DEV206,project-cognistream,message
SL00444,2026-08-07 01:14:00,DEV082,backend,ci_cd_alert
SL01224,2026-08-07 01:21:00,DEV200,backend,message
SL03646,2026-08-07 01:24:00,DEV180,backend,mention
SL00399,2026-08-07 01:28:00,DEV029,backend,code_review_request
SL02559,2026-08-07 01:29:00,DEV378,data-team,code_review_request
SL00856,2026-08-07 01:35:00,DEV041,engineering,ci_cd_alert
SL02260,2026-08-07 01:50:00,DEV185,frontend,code_review_request
SL02205,2026-08-07 01:56:00,DEV403,engineering,code_review_request
SL03820,2026-08-07 02:06:00,DEV484,frontend,deployment_alert
SL04769,2026-08-07 02:07:00,DEV068,engineering,code_review_request
SL03956,2026-08-07 02:08:00,DEV353,engineering,ci_cd_alert
SL02274,2026-08-07 02:11:00,DEV375,engineering,message
SL00113,2026-08-07 02:18:00,DEV496,data-team,deployment_alert
SL00623,2026-08-07 02:20:00,DEV252,frontend,ci_cd_alert
SL03363,2026-08-07 02:20:00,DEV346,frontend,message
SL03725,2026-08-07 02:24:00,DEV346,frontend,message
SL03594,2026-08-07 02:37:00,DEV467,engineering,deployment_alert
SL04673,2026-08-07 02:46:00,DEV133,project-cognistream,message
SL02992,2026-08-07 02:50:00,DEV221,project-cognistream,mention
SL01531,2026-08-07 02:53:00,DEV280,engineering,mention
SL02842,2026-08-07 03:00:00,DEV369,data-team,code_review_request
SL00367,2026-08-07 03:05:00,DEV142,engineering,code_review_request
SL03849,2026-08-07 03:05:00,DEV429,project-cognistream,ci_cd_alert
SL04492,2026-08-07 03:08:00,DEV168,data-team,code_review_request
SL01975,2026-08-07 03:15:00,DEV207,engineering,deployment_alert
SL00978,2026-08-07 03:17:00,DEV490,frontend,deployment_alert
SL01093,2026-08-07 03:21:00,DEV359,dev-team,deployment_alert
SL03817,2026-08-07 03:23:00,DEV406,engineering,code_review_request
SL02272,2026-08-07 03:26:00,DEV121,data-team,message
SL02406,2026-08-07 03:27:00,DEV043,project-cognistream,deployment_alert
SL04918,2026-08-07 03:37:00,DEV036,project-cognistream,ci_cd_alert
SL00308,2026-08-07 03:49:00,DEV162,engineering,mention
SL01555,2026-08-07 03:49:00,DEV305,engineering,message
SL00968,2026-08-07 03:51:00,DEV468,data-team,code_review_request
SL03811,2026-08-07 03:52:00,DEV118,project-cognistream,deployment_alert
SL03627,2026-08-07 04:00:00,DEV195,dev-team,code_review_request
SL02055,2026-08-07 04:04:00,DEV083,backend,message
SL00609,2026-08-07 04:05:00,DEV465,data-team,code_review_request
SL01654,2026-08-07 04:16:00,DEV407,dev-team,ci_cd_alert
SL02315,2026-08-07 04:16:00,DEV090,project-cognistream,message
SL00201,2026-08-07 04:24:00,DEV448,backend,deployment_alert
SL03693,2026-08-07 04:32:00,DEV387,data-team,ci_cd_alert
SL00151,2026-08-07 04:41:00,DEV076,data-team,mention
SL00433,2026-08-07 04:44:00,DEV204,backend,ci_cd_alert
SL01360,2026-08-07 04:49:00,DEV319,data-team,ci_cd_alert
SL02612,2026-08-07 04:50:00,DEV306,frontend,mention
SL04688,2026-08-07 04:59:00,DEV081,dev-team,mention
SL02877,2026-08-07 05:00:00,DEV257,frontend,mention
SL01401,2026-08-07 05:05:00,DEV154,project-cognistream,mention
SL01662,2026-08-07 05:07:00,DEV216,dev-team,code_review_request
SL02217,2026-08-07 05:16:00,DEV188,dev-team,deployment_alert
SL02262,2026-08-07 05:22:00,DEV466,backend,code_review_request
SL03141,2026-08-07 05:23:00,DEV466,engineering,mention
SL04941,2026-08-07 05:23:00,DEV413,dev-team,deployment_alert
SL02550,2026-08-07 05:24:00,DEV316,frontend,message
SL00641,2026-08-07 05:32:00,DEV008,data-team,deployment_alert
SL01231,2026-08-07 05:39:00,DEV229,dev-team,ci_cd_alert
SL04756,2026-08-07 05:39:00,DEV251,project-cognistream,code_review_request
SL01390,2026-08-07 05:41:00,DEV408,frontend,code_review_request
SL03755,2026-08-07 05:49:00,DEV161,data-team,message
SL01449,2026-08-07 05:53:00,DEV250,data-team,ci_cd_alert
SL04810,2026-08-07 06:02:00,DEV039,frontend,code_review_request
SL00136,2026-08-07 06:09:00,DEV254,data-team,code_review_request
SL02067,2026-08-07 06:09:00,DEV029,frontend,ci_cd_alert
SL00553,2026-08-07 06:15:00,DEV278,engineering,code_review_request
SL02275,2026-08-07 06:16:00,DEV025,engineering,ci_cd_alert
SL04283,2026-08-07 06:17:00,DEV052,dev-team,message
SL04642,2026-08-07 06:18:00,DEV208,project-cognistream,mention
SL01618,2026-08-07 06:23:00,DEV224,backend,message
SL04261,2026-08-07 06:23:00,DEV073,engineering,deployment_alert
SL03605,2026-08-07 06:26:00,DEV423,data-team,deployment_alert
SL01578,2026-08-07 06:28:00,DEV238,data-team,code_review_request
SL00103,2026-08-07 06:30:00,DEV143,backend,deployment_alert
SL03301,2026-08-07 06:44:00,DEV356,data-team,code_review_request
SL00329,2026-08-07 06:45:00,DEV248,project-cognistream,message
SL04736,2026-08-07 06:50:00,DEV242,engineering,message
SL01301,2026-08-07 06:51:00,DEV148,dev-team,mention
SL01345,2026-08-07 06:51:00,DEV259,project-cognistream,message
SL04834,2026-08-07 06:51:00,DEV049,engineering,message
SL04245,2026-08-07 07:00:00,DEV392,frontend,code_review_request
SL00385,2026-08-07 07:02:00,DEV370,dev-team,deployment_alert
SL01067,2026-08-07 07:02:00,DEV013,backend,code_review_request
SL04723,2026-08-07 07:05:00,DEV188,backend,code_review_request
SL03661,2026-08-07 07:13:00,DEV201,backend,code_review_request
SL04893,2026-08-07 07:17:00,DEV063,frontend,ci_cd_alert
SL03511,2026-08-07 07:29:00,DEV168,frontend,deployment_alert
SL00079,2026-08-07 07:30:00,DEV464,backend,code_review_request
SL01854,2026-08-07 07:31:00,DEV066,dev-team,message
SL01388,2026-08-07 07:33:00,DEV442,frontend,mention
SL03500,2026-08-07 07:34:00,DEV410,frontend,mention
SL00330,2026-08-07 07:39:00,DEV258,data-team,deployment_alert
SL03304,2026-08-07 07:43:00,DEV040,engineering,mention
SL01863,2026-08-07 07:46:00,DEV263,engineering,message
SL02187,2026-08-07 07:47:00,DEV387,frontend,deployment_alert
SL03133,2026-08-07 07:53:00,DEV387,engineering,message
SL02289,2026-08-07 07:54:00,DEV027,project-cognistream,mention
SL01932,2026-08-07 07:58:00,DEV053,project-cognistream,message
SL00992,2026-08-07 08:25:00,DEV162,frontend,message
SL04396,2026-08-07 08:25:00,DEV257,frontend,mention
SL00979,2026-08-07 08:27:00,DEV079,data-team,message
SL00153,2026-08-07 08:30:00,DEV089,frontend,code_review_request
SL03430,2026-08-07 08:32:00,DEV437,project-cognistream,deployment_alert
SL03910,2026-08-07 08:44:00,DEV170,backend,code_review_request
SL03182,2026-08-07 08:49:00,DEV386,backend,message
SL03135,2026-08-07 08:53:00,DEV456,data-team,deployment_alert
SL03770,2026-08-07 09:07:00,DEV017,data-team,deployment_alert
SL04476,2026-08-07 09:12:00,DEV085,dev-team,mention
SL03505,2026-08-07 09:21:00,DEV372,data-team,deployment_alert
SL02726,2026-08-07 09:28:00,DEV047,dev-team,ci_cd_alert
SL02908,2026-08-07 09:33:00,DEV067,data-team,ci_cd_alert
SL03782,2026-08-07 09:37:00,DEV278,dev-team,ci_cd_alert
SL03571,2026-08-07 09:38:00,DEV496,backend,ci_cd_alert
SL04205,2026-08-07 09:47:00,DEV488,project-cognistream,deployment_alert
SL03513,2026-08-07 09:58:00,DEV340,engineering,deployment_alert
SL01165,2026-08-07 10:04:00,DEV449,engineering,message
SL04407,2026-08-07 10:09:00,DEV454,frontend,deployment_alert
SL02286,2026-08-07 10:15:00,DEV145,dev-team,ci_cd_alert
SL04932,2026-08-07 10:15:00,DEV167,data-team,code_review_request
SL04933,2026-08-07 10:17:00,DEV165,dev-team,mention
SL00792,2026-08-07 10:22:00,DEV390,frontend,deployment_alert
SL00432,2026-08-07 10:24:00,DEV240,project-cognistream,message
SL02065,2026-08-07 10:25:00,DEV129,dev-team,message
SL04514,2026-08-07 10:25:00,DEV240,backend,mention
SL01457,2026-08-07 10:27:00,DEV445,data-team,mention
SL01418,2026-08-07 10:31:00,DEV025,project-cognistream,deployment_alert
SL01988,2026-08-07 10:39:00,DEV277,backend,deployment_alert
SL02162,2026-08-07 10:39:00,DEV232,dev-team,mention
SL00069,2026-08-07 10:40:00,DEV256,dev-team,message
SL03296,2026-08-07 10:41:00,DEV186,engineering,ci_cd_alert
SL04651,2026-08-07 10:42:00,DEV437,dev-team,deployment_alert
SL03453,2026-08-07 10:44:00,DEV076,backend,code_review_request
SL04001,2026-08-07 10:45:00,DEV388,engineering,code_review_request
SL00407,2026-08-07 10:52:00,DEV342,engineering,deployment_alert
SL01341,2026-08-07 11:01:00,DEV257,dev-team,mention
SL03050,2026-08-07 11:04:00,DEV248,frontend,code_review_request
SL04557,2026-08-07 11:05:00,DEV051,dev-team,message
SL00347,2026-08-07 11:07:00,DEV170,data-team,code_review_request
SL00606,2026-08-07 11:17:00,DEV258,dev-team,deployment_alert
SL03794,2026-08-07 11:19:00,DEV039,dev-team,message
SL01227,2026-08-07 11:26:00,DEV363,data-team,ci_cd_alert
SL00497,2026-08-07 11:28:00,DEV181,frontend,mention
SL01949,2026-08-07 11:32:00,DEV335,backend,code_review_request
SL04861,2026-08-07 11:36:00,DEV408,project-cognistream,deployment_alert
SL04394,2026-08-07 11:37:00,DEV315,project-cognistream,code_review_request
SL02553,2026-08-07 11:41:00,DEV243,data-team,mention
SL03383,2026-08-07 11:49:00,DEV032,frontend,ci_cd_alert
SL03570,2026-08-07 11:54:00,DEV467,project-cognistream,ci_cd_alert
SL01824,2026-08-07 11:59:00,DEV305,frontend,ci_cd_alert
SL00995,2026-08-07 12:00:00,DEV362,project-cognistream,message
SL01581,2026-08-07 12:04:00,DEV181,data-team,ci_cd_alert
SL00923,2026-08-07 12:05:00,DEV363,project-cognistream,code_review_request
SL00558,2026-08-07 12:12:00,DEV164,engineering,deployment_alert
SL02915,2026-08-07 12:12:00,DEV113,engineering,deployment_alert
SL02062,2026-08-07 12:15:00,DEV368,data-team,deployment_alert
SL00316,2026-08-07 12:16:00,DEV462,project-cognistream,message
SL01465,2026-08-07 12:19:00,DEV330,project-cognistream,mention
SL02838,2026-08-07 12:21:00,DEV430,project-cognistream,code_review_request
SL01580,2026-08-07 12:24:00,DEV102,dev-team,mention
SL02338,2026-08-07 12:26:00,DEV145,engineering,code_review_request
SL04852,2026-08-07 12:27:00,DEV411,project-cognistream,message
SL00200,2026-08-07 12:29:00,DEV072,project-cognistream,mention
SL01805,2026-08-07 12:34:00,DEV190,data-team,deployment_alert
SL03256,2026-08-07 12:36:00,DEV156,backend,ci_cd_alert
SL03586,2026-08-07 12:36:00,DEV460,backend,mention
SL00955,2026-08-07 12:40:00,DEV396,project-cognistream,mention
SL02737,2026-08-07 12:42:00,DEV404,backend,ci_cd_alert
SL04525,2026-08-07 12:50:00,DEV294,dev-team,code_review_request
SL02622,2026-08-07 12:56:00,DEV126,backend,deployment_alert
SL04062,2026-08-07 12:59:00,DEV087,dev-team,mention
SL02963,2026-08-07 13:03:00,DEV485,data-team,message
SL02404,2026-08-07 13:05:00,DEV357,dev-team,mention
SL03142,2026-08-07 13:05:00,DEV460,dev-team,code_review_request
SL03369,2026-08-07 13:05:00,DEV458,frontend,deployment_alert
SL03601,2026-08-07 13:06:00,DEV211,backend,ci_cd_alert
SL02811,2026-08-07 13:07:00,DEV262,frontend,ci_cd_alert
SL04732,2026-08-07 13:07:00,DEV144,backend,message
SL00900,2026-08-07 13:10:00,DEV084,data-team,deployment_alert
SL02935,2026-08-07 13:10:00,DEV424,engineering,deployment_alert
SL00550,2026-08-07 13:18:00,DEV042,data-team,deployment_alert
SL00876,2026-08-07 13:19:00,DEV154,dev-team,code_review_request
SL02307,2026-08-07 13:19:00,DEV132,project-cognistream,ci_cd_alert
SL00944,2026-08-07 13:21:00,DEV384,project-cognistream,deployment_alert
SL02411,2026-08-07 13:22:00,DEV112,engineering,message
SL00614,2026-08-07 13:27:00,DEV425,backend,deployment_alert
SL04306,2026-08-07 13:29:00,DEV017,project-cognistream,code_review_request
SL04042,2026-08-07 13:39:00,DEV458,data-team,mention
SL02413,2026-08-07 13:42:00,DEV145,dev-team,deployment_alert
SL03951,2026-08-07 13:45:00,DEV482,dev-team,mention
SL04089,2026-08-07 13:45:00,DEV214,data-team,message
SL02324,2026-08-07 13:52:00,DEV149,engineering,message
SL04753,2026-08-07 14:00:00,DEV405,dev-team,code_review_request
SL03123,2026-08-07 14:01:00,DEV400,engineering,ci_cd_alert
SL02953,2026-08-07 14:05:00,DEV118,project-cognistream,message
SL00835,2026-08-07 14:23:00,DEV170,engineering,ci_cd_alert
SL01615,2026-08-07 14:23:00,DEV044,backend,ci_cd_alert
SL02294,2026-08-07 14:24:00,DEV344,backend,message
SL02450,2026-08-07 14:28:00,DEV353,data-team,code_review_request
SL02128,2026-08-07 14:29:00,DEV196,engineering,code_review_request
SL03753,2026-08-07 14:30:00,DEV106,frontend,message
SL04221,2026-08-07 14:30:00,DEV042,engineering,ci_cd_alert
SL01558,2026-08-07 14:31:00,DEV108,frontend,mention
SL04857,2026-08-07 14:33:00,DEV090,project-cognistream,ci_cd_alert
SL00443,2026-08-07 14:34:00,DEV194,backend,message
SL04219,2026-08-07 14:41:00,DEV337,backend,deployment_alert
SL03750,2026-08-07 14:48:00,DEV337,frontend,code_review_request
SL00242,2026-08-07 14:50:00,DEV333,dev-team,code_review_request
SL01957,2026-08-07 14:54:00,DEV327,frontend,mention
SL01068,2026-08-07 15:01:00,DEV419,dev-team,deployment_alert
SL01209,2026-08-07 15:01:00,DEV326,backend,deployment_alert
SL03248,2026-08-07 15:07:00,DEV342,frontend,deployment_alert
SL02229,2026-08-07 15:08:00,DEV266,backend,mention
SL00013,2026-08-07 15:20:00,DEV456,engineering,deployment_alert
SL02543,2026-08-07 15:24:00,DEV021,project-cognistream,ci_cd_alert
SL04156,2026-08-07 15:36:00,DEV035,project-cognistream,message
SL00454,2026-08-07 15:51:00,DEV341,backend,mention
SL01692,2026-08-07 15:52:00,DEV319,dev-team,code_review_request
SL03602,2026-08-07 15:52:00,DEV270,backend,code_review_request
SL00334,2026-08-07 15:56:00,DEV423,backend,ci_cd_alert
SL01416,2026-08-07 16:00:00,DEV235,dev-team,code_review_request
SL01643,2026-08-07 16:00:00,DEV481,backend,deployment_alert
SL04072,2026-08-07 16:01:00,DEV129,backend,message
SL04760,2026-08-07 16:08:00,DEV393,engineering,deployment_alert
SL04463,2026-08-07 16:20:00,DEV386,dev-team,deployment_alert
SL03888,2026-08-07 16:25:00,DEV426,backend,message
SL02490,2026-08-07 16:33:00,DEV276,data-team,message
SL03983,2026-08-07 16:35:00,DEV449,dev-team,deployment_alert
SL02101,2026-08-07 16:38:00,DEV123,backend,mention
SL04950,2026-08-07 16:46:00,DEV243,frontend,mention
SL00734,2026-08-07 16:49:00,DEV240,project-cognistream,code_review_request
SL03597,2026-08-07 16:56:00,DEV468,project-cognistream,code_review_request
SL04889,2026-08-07 17:11:00,DEV201,data-team,deployment_alert
SL01046,2026-08-07 17:12:00,DEV196,project-cognistream,mention
SL03991,2026-08-07 17:16:00,DEV272,frontend,mention
SL00221,2026-08-07 17:17:00,DEV379,backend,mention
SL01214,2026-08-07 17:22:00,DEV058,backend,deployment_alert
SL01063,2026-08-07 17:23:00,DEV264,dev-team,code_review_request
SL02562,2026-08-07 17:23:00,DEV387,data-team,mention
SL02167,2026-08-07 17:34:00,DEV088,data-team,deployment_alert
SL03680,2026-08-07 17:36:00,DEV395,data-team,mention
SL00225,2026-08-07 17:39:00,DEV041,backend,message
SL01453,2026-08-07 17:39:00,DEV154,dev-team,message
SL00664,2026-08-07 17:43:00,DEV102,data-team,code_review_request
SL03953,2026-08-07 17:50:00,DEV445,frontend,mention
SL01195,2026-08-07 17:53:00,DEV263,project-cognistream,mention
SL04727,2026-08-07 17:53:00,DEV236,project-cognistream,ci_cd_alert
SL04879,2026-08-07 18:10:00,DEV294,data-team,mention
SL04024,2026-08-07 18:19:00,DEV171,data-team,deployment_alert
SL01430,2026-08-07 18:23:00,DEV205,dev-team,deployment_alert
SL00860,2026-08-07 18:32:00,DEV288,frontend,ci_cd_alert
SL03798,2026-08-07 18:32:00,DEV490,engineering,code_review_request
SL01756,2026-08-07 18:36:00,DEV454,data-team,ci_cd_alert
SL01549,2026-08-07 18:38:00,DEV048,backend,mention
SL02756,2026-08-07 18:40:00,DEV155,frontend,code_review_request
SL02496,2026-08-07 18:50:00,DEV212,backend,code_review_request
SL04770,2026-08-07 18:51:00,DEV404,dev-team,message
SL00248,2026-08-07 18:56:00,DEV364,frontend,message
SL04127,2026-08-07 18:57:00,DEV382,frontend,message
SL04595,2026-08-07 19:00:00,DEV115,backend,ci_cd_alert
SL02369,2026-08-07 19:04:00,DEV360,frontend,message
SL03529,2026-08-07 19:07:00,DEV142,dev-team,message
SL04773,2026-08-07 19:07:00,DEV227,data-team,code_review_request
SL03810,2026-08-07 19:27:00,DEV317,engineering,mention
SL00176,2026-08-07 19:31:00,DEV006,backend,deployment_alert
SL04735,2026-08-07 19:34:00,DEV006,data-team,mention
SL00735,2026-08-07 19:44:00,DEV386,data-team,mention
SL03878,2026-08-07 19:46:00,DEV038,backend,ci_cd_alert
SL04997,2026-08-07 19:48:00,DEV146,data-team,deployment_alert
SL02129,2026-08-07 20:05:00,DEV461,data-team,ci_cd_alert
SL02751,2026-08-07 20:08:00,DEV100,frontend,message
SL04725,2026-08-07 20:10:00,DEV257,engineering,code_review_request
SL00618,2026-08-07 20:16:00,DEV474,backend,deployment_alert
SL01369,2026-08-07 20:20:00,DEV394,dev-team,code_review_request
SL02768,2026-08-07 20:30:00,DEV288,backend,code_review_request
SL01579,2026-08-07 20:36:00,DEV014,backend,message
SL02853,2026-08-07 20:36:00,DEV156,backend,deployment_alert
SL00936,2026-08-07 20:39:00,DEV415,dev-team,message
SL01832,2026-08-07 20:39:00,DEV061,frontend,code_review_request
SL02332,2026-08-07 20:39:00,DEV050,frontend,mention
SL01230,2026-08-07 20:48:00,DEV419,engineering,ci_cd_alert
SL00204,2026-08-07 20:50:00,DEV482,project-cognistream,mention
SL04311,2026-08-07 20:50:00,DEV455,project-cognistream,code_review_request
SL02016,2026-08-07 20:57:00,DEV294,dev-team,deployment_alert
SL00619,2026-08-07 20:58:00,DEV219,backend,message
SL00392,2026-08-07 21:00:00,DEV464,engineering,mention
SL03740,2026-08-07 21:01:00,DEV327,engineering,ci_cd_alert
SL03826,2026-08-07 21:01:00,DEV251,data-team,code_review_request
SL01402,2026-08-07 21:08:00,DEV160,dev-team,message
SL04332,2026-08-07 21:11:00,DEV428,frontend,message
SL00057,2026-08-07 21:13:00,DEV292,data-team,code_review_request
SL03251,2026-08-07 21:19:00,DEV225,project-cognistream,deployment_alert
SL00429,2026-08-07 21:28:00,DEV436,frontend,deployment_alert
SL02791,2026-08-07 21:31:00,DEV142,dev-team,ci_cd_alert
SL03044,2026-08-07 21:31:00,DEV459,backend,deployment_alert
SL03845,2026-08-07 21:31:00,DEV304,project-cognistream,ci_cd_alert
SL02280,2026-08-07 21:32:00,DEV037,data-team,ci_cd_alert
SL03264,2026-08-07 21:34:00,DEV219,project-cognistream,ci_cd_alert
SL02691,2026-08-07 21:35:00,DEV499,project-cognistream,ci_cd_alert
SL01161,2026-08-07 21:38:00,DEV433,engineering,mention
SL00915,2026-08-07 21:39:00,DEV044,project-cognistream,deployment_alert
SL01798,2026-08-07 21:40:00,DEV424,backend,message
SL00173,2026-08-07 21:55:00,DEV164,engineering,code_review_request
SL02896,2026-08-07 22:01:00,DEV095,backend,message
SL01927,2026-08-07 22:10:00,DEV274,data-team,code_review_request
SL00458,2026-08-07 22:12:00,DEV181,dev-team,deployment_alert
SL04137,2026-08-07 22:15:00,DEV182,dev-team,deployment_alert
SL04452,2026-08-07 22:15:00,DEV121,project-cognistream,message
SL02051,2026-08-07 22:19:00,DEV354,project-cognistream,deployment_alert
SL01774,2026-08-07 22:25:00,DEV015,engineering,code_review_request
SL04749,2026-08-07 22:25:00,DEV244,dev-team,code_review_request
SL02207,2026-08-07 22:28:00,DEV249,dev-team,mention
SL02973,2026-08-07 22:30:00,DEV452,backend,mention
SL04923,2026-08-07 22:35:00,DEV350,frontend,deployment_alert
SL03940,2026-08-07 22:36:00,DEV344,dev-team,deployment_alert
SL02335,2026-08-07 22:39:00,DEV245,backend,mention
SL00138,2026-08-07 22:41:00,DEV056,frontend,deployment_alert
SL03684,2026-08-07 22:41:00,DEV376,frontend,code_review_request
SL00630,2026-08-07 22:51:00,DEV355,engineering,mention
SL04469,2026-08-07 22:58:00,DEV319,frontend,deployment_alert
SL00440,2026-08-07 23:03:00,DEV018,data-team,ci_cd_alert
SL02200,2026-08-07 23:05:00,DEV254,project-cognistream,ci_cd_alert
SL01005,2026-08-07 23:10:00,DEV045,frontend,mention
SL03181,2026-08-07 23:10:00,DEV095,frontend,deployment_alert
SL04711,2026-08-07 23:11:00,DEV038,frontend,code_review_request
SL04284,2026-08-07 23:12:00,DEV321,data-team,code_review_request
SL01797,2026-08-07 23:21:00,DEV266,backend,deployment_alert
SL01811,2026-08-07 23:21:00,DEV273,data-team,mention
SL04981,2026-08-07 23:21:00,DEV039,backend,mention
SL03221,2026-08-07 23:23:00,DEV102,project-cognistream,mention
SL01331,2026-08-07 23:25:00,DEV328,dev-team,code_review_request
SL00574,2026-08-07 23:26:00,DEV340,frontend,code_review_request
SL02021,2026-08-07 23:37:00,DEV452,project-cognistream,mention
SL03373,2026-08-07 23:43:00,DEV395,project-cognistream,message
SL02392,2026-08-08 00:12:00,DEV046,engineering,deployment_alert
SL01601,2026-08-08 00:23:00,DEV379,project-cognistream,message
SL04532,2026-08-08 00:31:00,DEV499,project-cognistream,code_review_request
SL02964,2026-08-08 00:33:00,DEV318,backend,deployment_alert
SL01653,2026-08-08 00:38:00,DEV102,project-cognistream,mention
SL02453,2026-08-08 00:39:00,DEV069,backend,message
SL01128,2026-08-08 00:54:00,DEV265,data-team,message
SL03299,2026-08-08 00:58:00,DEV314,data-team,mention
SL03096,2026-08-08 01:01:00,DEV374,engineering,message
SL00311,2026-08-08 01:15:00,DEV044,backend,ci_cd_alert
SL03145,2026-08-08 01:18:00,DEV015,engineering,deployment_alert
SL01479,2026-08-08 01:19:00,DEV180,engineering,deployment_alert
SL04678,2026-08-08 01:38:00,DEV463,data-team,code_review_request
SL02039,2026-08-08 01:40:00,DEV407,data-team,code_review_request
SL02919,2026-08-08 01:44:00,DEV197,backend,ci_cd_alert
SL01661,2026-08-08 01:45:00,DEV402,engineering,message
SL00257,2026-08-08 01:48:00,DEV018,frontend,code_review_request
SL04869,2026-08-08 01:53:00,DEV161,frontend,ci_cd_alert
SL04022,2026-08-08 01:57:00,DEV075,dev-team,message
SL01753,2026-08-08 02:00:00,DEV369,data-team,mention
SL03436,2026-08-08 02:04:00,DEV338,data-team,message
SL03322,2026-08-08 02:06:00,DEV180,engineering,mention
SL00866,2026-08-08 02:13:00,DEV242,data-team,deployment_alert
SL00970,2026-08-08 02:16:00,DEV061,engineering,mention
SL00647,2026-08-08 02:21:00,DEV042,backend,message
SL03399,2026-08-08 02:21:00,DEV373,project-cognistream,ci_cd_alert
SL02340,2026-08-08 02:25:00,DEV090,data-team,ci_cd_alert
SL04371,2026-08-08 02:26:00,DEV372,project-cognistream,ci_cd_alert
SL03994,2026-08-08 02:29:00,DEV154,data-team,deployment_alert
SL02632,2026-08-08 02:30:00,DEV486,dev-team,message
SL02372,2026-08-08 02:32:00,DEV426,dev-team,deployment_alert
SL02823,2026-08-08 02:32:00,DEV173,engineering,ci_cd_alert
SL02938,2026-08-08 02:36:00,DEV302,dev-team,ci_cd_alert
SL03604,2026-08-08 02:36:00,DEV271,engineering,deployment_alert
SL03228,2026-08-08 02:40:00,DEV371,engineering,mention
SL01785,2026-08-08 02:46:00,DEV257,dev-team,code_review_request
SL04399,2026-08-08 02:49:00,DEV209,project-cognistream,mention
SL01409,2026-08-08 02:50:00,DEV154,frontend,deployment_alert
SL01261,2026-08-08 02:54:00,DEV392,backend,message
SL01337,2026-08-08 02:58:00,DEV075,project-cognistream,code_review_request
SL02418,2026-08-08 02:58:00,DEV134,frontend,code_review_request
SL02684,2026-08-08 02:58:00,DEV289,project-cognistream,ci_cd_alert
SL03466,2026-08-08 02:58:00,DEV287,data-team,mention
SL04882,2026-08-08 03:11:00,DEV308,project-cognistream,mention
SL00021,2026-08-08 03:12:00,DEV254,data-team,ci_cd_alert
SL04606,2026-08-08 03:13:00,DEV410,engineering,ci_cd_alert
SL00547,2026-08-08 03:14:00,DEV317,engineering,deployment_alert
SL03018,2026-08-08 03:20:00,DEV276,data-team,mention
SL03224,2026-08-08 03:20:00,DEV474,engineering,deployment_alert
SL01875,2026-08-08 03:23:00,DEV106,frontend,code_review_request
SL03986,2026-08-08 03:25:00,DEV437,frontend,deployment_alert
SL04013,2026-08-08 03:25:00,DEV180,engineering,code_review_request
SL04517,2026-08-08 03:28:00,DEV339,dev-team,code_review_request
SL04875,2026-08-08 03:31:00,DEV048,engineering,mention
SL04708,2026-08-08 03:32:00,DEV372,project-cognistream,mention
SL01009,2026-08-08 03:33:00,DEV290,data-team,message
SL02052,2026-08-08 03:34:00,DEV421,dev-team,deployment_alert
SL02421,2026-08-08 03:40:00,DEV142,project-cognistream,message
SL02789,2026-08-08 03:41:00,DEV046,dev-team,mention
SL01115,2026-08-08 03:47:00,DEV487,project-cognistream,code_review_request
SL00964,2026-08-08 03:49:00,DEV443,data-team,message
SL00219,2026-08-08 03:51:00,DEV359,engineering,deployment_alert
SL03354,2026-08-08 03:56:00,DEV485,frontend,code_review_request
SL03912,2026-08-08 04:05:00,DEV224,project-cognistream,deployment_alert
SL04369,2026-08-08 04:07:00,DEV331,frontend,ci_cd_alert
SL04716,2026-08-08 04:08:00,DEV174,frontend,deployment_alert
SL02740,2026-08-08 04:09:00,DEV376,backend,message
SL03934,2026-08-08 04:13:00,DEV459,engineering,code_review_request
SL03894,2026-08-08 04:16:00,DEV272,engineering,message
SL00058,2026-08-08 04:18:00,DEV371,backend,code_review_request
SL02094,2026-08-08 04:21:00,DEV493,data-team,deployment_alert
SL00622,2026-08-08 04:24:00,DEV433,project-cognistream,ci_cd_alert
SL00697,2026-08-08 04:24:00,DEV376,dev-team,mention
SL03831,2026-08-08 04:36:00,DEV014,backend,deployment_alert
SL03389,2026-08-08 04:40:00,DEV120,backend,code_review_request
SL03332,2026-08-08 04:47:00,DEV190,backend,deployment_alert
SL00886,2026-08-08 04:55:00,DEV184,project-cognistream,message
SL01108,2026-08-08 04:57:00,DEV387,data-team,code_review_request
SL03319,2026-08-08 04:57:00,DEV302,dev-team,ci_cd_alert
SL02096,2026-08-08 05:01:00,DEV422,project-cognistream,mention
SL03157,2026-08-08 05:05:00,DEV302,frontend,message
SL00293,2026-08-08 05:10:00,DEV500,project-cognistream,message
SL04287,2026-08-08 05:10:00,DEV049,backend,deployment_alert
SL00846,2026-08-08 05:15:00,DEV494,dev-team,message
SL01496,2026-08-08 05:15:00,DEV453,dev-team,message
SL04909,2026-08-08 05:17:00,DEV243,dev-team,message
SL04873,2026-08-08 05:22:00,DEV166,backend,deployment_alert
SL02923,2026-08-08 05:25:00,DEV236,engineering,ci_cd_alert
SL01670,2026-08-08 05:26:00,DEV222,project-cognistream,message
SL00906,2026-08-08 05:33:00,DEV139,engineering,ci_cd_alert
SL04535,2026-08-08 05:38:00,DEV122,backend,code_review_request
SL04193,2026-08-08 05:40:00,DEV251,frontend,mention
SL01788,2026-08-08 06:01:00,DEV374,backend,ci_cd_alert
SL04768,2026-08-08 06:02:00,DEV317,engineering,message
SL02249,2026-08-08 06:04:00,DEV156,engineering,code_review_request
SL02080,2026-08-08 06:07:00,DEV345,backend,ci_cd_alert
SL03708,2026-08-08 06:08:00,DEV414,project-cognistream,mention
SL02467,2026-08-08 06:09:00,DEV257,data-team,deployment_alert
SL00250,2026-08-08 06:11:00,DEV312,engineering,ci_cd_alert
SL00209,2026-08-08 06:20:00,DEV470,engineering,mention
SL03929,2026-08-08 06:22:00,DEV235,data-team,mention
SL02758,2026-08-08 06:25:00,DEV181,project-cognistream,message
SL00076,2026-08-08 06:26:00,DEV454,dev-team,mention
SL01663,2026-08-08 06:29:00,DEV341,frontend,message
SL01104,2026-08-08 06:31:00,DEV003,project-cognistream,ci_cd_alert
SL02828,2026-08-08 06:32:00,DEV057,frontend,deployment_alert
SL00283,2026-08-08 06:33:00,DEV266,frontend,ci_cd_alert
SL01187,2026-08-08 06:34:00,DEV106,frontend,code_review_request
SL01055,2026-08-08 06:35:00,DEV032,dev-team,code_review_request
SL00820,2026-08-08 06:43:00,DEV405,backend,message
SL02850,2026-08-08 06:55:00,DEV085,engineering,mention
SL03516,2026-08-08 06:55:00,DEV240,data-team,message
SL01183,2026-08-08 07:05:00,DEV461,dev-team,ci_cd_alert
SL00101,2026-08-08 07:06:00,DEV014,engineering,deployment_alert
SL03391,2026-08-08 07:20:00,DEV335,dev-team,code_review_request
SL03846,2026-08-08 07:20:00,DEV306,backend,deployment_alert
SL00346,2026-08-08 07:23:00,DEV146,project-cognistream,mention
SL00951,2026-08-08 07:25:00,DEV344,dev-team,mention
SL03506,2026-08-08 07:28:00,DEV315,backend,code_review_request
SL00733,2026-08-08 07:32:00,DEV185,project-cognistream,code_review_request
SL04887,2026-08-08 07:32:00,DEV179,frontend,mention
SL03851,2026-08-08 07:37:00,DEV116,engineering,deployment_alert
SL04696,2026-08-08 07:38:00,DEV470,backend,code_review_request
SL04880,2026-08-08 07:40:00,DEV149,dev-team,ci_cd_alert
SL02723,2026-08-08 07:49:00,DEV077,backend,code_review_request
SL01069,2026-08-08 07:52:00,DEV124,engineering,ci_cd_alert
SL00881,2026-08-08 08:06:00,DEV020,dev-team,code_review_request
SL04587,2026-08-08 08:12:00,DEV056,dev-team,mention
SL01526,2026-08-08 08:22:00,DEV261,backend,code_review_request
SL01608,2026-08-08 08:26:00,DEV258,project-cognistream,code_review_request
SL02916,2026-08-08 08:26:00,DEV498,project-cognistream,mention
SL00611,2026-08-08 08:29:00,DEV174,backend,deployment_alert
SL03877,2026-08-08 08:30:00,DEV289,backend,ci_cd_alert
SL03823,2026-08-08 08:32:00,DEV196,data-team,ci_cd_alert
SL03527,2026-08-08 08:35:00,DEV191,dev-team,mention
SL04077,2026-08-08 08:38:00,DEV324,dev-team,code_review_request
SL04499,2026-08-08 08:39:00,DEV448,frontend,deployment_alert
SL03012,2026-08-08 08:55:00,DEV413,data-team,ci_cd_alert
SL00372,2026-08-08 08:56:00,DEV434,backend,deployment_alert
SL00332,2026-08-08 09:00:00,DEV169,engineering,mention
SL00645,2026-08-08 09:02:00,DEV207,backend,message
SL03124,2026-08-08 09:05:00,DEV383,frontend,message
SL03469,2026-08-08 09:10:00,DEV203,frontend,code_review_request
SL02214,2026-08-08 09:11:00,DEV422,backend,code_review_request
SL02713,2026-08-08 09:11:00,DEV381,data-team,code_review_request
SL00059,2026-08-08 09:13:00,DEV468,data-team,deployment_alert
SL01606,2026-08-08 09:27:00,DEV440,frontend,code_review_request
SL04836,2026-08-08 09:29:00,DEV292,engineering,deployment_alert
SL03057,2026-08-08 09:31:00,DEV300,data-team,ci_cd_alert
SL03289,2026-08-08 09:32:00,DEV205,data-team,ci_cd_alert
SL03186,2026-08-08 09:41:00,DEV018,backend,message
SL02110,2026-08-08 09:49:00,DEV451,data-team,deployment_alert
SL04856,2026-08-08 09:53:00,DEV175,data-team,deployment_alert
SL03691,2026-08-08 09:56:00,DEV097,frontend,deployment_alert
SL01902,2026-08-08 10:03:00,DEV336,frontend,code_review_request
SL02495,2026-08-08 10:04:00,DEV091,data-team,mention
SL03184,2026-08-08 10:09:00,DEV302,project-cognistream,deployment_alert
SL03303,2026-08-08 10:22:00,DEV476,engineering,mention
SL02245,2026-08-08 10:35:00,DEV398,frontend,message
SL02936,2026-08-08 10:38:00,DEV354,dev-team,deployment_alert
SL04828,2026-08-08 10:44:00,DEV290,frontend,code_review_request
SL04847,2026-08-08 10:50:00,DEV393,engineering,code_review_request
SL01262,2026-08-08 10:52:00,DEV499,dev-team,message
SL02313,2026-08-08 10:56:00,DEV281,project-cognistream,code_review_request
SL03185,2026-08-08 11:05:00,DEV407,dev-team,code_review_request
SL04362,2026-08-08 11:18:00,DEV318,engineering,mention
SL04661,2026-08-08 11:19:00,DEV458,dev-team,message
SL02665,2026-08-08 11:20:00,DEV295,project-cognistream,mention
SL00187,2026-08-08 11:21:00,DEV124,project-cognistream,deployment_alert
SL02402,2026-08-08 11:23:00,DEV486,dev-team,deployment_alert
SL02481,2026-08-08 11:23:00,DEV074,frontend,ci_cd_alert
SL01985,2026-08-08 11:24:00,DEV179,engineering,deployment_alert
SL04913,2026-08-08 11:27:00,DEV381,project-cognistream,message
SL01377,2026-08-08 11:28:00,DEV380,frontend,code_review_request
SL01563,2026-08-08 11:34:00,DEV151,project-cognistream,deployment_alert
SL01030,2026-08-08 11:35:00,DEV020,project-cognistream,deployment_alert
SL03928,2026-08-08 11:47:00,DEV224,backend,mention
SL01684,2026-08-08 11:50:00,DEV389,backend,code_review_request
SL02526,2026-08-08 11:52:00,DEV132,dev-team,deployment_alert
SL03134,2026-08-08 11:56:00,DEV006,data-team,ci_cd_alert
SL02571,2026-08-08 11:57:00,DEV134,data-team,ci_cd_alert
SL01980,2026-08-08 11:59:00,DEV146,dev-team,code_review_request
SL02045,2026-08-08 12:01:00,DEV146,backend,ci_cd_alert
SL00894,2026-08-08 12:15:00,DEV366,backend,message
SL03564,2026-08-08 12:30:00,DEV427,data-team,mention
SL04781,2026-08-08 12:30:00,DEV342,dev-team,deployment_alert
SL00765,2026-08-08 12:31:00,DEV405,frontend,ci_cd_alert
SL03939,2026-08-08 12:36:00,DEV212,dev-team,deployment_alert
SL00350,2026-08-08 12:39:00,DEV382,backend,ci_cd_alert
SL00427,2026-08-08 12:47:00,DEV035,backend,code_review_request
SL01836,2026-08-08 12:51:00,DEV196,frontend,code_review_request
SL00475,2026-08-08 13:00:00,DEV318,backend,deployment_alert
SL02668,2026-08-08 13:03:00,DEV278,engineering,ci_cd_alert
SL00402,2026-08-08 13:04:00,DEV262,backend,ci_cd_alert
SL00246,2026-08-08 13:09:00,DEV282,frontend,mention
SL00164,2026-08-08 13:11:00,DEV429,data-team,deployment_alert
SL03101,2026-08-08 13:15:00,DEV028,project-cognistream,message
SL04988,2026-08-08 13:18:00,DEV448,data-team,ci_cd_alert
SL00947,2026-08-08 13:29:00,DEV397,dev-team,mention
SL03042,2026-08-08 13:29:00,DEV223,dev-team,message
SL03751,2026-08-08 13:35:00,DEV245,dev-team,mention
SL03460,2026-08-08 13:38:00,DEV049,data-team,ci_cd_alert
SL04353,2026-08-08 13:45:00,DEV102,backend,mention
SL01541,2026-08-08 13:49:00,DEV018,data-team,deployment_alert
SL03850,2026-08-08 13:51:00,DEV426,dev-team,mention
SL03914,2026-08-08 13:53:00,DEV241,backend,deployment_alert
SL03867,2026-08-08 13:55:00,DEV155,backend,mention
SL04467,2026-08-08 13:55:00,DEV164,project-cognistream,code_review_request
SL03733,2026-08-08 14:00:00,DEV375,frontend,code_review_request
SL03140,2026-08-08 14:04:00,DEV162,data-team,message
SL01729,2026-08-08 14:08:00,DEV404,frontend,mention
SL03060,2026-08-08 14:11:00,DEV036,engineering,mention
SL02577,2026-08-08 14:18:00,DEV484,engineering,code_review_request
SL03007,2026-08-08 14:19:00,DEV383,project-cognistream,ci_cd_alert
SL01447,2026-08-08 14:21:00,DEV278,backend,code_review_request
SL01254,2026-08-08 14:23:00,DEV274,data-team,code_review_request
SL00756,2026-08-08 14:36:00,DEV275,dev-team,mention
SL00471,2026-08-08 14:38:00,DEV473,backend,deployment_alert
SL01474,2026-08-08 14:52:00,DEV407,frontend,mention
SL00363,2026-08-08 14:55:00,DEV453,project-cognistream,ci_cd_alert
SL01439,2026-08-08 14:58:00,DEV054,data-team,code_review_request
SL02482,2026-08-08 14:58:00,DEV184,dev-team,message
SL01743,2026-08-08 15:02:00,DEV137,data-team,mention
SL01118,2026-08-08 15:03:00,DEV009,frontend,message
SL00620,2026-08-08 15:05:00,DEV366,data-team,ci_cd_alert
SL01781,2026-08-08 15:06:00,DEV319,frontend,message
SL02764,2026-08-08 15:16:00,DEV138,backend,deployment_alert
SL02415,2026-08-08 15:18:00,DEV287,engineering,mention
SL03231,2026-08-08 15:18:00,DEV133,engineering,deployment_alert
SL00172,2026-08-08 15:19:00,DEV118,backend,message
SL03302,2026-08-08 15:21:00,DEV353,project-cognistream,code_review_request
SL01801,2026-08-08 15:23:00,DEV267,frontend,code_review_request
SL01156,2026-08-08 15:37:00,DEV087,frontend,message
SL02417,2026-08-08 15:40:00,DEV371,data-team,mention
SL01349,2026-08-08 15:51:00,DEV286,dev-team,deployment_alert
SL00826,2026-08-08 15:53:00,DEV252,frontend,deployment_alert
SL03245,2026-08-08 15:55:00,DEV203,backend,ci_cd_alert
SL02999,2026-08-08 16:06:00,DEV432,dev-team,deployment_alert
SL00122,2026-08-08 16:11:00,DEV192,project-cognistream,code_review_request
SL00655,2026-08-08 16:21:00,DEV018,backend,code_review_request
SL03678,2026-08-08 16:25:00,DEV172,project-cognistream,code_review_request
SL00070,2026-08-08 16:30:00,DEV184,project-cognistream,ci_cd_alert
SL02712,2026-08-08 16:30:00,DEV213,project-cognistream,message
SL04248,2026-08-08 16:39:00,DEV028,data-team,deployment_alert
SL00312,2026-08-08 16:41:00,DEV178,backend,mention
SL01648,2026-08-08 16:43:00,DEV419,backend,code_review_request
SL03225,2026-08-08 16:45:00,DEV476,engineering,message
SL02113,2026-08-08 16:47:00,DEV457,frontend,message
SL04232,2026-08-08 16:47:00,DEV321,backend,message
SL00909,2026-08-08 16:49:00,DEV396,project-cognistream,message
SL03796,2026-08-08 16:50:00,DEV317,dev-team,code_review_request
SL03622,2026-08-08 16:52:00,DEV092,dev-team,deployment_alert
SL01475,2026-08-08 17:06:00,DEV280,engineering,ci_cd_alert
SL03286,2026-08-08 17:16:00,DEV500,engineering,ci_cd_alert
SL04850,2026-08-08 17:16:00,DEV459,data-team,code_review_request
SL03735,2026-08-08 17:17:00,DEV496,dev-team,message
SL00817,2026-08-08 17:25:00,DEV101,backend,message
SL04564,2026-08-08 17:35:00,DEV063,data-team,deployment_alert
SL02471,2026-08-08 17:36:00,DEV098,dev-team,code_review_request
SL03268,2026-08-08 17:45:00,DEV113,backend,code_review_request
SL04541,2026-08-08 17:45:00,DEV193,dev-team,deployment_alert
SL02752,2026-08-08 17:50:00,DEV194,engineering,deployment_alert
SL03578,2026-08-08 17:51:00,DEV234,project-cognistream,mention
SL00710,2026-08-08 17:54:00,DEV365,data-team,ci_cd_alert
SL02234,2026-08-08 17:59:00,DEV384,engineering,ci_cd_alert
SL04243,2026-08-08 18:04:00,DEV098,backend,message
SL00657,2026-08-08 18:17:00,DEV137,backend,deployment_alert
SL02029,2026-08-08 18:17:00,DEV220,backend,mention
SL00195,2026-08-08 18:21:00,DEV088,backend,code_review_request
SL03563,2026-08-08 18:24:00,DEV321,backend,deployment_alert
SL03158,2026-08-08 18:25:00,DEV494,dev-team,message
SL04343,2026-08-08 18:28:00,DEV283,data-team,mention
SL00096,2026-08-08 18:34:00,DEV438,engineering,code_review_request
SL02876,2026-08-08 18:39:00,DEV100,dev-team,mention
SL01098,2026-08-08 18:40:00,DEV311,engineering,deployment_alert
SL02750,2026-08-08 18:40:00,DEV132,data-team,ci_cd_alert
SL04475,2026-08-08 18:42:00,DEV201,data-team,message
SL04862,2026-08-08 18:43:00,DEV492,frontend,deployment_alert
SL02572,2026-08-08 19:01:00,DEV104,engineering,ci_cd_alert
SL02731,2026-08-08 19:05:00,DEV014,engineering,mention
SL03741,2026-08-08 19:09:00,DEV246,project-cognistream,deployment_alert
SL03249,2026-08-08 19:11:00,DEV182,frontend,mention
SL02837,2026-08-08 19:16:00,DEV167,data-team,deployment_alert
SL00072,2026-08-08 19:19:00,DEV159,dev-team,mention
SL02464,2026-08-08 19:20:00,DEV335,project-cognistream,mention
SL00184,2026-08-08 19:26:00,DEV368,data-team,code_review_request
SL00939,2026-08-08 19:28:00,DEV285,dev-team,mention
SL02379,2026-08-08 19:41:00,DEV412,project-cognistream,code_review_request
SL04739,2026-08-08 19:43:00,DEV175,data-team,deployment_alert
SL03215,2026-08-08 19:46:00,DEV374,project-cognistream,ci_cd_alert
SL00552,2026-08-08 19:51:00,DEV100,data-team,deployment_alert
SL03258,2026-08-08 19:52:00,DEV496,backend,deployment_alert
SL03896,2026-08-08 19:53:00,DEV178,data-team,message
SL01197,2026-08-08 19:54:00,DEV232,data-team,deployment_alert
SL00174,2026-08-08 20:04:00,DEV064,backend,message
SL01013,2026-08-08 20:06:00,DEV160,backend,deployment_alert
SL03925,2026-08-08 20:11:00,DEV201,data-team,deployment_alert
SL00050,2026-08-08 20:20:00,DEV161,project-cognistream,deployment_alert
SL00171,2026-08-08 20:20:00,DEV118,data-team,mention
SL04775,2026-08-08 20:30:00,DEV459,dev-team,deployment_alert
SL03707,2026-08-08 20:31:00,DEV117,engineering,code_review_request
SL04809,2026-08-08 20:37:00,DEV325,dev-team,message
SL00830,2026-08-08 20:38:00,DEV104,data-team,code_review_request
SL00822,2026-08-08 20:44:00,DEV302,frontend,deployment_alert
SL03035,2026-08-08 20:49:00,DEV391,data-team,deployment_alert
SL03806,2026-08-08 20:52:00,DEV490,project-cognistream,deployment_alert
SL02759,2026-08-08 20:53:00,DEV254,backend,code_review_request
SL00486,2026-08-08 20:59:00,DEV498,dev-team,ci_cd_alert
SL00474,2026-08-08 21:09:00,DEV013,project-cognistream,code_review_request
SL03530,2026-08-08 21:15:00,DEV294,data-team,code_review_request
SL00500,2026-08-08 21:16:00,DEV200,data-team,message
SL01935,2026-08-08 21:17:00,DEV092,frontend,code_review_request
SL02561,2026-08-08 21:27:00,DEV171,backend,deployment_alert
SL02864,2026-08-08 21:27:00,DEV470,dev-team,code_review_request
SL03499,2026-08-08 21:31:00,DEV259,backend,message
SL03624,2026-08-08 21:38:00,DEV105,engineering,message
SL04968,2026-08-08 21:41:00,DEV251,backend,ci_cd_alert
SL00296,2026-08-08 21:46:00,DEV279,project-cognistream,mention
SL00093,2026-08-08 21:47:00,DEV472,engineering,message
SL02677,2026-08-08 21:49:00,DEV081,data-team,code_review_request
SL01178,2026-08-08 21:52:00,DEV277,frontend,mention
SL02576,2026-08-08 21:52:00,DEV201,engineering,mention
SL00016,2026-08-08 21:55:00,DEV170,frontend,code_review_request
SL03762,2026-08-08 21:55:00,DEV344,frontend,deployment_alert
SL01385,2026-08-08 22:00:00,DEV463,backend,ci_cd_alert
SL01986,2026-08-08 22:03:00,DEV073,frontend,code_review_request
SL02258,2026-08-08 22:04:00,DEV082,project-cognistream,ci_cd_alert
SL02296,2026-08-08 22:17:00,DEV295,project-cognistream,ci_cd_alert
SL04653,2026-08-08 22:17:00,DEV277,frontend,code_review_request
SL03341,2026-08-08 22:21:00,DEV074,dev-team,ci_cd_alert
SL00537,2026-08-08 22:39:00,DEV081,engineering,code_review_request
SL02830,2026-08-08 22:40:00,DEV119,backend,code_review_request
SL00627,2026-08-08 22:41:00,DEV477,backend,message
SL01724,2026-08-08 22:41:00,DEV438,engineering,mention
SL00772,2026-08-08 22:46:00,DEV173,project-cognistream,mention
SL01110,2026-08-08 22:46:00,DEV424,project-cognistream,message
SL03053,2026-08-08 22:54:00,DEV224,engineering,message
SL01105,2026-08-08 22:57:00,DEV060,backend,deployment_alert
SL03621,2026-08-08 22:57:00,DEV095,dev-team,code_review_request
SL03226,2026-08-08 22:59:00,DEV321,project-cognistream,ci_cd_alert
SL04494,2026-08-08 23:00:00,DEV426,data-team,code_review_request
SL04087,2026-08-08 23:06:00,DEV245,frontend,mention
SL00905,2026-08-08 23:08:00,DEV467,project-cognistream,message
SL03150,2026-08-08 23:19:00,DEV177,project-cognistream,mention
SL01657,2026-08-08 23:20:00,DEV187,backend,ci_cd_alert
SL03815,2026-08-08 23:20:00,DEV149,data-team,deployment_alert
SL04877,2026-08-08 23:23:00,DEV106,backend,ci_cd_alert
SL02661,2026-08-08 23:27:00,DEV281,engineering,deployment_alert
SL01557,2026-08-08 23:30:00,DEV213,project-cognistream,deployment_alert
SL01136,2026-08-08 23:31:00,DEV279,data-team,ci_cd_alert
SL00438,2026-08-08 23:33:00,DEV418,dev-team,code_review_request
SL04764,2026-08-08 23:34:00,DEV407,data-team,code_review_request
SL00818,2026-08-08 23:38:00,DEV339,engineering,mention
SL04259,2026-08-08 23:47:00,DEV385,engineering,deployment_alert
SL02699,2026-08-08 23:49:00,DEV368,data-team,mention
SL00421,2026-08-09 00:08:00,DEV227,engineering,deployment_alert
SL00302,2026-08-09 00:12:00,DEV253,data-team,message
SL01964,2026-08-09 00:19:00,DEV286,data-team,message
SL01091,2026-08-09 00:24:00,DEV172,data-team,ci_cd_alert
SL04644,2026-08-09 00:36:00,DEV489,project-cognistream,message
SL01857,2026-08-09 00:44:00,DEV472,frontend,mention
SL02991,2026-08-09 00:45:00,DEV483,dev-team,message
SL04650,2026-08-09 00:45:00,DEV203,engineering,message
SL03644,2026-08-09 00:56:00,DEV293,frontend,deployment_alert
SL03821,2026-08-09 00:59:00,DEV253,dev-team,message
SL00166,2026-08-09 01:07:00,DEV048,data-team,deployment_alert
SL04579,2026-08-09 01:12:00,DEV198,project-cognistream,code_review_request
SL04329,2026-08-09 01:18:00,DEV279,backend,message
SL00029,2026-08-09 01:23:00,DEV061,data-team,deployment_alert
SL00377,2026-08-09 01:23:00,DEV169,frontend,ci_cd_alert
SL02663,2026-08-09 01:24:00,DEV384,frontend,ci_cd_alert
SL00824,2026-08-09 01:31:00,DEV085,engineering,message
SL03406,2026-08-09 01:31:00,DEV227,backend,message
SL04217,2026-08-09 01:32:00,DEV141,frontend,ci_cd_alert
SL01368,2026-08-09 01:33:00,DEV443,dev-team,ci_cd_alert
SL01511,2026-08-09 01:40:00,DEV111,backend,code_review_request
SL02990,2026-08-09 01:40:00,DEV278,dev-team,message
SL02885,2026-08-09 01:42:00,DEV456,backend,mention
SL04147,2026-08-09 01:44:00,DEV422,dev-team,deployment_alert
SL04090,2026-08-09 01:46:00,DEV188,engineering,ci_cd_alert
SL02765,2026-08-09 01:49:00,DEV251,data-team,mention
SL02836,2026-08-09 02:02:00,DEV276,frontend,mention
SL02201,2026-08-09 02:06:00,DEV156,frontend,ci_cd_alert
SL01283,2026-08-09 02:07:00,DEV017,frontend,ci_cd_alert
SL02934,2026-08-09 02:10:00,DEV107,project-cognistream,message
SL04835,2026-08-09 02:11:00,DEV079,data-team,message
SL00510,2026-08-09 02:12:00,DEV304,backend,code_review_request
SL04239,2026-08-09 02:13:00,DEV101,dev-team,ci_cd_alert
SL01315,2026-08-09 02:15:00,DEV330,data-team,mention
SL00760,2026-08-09 02:24:00,DEV146,dev-team,deployment_alert
SL04376,2026-08-09 02:26:00,DEV092,engineering,ci_cd_alert
SL00314,2026-08-09 02:29:00,DEV235,engineering,deployment_alert
SL00927,2026-08-09 02:31:00,DEV457,frontend,ci_cd_alert
SL04674,2026-08-09 02:38:00,DEV001,engineering,code_review_request
SL00031,2026-08-09 02:41:00,DEV439,backend,message
SL01738,2026-08-09 02:42:00,DEV228,data-team,ci_cd_alert
SL00920,2026-08-09 02:49:00,DEV446,engineering,mention
SL01028,2026-08-09 02:49:00,DEV457,engineering,ci_cd_alert
SL03836,2026-08-09 02:50:00,DEV398,backend,ci_cd_alert
SL01035,2026-08-09 02:54:00,DEV342,dev-team,mention
SL04626,2026-08-09 02:56:00,DEV441,project-cognistream,code_review_request
SL01814,2026-08-09 02:58:00,DEV257,data-team,deployment_alert
SL02602,2026-08-09 03:00:00,DEV307,backend,ci_cd_alert
SL03243,2026-08-09 03:03:00,DEV018,dev-team,code_review_request
SL04112,2026-08-09 03:11:00,DEV493,frontend,deployment_alert
SL03448,2026-08-09 03:18:00,DEV410,backend,mention
SL03271,2026-08-09 03:21:00,DEV166,frontend,message
SL01722,2026-08-09 03:25:00,DEV386,frontend,ci_cd_alert
SL00863,2026-08-09 03:28:00,DEV239,backend,mention
SL04310,2026-08-09 03:30:00,DEV048,project-cognistream,mention
SL01574,2026-08-09 03:32:00,DEV428,data-team,message
SL02673,2026-08-09 03:32:00,DEV011,data-team,ci_cd_alert
SL02749,2026-08-09 03:32:00,DEV395,engineering,mention
SL04139,2026-08-09 03:44:00,DEV038,dev-team,mention
SL01047,2026-08-09 03:49:00,DEV285,dev-team,ci_cd_alert
SL04833,2026-08-09 03:51:00,DEV270,backend,deployment_alert
SL04948,2026-08-09 03:56:00,DEV315,engineering,code_review_request
SL01007,2026-08-09 03:59:00,DEV489,backend,mention
SL00595,2026-08-09 04:00:00,DEV019,dev-team,mention
SL00676,2026-08-09 04:10:00,DEV176,backend,code_review_request
SL01758,2026-08-09 04:12:00,DEV212,project-cognistream,ci_cd_alert
SL02741,2026-08-09 04:14:00,DEV111,backend,message
SL04728,2026-08-09 04:20:00,DEV135,backend,deployment_alert
SL01478,2026-08-09 04:21:00,DEV431,data-team,deployment_alert
SL04122,2026-08-09 04:29:00,DEV065,data-team,mention
SL03671,2026-08-09 04:30:00,DEV441,dev-team,ci_cd_alert
SL02349,2026-08-09 04:33:00,DEV149,backend,deployment_alert
SL00842,2026-08-09 04:39:00,DEV285,engineering,code_review_request
SL03336,2026-08-09 04:42:00,DEV100,backend,message
SL00582,2026-08-09 04:43:00,DEV168,project-cognistream,deployment_alert
SL00682,2026-08-09 04:46:00,DEV086,backend,mention
SL02228,2026-08-09 04:52:00,DEV446,engineering,ci_cd_alert
SL03445,2026-08-09 04:53:00,DEV093,project-cognistream,message
SL03032,2026-08-09 04:55:00,DEV342,data-team,ci_cd_alert
SL02520,2026-08-09 04:56:00,DEV111,frontend,ci_cd_alert
SL04429,2026-08-09 04:57:00,DEV231,frontend,message
SL00631,2026-08-09 05:08:00,DEV053,frontend,message
SL03777,2026-08-09 05:20:00,DEV195,engineering,deployment_alert
SL04058,2026-08-09 05:22:00,DEV067,project-cognistream,message
SL01946,2026-08-09 05:28:00,DEV268,data-team,message
SL03819,2026-08-09 05:31:00,DEV056,data-team,code_review_request
SL01815,2026-08-09 05:36:00,DEV353,engineering,mention
SL01829,2026-08-09 05:36:00,DEV205,project-cognistream,message
SL01248,2026-08-09 05:37:00,DEV357,frontend,ci_cd_alert
SL00039,2026-08-09 05:38:00,DEV097,dev-team,code_review_request
SL03380,2026-08-09 05:40:00,DEV356,backend,mention
SL00844,2026-08-09 05:53:00,DEV159,frontend,ci_cd_alert
SL01424,2026-08-09 05:58:00,DEV451,data-team,mention
SL01517,2026-08-09 05:59:00,DEV442,dev-team,ci_cd_alert
SL02449,2026-08-09 06:02:00,DEV301,project-cognistream,ci_cd_alert
SL02709,2026-08-09 06:02:00,DEV398,dev-team,message
SL02774,2026-08-09 06:05:00,DEV222,project-cognistream,mention
SL00451,2026-08-09 06:08:00,DEV212,backend,deployment_alert
SL02514,2026-08-09 06:23:00,DEV429,data-team,message
SL04361,2026-08-09 06:26:00,DEV047,data-team,mention
SL02512,2026-08-09 06:27:00,DEV153,project-cognistream,code_review_request
SL00036,2026-08-09 06:30:00,DEV027,dev-team,deployment_alert
SL03412,2026-08-09 06:37:00,DEV324,project-cognistream,deployment_alert
SL01181,2026-08-09 06:49:00,DEV183,backend,deployment_alert
SL02235,2026-08-09 06:49:00,DEV101,data-team,code_review_request
SL00721,2026-08-09 06:52:00,DEV484,data-team,ci_cd_alert
SL03589,2026-08-09 06:54:00,DEV466,data-team,deployment_alert
SL04930,2026-08-09 06:55:00,DEV329,engineering,message
SL04712,2026-08-09 06:56:00,DEV053,dev-team,ci_cd_alert
SL01968,2026-08-09 06:59:00,DEV276,frontend,mention
SL02910,2026-08-09 07:01:00,DEV131,frontend,ci_cd_alert
SL00161,2026-08-09 07:03:00,DEV140,engineering,code_review_request
SL04443,2026-08-09 07:04:00,DEV265,data-team,code_review_request
SL03242,2026-08-09 07:06:00,DEV286,data-team,ci_cd_alert
SL02719,2026-08-09 07:14:00,DEV187,frontend,message
SL03421,2026-08-09 07:16:00,DEV047,dev-team,mention
SL04630,2026-08-09 07:17:00,DEV185,dev-team,ci_cd_alert
SL00263,2026-08-09 07:22:00,DEV163,engineering,deployment_alert
SL04800,2026-08-09 07:22:00,DEV412,engineering,mention
SL02473,2026-08-09 07:31:00,DEV399,project-cognistream,ci_cd_alert
SL04397,2026-08-09 07:36:00,DEV150,backend,deployment_alert
SL03462,2026-08-09 07:41:00,DEV079,engineering,code_review_request
SL02133,2026-08-09 07:43:00,DEV384,dev-team,deployment_alert
SL03552,2026-08-09 07:47:00,DEV166,engineering,code_review_request
SL04120,2026-08-09 07:50:00,DEV082,data-team,ci_cd_alert
SL02654,2026-08-09 07:54:00,DEV485,frontend,code_review_request
SL04687,2026-08-09 07:56:00,DEV333,backend,deployment_alert
SL00143,2026-08-09 08:02:00,DEV440,frontend,ci_cd_alert
SL03591,2026-08-09 08:12:00,DEV096,data-team,message
SL04601,2026-08-09 08:19:00,DEV344,backend,message
SL00461,2026-08-09 08:21:00,DEV416,frontend,ci_cd_alert
SL03633,2026-08-09 08:26:00,DEV224,data-team,ci_cd_alert
SL04791,2026-08-09 08:26:00,DEV399,frontend,code_review_request
SL00639,2026-08-09 08:27:00,DEV180,engineering,deployment_alert
SL03347,2026-08-09 08:29:00,DEV321,frontend,deployment_alert
SL00356,2026-08-09 08:33:00,DEV450,dev-team,code_review_request
SL00506,2026-08-09 08:34:00,DEV225,data-team,mention
SL00885,2026-08-09 08:39:00,DEV354,engineering,message
SL01721,2026-08-09 08:41:00,DEV482,backend,deployment_alert
SL01716,2026-08-09 08:44:00,DEV030,engineering,ci_cd_alert
SL01284,2026-08-09 08:45:00,DEV160,frontend,message
SL02784,2026-08-09 08:49:00,DEV042,dev-team,deployment_alert
SL03648,2026-08-09 08:49:00,DEV300,backend,ci_cd_alert
SL01929,2026-08-09 08:50:00,DEV318,data-team,mention
SL01588,2026-08-09 08:52:00,DEV445,data-team,deployment_alert
SL01658,2026-08-09 08:54:00,DEV411,project-cognistream,deployment_alert
SL04851,2026-08-09 08:54:00,DEV024,backend,ci_cd_alert
SL02866,2026-08-09 08:59:00,DEV047,project-cognistream,message
SL04555,2026-08-09 09:10:00,DEV132,frontend,mention
SL03807,2026-08-09 09:14:00,DEV039,data-team,ci_cd_alert
SL03520,2026-08-09 09:18:00,DEV184,backend,message
SL03174,2026-08-09 09:25:00,DEV216,frontend,mention
SL04330,2026-08-09 09:26:00,DEV090,backend,ci_cd_alert
SL04671,2026-08-09 09:27:00,DEV467,engineering,mention
SL02107,2026-08-09 09:30:00,DEV020,backend,deployment_alert
SL01041,2026-08-09 09:44:00,DEV169,dev-team,deployment_alert
SL03149,2026-08-09 09:44:00,DEV170,project-cognistream,deployment_alert
SL00913,2026-08-09 09:50:00,DEV159,dev-team,ci_cd_alert
SL00292,2026-08-09 09:51:00,DEV024,engineering,code_review_request
SL04241,2026-08-09 09:51:00,DEV246,dev-team,message
SL03739,2026-08-09 10:02:00,DEV449,dev-team,mention
SL01522,2026-08-09 10:07:00,DEV105,data-team,deployment_alert
SL02777,2026-08-09 10:07:00,DEV103,project-cognistream,ci_cd_alert
SL01270,2026-08-09 10:16:00,DEV026,backend,code_review_request
SL03696,2026-08-09 10:19:00,DEV335,backend,deployment_alert
SL01757,2026-08-09 10:20:00,DEV001,project-cognistream,ci_cd_alert
SL04333,2026-08-09 10:20:00,DEV236,frontend,message
SL04423,2026-08-09 10:21:00,DEV425,engineering,message
SL02301,2026-08-09 10:22:00,DEV119,frontend,mention
SL01841,2026-08-09 10:33:00,DEV210,frontend,mention
SL01358,2026-08-09 10:36:00,DEV196,project-cognistream,message
SL04118,2026-08-09 10:36:00,DEV494,engineering,ci_cd_alert
SL04106,2026-08-09 10:40:00,DEV500,project-cognistream,ci_cd_alert
SL04123,2026-08-09 10:44:00,DEV037,engineering,ci_cd_alert
SL03870,2026-08-09 10:53:00,DEV227,dev-team,code_review_request
SL04370,2026-08-09 10:56:00,DEV284,engineering,message
SL02056,2026-08-09 11:06:00,DEV492,frontend,deployment_alert
SL01675,2026-08-09 11:08:00,DEV028,backend,ci_cd_alert
SL01844,2026-08-09 11:08:00,DEV255,project-cognistream,deployment_alert
SL02729,2026-08-09 11:17:00,DEV213,project-cognistream,ci_cd_alert
SL00671,2026-08-09 11:23:00,DEV482,data-team,message
SL00948,2026-08-09 11:24:00,DEV131,data-team,code_review_request
SL02492,2026-08-09 11:33:00,DEV403,engineering,ci_cd_alert
SL04652,2026-08-09 11:36:00,DEV338,dev-team,ci_cd_alert
SL01299,2026-08-09 11:43:00,DEV222,dev-team,deployment_alert
SL02555,2026-08-09 11:43:00,DEV104,frontend,mention
SL02900,2026-08-09 11:47:00,DEV317,data-team,code_review_request
SL03607,2026-08-09 11:49:00,DEV260,frontend,ci_cd_alert
SL04278,2026-08-09 11:51:00,DEV064,engineering,deployment_alert
SL02486,2026-08-09 11:54:00,DEV390,dev-team,mention
SL00882,2026-08-09 11:55:00,DEV399,engineering,deployment_alert
SL01760,2026-08-09 11:56:00,DEV076,data-team,message
SL01858,2026-08-09 11:57:00,DEV460,backend,mention
SL03147,2026-08-09 11:58:00,DEV199,data-team,message
SL01970,2026-08-09 11:59:00,DEV099,frontend,code_review_request
SL02308,2026-08-09 12:01:00,DEV116,backend,ci_cd_alert
SL00965,2026-08-09 12:07:00,DEV207,engineering,ci_cd_alert
SL02106,2026-08-09 12:15:00,DEV064,engineering,mention
SL02015,2026-08-09 12:24:00,DEV404,frontend,ci_cd_alert
SL00870,2026-08-09 12:25:00,DEV413,frontend,ci_cd_alert
SL04082,2026-08-09 12:25:00,DEV496,backend,deployment_alert
SL04548,2026-08-09 12:31:00,DEV361,data-team,mention
SL04367,2026-08-09 12:34:00,DEV045,engineering,ci_cd_alert
SL04527,2026-08-09 12:34:00,DEV128,data-team,mention
SL02465,2026-08-09 12:45:00,DEV498,engineering,message
SL01228,2026-08-09 12:47:00,DEV332,frontend,message
SL04272,2026-08-09 12:48:00,DEV440,dev-team,message
SL01710,2026-08-09 12:49:00,DEV110,backend,mention
SL00600,2026-08-09 12:51:00,DEV185,engineering,ci_cd_alert
SL00092,2026-08-09 12:54:00,DEV004,engineering,ci_cd_alert
SL02941,2026-08-09 13:08:00,DEV204,backend,code_review_request
SL00241,2026-08-09 13:16:00,DEV117,data-team,mention
SL00838,2026-08-09 13:17:00,DEV198,project-cognistream,mention
SL03298,2026-08-09 13:17:00,DEV478,project-cognistream,mention
SL00158,2026-08-09 13:18:00,DEV421,engineering,code_review_request
SL01406,2026-08-09 13:25:00,DEV137,data-team,message
SL04091,2026-08-09 13:28:00,DEV424,engineering,ci_cd_alert
SL01682,2026-08-09 13:29:00,DEV025,frontend,deployment_alert
SL01846,2026-08-09 13:30:00,DEV107,data-team,deployment_alert
SL03561,2026-08-09 13:31:00,DEV388,engineering,deployment_alert
SL03153,2026-08-09 13:32:00,DEV091,backend,code_review_request
SL04264,2026-08-09 13:37:00,DEV259,project-cognistream,code_review_request
SL00131,2026-08-09 13:39:00,DEV292,backend,ci_cd_alert
SL02191,2026-08-09 13:39:00,DEV160,engineering,mention
SL02515,2026-08-09 13:49:00,DEV120,data-team,mention
SL04446,2026-08-09 13:57:00,DEV373,engineering,deployment_alert
SL02103,2026-08-09 14:03:00,DEV375,frontend,code_review_request
SL04961,2026-08-09 14:05:00,DEV041,backend,mention
SL00368,2026-08-09 14:35:00,DEV372,data-team,mention
SL00660,2026-08-09 14:40:00,DEV173,project-cognistream,mention
SL04445,2026-08-09 14:41:00,DEV201,project-cognistream,deployment_alert
SL02151,2026-08-09 14:51:00,DEV284,engineering,deployment_alert
SL00384,2026-08-09 15:03:00,DEV033,engineering,deployment_alert
SL03079,2026-08-09 15:08:00,DEV396,engineering,message
SL02267,2026-08-09 15:11:00,DEV276,data-team,mention
SL04842,2026-08-09 15:13:00,DEV045,backend,mention
SL01568,2026-08-09 15:22:00,DEV490,data-team,mention
SL01124,2026-08-09 15:23:00,DEV249,frontend,mention
SL04843,2026-08-09 15:26:00,DEV152,data-team,message
SL02271,2026-08-09 15:30:00,DEV362,frontend,message
SL01569,2026-08-09 15:34:00,DEV045,dev-team,message
SL00696,2026-08-09 15:39:00,DEV489,backend,deployment_alert
SL01109,2026-08-09 15:59:00,DEV292,dev-team,deployment_alert
SL03904,2026-08-09 16:01:00,DEV485,frontend,mention
SL04201,2026-08-09 16:03:00,DEV478,data-team,message
SL02625,2026-08-09 16:11:00,DEV266,engineering,code_review_request
SL00668,2026-08-09 16:21:00,DEV243,frontend,deployment_alert
SL01143,2026-08-09 16:29:00,DEV460,project-cognistream,deployment_alert
SL03784,2026-08-09 16:29:00,DEV389,project-cognistream,ci_cd_alert
SL02780,2026-08-09 16:34:00,DEV498,frontend,mention
SL03638,2026-08-09 16:43:00,DEV127,frontend,code_review_request
SL01853,2026-08-09 16:49:00,DEV352,dev-team,code_review_request
SL01168,2026-08-09 16:53:00,DEV357,project-cognistream,code_review_request
SL00610,2026-08-09 16:55:00,DEV277,backend,deployment_alert
SL03269,2026-08-09 16:55:00,DEV149,backend,message
SL03942,2026-08-09 16:56:00,DEV195,data-team,deployment_alert
SL00750,2026-08-09 16:57:00,DEV074,engineering,code_review_request
SL02242,2026-08-09 16:59:00,DEV266,backend,deployment_alert
SL01051,2026-08-09 17:05:00,DEV450,project-cognistream,mention
SL01233,2026-08-09 17:06:00,DEV438,data-team,code_review_request
SL01363,2026-08-09 17:14:00,DEV386,data-team,mention
SL04146,2026-08-09 17:19:00,DEV203,project-cognistream,deployment_alert
SL03852,2026-08-09 17:20:00,DEV234,dev-team,code_review_request
SL01806,2026-08-09 17:21:00,DEV140,dev-team,deployment_alert
SL02292,2026-08-09 17:34:00,DEV278,frontend,code_review_request
SL01469,2026-08-09 17:36:00,DEV326,frontend,message
SL02857,2026-08-09 17:39:00,DEV160,project-cognistream,deployment_alert
SL01872,2026-08-09 17:43:00,DEV395,dev-team,code_review_request
SL03731,2026-08-09 17:44:00,DEV003,data-team,message
SL00488,2026-08-09 17:45:00,DEV355,engineering,message
SL00439,2026-08-09 17:49:00,DEV401,data-team,message
SL03795,2026-08-09 17:50:00,DEV357,frontend,deployment_alert
SL03291,2026-08-09 17:51:00,DEV335,engineering,message
SL01212,2026-08-09 17:56:00,DEV303,backend,message
SL00019,2026-08-09 18:00:00,DEV373,dev-team,deployment_alert
SL01001,2026-08-09 18:03:00,DEV086,project-cognistream,ci_cd_alert
SL03746,2026-08-09 18:03:00,DEV019,backend,mention
SL00602,2026-08-09 18:04:00,DEV266,engineering,ci_cd_alert
SL00841,2026-08-09 18:05:00,DEV420,data-team,ci_cd_alert
SL00780,2026-08-09 18:07:00,DEV208,dev-team,deployment_alert
SL02592,2026-08-09 18:19:00,DEV137,backend,ci_cd_alert
SL00727,2026-08-09 18:20:00,DEV463,frontend,ci_cd_alert
SL00834,2026-08-09 18:21:00,DEV091,data-team,deployment_alert
SL03059,2026-08-09 18:21:00,DEV480,frontend,code_review_request
SL01718,2026-08-09 18:23:00,DEV022,backend,code_review_request
SL02175,2026-08-09 18:23:00,DEV266,engineering,code_review_request
SL04759,2026-08-09 18:24:00,DEV002,dev-team,message
SL03277,2026-08-09 18:27:00,DEV373,dev-team,code_review_request
SL00386,2026-08-09 18:30:00,DEV273,project-cognistream,message
SL00987,2026-08-09 18:34:00,DEV387,frontend,mention
SL02150,2026-08-09 18:39:00,DEV175,project-cognistream,message
SL00238,2026-08-09 18:40:00,DEV458,data-team,mention
SL03512,2026-08-09 18:40:00,DEV348,frontend,mention
SL03063,2026-08-09 18:43:00,DEV331,frontend,code_review_request
SL03525,2026-08-09 18:47:00,DEV001,engineering,deployment_alert
SL03965,2026-08-09 18:54:00,DEV185,data-team,code_review_request
SL04038,2026-08-09 18:54:00,DEV271,data-team,deployment_alert
SL01550,2026-08-09 19:02:00,DEV185,frontend,message
SL02428,2026-08-09 19:05:00,DEV471,project-cognistream,deployment_alert
SL02136,2026-08-09 19:13:00,DEV446,project-cognistream,code_review_request
SL00800,2026-08-09 19:24:00,DEV208,project-cognistream,deployment_alert
SL01623,2026-08-09 19:30:00,DEV422,project-cognistream,deployment_alert
SL01119,2026-08-09 19:31:00,DEV170,dev-team,ci_cd_alert
SL03367,2026-08-09 19:33:00,DEV416,backend,mention
SL02628,2026-08-09 19:40:00,DEV192,engineering,ci_cd_alert
SL00865,2026-08-09 19:50:00,DEV454,backend,mention
SL04703,2026-08-09 19:52:00,DEV460,engineering,ci_cd_alert
SL01472,2026-08-09 20:04:00,DEV396,data-team,code_review_request
SL02333,2026-08-09 20:14:00,DEV001,dev-team,mention
SL00005,2026-08-09 20:21:00,DEV320,frontend,code_review_request
SL00205,2026-08-09 20:21:00,DEV275,backend,code_review_request
SL03554,2026-08-09 20:21:00,DEV369,data-team,deployment_alert
SL03596,2026-08-09 20:21:00,DEV038,engineering,code_review_request
SL04477,2026-08-09 20:21:00,DEV200,engineering,code_review_request
SL04641,2026-08-09 20:29:00,DEV316,frontend,deployment_alert
SL03276,2026-08-09 20:30:00,DEV290,project-cognistream,deployment_alert
SL02557,2026-08-09 20:31:00,DEV041,backend,deployment_alert
SL00107,2026-08-09 20:32:00,DEV303,data-team,mention
SL02942,2026-08-09 20:34:00,DEV152,engineering,ci_cd_alert
SL00586,2026-08-09 20:37:00,DEV432,project-cognistream,ci_cd_alert
SL01941,2026-08-09 20:37:00,DEV068,dev-team,code_review_request
SL00799,2026-08-09 20:39:00,DEV024,data-team,deployment_alert
SL00802,2026-08-09 20:44:00,DEV037,dev-team,deployment_alert
SL02310,2026-08-09 20:44:00,DEV452,engineering,mention
SL01000,2026-08-09 20:45:00,DEV305,project-cognistream,deployment_alert
SL01614,2026-08-09 20:51:00,DEV233,engineering,ci_cd_alert
SL02681,2026-08-09 21:00:00,DEV344,backend,code_review_request
SL03326,2026-08-09 21:01:00,DEV448,engineering,deployment_alert
SL04297,2026-08-09 21:06:00,DEV314,data-team,mention
SL00732,2026-08-09 21:07:00,DEV324,dev-team,ci_cd_alert
SL04309,2026-08-09 21:08:00,DEV302,dev-team,code_review_request
SL01609,2026-08-09 21:09:00,DEV202,data-team,mention
SL03509,2026-08-09 21:12:00,DEV224,backend,ci_cd_alert
SL01268,2026-08-09 21:13:00,DEV308,project-cognistream,mention
SL01182,2026-08-09 21:15:00,DEV370,backend,mention
SL02213,2026-08-09 21:19:00,DEV401,frontend,deployment_alert
SL02693,2026-08-09 21:21:00,DEV301,frontend,ci_cd_alert
SL04777,2026-08-09 21:31:00,DEV378,backend,message
SL02531,2026-08-09 21:32:00,DEV130,project-cognistream,code_review_request
SL03314,2026-08-09 21:33:00,DEV398,engineering,ci_cd_alert
SL03995,2026-08-09 21:42:00,DEV021,frontend,deployment_alert
SL00186,2026-08-09 21:45:00,DEV489,engineering,code_review_request
SL03703,2026-08-09 21:45:00,DEV018,project-cognistream,ci_cd_alert
SL01505,2026-08-09 21:58:00,DEV499,backend,code_review_request
SL03409,2026-08-09 22:05:00,DEV056,engineering,message
SL04607,2026-08-09 22:06:00,DEV321,frontend,code_review_request
SL00394,2026-08-09 22:07:00,DEV435,frontend,mention
SL03720,2026-08-09 22:08:00,DEV390,frontend,code_review_request
SL01170,2026-08-09 22:10:00,DEV257,project-cognistream,ci_cd_alert
SL00441,2026-08-09 22:12:00,DEV475,project-cognistream,ci_cd_alert
SL01019,2026-08-09 22:20:00,DEV101,dev-team,code_review_request
SL03120,2026-08-09 22:20:00,DEV352,project-cognistream,mention
SL00925,2026-08-09 22:21:00,DEV315,engineering,ci_cd_alert
SL03446,2026-08-09 22:42:00,DEV162,engineering,code_review_request
SL02948,2026-08-09 22:43:00,DEV386,project-cognistream,mention
SL00420,2026-08-09 22:47:00,DEV171,backend,ci_cd_alert
SL02659,2026-08-09 22:48:00,DEV175,frontend,deployment_alert
SL02701,2026-08-09 22:57:00,DEV217,data-team,code_review_request
SL04520,2026-08-09 22:57:00,DEV129,project-cognistream,message
SL01072,2026-08-09 23:07:00,DEV095,dev-team,mention
SL00387,2026-08-09 23:10:00,DEV303,data-team,ci_cd_alert
SL00898,2026-08-09 23:10:00,DEV313,backend,message
SL00845,2026-08-09 23:13:00,DEV219,frontend,deployment_alert
SL04016,2026-08-09 23:15:00,DEV159,dev-team,ci_cd_alert
SL01717,2026-08-09 23:20:00,DEV141,project-cognistream,mention
SL02346,2026-08-09 23:22:00,DEV123,project-cognistream,code_review_request
SL03422,2026-08-09 23:22:00,DEV473,dev-team,message
SL02790,2026-08-09 23:23:00,DEV072,backend,message
SL04826,2026-08-09 23:25:00,DEV151,backend,code_review_request
SL03783,2026-08-09 23:27:00,DEV066,frontend,mention
SL04935,2026-08-09 23:27:00,DEV060,engineering,deployment_alert
SL04084,2026-08-09 23:31:00,DEV231,backend,deployment_alert
SL04970,2026-08-09 23:33:00,DEV034,dev-team,deployment_alert
SL03659,2026-08-09 23:39:00,DEV050,backend,ci_cd_alert
SL00366,2026-08-09 23:43:00,DEV388,engineering,ci_cd_alert
SL04550,2026-08-09 23:49:00,DEV213,data-team,deployment_alert
SL02922,2026-08-10 00:00:00,DEV210,engineering,ci_cd_alert
SL00539,2026-08-10 00:13:00,DEV187,dev-team,deployment_alert
SL03855,2026-08-10 00:15:00,DEV100,engineering,mention
SL00276,2026-08-10 00:16:00,DEV076,engineering,message
SL00910,2026-08-10 00:19:00,DEV287,backend,code_review_request
SL02291,2026-08-10 00:21:00,DEV192,project-cognistream,ci_cd_alert
SL02057,2026-08-10 00:23:00,DEV480,project-cognistream,message
SL04563,2026-08-10 00:25:00,DEV037,backend,ci_cd_alert
SL01958,2026-08-10 00:30:00,DEV448,dev-team,mention
SL01515,2026-08-10 00:32:00,DEV448,frontend,ci_cd_alert
SL01260,2026-08-10 00:35:00,DEV221,dev-team,code_review_request
SL04224,2026-08-10 00:37:00,DEV248,engineering,deployment_alert
SL00636,2026-08-10 00:45:00,DEV068,project-cognistream,message
SL01066,2026-08-10 00:46:00,DEV120,engineering,deployment_alert
SL00854,2026-08-10 00:48:00,DEV030,data-team,mention
SL01896,2026-08-10 00:49:00,DEV123,data-team,code_review_request
SL02835,2026-08-10 00:50:00,DEV005,dev-team,ci_cd_alert
SL02705,2026-08-10 00:52:00,DEV403,engineering,ci_cd_alert
SL01083,2026-08-10 00:58:00,DEV430,backend,message
SL01451,2026-08-10 00:58:00,DEV178,engineering,mention
SL04620,2026-08-10 01:01:00,DEV337,frontend,mention
SL03848,2026-08-10 01:04:00,DEV259,data-team,mention
SL04755,2026-08-10 01:13:00,DEV168,frontend,message
SL00168,2026-08-10 01:17:00,DEV172,project-cognistream,deployment_alert
SL03006,2026-08-10 01:19:00,DEV080,data-team,deployment_alert
SL03553,2026-08-10 01:20:00,DEV108,data-team,code_review_request
SL03381,2026-08-10 01:24:00,DEV473,data-team,mention
SL04952,2026-08-10 01:24:00,DEV177,dev-team,ci_cd_alert
SL02993,2026-08-10 01:25:00,DEV275,frontend,code_review_request
SL03393,2026-08-10 01:26:00,DEV195,backend,mention
SL01132,2026-08-10 01:29:00,DEV271,engineering,message
SL04173,2026-08-10 01:41:00,DEV245,backend,ci_cd_alert
SL01171,2026-08-10 01:44:00,DEV134,backend,mention
SL02738,2026-08-10 01:47:00,DEV389,frontend,deployment_alert
SL03338,2026-08-10 01:50:00,DEV128,engineering,mention
SL00393,2026-08-10 01:52:00,DEV164,project-cognistream,message
SL01645,2026-08-10 01:53:00,DEV223,frontend,message
SL02126,2026-08-10 02:01:00,DEV313,dev-team,deployment_alert
SL03771,2026-08-10 02:01:00,DEV299,frontend,ci_cd_alert
SL03404,2026-08-10 02:07:00,DEV090,engineering,deployment_alert
SL00833,2026-08-10 02:09:00,DEV055,dev-team,message
SL04263,2026-08-10 02:12:00,DEV299,project-cognistream,mention
SL01834,2026-08-10 02:18:00,DEV283,project-cognistream,deployment_alert
SL04489,2026-08-10 02:18:00,DEV246,backend,code_review_request
SL00256,2026-08-10 02:20:00,DEV221,data-team,code_review_request
SL02430,2026-08-10 02:29:00,DEV243,engineering,mention
SL00303,2026-08-10 02:30:00,DEV046,dev-team,message
SL01524,2026-08-10 02:32:00,DEV031,engineering,ci_cd_alert
SL03377,2026-08-10 02:36:00,DEV357,engineering,code_review_request
SL04030,2026-08-10 02:37:00,DEV089,data-team,deployment_alert
SL04195,2026-08-10 02:48:00,DEV482,dev-team,deployment_alert
SL02702,2026-08-10 02:54:00,DEV451,frontend,message
SL02108,2026-08-10 02:57:00,DEV483,dev-team,deployment_alert
SL00681,2026-08-10 03:02:00,DEV027,dev-team,deployment_alert
SL01637,2026-08-10 03:07:00,DEV034,project-cognistream,deployment_alert
SL03737,2026-08-10 03:17:00,DEV347,backend,mention
SL04821,2026-08-10 03:17:00,DEV204,frontend,ci_cd_alert
SL04257,2026-08-10 03:18:00,DEV059,dev-team,deployment_alert
SL02343,2026-08-10 03:19:00,DEV412,project-cognistream,code_review_request
SL01094,2026-08-10 03:28:00,DEV158,dev-team,mention
SL02158,2026-08-10 03:28:00,DEV192,backend,ci_cd_alert
SL04427,2026-08-10 03:29:00,DEV308,dev-team,code_review_request
SL03093,2026-08-10 03:34:00,DEV177,frontend,ci_cd_alert
SL00437,2026-08-10 03:45:00,DEV299,dev-team,ci_cd_alert
SL03587,2026-08-10 03:46:00,DEV115,engineering,message
SL03439,2026-08-10 03:47:00,DEV498,engineering,deployment_alert
SL04503,2026-08-10 03:49:00,DEV393,data-team,mention
SL00932,2026-08-10 03:59:00,DEV096,dev-team,mention
SL00942,2026-08-10 04:02:00,DEV264,backend,code_review_request
SL00009,2026-08-10 04:16:00,DEV306,frontend,ci_cd_alert
SL00633,2026-08-10 04:18:00,DEV379,project-cognistream,deployment_alert
SL02221,2026-08-10 04:19:00,DEV058,project-cognistream,mention
SL00518,2026-08-10 04:24:00,DEV015,data-team,ci_cd_alert
SL03988,2026-08-10 04:24:00,DEV287,dev-team,code_review_request
SL04389,2026-08-10 04:24:00,DEV047,dev-team,code_review_request
SL02522,2026-08-10 04:33:00,DEV259,engineering,message
SL04450,2026-08-10 04:44:00,DEV212,dev-team,message
SL04569,2026-08-10 04:45:00,DEV363,dev-team,mention
SL01273,2026-08-10 04:49:00,DEV292,backend,code_review_request
SL02302,2026-08-10 04:51:00,DEV237,engineering,message
SL01871,2026-08-10 05:00:00,DEV220,dev-team,code_review_request
SL00371,2026-08-10 05:07:00,DEV384,data-team,mention
SL01392,2026-08-10 05:12:00,DEV074,engineering,code_review_request
SL00040,2026-08-10 05:31:00,DEV116,engineering,code_review_request
SL04752,2026-08-10 05:32:00,DEV322,dev-team,mention
SL00373,2026-08-10 05:33:00,DEV398,backend,message
SL02239,2026-08-10 05:41:00,DEV251,project-cognistream,deployment_alert
SL03757,2026-08-10 05:42:00,DEV353,project-cognistream,message
SL00414,2026-08-10 05:44:00,DEV178,backend,ci_cd_alert
SL02608,2026-08-10 05:52:00,DEV238,engineering,deployment_alert
SL01740,2026-08-10 05:57:00,DEV307,frontend,code_review_request
SL00380,2026-08-10 06:00:00,DEV172,frontend,deployment_alert
SL01786,2026-08-10 06:07:00,DEV091,frontend,message
SL01818,2026-08-10 06:14:00,DEV242,engineering,message
SL03498,2026-08-10 06:28:00,DEV198,frontend,mention
SL01604,2026-08-10 06:29:00,DEV242,frontend,deployment_alert
SL03640,2026-08-10 06:30:00,DEV370,frontend,ci_cd_alert
SL04180,2026-08-10 06:32:00,DEV063,engineering,code_review_request
SL04405,2026-08-10 06:41:00,DEV086,data-team,mention
SL01712,2026-08-10 06:44:00,DEV495,project-cognistream,ci_cd_alert
SL02086,2026-08-10 07:04:00,DEV001,backend,mention
SL02164,2026-08-10 07:05:00,DEV300,project-cognistream,mention
SL04479,2026-08-10 07:11:00,DEV027,engineering,mention
SL02909,2026-08-10 07:14:00,DEV306,backend,message
SL04140,2026-08-10 07:25:00,DEV237,data-team,deployment_alert
SL03465,2026-08-10 07:29:00,DEV268,dev-team,mention
SL04779,2026-08-10 07:34:00,DEV022,engineering,mention
SL02330,2026-08-10 07:38:00,DEV140,data-team,ci_cd_alert
SL00084,2026-08-10 07:42:00,DEV027,backend,deployment_alert
SL04010,2026-08-10 07:45:00,DEV487,data-team,deployment_alert
SL03084,2026-08-10 07:49:00,DEV490,data-team,deployment_alert
SL02597,2026-08-10 07:56:00,DEV357,project-cognistream,deployment_alert
SL02616,2026-08-10 07:56:00,DEV352,project-cognistream,code_review_request
SL02605,2026-08-10 08:02:00,DEV327,backend,code_review_request
SL04993,2026-08-10 08:04:00,DEV296,data-team,code_review_request
SL01979,2026-08-10 08:07:00,DEV317,engineering,message
SL00006,2026-08-10 08:08:00,DEV091,engineering,message
SL04279,2026-08-10 08:14:00,DEV462,project-cognistream,deployment_alert
SL00949,2026-08-10 08:15:00,DEV118,engineering,deployment_alert
SL03657,2026-08-10 08:28:00,DEV353,dev-team,message
SL03688,2026-08-10 08:29:00,DEV146,backend,ci_cd_alert
SL02223,2026-08-10 08:41:00,DEV119,project-cognistream,ci_cd_alert
SL01113,2026-08-10 08:50:00,DEV010,engineering,message
SL03343,2026-08-10 08:50:00,DEV418,data-team,mention
SL02856,2026-08-10 08:58:00,DEV384,dev-team,ci_cd_alert
SL04031,2026-08-10 09:03:00,DEV439,dev-team,code_review_request
SL04212,2026-08-10 09:09:00,DEV018,engineering,message
SL01727,2026-08-10 09:14:00,DEV347,backend,deployment_alert
SL02419,2026-08-10 09:19:00,DEV093,frontend,code_review_request
SL01827,2026-08-10 09:27:00,DEV305,project-cognistream,code_review_request
SL03963,2026-08-10 09:28:00,DEV374,data-team,deployment_alert
SL04707,2026-08-10 09:28:00,DEV122,frontend,code_review_request
SL03273,2026-08-10 09:39:00,DEV326,frontend,deployment_alert
SL01325,2026-08-10 09:44:00,DEV396,frontend,ci_cd_alert
SL00211,2026-08-10 09:46:00,DEV234,frontend,mention
SL00100,2026-08-10 09:48:00,DEV021,engineering,message
SL02469,2026-08-10 09:56:00,DEV005,backend,mention
SL04055,2026-08-10 10:01:00,DEV445,dev-team,mention
SL04683,2026-08-10 10:01:00,DEV302,project-cognistream,ci_cd_alert
SL00513,2026-08-10 10:02:00,DEV169,backend,code_review_request
SL01696,2026-08-10 10:02:00,DEV219,data-team,ci_cd_alert
SL04391,2026-08-10 10:02:00,DEV327,engineering,code_review_request
SL03334,2026-08-10 10:05:00,DEV310,engineering,ci_cd_alert
SL00128,2026-08-10 10:11:00,DEV155,project-cognistream,ci_cd_alert
SL00419,2026-08-10 10:18:00,DEV303,frontend,mention
SL00378,2026-08-10 10:19:00,DEV087,dev-team,deployment_alert
SL00512,2026-08-10 10:31:00,DEV435,frontend,deployment_alert
SL02156,2026-08-10 10:32:00,DEV417,backend,mention
SL03094,2026-08-10 10:32:00,DEV435,dev-team,code_review_request
SL01089,2026-08-10 10:38:00,DEV234,project-cognistream,deployment_alert
SL03917,2026-08-10 10:38:00,DEV357,backend,deployment_alert
SL04002,2026-08-10 10:43:00,DEV220,engineering,ci_cd_alert
SL00289,2026-08-10 10:46:00,DEV142,data-team,code_review_request
SL03202,2026-08-10 10:54:00,DEV435,engineering,message
SL00290,2026-08-10 10:56:00,DEV477,project-cognistream,ci_cd_alert
SL01732,2026-08-10 11:07:00,DEV053,engineering,mention
SL00491,2026-08-10 11:23:00,DEV188,frontend,deployment_alert
SL03041,2026-08-10 11:25:00,DEV209,dev-team,message
SL04945,2026-08-10 11:25:00,DEV125,data-team,mention
SL03274,2026-08-10 11:36:00,DEV450,project-cognistream,mention
SL04148,2026-08-10 11:36:00,DEV016,data-team,message
SL03992,2026-08-10 11:45:00,DEV111,backend,mention
SL02844,2026-08-10 11:52:00,DEV019,engineering,deployment_alert
SL04659,2026-08-10 11:55:00,DEV277,frontend,deployment_alert
SL01310,2026-08-10 11:57:00,DEV433,engineering,mention
SL04141,2026-08-10 11:57:00,DEV197,backend,code_review_request
SL02359,2026-08-10 11:58:00,DEV066,project-cognistream,mention
SL01226,2026-08-10 12:00:00,DEV042,engineering,deployment_alert
SL03491,2026-08-10 12:00:00,DEV089,project-cognistream,ci_cd_alert
SL01324,2026-08-10 12:10:00,DEV403,engineering,deployment_alert
SL02563,2026-08-10 12:10:00,DEV191,engineering,ci_cd_alert
SL00954,2026-08-10 12:14:00,DEV113,frontend,code_review_request
SL01502,2026-08-10 12:20:00,DEV016,data-team,ci_cd_alert
SL01571,2026-08-10 12:24:00,DEV477,engineering,mention
SL02937,2026-08-10 12:25:00,DEV115,backend,deployment_alert
SL04273,2026-08-10 12:27:00,DEV201,backend,code_review_request
SL01990,2026-08-10 12:29:00,DEV123,frontend,deployment_alert
SL03898,2026-08-10 12:30:00,DEV068,project-cognistream,message
SL04812,2026-08-10 12:36:00,DEV376,engineering,code_review_request
SL03729,2026-08-10 12:45:00,DEV141,project-cognistream,ci_cd_alert
SL01830,2026-08-10 12:52:00,DEV018,data-team,mention
SL00141,2026-08-10 12:53:00,DEV440,engineering,message
SL01506,2026-08-10 12:53:00,DEV229,engineering,mention
SL01762,2026-08-10 12:55:00,DEV155,project-cognistream,deployment_alert
SL02053,2026-08-10 13:05:00,DEV386,engineering,code_review_request
SL03310,2026-08-10 13:09:00,DEV358,project-cognistream,code_review_request
SL00564,2026-08-10 13:10:00,DEV464,frontend,code_review_request
SL01926,2026-08-10 13:13:00,DEV258,frontend,code_review_request
SL03524,2026-08-10 13:13:00,DEV267,project-cognistream,mention
SL04758,2026-08-10 13:15:00,DEV398,engineering,deployment_alert
SL02797,2026-08-10 13:16:00,DEV123,backend,message
SL00034,2026-08-10 13:20:00,DEV134,frontend,deployment_alert
SL04822,2026-08-10 13:21:00,DEV311,backend,message
SL02733,2026-08-10 13:23:00,DEV452,data-team,code_review_request
SL01445,2026-08-10 13:30:00,DEV215,frontend,mention
SL00612,2026-08-10 13:31:00,DEV331,project-cognistream,mention
SL02924,2026-08-10 13:33:00,DEV300,backend,deployment_alert
SL03761,2026-08-10 13:34:00,DEV259,backend,ci_cd_alert
SL01642,2026-08-10 13:36:00,DEV233,frontend,deployment_alert
SL02130,2026-08-10 13:41:00,DEV079,backend,deployment_alert
SL00232,2026-08-10 13:49:00,DEV221,engineering,deployment_alert
SL01111,2026-08-10 13:52:00,DEV053,engineering,code_review_request
SL04153,2026-08-10 13:53:00,DEV056,project-cognistream,deployment_alert
SL03259,2026-08-10 13:54:00,DEV338,backend,ci_cd_alert
SL01937,2026-08-10 13:55:00,DEV321,dev-team,deployment_alert
SL04472,2026-08-10 13:55:00,DEV425,data-team,mention
SL02518,2026-08-10 13:57:00,DEV451,frontend,deployment_alert
SL00033,2026-08-10 13:59:00,DEV100,data-team,deployment_alert
SL01462,2026-08-10 14:02:00,DEV036,engineering,mention
SL00783,2026-08-10 14:03:00,DEV025,dev-team,code_review_request
SL00859,2026-08-10 14:14:00,DEV026,backend,message
SL02779,2026-08-10 14:20:00,DEV275,dev-team,deployment_alert
SL03030,2026-08-10 14:21:00,DEV247,engineering,ci_cd_alert
SL02882,2026-08-10 14:26:00,DEV281,data-team,ci_cd_alert
SL04782,2026-08-10 14:26:00,DEV101,dev-team,deployment_alert
SL04191,2026-08-10 14:27:00,DEV049,engineering,code_review_request
SL02382,2026-08-10 14:42:00,DEV413,project-cognistream,code_review_request
SL04251,2026-08-10 14:45:00,DEV295,frontend,message
SL01189,2026-08-10 14:47:00,DEV187,project-cognistream,mention
SL00106,2026-08-10 14:54:00,DEV340,project-cognistream,code_review_request
SL00755,2026-08-10 14:58:00,DEV185,backend,code_review_request
SL01125,2026-08-10 15:00:00,DEV183,frontend,mention
SL02807,2026-08-10 15:00:00,DEV142,project-cognistream,message
SL04867,2026-08-10 15:02:00,DEV112,engineering,ci_cd_alert
SL04765,2026-08-10 15:04:00,DEV109,backend,message
SL01206,2026-08-10 15:17:00,DEV500,frontend,deployment_alert
SL00698,2026-08-10 15:21:00,DEV144,data-team,deployment_alert
SL04505,2026-08-10 15:21:00,DEV499,frontend,mention
SL02386,2026-08-10 15:22:00,DEV261,dev-team,mention
SL03839,2026-08-10 15:22:00,DEV194,backend,ci_cd_alert
SL04462,2026-08-10 15:25:00,DEV168,frontend,message
SL04504,2026-08-10 15:26:00,DEV210,backend,message
SL04855,2026-08-10 15:27:00,DEV353,data-team,mention
SL01873,2026-08-10 15:29:00,DEV004,backend,deployment_alert
SL02854,2026-08-10 15:47:00,DEV115,engineering,code_review_request
SL02005,2026-08-10 15:51:00,DEV261,backend,ci_cd_alert
SL01323,2026-08-10 15:59:00,DEV394,dev-team,deployment_alert
SL02519,2026-08-10 16:00:00,DEV321,frontend,deployment_alert
SL03577,2026-08-10 16:01:00,DEV485,backend,mention
SL02966,2026-08-10 16:03:00,DEV339,frontend,message
SL04076,2026-08-10 16:04:00,DEV168,project-cognistream,deployment_alert
SL04811,2026-08-10 16:09:00,DEV287,project-cognistream,ci_cd_alert
SL00035,2026-08-10 16:12:00,DEV468,project-cognistream,code_review_request
SL01703,2026-08-10 16:18:00,DEV331,engineering,mention
SL00796,2026-08-10 16:21:00,DEV393,backend,ci_cd_alert
SL01783,2026-08-10 16:23:00,DEV463,data-team,code_review_request
SL01405,2026-08-10 16:24:00,DEV338,data-team,deployment_alert
SL02251,2026-08-10 16:24:00,DEV236,project-cognistream,mention
SL01060,2026-08-10 16:26:00,DEV469,backend,message
SL04260,2026-08-10 16:30:00,DEV218,project-cognistream,deployment_alert
SL04220,2026-08-10 16:33:00,DEV161,backend,ci_cd_alert
SL01173,2026-08-10 16:37:00,DEV214,backend,message
SL04229,2026-08-10 16:44:00,DEV267,backend,mention
SL02925,2026-08-10 16:48:00,DEV155,frontend,mention
SL02241,2026-08-10 16:58:00,DEV122,dev-team,message
SL03047,2026-08-10 17:00:00,DEV277,dev-team,code_review_request
SL02954,2026-08-10 17:01:00,DEV103,frontend,mention
SL03778,2026-08-10 17:04:00,DEV398,project-cognistream,code_review_request
SL01367,2026-08-10 17:06:00,DEV433,project-cognistream,deployment_alert
SL01925,2026-08-10 17:15:00,DEV026,dev-team,mention
SL02494,2026-08-10 17:17:00,DEV100,frontend,ci_cd_alert
SL04377,2026-08-10 17:18:00,DEV424,data-team,code_review_request
SL03932,2026-08-10 17:19:00,DEV200,dev-team,ci_cd_alert
SL02202,2026-08-10 17:21:00,DEV408,frontend,message
SL03305,2026-08-10 17:23:00,DEV446,dev-team,ci_cd_alert
SL04849,2026-08-10 17:23:00,DEV113,backend,code_review_request
SL01944,2026-08-10 17:32:00,DEV246,data-team,code_review_request
SL02601,2026-08-10 17:35:00,DEV235,dev-team,message
SL04196,2026-08-10 17:35:00,DEV267,frontend,code_review_request
SL03590,2026-08-10 17:39:00,DEV463,frontend,code_review_request
SL01794,2026-08-10 17:40:00,DEV403,backend,message
SL01534,2026-08-10 17:45:00,DEV379,data-team,ci_cd_alert
SL01591,2026-08-10 17:47:00,DEV184,engineering,deployment_alert
SL03254,2026-08-10 17:51:00,DEV233,frontend,mention
SL01752,2026-08-10 17:53:00,DEV047,backend,message
SL03989,2026-08-10 17:53:00,DEV406,project-cognistream,mention
SL02488,2026-08-10 17:58:00,DEV065,frontend,message
SL04621,2026-08-10 17:58:00,DEV015,backend,deployment_alert
SL03936,2026-08-10 17:59:00,DEV406,frontend,code_review_request
SL01064,2026-08-10 18:09:00,DEV416,dev-team,ci_cd_alert
SL00483,2026-08-10 18:11:00,DEV106,data-team,deployment_alert
SL02261,2026-08-10 18:17:00,DEV472,dev-team,ci_cd_alert
SL01403,2026-08-10 18:18:00,DEV319,data-team,ci_cd_alert
SL03427,2026-08-10 18:18:00,DEV094,engineering,deployment_alert
SL04172,2026-08-10 18:18:00,DEV064,engineering,deployment_alert
SL04125,2026-08-10 18:25:00,DEV376,backend,deployment_alert
SL01621,2026-08-10 18:27:00,DEV165,engineering,ci_cd_alert
SL03168,2026-08-10 18:28:00,DEV353,frontend,message
SL01343,2026-08-10 18:35:00,DEV060,dev-team,ci_cd_alert
SL02946,2026-08-10 18:36:00,DEV236,data-team,mention
SL00198,2026-08-10 18:43:00,DEV004,data-team,ci_cd_alert
SL00711,2026-08-10 18:44:00,DEV147,data-team,code_review_request
SL02697,2026-08-10 18:48:00,DEV441,backend,ci_cd_alert
SL02748,2026-08-10 18:49:00,DEV158,engineering,deployment_alert
SL02499,2026-08-10 18:50:00,DEV111,frontend,mention
SL02972,2026-08-10 18:52:00,DEV275,dev-team,message
SL02578,2026-08-10 18:55:00,DEV189,data-team,code_review_request
SL04598,2026-08-10 18:57:00,DEV332,dev-team,message
SL04737,2026-08-10 18:57:00,DEV017,frontend,deployment_alert
SL00323,2026-08-10 19:02:00,DEV010,project-cognistream,ci_cd_alert
SL01279,2026-08-10 19:08:00,DEV432,frontend,ci_cd_alert
SL04045,2026-08-10 19:11:00,DEV323,data-team,mention
SL00231,2026-08-10 19:15:00,DEV162,dev-team,mention
SL01759,2026-08-10 19:28:00,DEV107,frontend,deployment_alert
SL00950,2026-08-10 19:33:00,DEV351,dev-team,mention
SL03709,2026-08-10 19:34:00,DEV211,engineering,message
SL01106,2026-08-10 19:43:00,DEV168,data-team,mention
SL02539,2026-08-10 19:47:00,DEV277,data-team,ci_cd_alert
SL03541,2026-08-10 19:49:00,DEV473,backend,deployment_alert
SL03660,2026-08-10 19:50:00,DEV487,data-team,message
SL03977,2026-08-10 19:56:00,DEV293,frontend,mention
SL00976,2026-08-10 20:04:00,DEV216,data-team,code_review_request
SL04903,2026-08-10 20:05:00,DEV031,frontend,ci_cd_alert
SL02403,2026-08-10 20:19:00,DEV358,data-team,deployment_alert
SL03400,2026-08-10 20:46:00,DEV205,engineering,code_review_request
SL04881,2026-08-10 20:46:00,DEV016,frontend,message
SL02551,2026-08-10 20:48:00,DEV179,backend,ci_cd_alert
SL01240,2026-08-10 20:55:00,DEV278,backend,code_review_request
SL04588,2026-08-10 20:58:00,DEV494,dev-team,message
SL04740,2026-08-10 21:01:00,DEV186,dev-team,message
SL03774,2026-08-10 21:02:00,DEV161,engineering,mention
SL04183,2026-08-10 21:06:00,DEV363,engineering,ci_cd_alert
SL04439,2026-08-10 21:06:00,DEV203,engineering,mention
SL02566,2026-08-10 21:12:00,DEV346,frontend,code_review_request
SL00188,2026-08-10 21:16:00,DEV241,frontend,message
SL02345,2026-08-10 21:21:00,DEV058,data-team,deployment_alert
SL04577,2026-08-10 21:24:00,DEV132,frontend,ci_cd_alert
SL00775,2026-08-10 21:25:00,DEV181,frontend,deployment_alert
SL01917,2026-08-10 21:37:00,DEV350,data-team,deployment_alert
SL02365,2026-08-10 21:41:00,DEV166,dev-team,ci_cd_alert
SL04549,2026-08-10 21:43:00,DEV194,dev-team,mention
SL02142,2026-08-10 21:53:00,DEV266,data-team,code_review_request
SL01300,2026-08-10 21:56:00,DEV073,project-cognistream,deployment_alert
SL00522,2026-08-10 21:58:00,DEV121,backend,deployment_alert
SL00737,2026-08-10 22:01:00,DEV064,frontend,message
SL03112,2026-08-10 22:04:00,DEV484,frontend,mention
SL03518,2026-08-10 22:07:00,DEV423,project-cognistream,mention
SL04375,2026-08-10 22:12:00,DEV441,engineering,deployment_alert
SL00884,2026-08-10 22:17:00,DEV468,engineering,deployment_alert
SL00616,2026-08-10 22:19:00,DEV168,project-cognistream,deployment_alert
SL03882,2026-08-10 22:24:00,DEV133,project-cognistream,ci_cd_alert
SL01202,2026-08-10 22:33:00,DEV348,dev-team,deployment_alert
SL01297,2026-08-10 22:33:00,DEV300,data-team,ci_cd_alert
SL03297,2026-08-10 22:37:00,DEV489,backend,message
SL01380,2026-08-10 22:43:00,DEV380,frontend,mention
SL02362,2026-08-10 23:01:00,DEV310,dev-team,deployment_alert
SL00675,2026-08-10 23:07:00,DEV003,dev-team,deployment_alert
SL00185,2026-08-10 23:08:00,DEV430,frontend,ci_cd_alert
SL04403,2026-08-10 23:11:00,DEV333,dev-team,deployment_alert
SL04238,2026-08-10 23:24:00,DEV433,project-cognistream,message
SL04976,2026-08-10 23:36:00,DEV355,project-cognistream,mention
SL03191,2026-08-10 23:44:00,DEV297,data-team,deployment_alert
SL00416,2026-08-10 23:49:00,DEV436,project-cognistream,mention
SL03981,2026-08-10 23:52:00,DEV017,engineering,ci_cd_alert
SL02635,2026-08-10 23:54:00,DEV377,dev-team,mention
SL02862,2026-08-10 23:56:00,DEV471,data-team,message
SL00644,2026-08-11 00:32:00,DEV136,project-cognistream,deployment_alert
SL03294,2026-08-11 00:32:00,DEV220,backend,deployment_alert
SL02727,2026-08-11 00:34:00,DEV016,dev-team,mention
SL04008,2026-08-11 00:47:00,DEV177,backend,message
SL00134,2026-08-11 00:51:00,DEV222,backend,mention
SL01960,2026-08-11 00:58:00,DEV154,frontend,mention
SL04872,2026-08-11 00:59:00,DEV263,engineering,deployment_alert
SL00723,2026-08-11 01:03:00,DEV091,data-team,mention
SL01495,2026-08-11 01:08:00,DEV361,dev-team,message
SL00297,2026-08-11 01:14:00,DEV081,frontend,ci_cd_alert
SL04839,2026-08-11 01:16:00,DEV094,engineering,message
SL04164,2026-08-11 01:20:00,DEV179,dev-team,deployment_alert
SL03434,2026-08-11 01:27:00,DEV036,backend,mention
SL01314,2026-08-11 01:32:00,DEV113,project-cognistream,code_review_request
SL04757,2026-08-11 01:36:00,DEV038,frontend,ci_cd_alert
SL01024,2026-08-11 01:39:00,DEV308,backend,deployment_alert
SL02516,2026-08-11 01:44:00,DEV360,dev-team,message
SL04943,2026-08-11 01:44:00,DEV093,frontend,code_review_request
SL00091,2026-08-11 01:48:00,DEV246,dev-team,mention
SL01556,2026-08-11 01:51:00,DEV203,data-team,message
SL03924,2026-08-11 01:55:00,DEV476,data-team,code_review_request
SL02769,2026-08-11 01:56:00,DEV012,dev-team,ci_cd_alert
SL00273,2026-08-11 01:57:00,DEV292,dev-team,ci_cd_alert
SL04372,2026-08-11 01:58:00,DEV212,frontend,code_review_request
SL00181,2026-08-11 02:04:00,DEV415,project-cognistream,message
SL04135,2026-08-11 02:07:00,DEV163,backend,ci_cd_alert
SL03177,2026-08-11 02:14:00,DEV180,frontend,code_review_request
SL01346,2026-08-11 02:19:00,DEV175,dev-team,deployment_alert
SL03948,2026-08-11 02:27:00,DEV460,frontend,deployment_alert
SL02199,2026-08-11 02:29:00,DEV071,data-team,message
SL00061,2026-08-11 02:37:00,DEV371,backend,deployment_alert
SL00768,2026-08-11 02:40:00,DEV307,backend,ci_cd_alert
SL03122,2026-08-11 02:44:00,DEV089,project-cognistream,code_review_request
SL04655,2026-08-11 02:44:00,DEV202,dev-team,ci_cd_alert
SL03461,2026-08-11 02:49:00,DEV251,engineering,mention
SL03968,2026-08-11 02:50:00,DEV470,data-team,code_review_request
SL02746,2026-08-11 02:55:00,DEV263,project-cognistream,code_review_request
SL02658,2026-08-11 03:05:00,DEV437,backend,deployment_alert
SL01199,2026-08-11 03:07:00,DEV448,frontend,message
SL02256,2026-08-11 03:09:00,DEV014,project-cognistream,deployment_alert
SL03275,2026-08-11 03:14:00,DEV452,data-team,ci_cd_alert
SL02623,2026-08-11 03:25:00,DEV226,data-team,ci_cd_alert
SL01706,2026-08-11 03:26:00,DEV177,engineering,ci_cd_alert
SL03744,2026-08-11 03:30:00,DEV361,backend,mention
SL02422,2026-08-11 03:37:00,DEV182,backend,message
SL00317,2026-08-11 03:39:00,DEV123,dev-team,deployment_alert
SL00191,2026-08-11 03:43:00,DEV234,dev-team,deployment_alert
SL04299,2026-08-11 03:45:00,DEV169,data-team,code_review_request
SL00849,2026-08-11 03:47:00,DEV468,data-team,message
SL00747,2026-08-11 03:51:00,DEV049,project-cognistream,deployment_alert
SL03714,2026-08-11 03:51:00,DEV433,frontend,ci_cd_alert
SL04542,2026-08-11 03:54:00,DEV364,frontend,code_review_request
SL01921,2026-08-11 04:03:00,DEV121,project-cognistream,message
SL02510,2026-08-11 04:03:00,DEV452,data-team,message
SL03433,2026-08-11 04:08:00,DEV040,frontend,ci_cd_alert
SL02913,2026-08-11 04:09:00,DEV129,backend,deployment_alert
SL00470,2026-08-11 04:14:00,DEV420,backend,ci_cd_alert
SL01274,2026-08-11 04:14:00,DEV425,frontend,code_review_request
SL00364,2026-08-11 04:18:00,DEV455,engineering,message
SL03730,2026-08-11 04:33:00,DEV349,project-cognistream,mention
SL03074,2026-08-11 04:37:00,DEV417,project-cognistream,message
SL03967,2026-08-11 04:40:00,DEV276,backend,deployment_alert
SL02852,2026-08-11 04:41:00,DEV039,project-cognistream,deployment_alert
SL03164,2026-08-11 04:50:00,DEV413,backend,message
SL04586,2026-08-11 04:59:00,DEV449,engineering,message
SL03593,2026-08-11 05:13:00,DEV355,engineering,deployment_alert
SL01370,2026-08-11 05:15:00,DEV319,frontend,ci_cd_alert
SL01565,2026-08-11 05:20:00,DEV007,engineering,message
SL00430,2026-08-11 05:21:00,DEV496,frontend,deployment_alert
SL02613,2026-08-11 05:21:00,DEV301,frontend,ci_cd_alert
SL03176,2026-08-11 05:33:00,DEV198,engineering,mention
SL02651,2026-08-11 05:44:00,DEV373,engineering,deployment_alert
SL04108,2026-08-11 05:44:00,DEV374,dev-team,deployment_alert
SL00530,2026-08-11 05:50:00,DEV179,backend,mention
SL03494,2026-08-11 05:59:00,DEV352,data-team,deployment_alert
SL00022,2026-08-11 06:01:00,DEV022,backend,code_review_request
SL03517,2026-08-11 06:14:00,DEV182,project-cognistream,deployment_alert
SL01897,2026-08-11 06:17:00,DEV256,backend,message
SL00074,2026-08-11 06:18:00,DEV123,frontend,ci_cd_alert
SL01374,2026-08-11 06:25:00,DEV067,engineering,message
SL03686,2026-08-11 06:26:00,DEV495,engineering,deployment_alert
SL04304,2026-08-11 06:29:00,DEV497,engineering,deployment_alert
SL01232,2026-08-11 06:31:00,DEV485,data-team,ci_cd_alert
SL02250,2026-08-11 06:32:00,DEV186,dev-team,message
SL04242,2026-08-11 06:44:00,DEV008,engineering,deployment_alert
SL04982,2026-08-11 06:53:00,DEV092,engineering,code_review_request
SL00082,2026-08-11 06:54:00,DEV158,frontend,ci_cd_alert
SL02109,2026-08-11 07:04:00,DEV454,project-cognistream,message
SL02826,2026-08-11 07:04:00,DEV182,frontend,mention
SL03978,2026-08-11 07:05:00,DEV403,backend,mention
SL03998,2026-08-11 07:09:00,DEV232,engineering,deployment_alert
SL00208,2026-08-11 07:14:00,DEV001,engineering,deployment_alert
SL03772,2026-08-11 07:17:00,DEV289,project-cognistream,ci_cd_alert
SL03538,2026-08-11 07:18:00,DEV460,frontend,mention
SL02268,2026-08-11 07:20:00,DEV100,backend,deployment_alert
SL01674,2026-08-11 07:28:00,DEV148,project-cognistream,ci_cd_alert
SL03719,2026-08-11 07:41:00,DEV090,backend,deployment_alert
SL01097,2026-08-11 07:43:00,DEV278,data-team,code_review_request
SL04003,2026-08-11 07:44:00,DEV274,frontend,ci_cd_alert
SL04328,2026-08-11 07:44:00,DEV276,project-cognistream,code_review_request
SL02437,2026-08-11 07:51:00,DEV141,backend,mention
SL01529,2026-08-11 07:58:00,DEV327,project-cognistream,ci_cd_alert
SL04020,2026-08-11 07:59:00,DEV478,frontend,message
SL01737,2026-08-11 08:08:00,DEV019,dev-team,mention
SL03758,2026-08-11 08:08:00,DEV274,project-cognistream,code_review_request
SL00991,2026-08-11 08:16:00,DEV106,backend,deployment_alert
SL04534,2026-08-11 08:19:00,DEV354,dev-team,message
SL00571,2026-08-11 08:24:00,DEV122,dev-team,message
SL04352,2026-08-11 08:26:00,DEV410,dev-team,code_review_request
SL00624,2026-08-11 08:30:00,DEV167,backend,code_review_request
SL00255,2026-08-11 08:33:00,DEV133,frontend,ci_cd_alert
SL03031,2026-08-11 08:43:00,DEV353,project-cognistream,deployment_alert
SL02149,2026-08-11 08:46:00,DEV187,dev-team,message
SL03058,2026-08-11 08:46:00,DEV387,project-cognistream,code_review_request
SL01687,2026-08-11 08:50:00,DEV200,backend,deployment_alert
SL00085,2026-08-11 08:54:00,DEV324,backend,deployment_alert
SL01812,2026-08-11 08:56:00,DEV277,engineering,ci_cd_alert
SL00326,2026-08-11 09:00:00,DEV404,frontend,code_review_request
SL01668,2026-08-11 09:01:00,DEV062,frontend,ci_cd_alert
SL01486,2026-08-11 09:07:00,DEV273,frontend,message
SL00998,2026-08-11 09:10:00,DEV062,backend,ci_cd_alert
SL01167,2026-08-11 09:12:00,DEV325,data-team,code_review_request
SL02357,2026-08-11 09:19:00,DEV434,engineering,code_review_request
SL00145,2026-08-11 09:22:00,DEV472,backend,deployment_alert
SL04774,2026-08-11 09:28:00,DEV081,frontend,deployment_alert
SL04721,2026-08-11 09:30:00,DEV013,frontend,ci_cd_alert
SL02366,2026-08-11 09:33:00,DEV217,engineering,message
SL00699,2026-08-11 09:38:00,DEV059,project-cognistream,code_review_request
SL04804,2026-08-11 09:40:00,DEV481,engineering,ci_cd_alert
SL01101,2026-08-11 09:42:00,DEV394,frontend,mention
SL03306,2026-08-11 09:43:00,DEV386,backend,code_review_request
SL01839,2026-08-11 09:53:00,DEV119,dev-team,deployment_alert
SL03897,2026-08-11 09:55:00,DEV199,frontend,ci_cd_alert
SL00893,2026-08-11 09:57:00,DEV114,backend,deployment_alert
SL03252,2026-08-11 10:11:00,DEV208,data-team,deployment_alert
SL01074,2026-08-11 10:14:00,DEV499,engineering,code_review_request
SL01953,2026-08-11 10:17:00,DEV250,backend,ci_cd_alert
SL02845,2026-08-11 10:18:00,DEV037,backend,message
SL01499,2026-08-11 10:19:00,DEV131,project-cognistream,mention
SL01838,2026-08-11 10:23:00,DEV041,frontend,ci_cd_alert
SL03080,2026-08-11 10:27:00,DEV227,backend,mention
SL01761,2026-08-11 10:29:00,DEV330,data-team,mention
SL03333,2026-08-11 10:29:00,DEV437,backend,ci_cd_alert
SL01440,2026-08-11 10:34:00,DEV476,dev-team,code_review_request
SL00108,2026-08-11 10:38:00,DEV224,data-team,code_review_request
SL01744,2026-08-11 10:38:00,DEV447,frontend,mention
SL00714,2026-08-11 10:40:00,DEV433,project-cognistream,ci_cd_alert
SL02323,2026-08-11 10:43:00,DEV429,dev-team,message
SL01263,2026-08-11 10:56:00,DEV441,data-team,ci_cd_alert
SL00683,2026-08-11 11:17:00,DEV467,engineering,ci_cd_alert
SL04605,2026-08-11 11:21:00,DEV100,dev-team,code_review_request
SL00479,2026-08-11 11:27:00,DEV002,data-team,ci_cd_alert
SL03930,2026-08-11 11:35:00,DEV428,engineering,code_review_request
SL01646,2026-08-11 11:37:00,DEV083,project-cognistream,ci_cd_alert
SL03865,2026-08-11 11:42:00,DEV341,project-cognistream,code_review_request
SL04667,2026-08-11 11:45:00,DEV087,backend,code_review_request
SL02220,2026-08-11 11:46:00,DEV323,engineering,deployment_alert
SL02812,2026-08-11 11:47:00,DEV126,engineering,message
SL00167,2026-08-11 11:48:00,DEV361,data-team,message
SL03919,2026-08-11 12:00:00,DEV325,engineering,code_review_request
SL00365,2026-08-11 12:10:00,DEV418,backend,message
SL01095,2026-08-11 12:14:00,DEV433,backend,message
SL04366,2026-08-11 12:23:00,DEV103,backend,mention
SL03474,2026-08-11 12:26:00,DEV111,backend,deployment_alert
SL01021,2026-08-11 12:30:00,DEV070,data-team,message
SL01866,2026-08-11 12:30:00,DEV422,backend,deployment_alert
SL03780,2026-08-11 12:38:00,DEV123,engineering,message
SL01984,2026-08-11 12:44:00,DEV335,data-team,deployment_alert
SL02498,2026-08-11 12:46:00,DEV111,frontend,ci_cd_alert
SL01286,2026-08-11 12:48:00,DEV369,frontend,message
SL02645,2026-08-11 12:51:00,DEV434,frontend,deployment_alert
SL02010,2026-08-11 12:52:00,DEV331,project-cognistream,code_review_request
SL04719,2026-08-11 12:57:00,DEV096,frontend,message
SL02770,2026-08-11 12:59:00,DEV060,engineering,message
SL01425,2026-08-11 13:00:00,DEV394,dev-team,ci_cd_alert
SL01570,2026-08-11 13:01:00,DEV189,backend,message
SL00709,2026-08-11 13:06:00,DEV431,dev-team,code_review_request
SL00984,2026-08-11 13:15:00,DEV002,project-cognistream,ci_cd_alert
SL04743,2026-08-11 13:17:00,DEV387,dev-team,mention
SL03560,2026-08-11 13:22:00,DEV119,dev-team,code_review_request
SL01253,2026-08-11 13:25:00,DEV346,backend,message
SL04558,2026-08-11 13:29:00,DEV196,dev-team,message
SL00761,2026-08-11 13:30:00,DEV137,backend,message
SL04358,2026-08-11 13:30:00,DEV203,dev-team,mention
SL01307,2026-08-11 13:36:00,DEV185,engineering,message
SL00090,2026-08-11 13:40:00,DEV358,engineering,deployment_alert
SL00678,2026-08-11 13:45:00,DEV231,engineering,code_review_request
SL01840,2026-08-11 13:50:00,DEV038,data-team,ci_cd_alert
SL02497,2026-08-11 13:55:00,DEV039,engineering,mention
SL03653,2026-08-11 13:59:00,DEV172,backend,message
SL01747,2026-08-11 14:08:00,DEV360,frontend,message
SL01889,2026-08-11 14:08:00,DEV239,project-cognistream,deployment_alert
SL04481,2026-08-11 14:09:00,DEV210,engineering,mention
SL01792,2026-08-11 14:22:00,DEV379,frontend,message
SL00480,2026-08-11 14:23:00,DEV274,backend,message
SL03800,2026-08-11 14:23:00,DEV293,frontend,ci_cd_alert
SL01088,2026-08-11 14:25:00,DEV265,backend,message
SL04684,2026-08-11 14:30:00,DEV368,engineering,code_review_request
SL03842,2026-08-11 14:33:00,DEV038,backend,code_review_request
SL03902,2026-08-11 14:34:00,DEV467,frontend,deployment_alert
SL02049,2026-08-11 14:41:00,DEV074,engineering,ci_cd_alert
SL02872,2026-08-11 14:57:00,DEV153,dev-team,deployment_alert
SL02570,2026-08-11 15:03:00,DEV246,engineering,code_review_request
SL00127,2026-08-11 15:04:00,DEV158,engineering,message
SL00921,2026-08-11 15:12:00,DEV244,project-cognistream,deployment_alert
SL04864,2026-08-11 15:15:00,DEV349,data-team,ci_cd_alert
SL02438,2026-08-11 15:17:00,DEV346,backend,ci_cd_alert
SL02459,2026-08-11 15:18:00,DEV215,dev-team,mention
SL00229,2026-08-11 15:19:00,DEV135,backend,message
SL01612,2026-08-11 15:21:00,DEV125,project-cognistream,code_review_request
SL04738,2026-08-11 15:23:00,DEV155,dev-team,message
SL02484,2026-08-11 15:27:00,DEV444,frontend,ci_cd_alert
SL04298,2026-08-11 15:27:00,DEV195,frontend,ci_cd_alert
SL00628,2026-08-11 15:29:00,DEV404,project-cognistream,message
SL00487,2026-08-11 15:31:00,DEV230,backend,mention
SL03359,2026-08-11 15:31:00,DEV111,backend,message
SL04421,2026-08-11 15:36:00,DEV052,data-team,message
SL02028,2026-08-11 15:37:00,DEV475,backend,ci_cd_alert
SL02682,2026-08-11 15:37:00,DEV227,dev-team,ci_cd_alert
SL04572,2026-08-11 15:39:00,DEV442,dev-team,ci_cd_alert
SL01162,2026-08-11 15:46:00,DEV133,engineering,ci_cd_alert
SL04551,2026-08-11 15:57:00,DEV002,dev-team,mention
SL00448,2026-08-11 16:02:00,DEV426,project-cognistream,message
SL04152,2026-08-11 16:02:00,DEV445,backend,code_review_request
SL03321,2026-08-11 16:05:00,DEV092,backend,mention
SL04345,2026-08-11 16:09:00,DEV321,frontend,message
SL02070,2026-08-11 16:12:00,DEV467,project-cognistream,deployment_alert
SL03674,2026-08-11 16:16:00,DEV210,dev-team,message
SL02081,2026-08-11 16:26:00,DEV173,project-cognistream,mention
SL00003,2026-08-11 16:30:00,DEV307,backend,deployment_alert
SL03923,2026-08-11 16:32:00,DEV038,backend,message
SL00943,2026-08-11 16:39:00,DEV391,project-cognistream,deployment_alert
SL00928,2026-08-11 16:43:00,DEV046,backend,message
SL01408,2026-08-11 16:44:00,DEV115,backend,mention
SL02083,2026-08-11 16:48:00,DEV484,frontend,mention
SL03982,2026-08-11 16:51:00,DEV312,engineering,ci_cd_alert
SL01837,2026-08-11 16:57:00,DEV437,project-cognistream,code_review_request
SL00217,2026-08-11 16:59:00,DEV190,engineering,ci_cd_alert
SL02293,2026-08-11 16:59:00,DEV114,dev-team,ci_cd_alert
SL02739,2026-08-11 17:04:00,DEV227,engineering,mention
SL03911,2026-08-11 17:07:00,DEV114,frontend,mention
SL00294,2026-08-11 17:08:00,DEV301,engineering,deployment_alert
SL04151,2026-08-11 17:28:00,DEV197,dev-team,code_review_request
SL03167,2026-08-11 17:30:00,DEV133,data-team,mention
SL01203,2026-08-11 17:35:00,DEV437,frontend,message
SL03791,2026-08-11 17:36:00,DEV463,engineering,message
SL00745,2026-08-11 17:42:00,DEV110,dev-team,ci_cd_alert
SL00811,2026-08-11 17:55:00,DEV070,data-team,ci_cd_alert
SL04512,2026-08-11 17:55:00,DEV298,engineering,ci_cd_alert
SL04420,2026-08-11 17:56:00,DEV212,engineering,message
SL02926,2026-08-11 18:02:00,DEV102,frontend,code_review_request
SL01364,2026-08-11 18:03:00,DEV414,engineering,code_review_request
SL02831,2026-08-11 18:06:00,DEV083,engineering,ci_cd_alert
SL04258,2026-08-11 18:10:00,DEV489,dev-team,deployment_alert
SL04119,2026-08-11 18:23:00,DEV182,project-cognistream,mention
SL01672,2026-08-11 18:24:00,DEV092,project-cognistream,mention
SL02247,2026-08-11 18:32:00,DEV161,project-cognistream,code_review_request
SL00523,2026-08-11 18:38:00,DEV359,backend,mention
SL02204,2026-08-11 18:42:00,DEV316,dev-team,ci_cd_alert
SL03997,2026-08-11 18:43:00,DEV361,dev-team,ci_cd_alert
SL00879,2026-08-11 18:46:00,DEV368,frontend,mention
SL01959,2026-08-11 18:46:00,DEV137,engineering,deployment_alert
SL04253,2026-08-11 18:46:00,DEV444,frontend,code_review_request
SL00397,2026-08-11 18:47:00,DEV096,frontend,mention
SL04237,2026-08-11 18:48:00,DEV317,dev-team,mention
SL03179,2026-08-11 18:51:00,DEV200,backend,mention
SL00524,2026-08-11 18:56:00,DEV387,engineering,ci_cd_alert
SL04599,2026-08-11 18:56:00,DEV456,engineering,mention
SL00452,2026-08-11 19:10:00,DEV204,dev-team,ci_cd_alert
SL03290,2026-08-11 19:13:00,DEV463,project-cognistream,deployment_alert
SL00337,2026-08-11 19:16:00,DEV383,backend,message
SL01437,2026-08-11 19:26:00,DEV100,backend,ci_cd_alert
SL04686,2026-08-11 19:27:00,DEV007,data-team,message
SL02068,2026-08-11 19:29:00,DEV041,engineering,deployment_alert
SL03496,2026-08-11 19:29:00,DEV137,project-cognistream,ci_cd_alert
SL03969,2026-08-11 19:32:00,DEV334,backend,deployment_alert
SL01407,2026-08-11 19:37:00,DEV192,backend,deployment_alert
SL02930,2026-08-11 19:46:00,DEV313,frontend,deployment_alert
SL00362,2026-08-11 19:47:00,DEV216,backend,deployment_alert
SL04878,2026-08-11 19:59:00,DEV366,engineering,deployment_alert
SL03037,2026-08-11 20:03:00,DEV309,data-team,mention
SL00659,2026-08-11 20:05:00,DEV077,backend,code_review_request
SL01176,2026-08-11 20:06:00,DEV193,backend,ci_cd_alert
SL01561,2026-08-11 20:23:00,DEV210,data-team,mention
SL01795,2026-08-11 20:28:00,DEV403,project-cognistream,ci_cd_alert
SL00336,2026-08-11 20:31:00,DEV187,backend,ci_cd_alert
SL02939,2026-08-11 20:35:00,DEV065,backend,message
SL04035,2026-08-11 20:40:00,DEV159,dev-team,mention
SL01276,2026-08-11 20:48:00,DEV421,data-team,ci_cd_alert
SL04364,2026-08-11 20:48:00,DEV024,data-team,mention
SL02155,2026-08-11 20:51:00,DEV062,data-team,mention
SL02367,2026-08-11 20:58:00,DEV259,project-cognistream,message
SL00112,2026-08-11 21:02:00,DEV054,engineering,message
SL04912,2026-08-11 21:02:00,DEV390,frontend,ci_cd_alert
SL04194,2026-08-11 21:03:00,DEV343,frontend,ci_cd_alert
SL03210,2026-08-11 21:04:00,DEV489,engineering,deployment_alert
SL04635,2026-08-11 21:13:00,DEV487,data-team,code_review_request
SL00730,2026-08-11 21:20:00,DEV169,project-cognistream,code_review_request
SL04518,2026-08-11 21:27:00,DEV191,backend,message
SL00674,2026-08-11 21:28:00,DEV233,frontend,ci_cd_alert
SL02163,2026-08-11 21:29:00,DEV094,data-team,ci_cd_alert
SL03370,2026-08-11 21:33:00,DEV446,project-cognistream,code_review_request
SL00002,2026-08-11 21:36:00,DEV190,data-team,message
SL00514,2026-08-11 21:39:00,DEV500,frontend,mention
SL03013,2026-08-11 21:41:00,DEV372,dev-team,message
SL02678,2026-08-11 21:47:00,DEV122,data-team,mention
SL02131,2026-08-11 21:49:00,DEV226,data-team,mention
SL00073,2026-08-11 21:52:00,DEV094,project-cognistream,ci_cd_alert
SL01782,2026-08-11 21:54:00,DEV178,backend,code_review_request
SL04971,2026-08-11 21:59:00,DEV457,project-cognistream,mention
SL03971,2026-08-11 22:05:00,DEV143,data-team,mention
SL03449,2026-08-11 22:06:00,DEV455,data-team,deployment_alert
SL01252,2026-08-11 22:10:00,DEV363,dev-team,mention
SL01843,2026-08-11 22:14:00,DEV307,dev-team,mention
SL02874,2026-08-11 22:16:00,DEV117,backend,code_review_request
SL04323,2026-08-11 22:18:00,DEV002,engineering,code_review_request
SL03111,2026-08-11 22:24:00,DEV158,backend,deployment_alert
SL03856,2026-08-11 22:29:00,DEV008,engineering,mention
SL02722,2026-08-11 22:38:00,DEV160,dev-team,deployment_alert
SL03405,2026-08-11 22:40:00,DEV227,backend,mention
SL01427,2026-08-11 22:41:00,DEV414,frontend,deployment_alert
SL01594,2026-08-11 22:50:00,DEV187,data-team,ci_cd_alert
SL00097,2026-08-11 22:51:00,DEV031,engineering,message
SL04665,2026-08-11 22:58:00,DEV059,engineering,code_review_request
SL03020,2026-08-11 22:59:00,DEV267,dev-team,message
SL03238,2026-08-11 23:04:00,DEV304,frontend,deployment_alert
SL00632,2026-08-11 23:12:00,DEV189,dev-team,deployment_alert
SL01177,2026-08-11 23:18:00,DEV177,frontend,mention
SL02614,2026-08-11 23:21:00,DEV481,backend,mention
SL03859,2026-08-11 23:23:00,DEV388,frontend,ci_cd_alert
SL03072,2026-08-11 23:25:00,DEV336,project-cognistream,code_review_request
SL00952,2026-08-11 23:30:00,DEV020,data-team,mention
SL03083,2026-08-11 23:31:00,DEV398,frontend,deployment_alert
SL00892,2026-08-11 23:32:00,DEV304,frontend,message
SL02636,2026-08-11 23:41:00,DEV397,project-cognistream,message
SL04473,2026-08-11 23:42:00,DEV197,engineering,message
SL02178,2026-08-11 23:44:00,DEV394,engineering,ci_cd_alert
SL02061,2026-08-11 23:48:00,DEV369,engineering,message
SL01423,2026-08-11 23:50:00,DEV090,project-cognistream,mention
SL02652,2026-08-11 23:55:00,DEV432,dev-team,message
SL04570,2026-08-11 23:56:00,DEV225,dev-team,ci_cd_alert
SL00557,2026-08-11 23:58:00,DEV286,engineering,ci_cd_alert
SL01551,2026-08-11 23:58:00,DEV291,engineering,mention
SL03814,2026-08-11 23:58:00,DEV106,data-team,message
SL00445,2026-08-12 00:19:00,DEV408,project-cognistream,mention
SL04628,2026-08-12 00:19:00,DEV337,engineering,message
SL02798,2026-08-12 00:24:00,DEV152,frontend,mention
SL04729,2026-08-12 00:25:00,DEV409,project-cognistream,mention
SL02509,2026-08-12 00:26:00,DEV452,project-cognistream,message
SL03155,2026-08-12 00:26:00,DEV044,dev-team,code_review_request
SL00288,2026-08-12 00:30:00,DEV500,frontend,mention
SL02216,2026-08-12 00:36:00,DEV492,dev-team,ci_cd_alert
SL04176,2026-08-12 00:38:00,DEV272,project-cognistream,mention
SL01913,2026-08-12 00:39:00,DEV358,project-cognistream,ci_cd_alert
SL01251,2026-08-12 00:50:00,DEV395,dev-team,deployment_alert
SL01498,2026-08-12 00:50:00,DEV303,dev-team,message
SL00938,2026-08-12 00:56:00,DEV469,frontend,deployment_alert
SL00919,2026-08-12 00:57:00,DEV121,engineering,code_review_request
SL01789,2026-08-12 00:59:00,DEV031,project-cognistream,message
SL00867,2026-08-12 01:05:00,DEV131,dev-team,deployment_alert
SL04617,2026-08-12 01:07:00,DEV270,backend,message
SL00455,2026-08-12 01:15:00,DEV075,frontend,ci_cd_alert
SL04315,2026-08-12 01:27:00,DEV125,backend,ci_cd_alert
SL01077,2026-08-12 01:30:00,DEV191,backend,message
SL04792,2026-08-12 01:37:00,DEV117,dev-team,mention
SL04095,2026-08-12 01:42:00,DEV463,dev-team,code_review_request
SL01888,2026-08-12 01:43:00,DEV359,data-team,message
SL04937,2026-08-12 01:47:00,DEV099,dev-team,code_review_request
SL02560,2026-08-12 01:48:00,DEV177,data-team,mention
SL01886,2026-08-12 01:52:00,DEV193,frontend,code_review_request
SL01589,2026-08-12 01:59:00,DEV200,frontend,code_review_request
SL01188,2026-08-12 02:01:00,DEV341,frontend,deployment_alert
SL01780,2026-08-12 02:03:00,DEV492,project-cognistream,message
SL00086,2026-08-12 02:06:00,DEV278,data-team,message
SL01079,2026-08-12 02:12:00,DEV424,frontend,mention
SL02119,2026-08-12 02:14:00,DEV182,backend,ci_cd_alert
SL01828,2026-08-12 02:17:00,DEV466,backend,deployment_alert
SL01436,2026-08-12 02:26:00,DEV006,frontend,ci_cd_alert
SL04801,2026-08-12 02:26:00,DEV496,project-cognistream,ci_cd_alert
SL04388,2026-08-12 02:36:00,DEV026,data-team,message
SL02460,2026-08-12 02:39:00,DEV343,frontend,code_review_request
SL04105,2026-08-12 02:41:00,DEV472,backend,message
SL03270,2026-08-12 02:44:00,DEV301,data-team,mention
SL04925,2026-08-12 02:51:00,DEV384,backend,message
SL02846,2026-08-12 03:00:00,DEV471,data-team,message
SL04697,2026-08-12 03:11:00,DEV156,frontend,code_review_request
SL03803,2026-08-12 03:12:00,DEV212,dev-team,mention
SL02044,2026-08-12 03:13:00,DEV034,dev-team,message
SL02408,2026-08-12 03:13:00,DEV257,engineering,message
SL04785,2026-08-12 03:16:00,DEV093,backend,code_review_request
SL02781,2026-08-12 03:17:00,DEV286,frontend,ci_cd_alert
SL04200,2026-08-12 03:20:00,DEV043,dev-team,message
SL02173,2026-08-12 03:24:00,DEV257,engineering,deployment_alert
SL03230,2026-08-12 03:27:00,DEV235,project-cognistream,message
SL02426,2026-08-12 03:36:00,DEV372,dev-team,code_review_request
SL03652,2026-08-12 03:41:00,DEV465,dev-team,mention
SL03092,2026-08-12 03:46:00,DEV078,data-team,ci_cd_alert
SL04097,2026-08-12 03:47:00,DEV305,engineering,mention
SL02375,2026-08-12 03:48:00,DEV332,data-team,deployment_alert
SL04859,2026-08-12 03:48:00,DEV479,engineering,message
SL04544,2026-08-12 03:53:00,DEV298,data-team,mention
SL04092,2026-08-12 03:56:00,DEV402,frontend,ci_cd_alert
SL03630,2026-08-12 03:57:00,DEV194,dev-team,message
SL00911,2026-08-12 04:00:00,DEV446,data-team,ci_cd_alert
SL02352,2026-08-12 04:01:00,DEV358,dev-team,deployment_alert
SL03825,2026-08-12 04:02:00,DEV492,backend,ci_cd_alert
SL04949,2026-08-12 04:05:00,DEV387,engineering,message
SL01527,2026-08-12 04:15:00,DEV071,backend,deployment_alert
SL03360,2026-08-12 04:22:00,DEV346,backend,mention
SL01694,2026-08-12 04:23:00,DEV471,dev-team,message
SL04996,2026-08-12 04:26:00,DEV447,project-cognistream,mention
SL03146,2026-08-12 04:33:00,DEV485,backend,ci_cd_alert
SL02463,2026-08-12 04:39:00,DEV498,dev-team,mention
SL04357,2026-08-12 04:41:00,DEV294,dev-team,message
SL01267,2026-08-12 04:51:00,DEV343,project-cognistream,message
SL04007,2026-08-12 05:04:00,DEV106,data-team,message
SL03738,2026-08-12 05:06:00,DEV493,project-cognistream,code_review_request
SL02373,2026-08-12 05:12:00,DEV281,backend,message
SL02436,2026-08-12 05:16:00,DEV214,data-team,message
SL03205,2026-08-12 05:16:00,DEV472,data-team,code_review_request
SL01967,2026-08-12 05:33:00,DEV243,project-cognistream,deployment_alert
SL02395,2026-08-12 05:49:00,DEV323,data-team,message
SL03443,2026-08-12 05:56:00,DEV249,dev-team,mention
SL01882,2026-08-12 06:02:00,DEV479,project-cognistream,code_review_request
SL01222,2026-08-12 06:07:00,DEV377,backend,ci_cd_alert
SL02725,2026-08-12 06:08:00,DEV332,dev-team,deployment_alert
SL04960,2026-08-12 06:10:00,DEV377,project-cognistream,message
SL03335,2026-08-12 06:17:00,DEV056,engineering,mention
SL04214,2026-08-12 06:19:00,DEV491,dev-team,code_review_request
SL03642,2026-08-12 06:22:00,DEV159,dev-team,deployment_alert
SL03920,2026-08-12 06:24:00,DEV246,project-cognistream,ci_cd_alert
SL00890,2026-08-12 06:25:00,DEV199,dev-team,ci_cd_alert
SL00464,2026-08-12 06:27:00,DEV494,backend,code_review_request
SL01431,2026-08-12 06:30:00,DEV405,data-team,message
SL04442,2026-08-12 06:33:00,DEV102,frontend,code_review_request
SL01807,2026-08-12 06:35:00,DEV398,data-team,code_review_request
SL01997,2026-08-12 06:46:00,DEV253,data-team,ci_cd_alert
SL00603,2026-08-12 06:47:00,DEV395,dev-team,code_review_request
SL02879,2026-08-12 06:51:00,DEV221,data-team,code_review_request
SL03318,2026-08-12 06:51:00,DEV394,backend,ci_cd_alert
SL01894,2026-08-12 06:52:00,DEV420,engineering,deployment_alert
SL00331,2026-08-12 06:53:00,DEV009,engineering,message
SL00801,2026-08-12 06:54:00,DEV230,engineering,ci_cd_alert
SL04787,2026-08-12 06:54:00,DEV181,dev-team,code_review_request
SL04011,2026-08-12 06:55:00,DEV312,frontend,mention
SL04255,2026-08-12 06:55:00,DEV394,data-team,message
SL04647,2026-08-12 07:10:00,DEV295,dev-team,deployment_alert
SL03152,2026-08-12 07:16:00,DEV484,frontend,code_review_request
SL00252,2026-08-12 07:20:00,DEV405,backend,message
SL01172,2026-08-12 07:21:00,DEV345,frontend,code_review_request
SL01281,2026-08-12 07:25:00,DEV036,backend,ci_cd_alert
SL00526,2026-08-12 07:27:00,DEV021,frontend,code_review_request
SL02353,2026-08-12 07:27:00,DEV101,project-cognistream,ci_cd_alert
SL00503,2026-08-12 07:32:00,DEV388,data-team,mention
SL01264,2026-08-12 07:39:00,DEV228,project-cognistream,deployment_alert
SL00868,2026-08-12 07:40:00,DEV293,frontend,message
SL01536,2026-08-12 07:41:00,DEV053,frontend,code_review_request
SL02803,2026-08-12 07:43:00,DEV474,engineering,ci_cd_alert
SL00596,2026-08-12 07:46:00,DEV436,project-cognistream,code_review_request
SL03950,2026-08-12 07:51:00,DEV355,dev-team,deployment_alert
SL01734,2026-08-12 07:52:00,DEV449,data-team,ci_cd_alert
SL02582,2026-08-12 07:55:00,DEV370,backend,deployment_alert
SL02672,2026-08-12 07:57:00,DEV224,engineering,code_review_request
SL00088,2026-08-12 07:58:00,DEV419,engineering,ci_cd_alert
SL00607,2026-08-12 08:05:00,DEV121,data-team,code_review_request
SL00140,2026-08-12 08:06:00,DEV375,project-cognistream,code_review_request
SL03618,2026-08-12 08:07:00,DEV176,dev-team,mention
SL02917,2026-08-12 08:23:00,DEV121,dev-team,message
SL04113,2026-08-12 08:31:00,DEV292,frontend,ci_cd_alert
SL00355,2026-08-12 08:35:00,DEV319,project-cognistream,deployment_alert
SL01103,2026-08-12 08:42:00,DEV321,project-cognistream,deployment_alert
SL02439,2026-08-12 08:42:00,DEV470,backend,deployment_alert
SL03949,2026-08-12 08:43:00,DEV104,data-team,ci_cd_alert
SL01802,2026-08-12 08:46:00,DEV483,engineering,code_review_request
SL02416,2026-08-12 08:47:00,DEV153,engineering,ci_cd_alert
SL04398,2026-08-12 08:49:00,DEV013,data-team,code_review_request
SL00813,2026-08-12 08:51:00,DEV135,dev-team,mention
SL04302,2026-08-12 09:05:00,DEV440,project-cognistream,deployment_alert
SL03102,2026-08-12 09:06:00,DEV322,engineering,mention
SL04495,2026-08-12 09:06:00,DEV189,frontend,ci_cd_alert
SL01411,2026-08-12 09:22:00,DEV052,data-team,message
SL02206,2026-08-12 09:22:00,DEV353,backend,code_review_request
SL00651,2026-08-12 09:24:00,DEV058,engineering,ci_cd_alert
SL01210,2026-08-12 09:32:00,DEV326,project-cognistream,ci_cd_alert
SL01278,2026-08-12 09:37:00,DEV114,project-cognistream,ci_cd_alert
SL00757,2026-08-12 09:40:00,DEV102,dev-team,ci_cd_alert
SL02786,2026-08-12 09:40:00,DEV166,dev-team,ci_cd_alert
SL01117,2026-08-12 09:41:00,DEV291,frontend,ci_cd_alert
SL02102,2026-08-12 09:42:00,DEV259,frontend,deployment_alert
SL02967,2026-08-12 09:48:00,DEV377,project-cognistream,code_review_request
SL00594,2026-08-12 09:54:00,DEV422,data-team,deployment_alert
SL03250,2026-08-12 09:55:00,DEV147,data-team,ci_cd_alert
SL04567,2026-08-12 09:57:00,DEV081,engineering,deployment_alert
SL04814,2026-08-12 09:57:00,DEV477,frontend,ci_cd_alert
SL04662,2026-08-12 09:58:00,DEV365,engineering,mention
SL04713,2026-08-12 10:00:00,DEV113,project-cognistream,message
SL00521,2026-08-12 10:06:00,DEV093,engineering,mention
SL04827,2026-08-12 10:06:00,DEV375,dev-team,mention
SL03726,2026-08-12 10:13:00,DEV229,dev-team,ci_cd_alert
SL00265,2026-08-12 10:17:00,DEV178,backend,mention
SL01582,2026-08-12 10:20:00,DEV333,engineering,mention
SL04215,2026-08-12 10:22:00,DEV356,project-cognistream,message
SL00067,2026-08-12 10:26:00,DEV237,backend,ci_cd_alert
SL04597,2026-08-12 10:31:00,DEV277,engineering,code_review_request
SL01745,2026-08-12 10:36:00,DEV303,engineering,mention
SL01592,2026-08-12 10:41:00,DEV135,frontend,message
SL02123,2026-08-12 10:50:00,DEV307,backend,ci_cd_alert
SL00060,2026-08-12 10:52:00,DEV433,frontend,deployment_alert
SL04459,2026-08-12 11:11:00,DEV358,frontend,message
SL04985,2026-08-12 11:18:00,DEV280,engineering,message
SL03026,2026-08-12 11:21:00,DEV068,backend,message
SL00946,2026-08-12 11:28:00,DEV012,backend,deployment_alert
SL01160,2026-08-12 11:33:00,DEV028,engineering,message
SL04285,2026-08-12 11:36:00,DEV330,frontend,mention
SL00216,2026-08-12 11:42:00,DEV159,frontend,message
SL03419,2026-08-12 11:49:00,DEV036,project-cognistream,code_review_request
SL03612,2026-08-12 11:51:00,DEV489,backend,message
SL01036,2026-08-12 11:55:00,DEV222,engineering,mention
SL03905,2026-08-12 11:56:00,DEV149,frontend,deployment_alert
SL00729,2026-08-12 12:02:00,DEV289,data-team,mention
SL02649,2026-08-12 12:20:00,DEV140,frontend,mention
SL04040,2026-08-12 12:21:00,DEV335,data-team,code_review_request
SL00319,2026-08-12 12:22:00,DEV475,frontend,ci_cd_alert
SL00637,2026-08-12 12:22:00,DEV069,dev-team,deployment_alert
SL02689,2026-08-12 12:24:00,DEV232,engineering,ci_cd_alert
SL01304,2026-08-12 12:30:00,DEV262,dev-team,message
SL02470,2026-08-12 12:39:00,DEV101,engineering,mention
SL04556,2026-08-12 12:41:00,DEV207,dev-team,deployment_alert
SL00754,2026-08-12 12:45:00,DEV192,backend,ci_cd_alert
SL01835,2026-08-12 12:51:00,DEV391,frontend,code_review_request
SL00855,2026-08-12 12:52:00,DEV129,frontend,message
SL03458,2026-08-12 13:04:00,DEV279,frontend,message
SL04986,2026-08-12 13:11:00,DEV479,dev-team,deployment_alert
SL01476,2026-08-12 13:16:00,DEV003,dev-team,code_review_request
SL03677,2026-08-12 13:16:00,DEV205,backend,ci_cd_alert
SL00105,2026-08-12 13:17:00,DEV410,frontend,code_review_request
SL02427,2026-08-12 13:29:00,DEV415,dev-team,ci_cd_alert
SL01057,2026-08-12 13:41:00,DEV444,engineering,deployment_alert
SL03722,2026-08-12 13:44:00,DEV303,backend,mention
SL00850,2026-08-12 13:49:00,DEV124,backend,deployment_alert
SL03472,2026-08-12 13:51:00,DEV217,project-cognistream,mention
SL03278,2026-08-12 13:54:00,DEV138,engineering,mention
SL02715,2026-08-12 13:55:00,DEV214,frontend,mention
SL03255,2026-08-12 13:58:00,DEV019,frontend,message
SL01870,2026-08-12 13:59:00,DEV264,frontend,ci_cd_alert
SL03478,2026-08-12 14:00:00,DEV334,data-team,code_review_request
SL00814,2026-08-12 14:07:00,DEV262,project-cognistream,code_review_request
SL03331,2026-08-12 14:13:00,DEV205,dev-team,mention
SL03768,2026-08-12 14:13:00,DEV318,engineering,deployment_alert
SL04126,2026-08-12 14:14:00,DEV259,engineering,message
SL01790,2026-08-12 14:16:00,DEV292,engineering,mention
SL04351,2026-08-12 14:26:00,DEV194,data-team,message
SL03309,2026-08-12 14:37:00,DEV019,dev-team,code_review_request
SL02634,2026-08-12 14:40:00,DEV160,project-cognistream,ci_cd_alert
SL03017,2026-08-12 14:53:00,DEV290,data-team,mention
SL01509,2026-08-12 14:55:00,DEV252,dev-team,ci_cd_alert
SL00344,2026-08-12 14:57:00,DEV042,data-team,ci_cd_alert
SL04790,2026-08-12 15:02:00,DEV251,data-team,code_review_request
SL04649,2026-08-12 15:07:00,DEV035,frontend,code_review_request
SL01234,2026-08-12 15:09:00,DEV407,data-team,code_review_request
SL04733,2026-08-12 15:16:00,DEV176,engineering,deployment_alert
SL01225,2026-08-12 15:17:00,DEV386,dev-team,mention
SL01919,2026-08-12 15:22:00,DEV029,project-cognistream,message
SL00774,2026-08-12 15:31:00,DEV179,dev-team,mention
SL04902,2026-08-12 15:31:00,DEV150,backend,code_review_request
SL03790,2026-08-12 15:50:00,DEV294,frontend,mention
SL02209,2026-08-12 15:54:00,DEV324,backend,message
SL04734,2026-08-12 15:56:00,DEV296,project-cognistream,deployment_alert
SL04634,2026-08-12 16:03:00,DEV027,frontend,deployment_alert
SL03194,2026-08-12 16:10:00,DEV121,engineering,mention
SL00577,2026-08-12 16:17:00,DEV311,frontend,code_review_request
SL03033,2026-08-12 16:17:00,DEV368,project-cognistream,mention
SL04921,2026-08-12 16:18:00,DEV309,frontend,ci_cd_alert
SL03926,2026-08-12 16:20:00,DEV150,backend,mention
SL00652,2026-08-12 16:22:00,DEV254,engineering,code_review_request
SL01770,2026-08-12 16:22:00,DEV171,engineering,mention
SL03641,2026-08-12 16:23:00,DEV433,data-team,mention
SL02047,2026-08-12 16:30:00,DEV006,engineering,code_review_request
SL04107,2026-08-12 16:34:00,DEV437,dev-team,message
SL03350,2026-08-12 16:36:00,DEV382,engineering,mention
SL00261,2026-08-12 16:39:00,DEV458,project-cognistream,deployment_alert
SL01664,2026-08-12 16:41:00,DEV041,frontend,ci_cd_alert
SL04015,2026-08-12 16:42:00,DEV481,dev-team,code_review_request
SL04448,2026-08-12 16:43:00,DEV121,project-cognistream,message
SL01504,2026-08-12 16:45:00,DEV118,frontend,mention
SL01147,2026-08-12 16:49:00,DEV489,dev-team,ci_cd_alert
SL00030,2026-08-12 17:02:00,DEV133,data-team,code_review_request
SL01157,2026-08-12 17:07:00,DEV096,project-cognistream,code_review_request
SL02153,2026-08-12 17:08:00,DEV257,project-cognistream,ci_cd_alert
SL03239,2026-08-12 17:11:00,DEV118,project-cognistream,message
SL01335,2026-08-12 17:13:00,DEV126,backend,code_review_request
SL02600,2026-08-12 17:13:00,DEV331,data-team,mention
SL00313,2026-08-12 17:15:00,DEV228,frontend,ci_cd_alert
SL01928,2026-08-12 17:16:00,DEV045,data-team,message
SL03464,2026-08-12 17:27:00,DEV395,frontend,code_review_request
SL03775,2026-08-12 17:28:00,DEV237,engineering,mention
SL03668,2026-08-12 17:30:00,DEV029,engineering,code_review_request
SL02532,2026-08-12 17:36:00,DEV061,engineering,message
SL03833,2026-08-12 17:57:00,DEV378,backend,deployment_alert
SL04043,2026-08-12 18:08:00,DEV340,project-cognistream,mention
SL03767,2026-08-12 18:10:00,DEV488,frontend,deployment_alert
SL04870,2026-08-12 18:19:00,DEV039,dev-team,message
SL04167,2026-08-12 18:24:00,DEV073,frontend,mention
SL02696,2026-08-12 18:29:00,DEV158,engineering,code_review_request
SL02540,2026-08-12 18:30:00,DEV343,frontend,code_review_request
SL01683,2026-08-12 18:31:00,DEV068,project-cognistream,mention
SL03747,2026-08-12 18:43:00,DEV043,data-team,mention
SL04404,2026-08-12 18:49:00,DEV045,frontend,message
SL00041,2026-08-12 18:50:00,DEV032,engineering,message
SL01217,2026-08-12 18:57:00,DEV434,project-cognistream,ci_cd_alert
SL00154,2026-08-12 19:01:00,DEV443,engineering,mention
SL00102,2026-08-12 19:02:00,DEV343,data-team,mention
SL00247,2026-08-12 19:03:00,DEV433,engineering,deployment_alert
SL02878,2026-08-12 19:05:00,DEV252,project-cognistream,ci_cd_alert
SL01693,2026-08-12 19:06:00,DEV423,frontend,deployment_alert
SL04454,2026-08-12 19:08:00,DEV448,dev-team,mention
SL02203,2026-08-12 19:10:00,DEV402,project-cognistream,ci_cd_alert
SL01868,2026-08-12 19:11:00,DEV176,dev-team,message
SL04021,2026-08-12 19:12:00,DEV075,dev-team,ci_cd_alert
SL03687,2026-08-12 19:16:00,DEV476,dev-team,ci_cd_alert
SL03548,2026-08-12 19:26:00,DEV047,dev-team,code_review_request
SL01277,2026-08-12 19:32:00,DEV457,frontend,mention
SL02183,2026-08-12 19:39:00,DEV398,project-cognistream,mention
SL04088,2026-08-12 19:40:00,DEV224,frontend,message
SL04984,2026-08-12 19:41:00,DEV320,frontend,deployment_alert
SL04940,2026-08-12 19:42:00,DEV136,dev-team,deployment_alert
SL04797,2026-08-12 19:54:00,DEV224,project-cognistream,mention
SL04742,2026-08-12 19:55:00,DEV033,backend,code_review_request
SL00853,2026-08-12 19:58:00,DEV203,frontend,ci_cd_alert
SL03055,2026-08-12 19:58:00,DEV020,data-team,mention
SL00043,2026-08-12 20:03:00,DEV441,frontend,message
SL00525,2026-08-12 20:10:00,DEV381,engineering,deployment_alert
SL04694,2026-08-12 20:12:00,DEV123,engineering,code_review_request
SL02945,2026-08-12 20:13:00,DEV416,dev-team,ci_cd_alert
SL03180,2026-08-12 20:18:00,DEV183,backend,deployment_alert
SL02161,2026-08-12 20:19:00,DEV299,backend,deployment_alert
SL00791,2026-08-12 20:28:00,DEV392,data-team,mention
SL03838,2026-08-12 20:29:00,DEV053,engineering,code_review_request
SL01422,2026-08-12 20:32:00,DEV215,frontend,code_review_request
SL04539,2026-08-12 20:32:00,DEV018,engineering,code_review_request
SL03246,2026-08-12 20:33:00,DEV027,project-cognistream,ci_cd_alert
SL03086,2026-08-12 20:39:00,DEV104,engineering,ci_cd_alert
SL01876,2026-08-12 20:40:00,DEV434,data-team,mention
SL02890,2026-08-12 20:40:00,DEV166,backend,ci_cd_alert
SL00456,2026-08-12 20:48:00,DEV241,project-cognistream,code_review_request
SL02757,2026-08-12 20:51:00,DEV356,dev-team,code_review_request
SL02771,2026-08-12 20:53:00,DEV275,backend,code_review_request
SL01429,2026-08-12 20:58:00,DEV018,backend,deployment_alert
SL01155,2026-08-12 21:03:00,DEV439,project-cognistream,deployment_alert
SL00897,2026-08-12 21:05:00,DEV482,frontend,deployment_alert
SL01487,2026-08-12 21:11:00,DEV021,frontend,message
SL02690,2026-08-12 21:12:00,DEV007,frontend,code_review_request
SL03944,2026-08-12 21:25:00,DEV377,engineering,deployment_alert
SL02821,2026-08-12 21:32:00,DEV266,backend,code_review_request
SL02196,2026-08-12 21:33:00,DEV360,engineering,mention
SL00585,2026-08-12 21:36:00,DEV172,dev-team,ci_cd_alert
SL01983,2026-08-12 21:36:00,DEV237,dev-team,mention
SL00206,2026-08-12 21:38:00,DEV309,engineering,deployment_alert
SL01037,2026-08-12 21:40:00,DEV339,backend,code_review_request
SL02457,2026-08-12 21:40:00,DEV113,dev-team,code_review_request
SL03161,2026-08-12 21:41:00,DEV122,engineering,code_review_request
SL03189,2026-08-12 21:41:00,DEV019,dev-team,deployment_alert
SL03537,2026-08-12 21:44:00,DEV236,data-team,deployment_alert
SL04496,2026-08-12 21:46:00,DEV431,backend,mention
SL00426,2026-08-12 21:49:00,DEV496,data-team,code_review_request
SL04854,2026-08-12 21:50:00,DEV331,data-team,code_review_request
SL01357,2026-08-12 21:54:00,DEV496,project-cognistream,deployment_alert
SL03854,2026-08-12 21:54:00,DEV030,project-cognistream,message
SL00535,2026-08-12 22:01:00,DEV120,dev-team,mention
SL01992,2026-08-12 22:05:00,DEV152,backend,code_review_request
SL02344,2026-08-12 22:09:00,DEV206,project-cognistream,deployment_alert
SL00078,2026-08-12 22:11:00,DEV367,data-team,mention
SL04908,2026-08-12 22:11:00,DEV063,project-cognistream,code_review_request
SL01145,2026-08-12 22:16:00,DEV291,project-cognistream,mention
SL03801,2026-08-12 22:16:00,DEV446,engineering,code_review_request
SL03723,2026-08-12 22:19:00,DEV449,frontend,mention
SL01862,2026-08-12 22:22:00,DEV353,frontend,ci_cd_alert
SL04914,2026-08-12 22:22:00,DEV463,backend,ci_cd_alert
SL03139,2026-08-12 22:23:00,DEV471,dev-team,code_review_request
SL04269,2026-08-12 22:23:00,DEV042,engineering,ci_cd_alert
SL04250,2026-08-12 22:24:00,DEV246,backend,ci_cd_alert
SL01679,2026-08-12 22:25:00,DEV023,dev-team,message
SL04451,2026-08-12 22:25:00,DEV292,backend,mention
SL03095,2026-08-12 22:33:00,DEV269,frontend,message
SL00249,2026-08-12 22:37:00,DEV195,data-team,code_review_request
SL02903,2026-08-12 22:44:00,DEV138,frontend,code_review_request
SL04406,2026-08-12 22:45:00,DEV192,dev-team,deployment_alert
SL03156,2026-08-12 22:48:00,DEV172,project-cognistream,code_review_request
SL03339,2026-08-12 23:02:00,DEV225,frontend,ci_cd_alert
SL03789,2026-08-12 23:05:00,DEV100,frontend,ci_cd_alert
SL03312,2026-08-12 23:07:00,DEV019,project-cognistream,mention
SL03881,2026-08-12 23:08:00,DEV050,frontend,ci_cd_alert
SL00758,2026-08-12 23:09:00,DEV219,engineering,ci_cd_alert
SL02121,2026-08-12 23:09:00,DEV275,frontend,message
SL03154,2026-08-12 23:09:00,DEV425,data-team,code_review_request
SL02137,2026-08-12 23:11:00,DEV101,project-cognistream,code_review_request
SL00121,2026-08-12 23:12:00,DEV012,project-cognistream,deployment_alert
SL00704,2026-08-12 23:12:00,DEV109,dev-team,mention
SL01644,2026-08-12 23:14:00,DEV218,backend,deployment_alert
SL04957,2026-08-12 23:19:00,DEV468,engineering,code_review_request
SL03658,2026-08-12 23:20:00,DEV148,backend,message
SL04526,2026-08-12 23:21:00,DEV460,engineering,deployment_alert
SL04798,2026-08-12 23:26:00,DEV254,engineering,message
SL00532,2026-08-12 23:31:00,DEV268,backend,message
SL00740,2026-08-12 23:34:00,DEV154,backend,message
SL02848,2026-08-12 23:36:00,DEV157,engineering,deployment_alert
SL01978,2026-08-12 23:42:00,DEV037,data-team,code_review_request
SL03330,2026-08-12 23:44:00,DEV073,dev-team,code_review_request
SL01942,2026-08-12 23:57:00,DEV221,project-cognistream,ci_cd_alert
SL00685,2026-08-12 23:59:00,DEV330,data-team,mention
SL00139,2026-08-13 00:08:00,DEV362,backend,deployment_alert
SL04431,2026-08-13 00:14:00,DEV490,backend,code_review_request
SL04416,2026-08-13 00:25:00,DEV328,backend,deployment_alert
SL01660,2026-08-13 00:37:00,DEV483,engineering,ci_cd_alert
SL01205,2026-08-13 00:40:00,DEV474,data-team,mention
SL00192,2026-08-13 00:41:00,DEV392,engineering,ci_cd_alert
SL01852,2026-08-13 00:48:00,DEV366,project-cognistream,message
SL03490,2026-08-13 00:51:00,DEV491,project-cognistream,code_review_request
SL01450,2026-08-13 00:56:00,DEV040,engineering,deployment_alert
SL01044,2026-08-13 00:57:00,DEV478,data-team,ci_cd_alert
SL01356,2026-08-13 01:09:00,DEV494,frontend,mention
SL00275,2026-08-13 01:10:00,DEV036,frontend,code_review_request
SL03724,2026-08-13 01:29:00,DEV177,data-team,mention
SL03559,2026-08-13 01:33:00,DEV426,dev-team,ci_cd_alert
SL02114,2026-08-13 01:43:00,DEV104,dev-team,code_review_request
SL03211,2026-08-13 01:50:00,DEV308,dev-team,ci_cd_alert
SL03396,2026-08-13 01:50:00,DEV114,engineering,code_review_request
SL01127,2026-08-13 02:00:00,DEV023,engineering,deployment_alert
SL04175,2026-08-13 02:06:00,DEV110,project-cognistream,mention
SL02090,2026-08-13 02:10:00,DEV399,project-cognistream,ci_cd_alert
SL00864,2026-08-13 02:12:00,DEV313,backend,message
SL01596,2026-08-13 02:12:00,DEV196,project-cognistream,message
SL00643,2026-08-13 02:14:00,DEV239,engineering,ci_cd_alert
SL00556,2026-08-13 02:15:00,DEV301,data-team,deployment_alert
SL04616,2026-08-13 02:15:00,DEV116,frontend,code_review_request
SL01516,2026-08-13 02:19:00,DEV131,frontend,deployment_alert
SL01963,2026-08-13 02:21:00,DEV359,data-team,ci_cd_alert
SL01976,2026-08-13 02:24:00,DEV096,project-cognistream,ci_cd_alert
SL01470,2026-08-13 02:25:00,DEV417,frontend,message
SL00484,2026-08-13 02:26:00,DEV481,project-cognistream,ci_cd_alert
SL00081,2026-08-13 02:28:00,DEV186,dev-team,message
SL02281,2026-08-13 02:34:00,DEV274,engineering,mention
SL00210,2026-08-13 02:39:00,DEV017,backend,mention
SL04695,2026-08-13 02:45:00,DEV164,data-team,code_review_request
SL01856,2026-08-13 02:46:00,DEV194,dev-team,ci_cd_alert
SL02840,2026-08-13 02:53:00,DEV114,frontend,ci_cd_alert
SL01048,2026-08-13 02:57:00,DEV311,backend,deployment_alert
SL03813,2026-08-13 03:03:00,DEV123,project-cognistream,ci_cd_alert
SL03024,2026-08-13 03:04:00,DEV090,project-cognistream,message
SL00066,2026-08-13 03:07:00,DEV031,project-cognistream,mention
SL04458,2026-08-13 03:10:00,DEV297,dev-team,code_review_request
SL01460,2026-08-13 03:22:00,DEV482,frontend,mention
SL03809,2026-08-13 03:24:00,DEV287,dev-team,ci_cd_alert
SL04803,2026-08-13 03:28:00,DEV429,frontend,ci_cd_alert
SL00937,2026-08-13 03:33:00,DEV297,backend,mention
SL01153,2026-08-13 03:38:00,DEV343,dev-team,mention
SL02325,2026-08-13 03:41:00,DEV258,data-team,deployment_alert
SL02792,2026-08-13 03:44:00,DEV175,backend,deployment_alert
SL03990,2026-08-13 03:47:00,DEV247,dev-team,deployment_alert
SL02711,2026-08-13 03:51:00,DEV029,backend,mention
SL04199,2026-08-13 03:54:00,DEV487,frontend,ci_cd_alert
SL00566,2026-08-13 03:59:00,DEV328,data-team,code_review_request
SL03011,2026-08-13 04:02:00,DEV349,dev-team,message
SL03540,2026-08-13 04:04:00,DEV269,engineering,code_review_request
SL03749,2026-08-13 04:04:00,DEV204,frontend,code_review_request
SL03444,2026-08-13 04:05:00,DEV408,data-team,mention
SL03620,2026-08-13 04:05:00,DEV057,engineering,mention
SL04067,2026-08-13 04:05:00,DEV084,frontend,deployment_alert
SL02001,2026-08-13 04:08:00,DEV337,engineering,message
SL04915,2026-08-13 04:08:00,DEV450,engineering,ci_cd_alert
SL04965,2026-08-13 04:15:00,DEV331,dev-team,deployment_alert
SL04204,2026-08-13 04:17:00,DEV032,frontend,mention
SL04999,2026-08-13 04:25:00,DEV098,frontend,mention
SL00328,2026-08-13 04:30:00,DEV254,backend,deployment_alert
SL01339,2026-08-13 04:31:00,DEV386,backend,deployment_alert
SL03880,2026-08-13 04:32:00,DEV213,data-team,mention
SL02806,2026-08-13 04:35:00,DEV136,frontend,ci_cd_alert
SL03220,2026-08-13 04:38:00,DEV443,backend,code_review_request
SL04591,2026-08-13 04:50:00,DEV481,data-team,ci_cd_alert
SL01804,2026-08-13 04:51:00,DEV396,backend,deployment_alert
SL01308,2026-08-13 04:56:00,DEV306,engineering,ci_cd_alert
SL03110,2026-08-13 04:56:00,DEV498,data-team,code_review_request
SL02657,2026-08-13 04:57:00,DEV466,backend,code_review_request
SL01704,2026-08-13 05:05:00,DEV099,dev-team,mention
SL03802,2026-08-13 05:09:00,DEV441,data-team,code_review_request
SL03958,2026-08-13 05:09:00,DEV405,backend,ci_cd_alert
SL03889,2026-08-13 05:16:00,DEV135,backend,ci_cd_alert
SL03575,2026-08-13 05:19:00,DEV393,project-cognistream,code_review_request
SL03447,2026-08-13 05:25:00,DEV130,dev-team,mention
SL02813,2026-08-13 05:32:00,DEV099,frontend,message
SL01444,2026-08-13 05:33:00,DEV370,project-cognistream,code_review_request
SL00541,2026-08-13 05:41:00,DEV107,project-cognistream,mention
SL04236,2026-08-13 05:41:00,DEV382,frontend,ci_cd_alert
SL03324,2026-08-13 05:43:00,DEV432,backend,mention
SL00224,2026-08-13 05:45:00,DEV136,project-cognistream,message
SL02822,2026-08-13 05:45:00,DEV361,engineering,ci_cd_alert
SL03175,2026-08-13 05:47:00,DEV103,frontend,deployment_alert
SL04129,2026-08-13 05:47:00,DEV160,dev-team,code_review_request
SL01399,2026-08-13 05:49:00,DEV489,engineering,deployment_alert
SL02795,2026-08-13 05:58:00,DEV216,data-team,mention
SL03822,2026-08-13 06:03:00,DEV174,dev-team,mention
SL01820,2026-08-13 06:04:00,DEV293,dev-team,ci_cd_alert
SL01040,2026-08-13 06:08:00,DEV300,data-team,message
SL01257,2026-08-13 06:08:00,DEV489,backend,message
SL02284,2026-08-13 06:08:00,DEV028,frontend,ci_cd_alert
SL03397,2026-08-13 06:09:00,DEV499,engineering,code_review_request
SL02076,2026-08-13 06:10:00,DEV300,frontend,ci_cd_alert
SL00382,2026-08-13 06:11:00,DEV339,project-cognistream,deployment_alert
SL03257,2026-08-13 06:12:00,DEV378,engineering,deployment_alert
SL01150,2026-08-13 06:15:00,DEV290,frontend,ci_cd_alert
SL03681,2026-08-13 06:15:00,DEV264,data-team,deployment_alert
SL03199,2026-08-13 06:26:00,DEV082,frontend,message
SL04065,2026-08-13 06:26:00,DEV104,data-team,ci_cd_alert
SL04510,2026-08-13 06:26:00,DEV333,backend,mention
SL00782,2026-08-13 06:28:00,DEV171,engineering,ci_cd_alert
SL03892,2026-08-13 06:42:00,DEV445,backend,message
SL03374,2026-08-13 06:43:00,DEV137,data-team,mention
SL02288,2026-08-13 06:48:00,DEV268,dev-team,message
SL04426,2026-08-13 06:48:00,DEV327,data-team,message
SL01312,2026-08-13 06:49:00,DEV065,frontend,deployment_alert
SL02215,2026-08-13 06:53:00,DEV132,backend,deployment_alert
SL01530,2026-08-13 06:54:00,DEV238,engineering,ci_cd_alert
SL00579,2026-08-13 07:00:00,DEV423,backend,code_review_request
SL01275,2026-08-13 07:02:00,DEV113,backend,message
SL00213,2026-08-13 07:10:00,DEV112,engineering,mention
SL02423,2026-08-13 07:10:00,DEV406,project-cognistream,deployment_alert
SL02311,2026-08-13 07:18:00,DEV388,engineering,code_review_request
SL01477,2026-08-13 07:19:00,DEV302,project-cognistream,message
SL01779,2026-08-13 07:21:00,DEV012,frontend,code_review_request
SL00114,2026-08-13 07:23:00,DEV202,dev-team,code_review_request
SL01080,2026-08-13 07:23:00,DEV135,backend,mention
SL02603,2026-08-13 07:25:00,DEV005,data-team,ci_cd_alert
SL00993,2026-08-13 07:28:00,DEV304,frontend,ci_cd_alert
SL04144,2026-08-13 07:28:00,DEV064,backend,deployment_alert
SL02226,2026-08-13 07:31:00,DEV237,data-team,code_review_request
SL02398,2026-08-13 07:35:00,DEV184,project-cognistream,ci_cd_alert
SL00266,2026-08-13 07:37:00,DEV351,dev-team,ci_cd_alert
SL02122,2026-08-13 07:47:00,DEV046,data-team,code_review_request
SL01045,2026-08-13 07:49:00,DEV378,backend,mention
SL03349,2026-08-13 07:50:00,DEV379,dev-team,deployment_alert
SL01671,2026-08-13 07:51:00,DEV337,frontend,message
SL00182,2026-08-13 07:56:00,DEV128,engineering,ci_cd_alert
SL01915,2026-08-13 08:00:00,DEV025,project-cognistream,deployment_alert
SL04133,2026-08-13 08:02:00,DEV344,engineering,code_review_request
SL00988,2026-08-13 08:07:00,DEV098,project-cognistream,message
SL02996,2026-08-13 08:12:00,DEV050,engineering,code_review_request
SL01699,2026-08-13 08:17:00,DEV437,engineering,message
SL02706,2026-08-13 08:17:00,DEV320,frontend,deployment_alert
SL00269,2026-08-13 08:27:00,DEV043,engineering,ci_cd_alert
SL02808,2026-08-13 08:27:00,DEV257,dev-team,mention
SL03195,2026-08-13 08:28:00,DEV067,data-team,message
SL01525,2026-08-13 08:36:00,DEV097,backend,ci_cd_alert
SL01951,2026-08-13 08:43:00,DEV412,engineering,deployment_alert
SL01954,2026-08-13 08:46:00,DEV115,engineering,deployment_alert
SL00075,2026-08-13 08:53:00,DEV327,engineering,mention
SL04401,2026-08-13 08:55:00,DEV092,backend,message
SL01459,2026-08-13 08:56:00,DEV263,backend,deployment_alert
SL02306,2026-08-13 08:56:00,DEV042,project-cognistream,message
SL04474,2026-08-13 08:57:00,DEV235,project-cognistream,code_review_request
SL02429,2026-08-13 08:59:00,DEV366,project-cognistream,mention
SL02827,2026-08-13 09:18:00,DEV122,backend,code_review_request
SL04102,2026-08-13 09:18:00,DEV382,data-team,message
SL00375,2026-08-13 09:25:00,DEV256,dev-team,message
SL00279,2026-08-13 09:28:00,DEV026,backend,message
SL04114,2026-08-13 09:28:00,DEV374,project-cognistream,mention
SL04493,2026-08-13 09:34:00,DEV337,data-team,deployment_alert
SL00962,2026-08-13 09:41:00,DEV222,dev-team,ci_cd_alert
SL00509,2026-08-13 09:54:00,DEV024,engineering,mention
SL03039,2026-08-13 09:55:00,DEV473,backend,message
SL02638,2026-08-13 09:56:00,DEV303,data-team,message
SL04335,2026-08-13 09:59:00,DEV289,data-team,deployment_alert
SL02264,2026-08-13 10:00:00,DEV285,data-team,message
SL03588,2026-08-13 10:00:00,DEV331,backend,deployment_alert
SL02009,2026-08-13 10:06:00,DEV439,project-cognistream,message
SL00348,2026-08-13 10:10:00,DEV103,dev-team,deployment_alert
SL03550,2026-08-13 10:11:00,DEV290,project-cognistream,ci_cd_alert
SL04181,2026-08-13 10:16:00,DEV406,engineering,deployment_alert
SL04223,2026-08-13 10:20:00,DEV147,frontend,mention
SL00895,2026-08-13 10:24:00,DEV032,dev-team,ci_cd_alert
SL00527,2026-08-13 10:29:00,DEV488,dev-team,ci_cd_alert
SL03943,2026-08-13 10:29:00,DEV358,backend,deployment_alert
SL02279,2026-08-13 10:39:00,DEV413,data-team,deployment_alert
SL04689,2026-08-13 10:41:00,DEV404,dev-team,deployment_alert
SL01545,2026-08-13 10:50:00,DEV197,frontend,mention
SL02818,2026-08-13 10:51:00,DEV272,frontend,code_review_request
SL00080,2026-08-13 10:53:00,DEV096,project-cognistream,message
SL01112,2026-08-13 10:55:00,DEV405,data-team,ci_cd_alert
SL03645,2026-08-13 10:55:00,DEV158,engineering,code_review_request
SL01554,2026-08-13 10:58:00,DEV415,frontend,mention
SL04724,2026-08-13 10:59:00,DEV467,data-team,message
SL02361,2026-08-13 11:03:00,DEV344,dev-team,code_review_request
SL00931,2026-08-13 11:04:00,DEV482,frontend,deployment_alert
SL03891,2026-08-13 11:11:00,DEV431,dev-team,deployment_alert
SL01164,2026-08-13 11:14:00,DEV340,engineering,mention
SL04761,2026-08-13 11:20:00,DEV397,project-cognistream,deployment_alert
SL03734,2026-08-13 11:24:00,DEV460,data-team,message
SL04033,2026-08-13 11:29:00,DEV162,project-cognistream,code_review_request
SL00615,2026-08-13 11:30:00,DEV058,data-team,ci_cd_alert
SL01404,2026-08-13 11:30:00,DEV457,engineering,ci_cd_alert
SL01467,2026-08-13 11:32:00,DEV284,dev-team,code_review_request
SL04772,2026-08-13 11:36:00,DEV498,frontend,deployment_alert
SL03682,2026-08-13 11:38:00,DEV073,frontend,code_review_request
SL05000,2026-08-13 11:38:00,DEV080,engineering,code_review_request
SL03440,2026-08-13 11:40:00,DEV100,dev-team,code_review_request
SL01860,2026-08-13 11:43:00,DEV066,project-cognistream,ci_cd_alert
SL02008,2026-08-13 11:43:00,DEV432,frontend,ci_cd_alert
SL04536,2026-08-13 11:48:00,DEV364,project-cognistream,ci_cd_alert
SL01166,2026-08-13 11:55:00,DEV410,engineering,ci_cd_alert
SL00478,2026-08-13 11:56:00,DEV293,project-cognistream,ci_cd_alert
SL01567,2026-08-13 12:06:00,DEV071,dev-team,deployment_alert
SL04625,2026-08-13 12:06:00,DEV434,frontend,message
SL03549,2026-08-13 12:08:00,DEV051,project-cognistream,ci_cd_alert
SL02887,2026-08-13 12:14:00,DEV122,frontend,deployment_alert
SL03457,2026-08-13 12:26:00,DEV463,dev-team,deployment_alert
SL04026,2026-08-13 12:37:00,DEV193,frontend,ci_cd_alert
SL04788,2026-08-13 12:37:00,DEV310,data-team,ci_cd_alert
SL02528,2026-08-13 12:41:00,DEV224,backend,deployment_alert
SL03781,2026-08-13 12:44:00,DEV109,frontend,ci_cd_alert
SL02317,2026-08-13 12:48:00,DEV270,frontend,deployment_alert
SL01765,2026-08-13 12:51:00,DEV149,frontend,code_review_request
SL00959,2026-08-13 12:52:00,DEV197,engineering,code_review_request
SL03488,2026-08-13 12:53:00,DEV016,data-team,message
SL01073,2026-08-13 12:56:00,DEV157,engineering,mention
SL00604,2026-08-13 13:03:00,DEV329,dev-team,deployment_alert
SL02347,2026-08-13 13:03:00,DEV216,dev-team,code_review_request
SL04485,2026-08-13 13:07:00,DEV441,engineering,code_review_request
SL01053,2026-08-13 13:12:00,DEV146,engineering,mention
SL03985,2026-08-13 13:12:00,DEV371,engineering,code_review_request
SL03450,2026-08-13 13:13:00,DEV188,backend,deployment_alert
SL03716,2026-08-13 13:14:00,DEV486,engineering,mention
SL00026,2026-08-13 13:17:00,DEV218,backend,deployment_alert
SL04846,2026-08-13 13:29:00,DEV442,dev-team,deployment_alert
SL00482,2026-08-13 13:40:00,DEV152,backend,message
SL03414,2026-08-13 13:40:00,DEV421,data-team,message
SL01146,2026-08-13 13:41:00,DEV384,dev-team,deployment_alert
SL01874,2026-08-13 13:44:00,DEV371,dev-team,mention
SL02893,2026-08-13 13:49:00,DEV095,dev-team,ci_cd_alert
SL03483,2026-08-13 13:50:00,DEV028,data-team,message
SL00570,2026-08-13 13:51:00,DEV180,engineering,deployment_alert
SL01204,2026-08-13 13:58:00,DEV018,frontend,deployment_alert
SL03121,2026-08-13 14:02:00,DEV469,backend,message
SL00418,2026-08-13 14:03:00,DEV357,data-team,mention
SL04131,2026-08-13 14:07:00,DEV185,backend,ci_cd_alert
SL03608,2026-08-13 14:08:00,DEV228,backend,deployment_alert
SL03064,2026-08-13 14:19:00,DEV137,engineering,message
SL02466,2026-08-13 14:27:00,DEV131,backend,ci_cd_alert
SL02092,2026-08-13 14:31:00,DEV023,project-cognistream,message
SL02222,2026-08-13 14:35:00,DEV226,engineering,ci_cd_alert
SL03386,2026-08-13 14:40:00,DEV233,engineering,ci_cd_alert
SL01611,2026-08-13 14:42:00,DEV237,backend,ci_cd_alert
SL01715,2026-08-13 14:51:00,DEV343,project-cognistream,mention
SL04633,2026-08-13 14:54:00,DEV347,backend,ci_cd_alert
SL03603,2026-08-13 14:59:00,DEV384,frontend,deployment_alert
SL02950,2026-08-13 15:00:00,DEV418,dev-team,mention
SL01223,2026-08-13 15:01:00,DEV334,data-team,mention
SL01933,2026-08-13 15:06:00,DEV034,data-team,deployment_alert
SL00318,2026-08-13 15:08:00,DEV075,dev-team,code_review_request
SL00126,2026-08-13 15:09:00,DEV153,engineering,ci_cd_alert
SL02507,2026-08-13 15:11:00,DEV161,engineering,ci_cd_alert
SL01017,2026-08-13 15:17:00,DEV202,project-cognistream,deployment_alert
SL02377,2026-08-13 15:17:00,DEV004,data-team,message
SL04209,2026-08-13 15:17:00,DEV425,data-team,mention
SL02581,2026-08-13 15:30:00,DEV185,backend,ci_cd_alert
SL02394,2026-08-13 15:31:00,DEV102,engineering,deployment_alert
SL01677,2026-08-13 15:37:00,DEV231,backend,mention
SL04701,2026-08-13 15:46:00,DEV442,data-team,code_review_request
SL03125,2026-08-13 15:48:00,DEV228,backend,mention
SL01483,2026-08-13 15:51:00,DEV137,backend,message
SL01393,2026-08-13 15:52:00,DEV334,project-cognistream,deployment_alert
SL01698,2026-08-13 16:02:00,DEV490,frontend,message
SL03364,2026-08-13 16:03:00,DEV246,engineering,code_review_request
SL04478,2026-08-13 16:07:00,DEV336,frontend,message
SL01956,2026-08-13 16:08:00,DEV414,data-team,message
SL02066,2026-08-13 16:08:00,DEV017,data-team,code_review_request
SL03656,2026-08-13 16:28:00,DEV277,engineering,mention
SL02329,2026-08-13 16:29:00,DEV064,data-team,mention
SL01528,2026-08-13 16:33:00,DEV276,engineering,mention
SL03479,2026-08-13 16:36:00,DEV454,frontend,message
SL03260,2026-08-13 16:37:00,DEV285,project-cognistream,mention
SL00728,2026-08-13 16:38:00,DEV488,frontend,deployment_alert
SL02583,2026-08-13 16:44:00,DEV077,engineering,message
SL03382,2026-08-13 16:44:00,DEV130,project-cognistream,mention
SL02809,2026-08-13 16:48:00,DEV480,data-team,mention
SL02253,2026-08-13 16:49:00,DEV213,project-cognistream,deployment_alert
SL01893,2026-08-13 16:54:00,DEV262,project-cognistream,code_review_request
SL04324,2026-08-13 16:54:00,DEV170,frontend,deployment_alert
SL02855,2026-08-13 16:55:00,DEV464,project-cognistream,code_review_request
SL04762,2026-08-13 16:59:00,DEV383,backend,mention
SL00295,2026-08-13 17:01:00,DEV231,project-cognistream,message
SL04905,2026-08-13 17:07:00,DEV457,dev-team,ci_cd_alert
SL04436,2026-08-13 17:08:00,DEV492,data-team,mention
SL00130,2026-08-13 17:10:00,DEV064,backend,ci_cd_alert
SL01133,2026-08-13 17:14:00,DEV096,frontend,deployment_alert
SL04422,2026-08-13 17:20:00,DEV085,backend,code_review_request
SL00726,2026-08-13 17:31:00,DEV483,frontend,ci_cd_alert
SL00123,2026-08-13 17:33:00,DEV012,backend,message
SL00650,2026-08-13 17:35:00,DEV407,backend,deployment_alert
SL03717,2026-08-13 17:56:00,DEV108,data-team,message
SL04292,2026-08-13 17:58:00,DEV021,data-team,ci_cd_alert
SL02604,2026-08-13 18:11:00,DEV008,data-team,code_review_request
SL01484,2026-08-13 18:13:00,DEV319,engineering,deployment_alert
SL03840,2026-08-13 18:14:00,DEV249,frontend,deployment_alert
SL02796,2026-08-13 18:15:00,DEV132,project-cognistream,deployment_alert
SL00700,2026-08-13 18:19:00,DEV300,backend,message
SL00785,2026-08-13 18:22:00,DEV158,data-team,message
SL00940,2026-08-13 18:22:00,DEV226,project-cognistream,mention
SL00422,2026-08-13 18:23:00,DEV353,frontend,deployment_alert
SL00686,2026-08-13 18:28:00,DEV143,backend,message
SL00286,2026-08-13 18:29:00,DEV122,backend,code_review_request
SL01733,2026-08-13 18:40:00,DEV326,dev-team,message
SL03743,2026-08-13 18:46:00,DEV374,backend,ci_cd_alert
SL04516,2026-08-13 18:55:00,DEV435,project-cognistream,mention
SL02048,2026-08-13 18:56:00,DEV345,backend,deployment_alert
SL01438,2026-08-13 19:00:00,DEV161,engineering,ci_cd_alert
SL04818,2026-08-13 19:02:00,DEV135,frontend,deployment_alert
SL02334,2026-08-13 19:03:00,DEV459,dev-team,ci_cd_alert
SL02472,2026-08-13 19:04:00,DEV456,dev-team,mention
SL04789,2026-08-13 19:09:00,DEV060,dev-team,code_review_request
SL03043,2026-08-13 19:16:00,DEV319,backend,message
SL00739,2026-08-13 19:21:00,DEV347,backend,mention
SL04969,2026-08-13 19:25:00,DEV476,data-team,deployment_alert
SL01998,2026-08-13 19:28:00,DEV271,engineering,deployment_alert
SL02025,2026-08-13 19:28:00,DEV331,frontend,code_review_request
SL01544,2026-08-13 19:33:00,DEV017,project-cognistream,ci_cd_alert
SL02304,2026-08-13 19:35:00,DEV007,engineering,mention
SL03385,2026-08-13 19:39:00,DEV485,frontend,deployment_alert
SL02478,2026-08-13 19:42:00,DEV015,dev-team,mention
SL01394,2026-08-13 19:46:00,DEV032,data-team,ci_cd_alert
SL00285,2026-08-13 19:48:00,DEV137,frontend,mention
SL00753,2026-08-13 19:51:00,DEV486,engineering,mention
SL03356,2026-08-13 19:54:00,DEV412,frontend,message
SL04174,2026-08-13 19:57:00,DEV386,backend,ci_cd_alert
SL00794,2026-08-13 19:58:00,DEV178,backend,message
SL02929,2026-08-13 19:59:00,DEV467,dev-team,mention
SL00431,2026-08-13 20:00:00,DEV493,backend,ci_cd_alert
SL02287,2026-08-13 20:04:00,DEV225,backend,message
SL00975,2026-08-13 20:05:00,DEV466,backend,message
SL04124,2026-08-13 20:05:00,DEV239,project-cognistream,message
SL01433,2026-08-13 20:10:00,DEV140,data-team,message
SL00597,2026-08-13 20:13:00,DEV028,project-cognistream,ci_cd_alert
SL03901,2026-08-13 20:19:00,DEV383,backend,mention
SL01241,2026-08-13 20:21:00,DEV284,data-team,code_review_request
SL00511,2026-08-13 20:31:00,DEV116,frontend,ci_cd_alert
SL03996,2026-08-13 20:31:00,DEV447,backend,message
SL02305,2026-08-13 20:33:00,DEV171,engineering,message
SL03938,2026-08-13 20:37:00,DEV389,dev-team,code_review_request
SL01879,2026-08-13 20:41:00,DEV301,project-cognistream,ci_cd_alert
SL02549,2026-08-13 20:41:00,DEV492,engineering,code_review_request
SL01590,2026-08-13 20:44:00,DEV490,engineering,ci_cd_alert
SL01639,2026-08-13 20:45:00,DEV323,backend,ci_cd_alert
SL00453,2026-08-13 20:54:00,DEV223,dev-team,message
SL04611,2026-08-13 20:58:00,DEV260,dev-team,code_review_request
SL00908,2026-08-13 21:02:00,DEV012,dev-team,mention
SL01220,2026-08-13 21:05:00,DEV053,dev-team,message
SL01535,2026-08-13 21:13:00,DEV438,engineering,code_review_request
SL03366,2026-08-13 21:18:00,DEV143,frontend,deployment_alert
SL04643,2026-08-13 21:19:00,DEV052,backend,deployment_alert
SL03732,2026-08-13 21:21:00,DEV398,project-cognistream,code_review_request
SL02825,2026-08-13 21:23:00,DEV042,frontend,mention
SL02718,2026-08-13 21:35:00,DEV309,engineering,deployment_alert
SL03378,2026-08-13 21:41:00,DEV230,engineering,deployment_alert
SL00847,2026-08-13 21:44:00,DEV005,project-cognistream,code_review_request
SL00803,2026-08-13 21:47:00,DEV213,backend,message
SL00170,2026-08-13 21:49:00,DEV301,frontend,code_review_request
SL00361,2026-08-13 21:56:00,DEV359,frontend,deployment_alert
SL01015,2026-08-13 21:58:00,DEV465,engineering,code_review_request
SL02485,2026-08-13 21:58:00,DEV404,backend,deployment_alert
SL00428,2026-08-13 21:59:00,DEV421,data-team,message
SL02493,2026-08-13 22:00:00,DEV008,engineering,code_review_request
SL01688,2026-08-13 22:01:00,DEV074,backend,ci_cd_alert
SL03610,2026-08-13 22:02:00,DEV194,backend,mention
SL01620,2026-08-13 22:08:00,DEV159,dev-team,mention
SL02181,2026-08-13 22:08:00,DEV059,data-team,deployment_alert
SL03435,2026-08-13 22:15:00,DEV360,dev-team,mention
SL02036,2026-08-13 22:17:00,DEV407,project-cognistream,deployment_alert
SL03616,2026-08-13 22:17:00,DEV357,engineering,ci_cd_alert
SL02244,2026-08-13 22:21:00,DEV364,frontend,message
SL00896,2026-08-13 22:25:00,DEV069,engineering,mention
SL01920,2026-08-13 22:32:00,DEV324,backend,ci_cd_alert
SL02801,2026-08-13 22:36:00,DEV436,backend,ci_cd_alert
SL02198,2026-08-13 22:39:00,DEV306,frontend,code_review_request
SL03874,2026-08-13 22:47:00,DEV014,project-cognistream,message
SL00945,2026-08-13 22:50:00,DEV397,backend,deployment_alert
SL01190,2026-08-13 23:08:00,DEV298,frontend,ci_cd_alert
SL03077,2026-08-13 23:08:00,DEV128,project-cognistream,mention
SL01242,2026-08-13 23:11:00,DEV415,engineering,message
SL03171,2026-08-13 23:14:00,DEV196,data-team,ci_cd_alert
SL00922,2026-08-13 23:17:00,DEV347,project-cognistream,ci_cd_alert
SL00725,2026-08-13 23:19:00,DEV322,backend,ci_cd_alert
SL03293,2026-08-13 23:24:00,DEV332,data-team,mention
SL03159,2026-08-13 23:27:00,DEV190,backend,ci_cd_alert
SL01192,2026-08-14 00:01:00,DEV480,data-team,code_review_request
SL03864,2026-08-14 00:03:00,DEV339,data-team,ci_cd_alert
SL02440,2026-08-14 00:04:00,DEV010,backend,message
SL00656,2026-08-14 00:06:00,DEV194,engineering,deployment_alert
SL01135,2026-08-14 00:09:00,DEV488,data-team,ci_cd_alert
SL04048,2026-08-14 00:09:00,DEV406,engineering,message
SL03999,2026-08-14 00:10:00,DEV355,data-team,message
SL02336,2026-08-14 00:16:00,DEV180,project-cognistream,message
SL00967,2026-08-14 00:21:00,DEV283,dev-team,message
SL01395,2026-08-14 00:22:00,DEV243,project-cognistream,mention
SL03779,2026-08-14 00:28:00,DEV321,data-team,ci_cd_alert
SL04780,2026-08-14 00:29:00,DEV071,engineering,mention
SL01652,2026-08-14 00:33:00,DEV147,frontend,code_review_request
SL00094,2026-08-14 00:44:00,DEV428,project-cognistream,mention
SL00147,2026-08-14 00:45:00,DEV161,project-cognistream,deployment_alert
SL02328,2026-08-14 00:45:00,DEV288,backend,message
SL02072,2026-08-14 00:48:00,DEV341,project-cognistream,deployment_alert
SL00712,2026-08-14 00:51:00,DEV322,project-cognistream,deployment_alert
SL01749,2026-08-14 01:07:00,DEV355,data-team,ci_cd_alert
SL01042,2026-08-14 01:14:00,DEV124,data-team,code_review_request
SL02574,2026-08-14 01:20:00,DEV291,dev-team,ci_cd_alert
SL03647,2026-08-14 01:29:00,DEV323,dev-team,mention
SL00516,2026-08-14 01:36:00,DEV356,data-team,deployment_alert
SL01878,2026-08-14 01:37:00,DEV302,backend,mention
SL02717,2026-08-14 01:39:00,DEV086,frontend,mention
SL01616,2026-08-14 01:42:00,DEV234,project-cognistream,deployment_alert
SL02360,2026-08-14 01:44:00,DEV080,data-team,deployment_alert
SL00305,2026-08-14 01:46:00,DEV449,dev-team,code_review_request
SL04690,2026-08-14 01:51:00,DEV220,data-team,ci_cd_alert
SL03091,2026-08-14 01:58:00,DEV220,data-team,message
SL02624,2026-08-14 02:08:00,DEV406,project-cognistream,ci_cd_alert
SL00357,2026-08-14 02:11:00,DEV237,data-team,deployment_alert
SL01912,2026-08-14 02:12:00,DEV335,engineering,mention
SL03014,2026-08-14 02:15:00,DEV015,backend,deployment_alert
SL04281,2026-08-14 02:18:00,DEV391,project-cognistream,mention
SL02944,2026-08-14 02:27:00,DEV160,backend,deployment_alert
SL00542,2026-08-14 02:31:00,DEV245,project-cognistream,deployment_alert
SL00199,2026-08-14 02:33:00,DEV385,data-team,code_review_request
SL01736,2026-08-14 02:47:00,DEV249,frontend,deployment_alert
SL03395,2026-08-14 02:53:00,DEV438,engineering,mention
SL02861,2026-08-14 02:58:00,DEV292,backend,deployment_alert
SL02019,2026-08-14 03:07:00,DEV286,frontend,deployment_alert
SL03760,2026-08-14 03:21:00,DEV449,engineering,code_review_request
SL00327,2026-08-14 03:23:00,DEV318,frontend,deployment_alert
SL01333,2026-08-14 03:25:00,DEV183,engineering,code_review_request
SL02358,2026-08-14 03:25:00,DEV377,dev-team,deployment_alert
SL03325,2026-08-14 03:25:00,DEV475,backend,code_review_request
SL03204,2026-08-14 03:31:00,DEV366,data-team,mention
SL04890,2026-08-14 03:32:00,DEV278,data-team,mention
SL03631,2026-08-14 03:33:00,DEV120,data-team,ci_cd_alert
SL00701,2026-08-14 03:43:00,DEV387,project-cognistream,ci_cd_alert
SL03216,2026-08-14 03:50:00,DEV159,project-cognistream,message
SL00720,2026-08-14 03:52:00,DEV213,dev-team,deployment_alert
SL02396,2026-08-14 03:54:00,DEV337,dev-team,deployment_alert
SL01513,2026-08-14 04:04:00,DEV082,backend,deployment_alert
SL02590,2026-08-14 04:14:00,DEV132,dev-team,mention
SL04722,2026-08-14 04:41:00,DEV391,data-team,mention
SL01391,2026-08-14 04:46:00,DEV049,frontend,deployment_alert
SL02656,2026-08-14 04:46:00,DEV194,dev-team,ci_cd_alert
SL00442,2026-08-14 04:57:00,DEV193,backend,mention
SL04313,2026-08-14 04:57:00,DEV376,frontend,deployment_alert
SL04231,2026-08-14 05:07:00,DEV349,engineering,message
SL04018,2026-08-14 05:08:00,DEV285,dev-team,ci_cd_alert
SL04817,2026-08-14 05:15:00,DEV418,engineering,mention
SL03358,2026-08-14 05:18:00,DEV498,engineering,message
SL02947,2026-08-14 05:21:00,DEV252,frontend,code_review_request
SL04303,2026-08-14 05:21:00,DEV301,data-team,deployment_alert
SL02064,2026-08-14 05:24:00,DEV165,backend,ci_cd_alert
SL00576,2026-08-14 05:25:00,DEV353,project-cognistream,mention
SL03872,2026-08-14 05:25:00,DEV318,data-team,message
SL04356,2026-08-14 05:25:00,DEV057,backend,message
SL01497,2026-08-14 05:29:00,DEV385,backend,message
SL03201,2026-08-14 05:38:00,DEV195,project-cognistream,ci_cd_alert
SL00370,2026-08-14 05:42:00,DEV429,project-cognistream,code_review_request
SL01864,2026-08-14 05:42:00,DEV314,dev-team,deployment_alert
SL04354,2026-08-14 05:53:00,DEV457,data-team,deployment_alert
SL04047,2026-08-14 05:56:00,DEV495,dev-team,ci_cd_alert
SL01138,2026-08-14 06:07:00,DEV358,dev-team,message
SL03581,2026-08-14 06:07:00,DEV074,data-team,ci_cd_alert
SL00670,2026-08-14 06:08:00,DEV007,project-cognistream,code_review_request
SL00457,2026-08-14 06:11:00,DEV182,engineering,ci_cd_alert
SL00736,2026-08-14 06:33:00,DEV414,backend,ci_cd_alert
SL01458,2026-08-14 06:34:00,DEV293,project-cognistream,deployment_alert
SL02138,2026-08-14 06:37:00,DEV277,dev-team,mention
SL00741,2026-08-14 06:41:00,DEV023,data-team,message
SL03685,2026-08-14 06:42:00,DEV153,backend,mention
SL04793,2026-08-14 06:44:00,DEV338,project-cognistream,ci_cd_alert
SL04149,2026-08-14 06:45:00,DEV447,backend,message
SL02564,2026-08-14 06:47:00,DEV265,backend,mention
SL00298,2026-08-14 06:51:00,DEV388,data-team,deployment_alert
SL02269,2026-08-14 06:52:00,DEV190,data-team,mention
SL02817,2026-08-14 06:56:00,DEV483,project-cognistream,mention
SL01690,2026-08-14 06:58:00,DEV085,dev-team,ci_cd_alert
SL01211,2026-08-14 06:59:00,DEV205,data-team,deployment_alert
SL03857,2026-08-14 07:04:00,DEV241,data-team,message
SL01294,2026-08-14 07:10:00,DEV132,dev-team,code_review_request
SL01309,2026-08-14 07:12:00,DEV374,project-cognistream,message
SL02063,2026-08-14 07:15:00,DEV127,backend,deployment_alert
SL02171,2026-08-14 07:20:00,DEV321,backend,ci_cd_alert
SL02115,2026-08-14 07:21:00,DEV204,backend,ci_cd_alert
SL02952,2026-08-14 07:28:00,DEV018,frontend,deployment_alert
SL01158,2026-08-14 07:29:00,DEV475,frontend,message
SL03504,2026-08-14 07:29:00,DEV247,project-cognistream,message
SL03038,2026-08-14 07:34:00,DEV380,dev-team,ci_cd_alert
SL03229,2026-08-14 07:43:00,DEV217,engineering,code_review_request
SL04408,2026-08-14 07:47:00,DEV256,backend,code_review_request
SL00589,2026-08-14 08:02:00,DEV195,engineering,message
SL00977,2026-08-14 08:02:00,DEV314,engineering,deployment_alert
SL03265,2026-08-14 08:02:00,DEV226,data-team,code_review_request
SL00315,2026-08-14 08:05:00,DEV138,dev-team,ci_cd_alert
SL01799,2026-08-14 08:07:00,DEV259,backend,mention
SL03023,2026-08-14 08:09:00,DEV468,data-team,code_review_request
SL03407,2026-08-14 08:16:00,DEV492,engineering,mention
SL00810,2026-08-14 08:17:00,DEV305,dev-team,deployment_alert
SL01012,2026-08-14 08:17:00,DEV317,frontend,deployment_alert
SL03316,2026-08-14 08:20:00,DEV106,project-cognistream,message
SL02907,2026-08-14 08:21:00,DEV330,project-cognistream,mention
SL03090,2026-08-14 08:26:00,DEV127,engineering,code_review_request
SL01313,2026-08-14 08:28:00,DEV184,data-team,message
SL03214,2026-08-14 08:37:00,DEV460,engineering,code_review_request
SL00583,2026-08-14 08:42:00,DEV220,project-cognistream,message
SL04374,2026-08-14 08:45:00,DEV099,dev-team,deployment_alert
SL04491,2026-08-14 08:55:00,DEV235,dev-team,mention
SL00687,2026-08-14 08:59:00,DEV165,project-cognistream,ci_cd_alert
SL04660,2026-08-14 09:00:00,DEV080,frontend,ci_cd_alert
SL02013,2026-08-14 09:01:00,DEV248,dev-team,ci_cd_alert
SL01667,2026-08-14 09:03:00,DEV211,project-cognistream,message
SL04486,2026-08-14 09:03:00,DEV448,dev-team,ci_cd_alert
SL01631,2026-08-14 09:08:00,DEV481,dev-team,code_review_request
SL00598,2026-08-14 09:14:00,DEV491,frontend,ci_cd_alert
SL00544,2026-08-14 09:18:00,DEV398,data-team,deployment_alert
SL01685,2026-08-14 09:19:00,DEV330,project-cognistream,code_review_request
SL04840,2026-08-14 09:19:00,DEV390,frontend,code_review_request
SL02054,2026-08-14 09:20:00,DEV077,project-cognistream,deployment_alert
SL03470,2026-08-14 09:23:00,DEV059,engineering,mention
SL04929,2026-08-14 09:31:00,DEV164,backend,message
SL01140,2026-08-14 09:35:00,DEV431,engineering,deployment_alert
SL02888,2026-08-14 09:36:00,DEV167,project-cognistream,mention
SL02905,2026-08-14 09:44:00,DEV017,engineering,message
SL00889,2026-08-14 09:45:00,DEV226,dev-team,ci_cd_alert
SL03127,2026-08-14 10:05:00,DEV036,engineering,ci_cd_alert
SL00546,2026-08-14 10:06:00,DEV156,frontend,deployment_alert
SL03207,2026-08-14 10:12:00,DEV018,data-team,deployment_alert
SL04530,2026-08-14 10:21:00,DEV249,data-team,ci_cd_alert
SL04681,2026-08-14 10:21:00,DEV026,frontend,deployment_alert
SL01008,2026-08-14 10:22:00,DEV185,frontend,ci_cd_alert
SL00825,2026-08-14 10:27:00,DEV255,engineering,code_review_request
SL00025,2026-08-14 10:31:00,DEV414,project-cognistream,message
SL02667,2026-08-14 10:38:00,DEV410,frontend,ci_cd_alert
SL03456,2026-08-14 10:45:00,DEV369,engineering,message
SL04395,2026-08-14 10:50:00,DEV252,frontend,code_review_request
SL02363,2026-08-14 10:54:00,DEV256,dev-team,ci_cd_alert
SL01719,2026-08-14 10:57:00,DEV064,backend,ci_cd_alert
SL00536,2026-08-14 11:01:00,DEV213,data-team,message
SL00062,2026-08-14 11:04:00,DEV037,dev-team,deployment_alert
SL00010,2026-08-14 11:06:00,DEV094,backend,message
SL01373,2026-08-14 11:14:00,DEV135,data-team,ci_cd_alert
SL04023,2026-08-14 11:19:00,DEV003,data-team,message
SL00829,2026-08-14 11:24:00,DEV252,backend,ci_cd_alert
SL01169,2026-08-14 11:25:00,DEV045,project-cognistream,code_review_request
SL04766,2026-08-14 11:26:00,DEV070,backend,mention
SL00259,2026-08-14 11:32:00,DEV418,frontend,message
SL03190,2026-08-14 11:36:00,DEV421,backend,deployment_alert
SL03497,2026-08-14 11:42:00,DEV230,engineering,ci_cd_alert
SL04433,2026-08-14 11:48:00,DEV363,backend,message
SL02447,2026-08-14 11:54:00,DEV073,data-team,ci_cd_alert
SL04115,2026-08-14 11:55:00,DEV233,dev-team,code_review_request
SL03598,2026-08-14 11:59:00,DEV211,data-team,message
SL03368,2026-08-14 12:00:00,DEV341,data-team,message
SL01823,2026-08-14 12:04:00,DEV263,engineering,ci_cd_alert
SL00748,2026-08-14 12:07:00,DEV321,data-team,deployment_alert
SL00903,2026-08-14 12:07:00,DEV303,project-cognistream,mention
SL00202,2026-08-14 12:08:00,DEV185,data-team,deployment_alert
SL02904,2026-08-14 12:10:00,DEV356,backend,deployment_alert
SL00390,2026-08-14 12:15:00,DEV277,engineering,ci_cd_alert
SL02646,2026-08-14 12:22:00,DEV276,engineering,code_review_request
SL03078,2026-08-14 12:23:00,DEV342,data-team,code_review_request
SL02243,2026-08-14 12:24:00,DEV366,data-team,code_review_request
SL01771,2026-08-14 12:31:00,DEV251,frontend,ci_cd_alert
SL00277,2026-08-14 12:36:00,DEV449,engineering,code_review_request
SL01137,2026-08-14 12:37:00,DEV422,data-team,deployment_alert
SL00381,2026-08-14 12:39:00,DEV238,data-team,message
SL00383,2026-08-14 12:39:00,DEV185,engineering,mention
SL04034,2026-08-14 12:40:00,DEV261,engineering,code_review_request
SL03793,2026-08-14 12:49:00,DEV029,project-cognistream,message
SL03209,2026-08-14 12:50:00,DEV416,project-cognistream,ci_cd_alert
SL01521,2026-08-14 12:52:00,DEV168,data-team,message
SL02058,2026-08-14 12:55:00,DEV023,dev-team,mention
SL02881,2026-08-14 12:55:00,DEV252,backend,mention
SL03219,2026-08-14 13:03:00,DEV395,frontend,deployment_alert
SL03292,2026-08-14 13:03:00,DEV070,dev-team,deployment_alert
SL01907,2026-08-14 13:06:00,DEV080,dev-team,ci_cd_alert
SL01246,2026-08-14 13:07:00,DEV188,backend,deployment_alert
SL00044,2026-08-14 13:10:00,DEV177,project-cognistream,mention
SL00827,2026-08-14 13:11:00,DEV153,frontend,mention
SL04402,2026-08-14 13:15:00,DEV451,project-cognistream,mention
SL01152,2026-08-14 13:17:00,DEV087,project-cognistream,code_review_request
SL01289,2026-08-14 13:18:00,DEV333,engineering,mention
SL04190,2026-08-14 13:27:00,DEV486,dev-team,code_review_request
SL00958,2026-08-14 13:28:00,DEV443,backend,mention
SL01371,2026-08-14 13:29:00,DEV056,engineering,message
SL02179,2026-08-14 13:33:00,DEV074,data-team,mention
SL02868,2026-08-14 13:34:00,DEV283,engineering,message
SL04265,2026-08-14 13:36:00,DEV162,dev-team,deployment_alert
SL03166,2026-08-14 13:37:00,DEV266,dev-team,message
SL03574,2026-08-14 13:50:00,DEV348,dev-team,deployment_alert
SL00234,2026-08-14 13:53:00,DEV413,project-cognistream,code_review_request
SL02420,2026-08-14 13:53:00,DEV145,data-team,code_review_request
SL03522,2026-08-14 13:55:00,DEV184,engineering,message
SL00749,2026-08-14 13:59:00,DEV237,backend,ci_cd_alert
SL04456,2026-08-14 14:03:00,DEV491,dev-team,code_review_request
SL04037,2026-08-14 14:12:00,DEV388,backend,code_review_request
SL00692,2026-08-14 14:26:00,DEV271,project-cognistream,ci_cd_alert
SL02479,2026-08-14 14:29:00,DEV145,backend,deployment_alert
SL02098,2026-08-14 14:33:00,DEV068,engineering,code_review_request
SL01290,2026-08-14 14:36:00,DEV302,backend,code_review_request
SL02819,2026-08-14 14:39:00,DEV194,data-team,message
SL03828,2026-08-14 14:39:00,DEV206,data-team,mention
SL04614,2026-08-14 14:39:00,DEV447,project-cognistream,mention
SL01553,2026-08-14 14:40:00,DEV062,backend,deployment_alert
SL00673,2026-08-14 14:56:00,DEV370,dev-team,code_review_request
SL00929,2026-08-14 15:00:00,DEV213,project-cognistream,mention
SL04574,2026-08-14 15:02:00,DEV103,engineering,message
SL03342,2026-08-14 15:07:00,DEV078,data-team,deployment_alert
SL01446,2026-08-14 15:11:00,DEV237,engineering,deployment_alert
SL03267,2026-08-14 15:11:00,DEV309,frontend,deployment_alert
SL01973,2026-08-14 15:13:00,DEV079,dev-team,ci_cd_alert
SL00743,2026-08-14 15:21:00,DEV050,data-team,ci_cd_alert
SL01221,2026-08-14 15:25:00,DEV197,backend,code_review_request
SL00300,2026-08-14 15:35:00,DEV016,dev-team,deployment_alert
SL00821,2026-08-14 15:38:00,DEV277,engineering,mention
SL04360,2026-08-14 15:39:00,DEV259,dev-team,ci_cd_alert
SL01931,2026-08-14 15:43:00,DEV086,project-cognistream,deployment_alert
SL00690,2026-08-14 15:45:00,DEV177,data-team,message
SL00245,2026-08-14 15:55:00,DEV343,dev-team,code_review_request
SL00534,2026-08-14 16:00:00,DEV162,engineering,ci_cd_alert
SL02341,2026-08-14 16:00:00,DEV199,dev-team,message
SL00565,2026-08-14 16:12:00,DEV204,engineering,ci_cd_alert
SL04063,2026-08-14 16:12:00,DEV015,engineering,mention
SL04100,2026-08-14 16:13:00,DEV181,dev-team,message
SL00917,2026-08-14 16:14:00,DEV268,project-cognistream,mention
SL00449,2026-08-14 16:17:00,DEV203,frontend,code_review_request
SL02714,2026-08-14 16:19:00,DEV300,engineering,deployment_alert
SL01538,2026-08-14 16:21:00,DEV174,data-team,code_review_request
SL00851,2026-08-14 16:36:00,DEV313,dev-team,message
SL02503,2026-08-14 16:36:00,DEV410,frontend,ci_cd_alert
SL03665,2026-08-14 16:40:00,DEV421,dev-team,message
SL00989,2026-08-14 16:43:00,DEV358,project-cognistream,ci_cd_alert
SL03947,2026-08-14 16:44:00,DEV306,engineering,message
SL00584,2026-08-14 16:45:00,DEV343,frontend,mention
SL00359,2026-08-14 16:50:00,DEV384,data-team,deployment_alert
SL04051,2026-08-14 16:50:00,DEV212,engineering,deployment_alert
SL02433,2026-08-14 17:02:00,DEV199,project-cognistream,deployment_alert
SL03818,2026-08-14 17:16:00,DEV462,project-cognistream,deployment_alert
SL02042,2026-08-14 17:19:00,DEV439,dev-team,code_review_request
SL02125,2026-08-14 17:22:00,DEV326,dev-team,message
SL01905,2026-08-14 17:23:00,DEV435,dev-team,message
SL04069,2026-08-14 17:23:00,DEV456,backend,deployment_alert
SL03812,2026-08-14 17:26:00,DEV111,dev-team,message
SL01746,2026-08-14 17:29:00,DEV143,data-team,message
SL02744,2026-08-14 17:29:00,DEV299,dev-team,deployment_alert
SL01243,2026-08-14 17:33:00,DEV090,frontend,code_review_request
SL01602,2026-08-14 17:36:00,DEV268,backend,message
SL01890,2026-08-14 17:44:00,DEV113,backend,ci_cd_alert
SL01317,2026-08-14 17:48:00,DEV233,backend,deployment_alert
SL02666,2026-08-14 18:05:00,DEV312,project-cognistream,message
SL01490,2026-08-14 18:10:00,DEV313,data-team,message
SL04317,2026-08-14 18:13:00,DEV358,dev-team,deployment_alert
SL01245,2026-08-14 18:14:00,DEV496,frontend,ci_cd_alert
SL01764,2026-08-14 18:22:00,DEV444,project-cognistream,deployment_alert
SL01891,2026-08-14 18:26:00,DEV128,data-team,deployment_alert
SL04951,2026-08-14 18:27:00,DEV413,dev-team,mention
SL04938,2026-08-14 18:30:00,DEV273,project-cognistream,mention
SL01488,2026-08-14 18:32:00,DEV186,engineering,code_review_request
SL03903,2026-08-14 18:36:00,DEV147,engineering,code_review_request
SL02390,2026-08-14 18:37:00,DEV153,data-team,deployment_alert
SL00812,2026-08-14 18:39:00,DEV309,project-cognistream,ci_cd_alert
SL02799,2026-08-14 18:48:00,DEV313,dev-team,mention
SL04274,2026-08-14 18:57:00,DEV288,backend,message
SL01817,2026-08-14 18:58:00,DEV047,frontend,mention
SL04289,2026-08-14 19:05:00,DEV215,frontend,message
SL01148,2026-08-14 19:08:00,DEV378,project-cognistream,ci_cd_alert
SL02606,2026-08-14 19:09:00,DEV459,dev-team,ci_cd_alert
SL00163,2026-08-14 19:12:00,DEV470,frontend,ci_cd_alert
SL00963,2026-08-14 19:23:00,DEV253,engineering,ci_cd_alert
SL04099,2026-08-14 19:24:00,DEV093,dev-team,code_review_request
SL04515,2026-08-14 19:26:00,DEV423,engineering,code_review_request
SL02059,2026-08-14 19:31:00,DEV020,engineering,message
SL02974,2026-08-14 19:33:00,DEV161,dev-team,code_review_request
SL02412,2026-08-14 19:37:00,DEV338,frontend,code_review_request
SL04094,2026-08-14 19:39:00,DEV291,data-team,ci_cd_alert
SL01032,2026-08-14 19:46:00,DEV090,engineering,ci_cd_alert
SL04663,2026-08-14 19:52:00,DEV283,data-team,message
SL00159,2026-08-14 19:56:00,DEV035,engineering,mention
SL00665,2026-08-14 20:17:00,DEV066,engineering,message
SL03169,2026-08-14 20:20:00,DEV354,engineering,message
SL04807,2026-08-14 20:22:00,DEV023,dev-team,ci_cd_alert
SL01939,2026-08-14 20:33:00,DEV112,engineering,code_review_request
SL02586,2026-08-14 20:37:00,DEV363,project-cognistream,code_review_request
SL03388,2026-08-14 20:39:00,DEV211,frontend,ci_cd_alert
SL02237,2026-08-14 20:45:00,DEV222,engineering,mention
SL02376,2026-08-14 20:51:00,DEV169,project-cognistream,mention
SL04928,2026-08-14 20:54:00,DEV386,dev-team,deployment_alert
SL03283,2026-08-14 20:59:00,DEV185,backend,ci_cd_alert
SL01613,2026-08-14 21:06:00,DEV499,project-cognistream,code_review_request
SL02434,2026-08-14 21:07:00,DEV032,backend,message
SL04213,2026-08-14 21:17:00,DEV469,dev-team,mention
SL03116,2026-08-14 21:23:00,DEV158,backend,code_review_request
SL04465,2026-08-14 21:35:00,DEV465,data-team,message
SL01351,2026-08-14 21:40:00,DEV416,dev-team,mention
SL01904,2026-08-14 21:53:00,DEV107,frontend,deployment_alert
SL02194,2026-08-14 21:54:00,DEV162,data-team,mention
SL01945,2026-08-14 21:55:00,DEV200,backend,code_review_request
SL03227,2026-08-14 22:00:00,DEV040,backend,deployment_alert
SL02354,2026-08-14 22:07:00,DEV441,dev-team,message
SL00388,2026-08-14 22:08:00,DEV110,data-team,code_review_request
SL00778,2026-08-14 22:08:00,DEV365,frontend,deployment_alert
SL03705,2026-08-14 22:15:00,DEV307,dev-team,ci_cd_alert
SL01288,2026-08-14 22:19:00,DEV012,frontend,ci_cd_alert
SL02002,2026-08-14 22:20:00,DEV165,frontend,code_review_request
SL01842,2026-08-14 22:22:00,DEV159,engineering,deployment_alert
SL04966,2026-08-14 22:23:00,DEV435,project-cognistream,deployment_alert
SL03862,2026-08-14 22:24:00,DEV087,backend,deployment_alert
SL01194,2026-08-14 22:27:00,DEV419,data-team,ci_cd_alert
SL03285,2026-08-14 22:27:00,DEV006,frontend,message
SL03666,2026-08-14 22:36:00,DEV109,project-cognistream,mention
SL01029,2026-08-14 22:37:00,DEV372,project-cognistream,message
SL00771,2026-08-14 22:42:00,DEV018,dev-team,mention
SL00642,2026-08-14 22:44:00,DEV392,frontend,code_review_request
SL00339,2026-08-14 22:57:00,DEV209,project-cognistream,ci_cd_alert
SL00702,2026-08-14 23:05:00,DEV088,project-cognistream,message
SL00156,2026-08-14 23:07:00,DEV070,frontend,ci_cd_alert
SL01050,2026-08-14 23:07:00,DEV269,project-cognistream,code_review_request
SL02662,2026-08-14 23:10:00,DEV034,project-cognistream,ci_cd_alert
SL03429,2026-08-14 23:11:00,DEV440,engineering,message
SL03955,2026-08-14 23:11:00,DEV471,data-team,deployment_alert
SL02370,2026-08-14 23:24:00,DEV356,dev-team,mention
SL04096,2026-08-14 23:25:00,DEV403,backend,ci_cd_alert
SL04185,2026-08-14 23:30:00,DEV357,dev-team,mention
SL02380,2026-08-14 23:32:00,DEV241,engineering,mention
SL04417,2026-08-14 23:41:00,DEV210,frontend,ci_cd_alert
SL02091,2026-08-14 23:43:00,DEV221,data-team,message
SL04726,2026-08-14 23:58:00,DEV442,project-cognistream,mention
SL04813,2026-08-15 00:03:00,DEV167,engineering,deployment_alert
SL02849,2026-08-15 00:13:00,DEV259,backend,mention
SL00560,2026-08-15 00:26:00,DEV243,frontend,deployment_alert
SL01989,2026-08-15 00:28:00,DEV377,data-team,deployment_alert
SL02700,2026-08-15 00:41:00,DEV008,backend,message
SL02299,2026-08-15 00:46:00,DEV095,dev-team,deployment_alert
SL04240,2026-08-15 00:47:00,DEV335,frontend,message
SL02683,2026-08-15 01:00:00,DEV236,dev-team,code_review_request
SL03418,2026-08-15 01:00:00,DEV497,project-cognistream,ci_cd_alert
SL02060,2026-08-15 01:01:00,DEV045,dev-team,code_review_request
SL03697,2026-08-15 01:10:00,DEV355,engineering,code_review_request
SL00693,2026-08-15 01:15:00,DEV156,data-team,message
SL00592,2026-08-15 01:17:00,DEV331,frontend,message
SL02050,2026-08-15 01:21:00,DEV096,backend,ci_cd_alert
SL03345,2026-08-15 01:24:00,DEV279,engineering,code_review_request
SL04884,2026-08-15 01:33:00,DEV251,project-cognistream,mention
SL01463,2026-08-15 01:35:00,DEV096,data-team,message
SL00270,2026-08-15 01:38:00,DEV106,data-team,deployment_alert
SL00023,2026-08-15 01:41:00,DEV397,engineering,ci_cd_alert
SL01413,2026-08-15 01:42:00,DEV081,dev-team,ci_cd_alert
SL01131,2026-08-15 02:23:00,DEV438,dev-team,ci_cd_alert
SL03829,2026-08-15 02:29:00,DEV477,project-cognistream,deployment_alert
SL04234,2026-08-15 02:45:00,DEV137,project-cognistream,deployment_alert
SL04461,2026-08-15 02:49:00,DEV454,frontend,message
SL04312,2026-08-15 02:51:00,DEV262,engineering,mention
SL04566,2026-08-15 02:53:00,DEV399,backend,deployment_alert
SL01179,2026-08-15 02:55:00,DEV031,frontend,code_review_request
SL03208,2026-08-15 02:59:00,DEV470,project-cognistream,message
SL01910,2026-08-15 03:02:00,DEV425,backend,message
SL02800,2026-08-15 03:04:00,DEV484,backend,ci_cd_alert
SL03970,2026-08-15 03:12:00,DEV431,frontend,message
SL03887,2026-08-15 03:13:00,DEV048,data-team,deployment_alert
SL00980,2026-08-15 03:18:00,DEV011,frontend,ci_cd_alert
SL04594,2026-08-15 03:24:00,DEV142,engineering,deployment_alert
SL01129,2026-08-15 03:25:00,DEV165,backend,mention
SL02331,2026-08-15 03:34:00,DEV100,engineering,code_review_request
SL00425,2026-08-15 03:39:00,DEV210,project-cognistream,mention
SL02414,2026-08-15 03:42:00,DEV448,backend,deployment_alert
SL04470,2026-08-15 03:47:00,DEV210,dev-team,message
SL01595,2026-08-15 03:55:00,DEV426,frontend,code_review_request
SL03776,2026-08-15 03:57:00,DEV096,engineering,code_review_request
SL04506,2026-08-15 03:58:00,DEV291,data-team,ci_cd_alert
SL02238,2026-08-15 04:04:00,DEV485,backend,mention
SL01769,2026-08-15 04:06:00,DEV481,project-cognistream,deployment_alert
SL01848,2026-08-15 04:07:00,DEV443,project-cognistream,message
SL02655,2026-08-15 04:07:00,DEV483,project-cognistream,deployment_alert
SL04004,2026-08-15 04:13:00,DEV346,dev-team,deployment_alert
SL01965,2026-08-15 04:15:00,DEV001,project-cognistream,code_review_request
SL00253,2026-08-15 04:17:00,DEV016,data-team,code_review_request
SL00562,2026-08-15 04:19:00,DEV119,backend,mention
SL00223,2026-08-15 04:25:00,DEV313,backend,mention
SL00490,2026-08-15 04:27:00,DEV439,frontend,deployment_alert
SL00666,2026-08-15 04:29:00,DEV121,dev-team,ci_cd_alert
SL02487,2026-08-15 04:35:00,DEV231,dev-team,message
SL03413,2026-08-15 04:36:00,DEV231,project-cognistream,mention
SL00230,2026-08-15 04:41:00,DEV054,engineering,code_review_request
SL03675,2026-08-15 04:44:00,DEV082,project-cognistream,message
SL00434,2026-08-15 04:48:00,DEV100,project-cognistream,ci_cd_alert
SL00684,2026-08-15 04:48:00,DEV083,backend,ci_cd_alert
SL00926,2026-08-15 05:02:00,DEV086,data-team,code_review_request
SL01400,2026-08-15 05:03:00,DEV345,data-team,ci_cd_alert
SL00228,2026-08-15 05:07:00,DEV213,engineering,ci_cd_alert
SL00203,2026-08-15 05:08:00,DEV197,engineering,ci_cd_alert
SL03546,2026-08-15 05:11:00,DEV339,data-team,mention
SL03974,2026-08-15 05:35:00,DEV349,project-cognistream,code_review_request
SL00779,2026-08-15 05:38:00,DEV224,frontend,deployment_alert
SL02745,2026-08-15 05:45:00,DEV088,data-team,ci_cd_alert
SL02965,2026-08-15 05:52:00,DEV213,data-team,message
SL04252,2026-08-15 05:52:00,DEV106,engineering,code_review_request
SL04602,2026-08-15 05:53:00,DEV351,project-cognistream,message
SL04277,2026-08-15 05:57:00,DEV399,dev-team,deployment_alert
SL01193,2026-08-15 06:01:00,DEV090,project-cognistream,message
SL00593,2026-08-15 06:04:00,DEV264,engineering,mention
SL00742,2026-08-15 06:06:00,DEV284,frontend,ci_cd_alert
SL03711,2026-08-15 06:11:00,DEV436,engineering,ci_cd_alert
SL04682,2026-08-15 06:17:00,DEV206,engineering,deployment_alert
SL03029,2026-08-15 06:19:00,DEV449,backend,deployment_alert
SL04249,2026-08-15 06:20:00,DEV120,project-cognistream,deployment_alert
SL01090,2026-08-15 06:24:00,DEV449,project-cognistream,message
SL00568,2026-08-15 06:28:00,DEV433,backend,message
SL04947,2026-08-15 06:28:00,DEV354,engineering,mention
SL01831,2026-08-15 06:34:00,DEV372,engineering,mention
SL04895,2026-08-15 06:34:00,DEV266,frontend,message
SL01908,2026-08-15 06:42:00,DEV411,engineering,message
SL04967,2026-08-15 06:45:00,DEV284,engineering,mention
SL00189,2026-08-15 06:46:00,DEV457,engineering,mention
SL03900,2026-08-15 06:47:00,DEV235,frontend,code_review_request
SL01250,2026-08-15 06:54:00,DEV094,frontend,message
SL00789,2026-08-15 07:04:00,DEV082,backend,deployment_alert
SL03964,2026-08-15 07:10:00,DEV472,dev-team,deployment_alert
SL01640,2026-08-15 07:18:00,DEV431,data-team,message
SL03816,2026-08-15 07:21:00,DEV271,dev-team,ci_cd_alert
SL01689,2026-08-15 07:31:00,DEV166,dev-team,mention
SL01861,2026-08-15 07:40:00,DEV287,frontend,code_review_request
SL04830,2026-08-15 07:45:00,DEV129,dev-team,mention
SL03752,2026-08-15 07:46:00,DEV465,data-team,mention
SL02782,2026-08-15 07:47:00,DEV472,backend,code_review_request
SL01126,2026-08-15 07:54:00,DEV013,data-team,code_review_request
SL02374,2026-08-15 07:56:00,DEV032,backend,message
SL03913,2026-08-15 07:56:00,DEV400,backend,message
SL01940,2026-08-15 07:57:00,DEV425,project-cognistream,mention
SL01100,2026-08-15 08:04:00,DEV274,engineering,mention
SL00705,2026-08-15 08:12:00,DEV365,engineering,mention
SL00099,2026-08-15 08:19:00,DEV109,dev-team,message
SL04528,2026-08-15 08:23:00,DEV258,frontend,message
SL02760,2026-08-15 08:30:00,DEV030,project-cognistream,ci_cd_alert
SL03467,2026-08-15 08:30:00,DEV394,dev-team,code_review_request
SL01022,2026-08-15 08:31:00,DEV462,data-team,ci_cd_alert
SL02679,2026-08-15 08:39:00,DEV139,dev-team,ci_cd_alert
SL03129,2026-08-15 08:43:00,DEV062,dev-team,ci_cd_alert
SL03486,2026-08-15 08:43:00,DEV318,engineering,mention
SL02501,2026-08-15 08:49:00,DEV119,engineering,code_review_request
SL04028,2026-08-15 08:49:00,DEV482,frontend,ci_cd_alert
SL04202,2026-08-15 08:49:00,DEV350,frontend,mention
SL02620,2026-08-15 08:52:00,DEV036,project-cognistream,ci_cd_alert
SL01603,2026-08-15 08:55:00,DEV095,dev-team,ci_cd_alert
